target_date,close_t,y_true,y_pred_Tree Ensemble,y_pred_BiLSTM,y_pred_Transformer,y_pred_Zero return,y_pred_Historical mean,y_pred_AR(1) returns,"y_pred_ARIMA(5, 0, 0) returns",y_pred_Random sign,y_pred_Hybrid meta (+VIX),y_pred_Hybrid meta (no VIX)
2016-05-27,22.838600158691406,-0.0005977230813807974,-0.0009325975985809759,0.0006145997419971305,0.0007195117867732654,0.0,0.0007512373478332485,0.000924607420886114,0.00033530861128299935,-0.016663794456256792,-0.0005626492185127696,-0.00035514062691586426
2016-05-31,22.824953079223636,-0.004894698489261057,0.006602065484314481,0.0006968112968768637,0.0009310733006069301,0.0,0.0007503457679064713,0.0007228109183384699,7.343223675435311e-07,-0.016663794456256792,-4.428898912414112e-05,0.00022083831011816067
2016-06-01,22.71350479125977,-0.014118951322081788,0.0035756422996479787,0.0007673937548049651,0.0005253664801245024,0.0,0.0007466172049889234,0.0006207559834929533,2.796586212668907e-06,0.016663794456256792,-0.00022778818785834854,-6.608352101562982e-05
2016-06-02,22.39506721496582,-0.007544142809224524,-0.003875726446186921,0.0008894908302609311,0.00015242042462218584,0.0,0.0007368049485354113,0.00040167618142434333,-0.00037083429513473025,-0.016663794456256792,-0.0007793370497786649,-0.0006399701644025518
2016-06-03,22.22675132751465,0.0020446389077467307,-0.0029004239444871674,0.0009722803264033407,0.0006725889156812381,0.0,0.0007313425819405829,0.0005578305902140373,0.00020198717248378966,-0.016663794456256792,-0.0006378900131850875,-0.0004430054981528368
2016-06-06,22.27224349975586,0.007224715921809605,0.00028796623152251477,0.001067876156673042,0.00017263111127869234,0.0,0.0007322083013379501,0.0007855681033444945,0.001045420634246256,-0.016663794456256792,-0.0005489097764308608,-0.0003221539675994485
2016-06-07,22.43373680114746,0.004047405954346918,-0.005760305771354052,0.0011011611659027024,-0.00042205914991543414,0.0,0.000736485315580685,0.0009085970648776336,0.0010839591578131172,0.016663794456256792,-0.0010563733212190858,-0.0008641969973778911
2016-06-08,22.52471923828125,-0.0009096014659257316,-0.0016914481430478248,0.0010671600309580867,-0.0001232990254256271,0.0,0.000738664986837279,0.000833134645167539,0.0014606426728691934,0.016663794456256792,-0.000692642111447058,-0.0005241969353955234
2016-06-09,22.504240036010746,0.007151175076950323,-0.0011135882788086404,0.0010862776574907258,8.069313395871625e-05,0.0,0.0007375806010130929,0.0007154036783165495,0.0010557368341089237,0.016663794456256792,-0.0006033032500237416,-0.00043573079083564063
2016-06-10,22.665748596191406,-0.008263101628659134,0.0012016413625247375,0.0012906755552309073,0.00047713849226485876,0.0,0.0007417972969210069,0.0009068504395381367,0.0008856795088138324,0.016663794456256792,-0.0002862920675362687,-0.0001555093590269062
2016-06-13,22.479230880737305,-0.01519135208717825,0.005416715610145688,0.0014079128337277022,0.000608663025056766,0.0,0.0007358808061683261,0.0005407550222832903,0.00029796512237845646,0.016663794456256792,0.0002471642062943485,0.00018107462879093822
2016-06-14,22.140321731567383,0.0012319353000033043,0.0035239189751013044,0.0012392801264489435,-6.194152812037863e-05,0.0,0.0007254230038745988,0.000376206221784944,-3.409883044493047e-05,-0.016663794456256792,0.0003054355885478498,-0.0001262127056398152
2016-06-15,22.167613983154297,-0.0032887696026688298,0.0002483627577797715,0.001184875430142866,-0.0001318482106902099,0.0,0.0007257553610242896,0.0007662660581000962,0.0011483106492293127,0.016663794456256792,2.8196439683427334e-05,-0.00037463245703545154
2016-06-16,22.09482955932617,0.0042118335850756675,-0.0002885316358795854,0.0009479326107921036,-0.0002147545366345912,0.0,0.0007231228856382613,0.0006588974556519836,0.00046361499845425937,-0.016663794456256792,-8.77632932466284e-05,-0.00046792337477645637
2016-06-17,22.188085556030277,-0.023020467289199407,7.612704083877255e-05,0.0008422878656160365,8.250927247438337e-05,0.0,0.0007254090656509987,0.000837039869086217,0.0009562290046922463,-0.016663794456256792,-7.867449058123317e-05,-0.00039302318128787994
2016-06-20,21.68313980102539,-0.002415519995605083,0.0007377579275500902,0.0006711993114744701,0.0002967661901346225,0.0,0.0007098583935129173,0.0001902615127752019,0.0011796231262382498,0.016663794456256792,-4.471508629590138e-06,-0.0003269650255323663
2016-06-21,21.63082695007324,0.008481332910477075,-0.00020244558468520638,0.00046835946516084957,-0.0004600585085877833,0.0,0.0007078129888079971,0.0006796374933048235,0.00039886244665865347,-0.016663794456256792,-0.0003584445872089694,-0.0005939855612640781
2016-06-22,21.815065383911133,-0.0037606327445210406,0.00057829031006762,0.00044137106701445033,-0.00017112264063381271,0.0,0.0007128970436946349,0.0009384422356619579,0.0017717852547855697,-0.016663794456256792,-0.0002350193507306098,-0.00047991704586145976
2016-06-23,21.73318099975586,0.005739547162667057,-0.0008706846674364069,0.0004150308507900957,-0.0002501194515576963,0.0,0.0007099731680160627,0.0006476905117841145,1.8665286160589106e-05,-0.016663794456256792,-0.00010724640912393143,-0.0006009867963525025
2016-06-24,21.858278274536133,-0.02849787787611703,0.0016353175611199743,0.0005097779578650269,9.955996750518853e-05,0.0,0.0007132583241196883,0.0008733236954580818,0.0019270310086813367,0.016663794456256792,-0.00020699389746306175,-0.00033579239648229406
2016-06-27,21.244155883789062,-0.0146680305527672,-0.00852727117457377,0.0005209685705944337,0.00041120104324341935,0.0,0.0006941910028401604,6.0170756485353866e-05,0.000510581868545388,-0.016663794456256792,-2.290148982929055e-05,-0.0009588164557988666
2016-06-28,20.9348201751709,0.016700250966536913,2.6750916827338495e-05,0.0004385403032605648,-0.00022712049317676747,0.0,0.0006841699842128888,0.00038863532365963265,-0.000361587157198432,-0.016663794456256792,0.0002010977653355127,-0.0005306824811449968
2016-06-29,21.287372589111328,0.008617317856837491,0.004968812536843097,0.0004934559902759572,-0.00020731157191790242,0.0,0.0006946107149705969,0.0011336449229227643,0.0021173137272417035,0.016663794456256792,7.163557050822458e-05,-0.00017949458509713587
2016-06-30,21.47160530090332,0.012631805259453675,0.0025783002455708743,0.000478446464596179,-0.00016102772632082575,0.0,0.0006997720877014547,0.0009416719341180702,0.00041898627253941334,-0.016663794456256792,-0.00026484976257123044,-0.0003349495229263257
2016-07-01,21.74455070495605,0.003029158801351583,0.0013114775145906797,0.0005081089429575813,-5.020441636777401e-05,0.0,0.0007075403384643143,0.001037017662548536,0.0019764656825632977,0.016663794456256792,-0.0004088673274600958,-0.00039189607774521617
2016-07-05,21.810518264770508,-0.009430428103834838,0.0030141485981857647,0.0005133073725255494,1.2278793811520972e-05,0.0,0.0007090508254278063,0.0008089508561086123,0.001863510229526222,0.016663794456256792,-0.00036138168422606966,-0.00026057752877121703
2016-07-06,21.605802536010746,0.005668922075055647,0.005028059244516721,0.0005048344183963659,-1.421549869789953e-05,0.0,0.0007024581863320569,0.0005130305379520496,-0.00048502641209854664,0.016663794456256792,-0.00016507255681139023,-0.00013018159533543692
2016-07-07,21.7286319732666,0.004282577387738723,0.0031491476282093133,0.0005509556210172651,6.881423726046686e-05,0.0,0.0007056852583845088,0.000871646320553533,0.0005993758999201566,-0.016663794456256792,-0.0003177887972612726,-0.00023260135875963553
2016-07-08,21.82188606262207,0.00768374771710972,-0.00031951358343470506,0.0005586453126457161,-0.00016659793786754458,0.0,0.0007080079156113622,0.000838720063522113,0.00046714008595742933,-0.016663794456256792,-0.0006133704672181025,-0.0005215199295270434
2016-07-11,21.990205764770508,0.00309801312335216,0.0045105346384603385,0.0006178829574044012,8.436911353021414e-05,0.0,0.0007125346773255078,0.0009194992589826921,0.0004564082070818308,-0.016663794456256792,-0.0003767195143887236,-0.00012529669255250417
2016-07-12,22.05843734741211,0.0045267141328814995,0.0017899371716022876,0.0004982696015960917,-0.00024098636559314213,0.0,0.0007140816802087936,0.0008105861746009439,0.001415935960668088,0.016663794456256792,-0.0006117269070174663,-0.0004036733973122725
2016-07-13,22.15851593017578,-0.005661558386209288,0.0014022783445122669,0.0005103624793397166,2.4404262227853152e-05,0.0,0.0007165526020835004,0.000844518411721465,0.0004842161617154226,-0.016663794456256792,-0.0005734402715601502,-0.0003685418072677082
2016-07-14,22.033418655395508,0.01962658204346347,0.0037732578983741437,0.0005320029964047328,-7.513882616521467e-05,0.0,0.0007124217011843471,0.0006025427452521278,0.000503139435900486,-0.016663794456256792,-0.00048625706239721617,-0.0002253427388896861
2016-07-15,22.47013092041016,-0.00010144120800996446,0.0022452840073514707,0.0007245007048738293,0.0003777343332537319,0.0,0.0007246638761631684,0.0012031464906637527,0.00075319257845587,-0.016663794456256792,-0.00047687357973637284,-0.0001971324586012216
2016-07-18,22.467851638793945,0.010573780016310545,0.0019406161915282946,0.0009033934525406253,0.00046447890928095754,0.0,0.0007241295261734057,0.0007345978171322091,0.0008829202684178008,0.016663794456256792,-0.00046781132514667694,-0.00016981647471469425
2016-07-19,22.706682205200195,0.0004005131223686634,-0.0018783538283981833,0.0009026492678084056,0.00032014257954423805,0.0,0.0007304964624954078,0.0009881387158098087,0.00018756670864753357,-0.016663794456256792,-0.0007689063478803762,-0.00046355025202253605
2016-07-20,22.71577835083008,0.0009006313714499632,0.0027112923831156405,0.0010093056895427797,0.000335152167301488,0.0,0.0007302832949630263,0.0007465194391150277,0.0015581090433625755,0.016663794456256792,-0.0004976135073580957,-0.00012925851308579644
2016-07-21,22.73624610900879,-0.0053162195079242145,-0.002723305401732051,0.0011724480169035844,0.0003281634855236032,0.0,0.0007303932678981372,0.0007583974534111868,-0.0005528761764836874,-0.016663794456256792,-0.0008484626636675971,-0.00047633853870012973
2016-07-22,22.61569595336914,-0.007774082959920653,-0.0020827351139941198,0.0013721840206647679,0.00025606745467750237,0.0,0.0007264922273976067,0.0006107446857748438,0.0008707183703915422,-0.016663794456256792,-0.0007109573827659807,-0.00041678425160776816
2016-07-25,22.440561294555664,-0.013469634605355139,0.0003035267627737577,0.001443030307848119,0.00042957647152293716,0.0,0.0007210115212807027,0.0005523694169770143,-3.7883459873856934e-05,-0.016663794456256792,-0.0005728817065739466,-0.00020323611786739952
2016-07-26,22.140321731567383,-0.006906952368390625,0.00014820017786753558,0.0014298131450122997,-4.286574180374864e-05,0.0,0.0007118680637248806,0.0004170977207466576,0.0005408608435987183,0.016663794456256792,-0.0006163162587573252,-0.0003222572641305271
2016-07-27,21.987926483154297,0.06294072031426216,0.0034694529278253192,0.0014014943956059877,8.994367049996056e-05,0.0,0.0007069621909418056,0.0005729641254919524,0.0005728593587874674,-0.016663794456256792,-0.0003582248921749136,-6.980288912857366e-05
2016-07-28,23.416343688964844,0.013410871705415408,0.0026500344131014375,0.0016448084121224072,0.00031472296794416295,0.0,0.0007470096543416255,0.002231875105449262,0.0026897700404025417,-0.016663794456256792,-0.00034902079115386385,-3.632089719965946e-05
2016-07-29,23.73249244689941,-0.0012466517254800236,0.0015769886492062977,0.0016779485946103031,0.0008231856342964096,0.0,0.0007551536170754351,0.001055520811353424,0.0015810771263900722,0.016663794456256792,-0.000307455993797167,9.995780378898385e-06
2016-08-01,23.702924728393555,0.01750258249918557,0.007191478006068157,0.0016157055000920212,0.0010015808931040124,0.0,0.0007538671097858749,0.0007073985959008122,-8.088667912114816e-05,0.016663794456256792,1.2195692450255665e-05,0.000424088374010574
2016-08-02,24.12143898010254,-0.014915155593023786,-0.0027479685046584703,0.0014418951591983553,0.0007232016716984517,0.0,0.0007646241524251812,0.001152700627113856,0.0026377602695602407,0.016663794456256792,-0.0006650810768467422,-0.00034602489350994464
2016-08-03,23.764333724975582,0.012460653144123125,0.0013536400904391242,0.0012397259668515798,0.0007031687749212475,0.0,0.0007545601089428648,0.0003827660022211553,-0.002724181144862275,0.016663794456256792,-0.0003456329126509383,-0.0001024213921261427
2016-08-04,24.062305450439453,0.006158754833578934,0.0051240988389338205,0.001251183605826035,0.0007262466958463358,0.0,0.0007620688280161042,0.0010329527293523398,-0.00016273436251695622,-0.016663794456256792,-0.0001410198671879254,0.00016243079849271027
2016-08-05,24.210956573486328,0.015092667037800557,0.004133232586560169,0.0011914052352490318,0.0007592614818411486,0.0,0.0007655282421222342,0.0008832800502147774,0.0017522708813820535,0.016663794456256792,-0.00024477028056322413,9.253349043254625e-05
2016-08-08,24.57913589477539,0.008246555275606948,0.007325758980113832,0.0012416991613709602,0.001021200105608985,0.0,0.000774706422004155,0.0010954641428314905,-0.0004457919134598224,-0.016663794456256792,-6.47945000244497e-05,0.0003778185802345142
2016-08-09,24.78266716003418,0.004051809928046046,0.0018781777441565918,0.0010091978609742223,0.0005710619554436363,0.0,0.0007794899359949378,0.0009328661701843862,0.001973729440604514,0.016663794456256792,-0.0005397986711812382,-0.00013317263421528845
2016-08-10,24.883285522460938,-0.007472116402341569,-0.00037274969886261266,0.0008676987820871939,0.000656418975820664,0.0,0.0007815835508331023,0.0008332392413558489,-2.0668373698127834e-05,0.016663794456256792,-0.0006690924129848625,-0.0002905391482969171
2016-08-11,24.698047637939453,-0.0006482965370925006,-0.004505677785698584,0.0008984790274062495,0.0005495543462457941,0.0,0.0007763062490727604,0.0005595412470281574,0.0003969387783931967,0.016663794456256792,-0.0009219486895279481,-0.0005922656744824146
2016-08-12,24.68204116821289,0.002313846984785811,-0.0013358950099401016,0.0009978239645092569,0.0006337033390211374,0.0,0.000775395959752527,0.0007216097779460662,-2.6968686086897408e-05,0.016663794456256792,-0.0007185231521083715,-0.00034068131657615777
2016-08-15,24.73921775817871,0.011944973139732492,0.0018160032217199367,0.0011197025272644042,0.0008191364449643091,0.0,0.0007763783678144895,0.0007919619059973384,0.0006221264836197066,0.016663794456256792,-0.0004684955022063449,-6.392740328701443e-05
2016-08-16,25.0364990234375,-0.0009137720107524588,0.001900588438395184,0.0011735942153433328,0.0006002058386054255,0.0,0.0007835057416319229,0.0010207051169613757,0.000684670207096421,0.016663794456256792,-0.0004830719161657404,-9.876947846476099e-05
2016-08-17,25.01363182067871,-0.0014638200175039228,0.002094316343775122,0.0011701033507928126,0.00039058834287938415,0.0,0.0007824232940857593,0.0007153046261600532,0.0011308597180117435,0.016663794456256792,-0.00044415111119780834,-0.00013323815334296955
2016-08-18,24.97704315185547,-0.0012825930597937624,0.0022865589249961983,0.001156865454081404,0.0009219834205627649,0.0,0.0007809916539891438,0.000702240759564964,0.0005388346073952617,-0.016663794456256792,-0.00035197381120152907,-2.6647380830023093e-06
2016-08-19,24.94502830505371,0.0025639245131160843,0.0012742554683059686,0.0011936399000797326,0.00035520492886967564,0.0,0.0007796772688211293,0.000706544974415122,0.0008857358294515653,-0.016663794456256792,-0.0006116731220692721,-0.00019350717117899187
2016-08-22,25.00906753540039,-0.007803042984642701,0.0008816859411121475,0.0012771265262307195,0.0009391600087064281,0.0,0.000780813008632902,0.0007979013502429977,0.0001715107000654258,-0.016663794456256792,-0.0005006347931847651,-7.561698295186902e-05
2016-08-23,24.814680099487305,0.003128527475962633,4.672585827188261e-05,0.0012333046731661612,0.00027223813946773825,0.0,0.0007753525404437953,0.0005516816044680776,0.0006364592199055166,0.016663794456256792,-0.0006293112354004444,-0.0002897623044780796
2016-08-24,24.89243507385254,-0.007561924445660861,-0.00035046875785779073,0.0012733722048897805,0.0001259610196519302,0.0,0.0007768485194237819,0.0008113109030370909,0.0008114010283059531,-0.016663794456256792,-0.0006736510818167035,-0.0003434168951713118
2016-08-25,24.704910278320312,-0.004267114831046943,-6.731066365237915e-05,0.001220206326611412,0.0004122340123745617,0.0,0.0007715506967013648,0.0005574082690286219,0.0009041409032470784,-0.016663794456256792,-0.0004996006832049902,-0.00026816225958942413
2016-08-26,24.59971618652344,-0.005873931160454526,-0.004097046505308331,0.0010984701695766273,0.0005905038746890811,0.0,0.0007683515439853341,0.0006356613537288857,0.0002542202694490411,-0.016663794456256792,-0.0007183603192629582,-0.0005230990998785676
2016-08-29,24.455642700195312,-0.0011227033394423784,0.001481961260188458,0.000848483693923792,0.00045540467275969194,0.0,0.0007641368975992681,0.0005974988044376629,0.001292174687999085,0.016663794456256792,-0.00041793176324902824,-0.00021201019309589366
2016-08-30,24.42820167541504,-0.0077063437074725355,0.002774467237260966,0.000680459097559016,-0.00015170555237709732,0.0,0.0007629404231306305,0.000710342421094245,0.0004799613746251218,0.016663794456256792,-0.0005589046514850389,-0.0002871029532285676
2016-08-31,24.240673065185547,0.0009428955911897377,-0.00015246201231230766,0.0004983805340382402,6.616725386191468e-05,0.0,0.0007575733229211227,0.0005539782521084415,0.001043144841907141,0.016663794456256792,-0.0007047752481713744,-0.00046737854832419373
2016-09-01,24.263540267944336,0.005920455903485494,0.0029182434053989965,0.0005381292669053101,1.741980171805237e-05,0.0,0.0007576906897787977,0.0007594012460286473,0.0009004725463660858,-0.016663794456256792,-0.0004852291681082641,-0.0002620058865830889
2016-09-02,24.407617568969727,0.009326037947737936,0.0018161688232901465,0.0005743308619936518,0.0003010554951277361,0.0,0.0007609582626988651,0.000877620352526063,0.0013930079464217766,-0.016663794456256792,-0.0004814390098791486,-0.00026776297673128066
2016-09-06,24.636308670043945,-0.0002786742264083194,0.0013953975615525359,0.0005892407222924174,0.0003504522776268718,0.0,0.0007663757704060373,0.0009585043280312189,0.0008798407886939916,-0.016663794456256792,-0.0006309298412461822,-0.00028303635211763406
2016-09-07,24.629444122314453,0.006109347422606296,0.0028522942078213986,0.00045220780711572754,-0.00025236566279815637,0.0,0.000765715182544587,0.0007303884599848661,0.0011023162125353913,-0.016663794456256792,-0.0006886609622979625,-0.00034096163139851526
2016-09-08,24.78037452697754,-0.026558441699688313,-0.0032084683735140018,0.0006266500345950845,0.00021885548665776205,0.0,0.0007690908188301597,0.0008821066038649446,0.0007731625699184969,-0.016663794456256792,-0.0009579422469254031,-0.0006214687622978521
2016-09-09,24.130908966064453,-0.022910328906088812,-0.0016139576325612528,0.0005137637660983955,0.00035277844465104037,0.0,0.0007518385887048324,0.00010623316407081201,3.089505076366754e-05,0.016663794456256792,-0.0007866762553343522,-0.000500376005126095
2016-09-12,23.584346771240234,0.022151714936592803,-0.00305123336989879,0.0005305188171696416,0.00023300244586655326,0.0,0.0007369097764052781,0.00019287734471404164,-0.000532092143392137,0.016663794456256792,-0.0004543810154591747,-0.0006229216628912347
2016-09-13,24.11260986328125,0.023526259021304386,-0.004733300790212374,0.000655881012449842,-0.00042593203922755595,0.0,0.0007504121756235552,0.0012631194363808686,0.0019911008760680393,0.016663794456256792,-0.0009101899333506074,-0.0008661152184823345
2016-09-14,24.68661499023437,0.03477480268393868,-0.008302206106900026,0.0007781532705312938,-1.3442385863810208e-05,0.0,0.000764763685923291,0.0012957654242425334,0.0010057347067235932,-0.016663794456256792,-0.0007880886213546088,-0.0009977908479581513
2016-09-15,25.56018829345703,0.03343336158975002,-0.003715624709250209,0.0010842510763455773,0.0001537305075875481,0.0,0.0007861805870555426,0.0015629229668460633,0.0021371399902485166,-0.016663794456256792,-0.0003884327633817708,-0.0005975530818967244
2016-09-16,26.429197311401367,-0.0056403083958144916,0.0005952097281954844,0.0010063864343528098,0.0006011208605401033,0.0,0.000806726327145344,0.0015310631886366142,0.002893726683665665,0.016663794456256792,-0.00018271944439756928,-0.00021459055745268912
2016-09-19,26.280548095703125,-0.011728569906722929,0.002145085521538841,0.0006342665058455199,0.0012511519463154052,0.0,0.0008026715883258724,0.0006030474412718517,-0.000790200141643185,-0.016663794456256792,-6.374967579782855e-05,-2.1936853264936532e-05
2016-09-20,25.9741153717041,-8.804964713314401e-05,-0.002975386453278027,0.0002584147280420909,2.513727301514451e-05,0.0,0.0007947952580335727,0.00045844872407213225,-0.0008558054528645304,-0.016663794456256792,-0.0007092127799320502,-0.0007080527473240242
2016-09-21,25.97182846069336,-0.00017626946005385908,-0.0007129569416338673,1.0856288544686468e-05,0.00035982274784367895,0.0,0.0007942407072137444,0.0007349158722158518,-0.00034725383476214076,-0.016663794456256792,-0.0004817465603752118,-0.0005176786427870952
2016-09-22,25.96725082397461,0.009379192026078266,-0.0037052817363750533,-2.8983356779869e-05,0.0003638441264684025,0.0,0.0007936314729593392,0.0007328206153420991,-0.0009549917052534761,0.016663794456256792,-0.0009160459473817996,-0.0007277680561950584
2016-09-23,26.21194839477539,-0.016804195332114087,-0.0018109120323755593,1.1653673670258716e-05,6.443429915849099e-05,0.0,0.0007990176464556496,0.0009597667592734009,0.0010498420859610944,0.016663794456256792,-0.0009727674815074726,-0.0006590827261803515
2016-09-26,25.7751579284668,0.0015070475112093852,-0.00031085872434709973,0.00011068127073730449,0.0004368166912166506,0.0,0.0007879811492904021,0.00033790053076886335,0.0010501012684520287,-0.016663794456256792,-0.0007534093743645515,-0.00045688317486290925
2016-09-27,25.81403160095215,0.001858846431925732,-0.003179957188600745,5.818601538704461e-05,-0.00032305923940082165,0.0,0.0007884316921236847,0.0007728000863699236,0.0005341956924601861,0.016663794456256792,-0.0009205156474964911,-0.0008324241748098013
2016-09-28,25.862060546875,0.007575680816601736,-0.0021335396313266132,0.00015135020900794948,-3.51446700132907e-05,0.0,0.0007891019580847379,0.0007811554555597466,0.0014211334183679204,0.016663794456256792,-0.0009014734885962048,-0.0006811855874807356
2016-09-29,26.058727264404297,-0.01565511185895687,-0.0012752380663005785,0.00035286420467836447,-7.493583283235195e-05,0.0,0.0007933488785218575,0.0009169326256084183,2.665095257956625e-05,0.016663794456256792,-0.0008939762621046541,-0.000599190548742315
2016-09-30,25.65395164489746,0.007725659454431367,-0.0032801447337098,0.00040932838318965707,0.00021210865871010146,0.0,0.0007830621613627088,0.00036519173629218516,0.001343011071297537,0.016663794456256792,-0.0008034759299772594,-0.0006626736654921268
2016-10-03,25.85291290283203,-0.004699401472368052,0.004535357645973986,0.0006090397732332626,0.00046332824126323795,0.0,0.0007874012846708767,0.0009204946799976179,0.0006840816192271288,-0.016663794456256792,-0.0002810597229440136,-3.976124382693041e-05
2016-10-04,25.731704711914062,0.004256715678145413,-0.0071145885059699585,0.0004587323977142602,-0.0003760807254797289,0.0,0.0007839741748913396,0.0006253943680408349,0.0011037040598179655,0.016663794456256792,-0.0012210991243891917,-0.0010492910859473794
2016-10-05,25.84147071838379,0.00044268579422256896,-0.007190338415765925,0.00040540288322016483,-0.00031767401872013687,0.0,0.0007861419286386892,0.0008381058372729474,-9.145460147790799e-05,-0.016663794456256792,-0.001213844556374309,-0.0010498675395551006
2016-10-06,25.85291290283203,0.0074026811570118605,-0.0006578902621793158,0.00028231793791633615,-0.00035778984671683484,0.0,0.0007859276702890846,0.0007475210574325118,0.0019424153031925297,0.016663794456256792,-0.0008736374079533565,-0.0006319009536170796
2016-10-07,26.04500389099121,0.001491810614052126,0.0010431028294023037,0.00034147565793004854,0.00014262161984979682,0.0,0.000790052828323201,0.0009128238124754963,0.0003123411290166959,0.016663794456256792,-0.0006548018657939439,-0.0003935404263172627
2016-10-10,26.083887100219727,0.017296483293820334,2.9838130842194062e-05,0.0003725374245838235,0.0001460577320701688,0.0,0.0007904900605884528,0.0007724382037899627,0.0011706994537976235,0.016663794456256792,-0.0006578752148507353,-0.00045708318007628955
2016-10-11,26.538970947265625,0.002152193086733564,0.0017198238435481203,0.0005562666591191209,-4.352140406114796e-05,0.0,0.0008007677649678001,0.0011478056861428912,0.0007858548619942306,0.016663794456256792,-0.0005781021375379346,-0.0003547612148680656
2016-10-12,26.59614944458008,0.008902354899732944,0.006164507268235395,0.000628875263650068,5.533622488804516e-05,0.0,0.0008016087265868205,0.0007881225593715722,0.0009750591497425643,0.016663794456256792,-7.991206730281807e-05,-1.696893073000979e-05
2016-10-13,26.83397483825684,-0.0030728680604124948,0.0011230669591947855,0.0005535757248705177,7.764885474049392e-05,0.0,0.0008066465040576826,0.000948441681226212,0.00020515458682481968,0.016663794456256792,-0.0003607117000256729,-0.0003687391835090003
2016-10-14,26.751644134521484,0.005541257334951152,0.00016811289369282858,0.0004132402881928199,0.0005495121335649542,0.0,0.0008042353700834934,0.0006640252061593774,0.0009673103483219211,0.016663794456256792,-0.00026124908075230016,-0.00035034854512606755
2016-10-17,26.900293350219727,-0.0006802752472466948,0.0027631523362731695,0.00033731491538108134,0.00041695463164190467,0.0,0.0008071776197511131,0.000868614230421125,-0.00023437434349280828,0.016663794456256792,-0.000184787395001847,-0.00021487227163563885
2016-10-18,26.881999969482425,-0.0006810223405373479,-0.0016395935884551695,0.00011843834746142,7.806949168956965e-05,0.0,0.0008062543094674398,0.0007208502704154331,0.0009141694512924958,-0.016663794456256792,-0.0005667427801104971,-0.0006272077861866868
2016-10-19,26.863698959350582,-0.002983718486542163,-0.0008096190551164966,-0.00020509056413100277,-0.00025978565885027046,0.0,0.0008053316812726477,0.000720832526642229,5.5671376567659084e-05,0.016663794456256792,-0.0007151443788344315,-0.0006982460329116046
2016-10-20,26.78366470336914,-0.0005122247923297771,-0.003474844431888234,-0.0002864680460993159,0.00027439396590922326,0.0,0.0008029826111128121,0.0006661425452384322,0.0010019947745041273,0.016663794456256792,-0.0008536661615054096,-0.0007733485380898834
2016-10-21,26.769948959350582,-0.003937800640336035,-0.0006170737198761612,-0.00032362699995811906,0.0004498946763606419,0.0,0.000802167736637321,0.000724841537899965,0.00043685704389084676,-0.016663794456256792,-0.0006927318970038872,-0.0005443982240282043
2016-10-24,26.66474151611328,0.00896498486564104,0.0015185879953399054,-0.0003104334265615925,0.00037259878816472096,0.0,0.0007992327716980186,0.0006434827013249348,0.0007630138877207951,0.016663794456256792,-0.0006076896474882145,-0.0004136375120166743
2016-10-25,26.904865264892575,0.005086821822184833,0.00022275400399771815,-0.00023373112315124738,4.8799467105035185e-05,0.0,0.0008042858361125873,0.0009499291686990064,0.0009533748455323337,0.016663794456256792,-0.0007851898670463969,-0.0005628144123772117
2016-10-26,27.04207420349121,-0.022751482525936777,-0.006059484466228159,-0.00011183561324629209,0.0003640082593039037,0.0,0.0008069342813729907,0.0008578211999183663,0.0011627342161462338,0.016663794456256792,-0.0010642435865666825,-0.0009019748790953331
2016-10-27,26.433773040771484,-0.009649106501103536,-0.00684262288181465,-0.000149607147597049,0.0007111859562523033,0.0,0.000792374073210253,0.00019665001163392498,-2.7749478279533255e-05,0.016663794456256792,-0.0009694580791854868,-0.0008834685972361438
2016-10-28,26.1799373626709,-0.006661006707342838,-0.002578148089175763,-0.00016146276524336457,5.846326181174299e-06,0.0,0.0007859247337573106,0.000507836835994982,0.0007637071010338757,-0.016663794456256792,-0.0007558709804019459,-0.0007524372813981513
2016-10-31,26.00613212585449,-0.0015841268288622524,0.0016364996580577969,-0.00016996135736841128,4.5148566832154085e-05,0.0,0.0007813278624973721,0.0005788054361887133,0.0007162782263623242,0.016663794456256792,-0.00040026426948116433,-0.0004567555253000299
2016-11-01,25.964967727661133,-0.018220062658781115,0.0017847208512453603,-0.00024743540790846564,-0.0003936999259974934,0.0,0.0007798686060560645,0.0006993834232692687,0.00014855997598261248,-0.016663794456256792,-0.0004225841364682835,-0.0005577477211592712
2016-11-02,25.49616813659668,0.0008959626649007333,0.0012571318356814317,-0.00018177662465804168,-0.00015810424986277191,0.0,0.000768154715017324,0.0003042730988994823,0.0015376315242451,0.016663794456256792,-0.0002589103355412319,-0.0005303134669781275
2016-11-03,25.51902198791504,-0.010776265556392571,-0.0037063235670634367,-9.997316707807582e-05,-0.0003675216078196545,0.0,0.0007682334629839804,0.000758286569708706,0.0011604115852912823,0.016663794456256792,-0.0005492455479282443,-0.000903735952585048
2016-11-04,25.24549865722656,-0.009055061673433049,-0.0053203536091393725,-2.1667526725474605e-05,-0.00015604166378396572,0.0,0.0007611247813218027,0.00048106634442151425,0.0012707980684723641,-0.016663794456256792,-0.0003460146927530558,-0.0009539941707486754
2016-11-07,25.01793098449707,0.014321876650264355,-0.00015378288617414295,8.051571654424481e-05,-4.983666942469183e-05,0.0,0.0007550840511957997,0.0005219456451987876,0.0001841699873754096,-0.016663794456256792,6.427548385588247e-05,-0.0005604519489267517
2016-11-08,25.378812789916992,0.00587009154693292,0.0018710832647766003,0.0001878687716674217,-0.00021643422886719033,0.0,0.0007634277120808357,0.0010771575538211608,0.0023673336470462795,-0.016663794456256792,-0.00017275281724879037,-0.0004422857608379619
2016-11-09,25.528226852416992,-0.0016219638242049269,-0.0002743376869053428,0.00020515983066912735,-0.00023997301294309602,0.0,0.0007665664114261659,0.0008764241783247671,0.0008749751534041514,-0.016663794456256792,-0.00031208856416896905,-0.000591518797405465
2016-11-10,25.486854553222656,-0.02826400364724895,-0.007601532023885499,0.00034562743028433723,0.0005079887609721312,0.0,0.0007650992552617733,0.0006984847790537666,0.0008164714699802904,-0.016663794456256792,-0.0009905701042229181,-0.0009018058641724116
2016-11-11,24.77657890319824,0.00591990431896511,-0.0009982807328691129,0.0003450893737973074,0.00019319837093335272,0.0,0.0007472790570404653,6.572536569847745e-05,0.0007686966484411905,-0.016663794456256792,-0.0006032003852681827,-0.0005211750014282507
2016-11-14,24.923688888549805,-0.025404953104013885,0.0024865046725244433,0.0003471677585926927,-2.4118966087782853e-05,0.0,0.0007504524467717075,0.0008776072521666366,0.00018808529179946333,-0.016663794456256792,-0.00047887288947529174,-0.0003314397861768958
2016-11-15,24.298479080200195,0.013156783995307553,-0.002941830778829286,0.0004492950390215632,-7.787259386937608e-05,0.0,0.0007344160239937886,0.00013362899306734613,0.0004691948154473295,-0.016663794456256792,-0.0008016339919229235,-0.0006983786223775155
2016-11-16,24.620281219482425,0.026532833528371286,-0.004381623009479182,0.00044693702625434923,-0.0005530847039888245,0.0,0.0007420277690742505,0.0010494861236397014,0.0003355195965425077,0.016663794456256792,-0.0011044734476629524,-0.0009041173231729918
2016-11-17,25.282270431518555,-0.0003636217840833693,-0.0029233715841281587,0.00044333563276524726,-0.0002512923433103288,0.0,0.0007578212814804336,0.001367172806482654,0.00373827281378427,-0.016663794456256792,-0.0009096564756203827,-0.0007370840951822073
2016-11-18,25.27307891845703,0.0010002262280340288,0.00011558483683295743,0.00038661588130245754,0.000107026645816114,0.0,0.0007571349638148499,0.0007283709205202663,-0.000352685376224718,-0.016663794456256792,-0.0006712701604797834,-0.00045774701216046317
2016-11-21,25.298370361328125,0.015059331828262993,0.00490352648979236,0.0003740880267137657,-3.0385314403529864e-05,0.0,0.0007572836434871551,0.0007607628722546355,0.0018805198125586647,-0.016663794456256792,-0.00043978639367081373,-0.00016326296404155233
2016-11-22,25.68222999572754,0.0006261739108945713,0.004931961294840043,0.0003819747832765204,-0.0002084899264880553,0.0,0.0007660257267296832,0.001094672417882081,0.0009870221499965089,0.016663794456256792,-0.0005167003589939684,-0.00020012394043989292
2016-11-23,25.69831657409668,-0.005111264412292662,-0.0007716281534757598,0.00041520777158479254,-0.0003671913556695536,0.0,0.0007659402949545854,0.0007518789757388503,-0.0006830715414870338,-0.016663794456256792,-0.0009189009665946718,-0.0006205223145676513
2016-11-25,25.56730079650879,0.00502204707687467,0.002312437186573231,0.00040869553440315285,0.00018269039312285263,0.0,0.0007623522578927738,0.0006156124536686454,0.00033940069637071436,0.016663794456256792,-0.0005920903636095561,-0.00028696872204847176
2016-11-28,25.69602394104004,-0.0019699296663274047,0.0024050717988430568,0.00031931912188049987,0.00017754367408891344,0.0,0.0007649512175138732,0.0008562827730518451,0.0011312549624550264,-0.016663794456256792,-0.0006065989265239039,-0.0002960982775057796
2016-11-29,25.64545440673828,-0.0009861614154842927,0.0008400293339660778,0.00040025613314748976,-0.0002655977242272135,0.0,0.000763283607218848,0.0006902204470584869,2.7180086010321824e-05,-0.016663794456256792,-0.000726333515162378,-0.0004898540976666511
2016-11-30,25.620176315307617,-0.008469583606532704,-0.002439122796448598,0.00025934238274228467,-0.00010986148756483426,0.0,0.0007622175225005647,0.0007135853479975894,0.00047339025145580493,-0.016663794456256792,-0.0009429456503051573,-0.0007016045511055302
2016-12-01,25.40410041809082,-0.009363423618470184,-0.0022206375923671026,0.00019444383125054678,-9.173424501766664e-05,0.0,0.0007565952319225907,0.0005358509903076789,0.001001982721187663,-0.016663794456256792,-0.0008939356896875501,-0.0006929744000789944
2016-12-02,25.167341232299805,0.0037380025623422403,-0.0025781034214387754,0.00027455055633189795,0.00011862346248239753,0.0,0.0007504357560550358,0.0005146219220627677,0.00021573701093438894,0.016663794456256792,-0.0007918851925813671,-0.0006572721125510595
2016-12-05,25.261592864990234,-0.007214613100917534,0.0020667110060872333,0.00037193213819480884,8.834008524781695e-05,0.0,0.0007522530108033856,0.000825786187237314,0.0011116846134034777,-0.016663794456256792,-0.0004816203753480736,-0.00033088197162078035
2016-12-06,25.07999610900879,0.007669194213616084,-0.002911028621357033,0.0004140171256752187,-0.00010906689592549406,0.0,0.0007474099311002119,0.0005656570564417139,0.0006917773760512353,-0.016663794456256792,-0.0010225700127642378,-0.0007089368530455985
2016-12-07,25.27307891845703,0.00977496303053382,0.0027188118578408338,0.000510818345254052,-0.0001610868240740017,0.0,0.0007516151463386783,0.0009191536072835707,0.001108143679794294,0.016663794456256792,-0.0006897685090451208,-0.0003201729046403419
2016-12-08,25.521333694458008,0.009769077975699418,0.0022304164236503204,0.0006820645451353142,6.205630588088486e-06,0.0,0.0007570938032203996,0.0009691664835537364,0.0017961062151228369,0.016663794456256792,-0.0006226664863526754,-0.00028852362387889543
2016-12-09,25.771875381469727,0.01618993774614563,0.004035682796922048,0.0008609964636868307,0.00033982982895832916,0.0,0.0007625622402182632,0.0009690267110787564,0.00048607722702496335,0.016663794456256792,-0.0003689099436206108,-6.138277652702358e-05
2016-12-12,26.192516326904297,-0.0057204225746828735,0.0021254555024613157,0.0009573886858425553,0.0005423985519137606,0.0,0.0007719178348246473,0.0011215247738610946,0.0015286816595777696,0.016663794456256792,-0.0005142904716007822,-0.00013100484505954187
2016-12-13,26.04311180114746,0.016543552067468468,0.0025029282562461,0.0008677701711797908,6.208926058288815e-05,0.0,0.0007679830830613094,0.0006011446965436365,0.0002402245805020962,0.016663794456256792,-0.0005310142877407859,-0.00022759192229664972
2016-12-14,26.477540969848636,0.0,0.0018933115988398986,0.0009231987112286528,0.0003651827650708035,0.0,0.0007775382429549538,0.0011299232595626562,0.00043860208099375544,-0.016663794456256792,-0.00048668047369339844,-0.00019221946094807776
2016-12-15,26.477540969848636,0.005454466434586414,0.0027056032955291446,0.0010656308145171878,0.00041258686072440624,0.0,0.0007770675781589763,0.0007370070875820986,0.0007609918332265912,0.016663794456256792,-0.00036295549919360175,-0.00010321150094321234
2016-12-16,26.62235641479492,0.0012943534197162661,0.0020694853316606805,0.0012005400593827972,0.0005770988654235238,0.0,0.0007798972205403602,0.0008665529108088081,-0.0005151491465890878,-0.016663794456256792,-0.00038556439893069585,-8.810540558289604e-05
2016-12-19,26.656837463378903,0.0057607653255324215,0.003242491178795584,0.0012944311181212827,0.0006192963993603496,0.0,0.0007802082581456661,0.0007677485141385468,0.0014968715143228583,-0.016663794456256792,-0.0003415142256490682,1.6627344237409155e-05
2016-12-20,26.81084442138672,0.0026540868312308506,0.0004866706439486553,0.0012409772003736533,0.00013517257154086935,0.0,0.0007832176581863831,0.0008738276355608795,-0.00014087417416324484,0.016663794456256792,-0.000681944595572914,-0.00028928579535297523
2016-12-21,26.88209724426269,0.0009403152993459247,0.0007255471623107431,0.0012467255742645055,0.00019770519538773578,0.0,0.0007843474101024727,0.0008000427424147678,0.0009377870909199565,0.016663794456256792,-0.0006748917350874505,-0.0002579633292215406
2016-12-22,26.90738677978516,-0.006599780826035892,0.0010089980380736025,0.0013337568240566118,0.0004653465040271622,0.0,0.0007844415367706946,0.0007593399630351445,0.0003879575189084044,0.016663794456256792,-0.0006004461490613342,-0.00016443940381206425
2016-12-23,26.730388641357425,0.0019757951815065965,0.00011393559062119302,0.0014061973848713328,0.0008327115465026627,0.0,0.0007799878441513903,0.0005802595760742199,0.000604351467136427,-0.016663794456256792,-0.0005504637461231498,-0.0001314038512730851
2016-12-27,26.78325462341309,0.0063310147009629615,0.0046347732697258216,0.00144621786187131,0.0008573391694343518,0.0,0.0007807086442341842,0.0007839330365058353,0.0005085413950013913,0.016663794456256792,-0.00024640424544551226,0.00018968031205524602
2016-12-28,26.953357696533203,-0.004273261964176882,-0.0027117077207192654,0.001475715214157662,0.00034798631213615676,0.0,0.0007840522020996835,0.000887371292978265,0.0009498888549766412,-0.016663794456256792,-0.0007853166221159019,-0.0004225432181802338
2016-12-29,26.838424682617188,-0.00025701430266848686,-0.0016935601892182832,0.001447978130662336,0.00038450350909124894,0.0,0.0007810074614818167,0.0006355153567864988,0.0004408993745357192,0.016663794456256792,-0.0006278242369427878,-0.00034914620396508435
2016-12-30,26.831527709960938,-0.007826273665414033,1.211789381623578e-05,0.0013492210672174966,0.0004826020547149849,0.0,0.0007803828996501981,0.0007309028920902893,0.0010120593340862012,0.016663794456256792,-0.00046937223908811884,-0.00022624947837190967
2017-01-03,26.62235641479492,0.0028453264345983838,0.0026692594837559487,0.0013348428073486913,0.0005905950044177179,0.0,0.0007752075198756555,0.0005511298662365328,0.0007063839330974339,0.016663794456256792,-0.00021394489275744234,-2.2558959185695006e-05
2017-01-04,26.698213577270508,-0.001120036949852873,-0.0011924264318792998,0.0013190565062639863,0.0004909100069240618,0.0,0.0007764515817234456,0.0008045847617211301,0.0003694229773152701,0.016663794456256792,-0.0005961389324259448,-0.0003115763054023073
2017-01-05,26.66832733154297,0.005072479374483062,-0.0003543867746105325,0.0011497558453884072,0.00028965658144162565,0.0,0.0007753125495723488,0.0007104057489446513,0.0011628968277813808,0.016663794456256792,-0.0006996576529306095,-0.0003266453899417217
2017-01-06,26.80394554138184,0.01108676246317225,0.0037496940411917853,0.0012080213879770729,0.0004597749267760633,0.0,0.0007778918814000262,0.0008574805608811856,0.0006611633632601548,-0.016663794456256792,-0.00040402403327171346,1.591781978023735e-06
2017-01-09,27.102767944335938,0.009117712448527965,0.003038445565501044,0.0012715363257380736,0.000731619873497487,0.0,0.0007840759669319832,0.0010003222600989744,0.0015727958917058087,-0.016663794456256792,-0.0004112670653680925,2.4279037441054694e-05
2017-01-10,27.35101318359375,0.0010081522896058135,0.004788111169079867,0.0011761505656330228,0.00033688934327299563,0.0,0.000789072151872988,0.0009535565116649573,0.0007183484923390829,-0.016663794456256792,-0.00037898832114499837,3.985271111286607e-05
2017-01-11,27.37860107421875,0.00535878992654834,0.0023251884953188907,0.0010403700634503711,0.00045257046370612017,0.0,0.0007892034161855899,0.0007609511194798363,0.0007358913612673542,0.016663794456256792,-0.0005350909427846457,-0.0001242728850619735
2017-01-12,27.525711059570312,-0.004184359290787944,0.003933353428543508,0.0010176863965488336,0.0006111798940743763,0.0,0.0007919396955331126,0.0008642805543563681,0.0006470398620500727,-0.016663794456256792,-0.0004182330928318133,1.7745581673779022e-05
2017-01-13,27.41077423095703,-0.0017625121248845755,0.004566617872692231,0.0009625644571333078,0.0009092622567268148,0.0,0.0007889616590362119,0.0006376268318774805,0.0002413935044392521,-0.016663794456256792,-0.00029041664767549255,0.00011928434452768274
2017-01-17,27.362504959106445,0.008032226904931885,0.002077028103761017,0.0009438829248402285,0.0005916970036975279,0.0,0.0007874356579692736,0.0006951466990540057,0.0001007169305851474,0.016663794456256792,-0.000554758933688762,-0.0001253876006317385
2017-01-18,27.583171844482425,-8.339716632888857e-05,0.0023285167535569687,0.0010184560330445008,0.00044449120490324095,0.0,0.0007917660771246608,0.0009277757831496651,0.0011118260660661792,0.016663794456256792,-0.0005051536139737999,-0.00012937055948859566
2017-01-19,27.58087158203125,-0.0017515635202449567,0.0012673313570636439,0.0009116179105500996,0.00044952668110767244,0.0,0.0007912432794881891,0.0007350263705502099,0.0004396319088445538,0.016663794456256792,-0.0005309364162062549,-0.0002179034414952545
2017-01-20,27.532604217529297,0.001834960686573896,-0.0007547875167792142,0.0008611270126100755,0.0006905953554682373,0.0,0.0007897251858764081,0.0006954067329213386,0.0007330317785816095,0.016663794456256792,-0.0005856255839588407,-0.0003100264818888137
2017-01-23,27.583171844482425,0.0006666506541364517,0.0009353017383658738,0.0009307284602509508,0.0005332756466545854,0.0,0.0007903488347431728,0.0007805881592747486,0.0010817331861160489,0.016663794456256792,-0.0006156915454088282,-0.0002187080894424354
2017-01-24,27.601566314697266,-0.000916448023572658,-0.0010918857959828297,0.0008775624578176384,1.7442149607908744e-05,0.0,0.0007902750731566451,0.0007528403150536468,0.0003789704498426468,-0.016663794456256792,-0.0008511971940824022,-0.0004818843923973785
2017-01-25,27.576282501220703,0.015795015013864898,0.0006045056033454426,0.0008509621990638154,0.0005888940816897552,0.0,0.000789257955697331,0.0007152410697539564,0.0006704654638849871,0.016663794456256792,-0.000676757923068812,-0.0002415836655413992
2017-01-26,28.015308380126957,0.0004922505355083928,0.0020914787638029145,0.0010355796691046987,0.0006435825961970097,0.0,0.0007981952737784313,0.001112145196394114,0.0012643813943862472,0.016663794456256792,-0.0005683603754694927,-9.80493456370195e-05
2017-01-27,28.029102325439453,8.18594354189719e-05,0.0033911208252325295,0.0011122146184581153,0.0005362101729026238,0.0,0.0007980131638151754,0.00074869824044205,0.000760963481373772,0.016663794456256792,-0.0005155972606492637,-2.1067640964961385e-05
2017-01-30,28.031396865844727,-0.0026274022219597887,0.005721036593652929,0.0011703814578665817,0.0005954832328589842,0.0,0.0007975871354223161,0.0007389512828718489,0.00034665951938035077,-0.016663794456256792,-0.00034847632718790217,0.00016089857059785315
2017-01-31,27.957843780517575,-0.002304952595631057,0.0015211854647627886,0.0011363379240087105,0.0006832294909715532,0.0,0.0007955508754000914,0.0006746052032046994,0.001090485120799733,0.016663794456256792,-0.0004868938363086544,-0.00011199913451176853
2017-02-01,27.89347648620605,0.05919374205939497,-0.0005756565784412599,0.0011217662307377034,0.0008522535346326869,0.0,0.0007937086273483795,0.0006822635145707804,-0.0001689510013941311,0.016663794456256792,-0.0005756265238302503,-0.00021969005847239525
2017-02-02,29.59444236755371,-0.0017102126246119353,-0.001706032808297593,0.001319913796149868,0.0005536375540324539,0.0,0.0008283879821180034,0.002142882829401613,0.0022114072738495215,0.016663794456256792,-0.0007087870523193607,-0.0003324481550784417
2017-02-03,29.543872833251957,0.004270156411525887,-0.00018498058220820798,0.0011700637453657893,0.0008967124267130975,0.0,0.0008268813942208343,0.0006963888337152813,0.0009005956815211476,-0.016663794456256792,-0.0005395117165601271,-0.00017524277817392275
2017-02-06,29.670299530029297,0.009330406743057221,0.0065726150697017795,0.0011510296751102245,0.0011338235380899734,0.0,0.0008289236688455704,0.0008384250602237943,-0.00041277714576713254,0.016663794456256792,-0.0001369433274430578,0.00033714163010333193
2017-02-07,29.94843101501465,0.009472241172276063,-0.0014312614561954751,0.0008967892786232149,0.0006875639883641542,0.0,0.0008339630778996377,0.0009586080887185259,0.0024708582246077146,0.016663794456256792,-0.0007529733666797008,-0.0003512578537481647
2017-02-08,30.233457565307617,0.003869913658203762,-0.002836124667765608,0.0008502867961703762,0.0008227294890334508,0.0,0.0008390805412256901,0.000961976714800545,-0.002416675824731646,0.016663794456256792,-0.0008258711957682087,-0.00042435892344215847
2017-02-09,30.350685119628903,0.00719984753256157,0.0008800897706000123,0.0008514388298924759,0.0009072720529801549,0.0,0.0008408749954098097,0.0008289191300670216,0.0008615124230371089,-0.016663794456256792,-0.0005514279333459847,-0.00015103801749464022
2017-02-10,30.56999397277832,-0.0022679289118474767,0.006232050412061575,0.0009168295005420943,0.0012003348312609487,0.0,0.0008446377010530949,0.0009080064303955821,0.000697967874008588,0.016663794456256792,-0.00018115573339311854,0.0002913289962708764
2017-02-13,30.500741958618164,0.00881653039817682,0.004409151557131978,0.0009671326762073242,0.0008693024914942811,0.0,0.0008427970348124677,0.0006831428423019433,0.00033239519857536706,0.016663794456256792,-0.00037153002166239395,0.00010025825900013659
2017-02-14,30.770841598510746,0.012895593032248678,0.0018123266968651701,0.0008418883350073806,0.0005726933514031568,0.0,0.0008475096431832503,0.0009464033139834309,0.00036020322874735593,-0.016663794456256792,-0.0006034711281637506,-0.00016408912844960682
2017-02-15,31.17021942138672,0.003622629696296979,0.005988687768044246,0.0008566858661208818,0.0009670814622930699,0.0,0.0008546260539269393,0.0010432827307442414,0.0010973675279782298,0.016663794456256792,-0.0002706456344634748,0.00021258629607355758
2017-02-16,31.283342361450195,-0.0011812615357794877,0.003338349391281183,0.0009053980582607483,0.0010092469642544346,0.0,0.0008562600584383739,0.0008230460341739299,0.00023751142081003497,-0.016663794456256792,-0.0003152411273775789,4.863746820443006e-05
2017-02-17,31.246410369873047,0.002729556527703861,0.0011042701456647705,0.0009418372859112302,0.0011067552772760733,0.0,0.0008550579808016672,0.0007089516398249608,0.0007707381242250848,0.016663794456256792,-0.0004517921804624349,-7.636143350320799e-05
2017-02-21,31.33181571960449,0.007194956176982165,0.009433908025376357,0.0009678189426583325,0.0013136848184721588,0.0,0.0008561632275863973,0.0008018351787741287,0.000535542760035967,-0.016663794456256792,0.00011350963695097338,0.0005439358592977134
2017-02-22,31.55805969238281,0.0029949946124714064,0.007006264738039102,0.0009180776301905767,0.0010205266891946442,0.0,0.0008598985210156228,0.0009078902586869783,0.0003347860586182523,0.016663794456256792,-0.00010988391641283604,0.0003040190521595398
2017-02-23,31.65271759033203,-0.0042392475727020375,0.005593674050596209,0.0009046004869027605,0.0010847331699917581,0.0,0.0008611559392084706,0.0008081394425585552,0.0005693493279484727,0.016663794456256792,-0.00017286318759517517,0.00021971232586972283
2017-02-24,31.518817901611328,0.0009518650803906173,-0.0027292116313090238,0.0009988758672693052,0.0008002147349327449,0.0,0.000858153935964262,0.0006363232125865131,0.0006335220712519453,0.016663794456256792,-0.0007675854674411425,-0.00039832917122494167
2017-02-27,31.5488338470459,0.0019734243475699512,0.005145389727320031,0.0011209008707804844,0.0011165977845886258,0.0,0.0008582090601668657,0.0007596142750895804,0.0007125178926340177,0.016663794456256792,-0.0001918508608181858,0.00023084919669653494
2017-02-28,31.61115455627441,0.0004383186346183793,-0.0005177187114833966,0.001074421108682333,0.0005609914996545478,0.0,0.0008588646834986724,0.0007838767282238539,0.0005794653541883249,0.016663794456256792,-0.0006356659554937224,-0.0002888310973416403
2017-03-01,31.62501335144043,0.020233506665778538,0.0009740273121904424,0.0010567541705887363,0.0004466909821947769,0.0,0.0008586175941632552,0.0007474173355941116,0.0005010623798124436,-0.016663794456256792,-0.000492650328462512,-0.00021536632193657824
2017-03-02,32.27141571044922,-0.005955457085995788,0.00435203430374736,0.0012353478910737585,0.0008313890480429358,0.0,0.0008699945108230409,0.0012175612002925098,0.0014639164510302832,-0.016663794456256792,-0.00019770881031369955,0.00013075538604215699
2017-03-03,32.079795837402344,0.005883584835108127,4.620524235268535e-05,0.0011367085265154967,0.000810821540078388,0.0,0.0008659889641112929,0.000595562530144802,0.0006669721442119048,0.016663794456256792,-0.0005592951021610713,-0.00018409584480684742
2017-03-06,32.26909637451172,-0.003152561676503229,0.0031546831936492712,0.0011566980932173681,0.0010796410791330236,0.0,0.0008689318355898833,0.0008767446494736238,0.0003194367135500848,0.016663794456256792,-0.00037071385680969156,9.213924293004422e-05
2017-03-07,32.16752624511719,0.0012909504142985583,-0.0021786369682560078,0.0010056685704686434,0.0005995609778281234,0.0,0.000866574570928633,0.0006621324499702616,0.0012672478313499873,-0.016663794456256792,-0.0008196464482544781,-0.0004047338316883496
2017-03-08,32.20907974243164,-0.0037338894403574274,-0.0022037458612150715,0.0009151629687335217,0.0004973005101834556,0.0,0.0008668231800928802,0.0007676676913589828,-0.0006081898338923786,-0.016663794456256792,-0.0008371215998395766,-0.0004439429573312025
2017-03-09,32.08903884887695,-0.0023050937545910704,-0.0025096225559558746,0.0008402861154596172,0.0003947917326514941,0.0,0.0008641295544368787,0.0006483256762672451,0.0012158119424651673,0.016663794456256792,-0.000852798105712711,-0.0004999053986138776
2017-03-10,32.01515579223633,0.0033114881864250104,-0.003928138138984979,0.0008422906591022685,0.0008144252614726834,0.0,0.0008622751230097121,0.0006822601619873701,0.00027253525520607987,0.016663794456256792,-0.0008082080087574222,-0.0005021796085065654
2017-03-13,32.1213493347168,0.00043112075022839536,0.0014405180123030787,0.0008580367960627038,0.0005962090426595441,0.0,0.0008637074113508906,0.0008156562952288369,0.0011295532070268268,-0.016663794456256792,-0.0005668152743348641,-0.00018163856019626624
2017-03-14,32.13520050048828,-0.0015101525923696386,-0.002963498583470473,0.0007247376545837795,0.00021429328909851255,0.0,0.0008634545845471954,0.0007472463828767426,0.000686712461709275,-0.016663794456256792,-0.0009841475346330675,-0.0005900434212421358
2017-03-15,32.086708068847656,0.010520899346802897,-0.003168847031311915,0.0006312230336344312,8.414315153277673e-05,0.0,0.0008620681317569402,0.0007011403418384687,0.0008128066161868076,-0.016663794456256792,-0.0009532293936119944,-0.0006483333591797691
2017-03-16,32.42607116699219,0.0016366022259561958,0.0007127740165889837,0.000837499892291765,0.00041109253182267195,0.0,0.0008677066788760564,0.0009868827781399554,0.0012050716656660946,0.016663794456256792,-0.0006616940461081102,-0.00027633464792486604
2017-03-17,32.479183197021484,-0.004987858040266284,-0.00044662776333357485,0.0008527887665947488,0.00045908412866961187,0.0,0.0008681552760447146,0.0007758770641781204,0.0006982039652702184,-0.016663794456256792,-0.000761703055139034,-0.00034237151370023974
2017-03-20,32.31758499145508,0.010445428347617837,0.0010921149958480663,0.0009451010710698202,0.000634308966836247,0.0,0.0008647406910206265,0.0006185434058061831,0.0003512600781509375,0.016663794456256792,-0.0006040260251470647,-0.00018295530585548173
2017-03-21,32.656925201416016,-0.011518022848676574,0.0019033779706498677,0.000915403705169253,0.0003104940022536618,0.0,0.0008703238423356599,0.0009850903108406472,0.0012784359704960172,-0.016663794456256792,-0.0006242060120380192,-0.00020508203153642233
2017-03-22,32.28293991088867,0.011235533274845786,0.0034232216548549577,0.0008418487916578291,0.00025972009311959457,0.0,0.0008631087306926708,0.00046344930337529277,8.802011067991018e-05,-0.016663794456256792,-0.0004446849402063126,-0.0001243502557940124
2017-03-23,32.647701263427734,-0.003542090669267059,-0.0020802951924896364,0.0008540388206448577,0.0002868772488731459,0.0,0.0008691462304273351,0.0010038556281197486,0.0005568622840692826,0.016663794456256792,-0.0007622796909326807,-0.0004926236362543386
2017-03-24,32.532264709472656,-0.001988928507342279,-0.005084858632465825,0.0006153225720790427,0.00026508606978401417,0.0,0.0008665800658550869,0.0006528809760372137,0.0014913557238532662,0.016663794456256792,-0.000963564954656564,-0.0007411903095473094
2017-03-27,32.46762466430664,0.001705708183669821,-0.0033281679371690662,0.0003814828503510554,0.00028704709283605483,0.0,0.0008649198864520652,0.0006897692167632523,-0.00038799658664829097,0.016663794456256792,-0.0008885977583463173,-0.000653555926469375
2017-03-28,32.52305221557617,0.02051469786870065,2.63886883900583e-05,0.0003586815156016765,6.820364324761129e-05,0.0,0.0008654084328188391,0.0007775183591222263,0.0017726705041509888,0.016663794456256792,-0.0007662264456736983,-0.00047705156337069583
2017-03-29,33.1971435546875,0.002222423879183696,0.0014080769299779404,0.0003543343544048235,0.0003105327385960796,0.0,0.0008768191700057622,0.0012242396071180924,0.0006044446513285154,0.016663794456256792,-0.0007093345177947605,-0.0003287504564241003
2017-03-30,33.27100372314453,-0.0013184876522957932,0.0020951135520550306,0.00033035686883554146,0.0003572805512175647,0.0,0.000877600136174757,0.0007897905696037236,0.0009979176727969213,0.016663794456256792,-0.0006670858314370327,-0.00027509168110088
2017-03-31,33.22716522216797,-0.0018779313713706842,0.0009837833620479485,0.00019372553282407756,0.0004159159513833546,0.0,0.0008763263033508182,0.0007056924630667016,0.00041481198843981856,0.016663794456256792,-0.0007317900768533466,-0.00035976413085607505
2017-04-03,33.164825439453125,0.0002780854536102272,0.0018730671263384611,0.0001430342488050073,0.0005184202593373449,0.0,0.0008747296322350376,0.0006924054444360582,0.0010212787143784553,-0.016663794456256792,-0.0005820959280484262,-0.00028400812978655366
2017-04-04,33.174049377441406,0.007418503208463069,-0.0004947271523357973,0.00011689621890638175,8.301979760265941e-05,0.0,0.0008743839519461472,0.0007436117315830002,-0.00029767564610654073,-0.016663794456256792,-0.0008376518522455649,-0.00054805425675688
2017-04-05,33.42106628417969,-0.005193501289793534,0.002973340036576806,0.00012828395864756398,0.0002733552856506732,0.0,0.000878173250878699,0.0009131995927108251,0.0008356765593566683,0.016663794456256792,-0.0006214246303875752,-0.0002662634518341456
2017-04-06,33.24794387817383,-0.0025030873722797923,-0.00393556140378457,1.0736230714179871e-05,0.00019168715695928255,0.0,0.0008746595503343285,0.0006136592939740707,0.0006912810296838664,-0.016663794456256792,-0.0010025399759278335,-0.0007758867157960254
2017-04-07,33.164825439453125,-0.002229777538558864,-0.004664646601742647,-0.0001241024320659663,0.00017887113874638617,0.0,0.0008727059662263967,0.0006775577320604977,0.0006295367166672894,0.016663794456256792,-0.0011146969559667063,-0.0008502083124149602
2017-04-10,33.09095764160156,-0.0011870419247902435,-0.0019983282148458145,-0.00019216708981438003,0.00015596231685454504,0.0,0.0008709126231600468,0.0006840489531230795,0.0009732747745130126,0.016663794456256792,-0.0009126219520132033,-0.0006839323036986193
2017-04-11,33.051700592041016,-0.010814816422148077,0.0005566107460122035,-0.00023250006480751652,-4.141163910375591e-05,0.0,0.0008697237412721494,0.0007088143532063796,0.0002614831149775092,-0.016663794456256792,-0.0006911248355975742,-0.000560082596875798
2017-04-12,32.6961784362793,0.001199708431367655,-0.0003542373251873306,-0.00015281053137555485,0.0001272343527539729,0.0,0.0008629774709699437,0.0004801507454898329,0.0007906556956313491,0.016663794456256792,-0.0006092194619387173,-0.0005716715109424432
2017-04-13,32.73542785644531,-0.005302918720051156,-0.0011805352266783475,-2.699917454797578e-05,0.00013268525139984702,0.0,0.0008631717761981016,0.0007655006567033708,0.0008800446866320459,-0.016663794456256792,-0.000582450555867387,-0.0006068099028738472
2017-04-17,32.562294006347656,0.005514516911722803,-0.00358528308973339,4.8603053984185756e-05,-6.147731278608284e-05,0.0,0.0008596157839857319,0.0006110605849622791,0.0009925470904281202,0.016663794456256792,-0.0007559976287111112,-0.0008028270702502043
2017-04-18,32.74235534667969,-0.004451821537357584,-0.00248797828336257,0.00018136857751531574,7.729476484121293e-05,0.0,0.0008622987241169924,0.0008679791343613928,0.000683198414080629,-0.016663794456256792,-0.0007539249587477565,-0.000675322182473138
2017-04-19,32.59691619873047,-0.003689616677845174,-0.00029315859538789487,0.00018392350002315375,-0.0002714847791901192,0.0,0.0008592375949341154,0.0006312744934169806,0.0014298748625860003,-0.016663794456256792,-0.0007133824158874632,-0.0006032941247456156
2017-04-20,32.47686767578125,0.012433285556650697,-0.0011594726943706724,0.0002485505867306077,-1.5696667175607235e-05,0.0,0.0008566187956982033,0.0006493771726023958,0.00035336746775834404,0.016663794456256792,-0.0006565314704339311,-0.0005946446081532673
2017-04-21,32.883182525634766,-0.001193966098370732,0.00016908543917473052,0.00042977884408108163,0.00020313970558104842,0.0,0.0008632797086791886,0.0010323027378836302,0.001572891212600373,0.016663794456256792,-0.0005680752502183637,-0.00042555735779508926
2017-04-24,32.84394454956055,0.009582686057355507,0.0023449327182222413,0.0004857271898402572,0.00031336446455077844,0.0,0.0008620967036147551,0.0007086499012334128,0.0004568265384182901,-0.016663794456256792,-0.0003516290059574904,-0.00024301907355678525
2017-04-25,33.16019058227539,0.006177427008430621,-0.001276572713735886,0.0005237615912454506,-4.635039860708648e-05,0.0,0.000867108536576675,0.0009645998262873207,0.0008714277804562792,0.016663794456256792,-0.0010060942926663624,-0.0005654961535856201
2017-04-26,33.36566925048828,-0.005898842665967336,9.038659807498258e-05,0.000620559303447126,0.0001051963536368712,0.0,0.0008701586907822202,0.0008837235220541596,0.0014506973599878858,0.016663794456256792,-0.0008779555119917521,-0.00042243545090989176
2017-04-27,33.169429779052734,0.0007655346329339104,0.0027155866086014916,0.000645589560861062,0.0001387474889882385,0.0,0.0008662729265131331,0.0005969071459265736,-0.0002973674380332739,-0.016663794456256792,-0.0006891419727468786,-0.00023136815060909738
2017-04-28,33.19483184814453,-0.000974293067921027,0.0019316762788496044,0.0007179893367767951,0.0001111381609299252,0.0,0.0008662151305902534,0.000755188850257021,0.000900439032579118,0.016663794456256792,-0.0007813914499209852,-0.0002795949114114578
2017-05-01,33.162506103515625,0.02019150789235066,0.003396266879409447,0.0008427119789035343,0.00034844618204742496,0.0,0.0008651597933204648,0.0007138672261379835,0.00048346373401992053,0.016663794456256792,-0.0005749709911516993,-0.00010609477798693946
2017-05-02,33.83891296386719,0.0063247996964506895,-0.00209055072332472,0.0008550212587139358,0.00018367593506552176,0.0,0.0008762350644373876,0.0012165637121342313,0.0007549959885260235,-0.016663794456256792,-0.0010303841884856959,-0.0005163846139038064
2017-05-03,34.05361557006836,-0.0030555370995064535,0.0008074014140792094,0.0009308288395228893,0.0002613097730180497,0.0,0.0008793556627375098,0.0008872236840626074,0.00134917553807709,0.016663794456256792,-0.0007722174324065825,-0.0002886214417301675
2017-05-04,33.94972229003906,-0.003610219507533773,0.0020976340234985067,0.000980154605394259,0.0008481360600815806,0.0,0.000877103291379614,0.0006644368236154217,0.00018095842312146652,0.016663794456256792,-0.0005396655641620345,-6.0482210193487664e-05
2017-05-05,33.82737731933594,0.01644743162228127,-0.0009517342985906165,0.0010610016974433125,0.000534105994917696,0.0,0.0008745361730735995,0.0006512628880822165,0.0010217478230160372,0.016663794456256792,-0.0008188214984801944,-0.00032670572542682
2017-05-08,34.38835144042969,0.02682587192136016,0.006464510114237447,0.0012246415136633105,0.0006811824242607029,0.0,0.0008834400584076232,0.0011276403594201716,0.00023227556514422351,0.016663794456256792,-0.0002748024177921901,0.00023970250727451867
2017-05-09,35.323333740234375,0.006384358503558845,-0.00023174899398371537,0.0012253591292375897,0.0004408571897026958,0.0,0.0008982643051864533,0.001374132588949379,0.0011234657568731498,0.016663794456256792,-0.0008353962678463458,-0.00027214258354284963
2017-05-10,35.5495719909668,-0.004752070813683253,-0.0022165019900035675,0.0011544281683826714,0.0004565642799333541,0.0,0.0009013974258023142,0.0008886382302496189,0.000712604318275088,-0.016663794456256792,-0.0009519193610796044,-0.00041568133663098415
2017-05-11,35.381038665771484,0.00861118703071489,0.0024021375209745126,0.0011945159373621052,0.0008123312641931345,0.0,0.0008981705603688179,0.0006241434495025483,0.0006132940902452924,0.016663794456256792,-0.0005437971626010385,-1.3403019101285813e-05
2017-05-12,35.68702697753906,0.013868964449636152,-0.0001648119049034852,0.0012667743628744963,0.0008843093478427709,0.0,0.0009025704556742063,0.0009415263244738205,0.0004812589024935773,-0.016663794456256792,-0.0006490708317254872,-0.00016117383937200942
2017-05-15,36.18541717529297,-0.0025655418345172567,0.0008170906048404426,0.0012805673563389501,0.0008971256143655544,0.0,0.000909962926594367,0.0010664007026087744,-0.00012100849707236084,0.016663794456256792,-0.0005989371772134615,-8.893967136647268e-05
2017-05-16,36.09270095825195,-0.0014784503104248677,-0.00029435802940962425,0.0011482474869780408,0.00048664503629990293,0.0,0.0009079825820011411,0.0006760744128721292,8.81602191525545e-05,-0.016663794456256792,-0.0007798789895232276,-0.00027846600063457605
2017-05-17,36.03937911987305,-0.034152563454265795,-0.0016971603333466618,0.0010583270274923272,0.0005939139143712872,0.0,0.0009066235655475956,0.0007018932840853325,0.0008559430022552151,-0.016663794456256792,-0.0008364877602382663,-0.0003646517228391627
2017-05-18,34.829322814941406,0.015126252324225428,-0.0013863869540920643,0.0011780122690130082,0.00039394723072480776,0.0,0.000886669560413951,-7.41303538238946e-05,-0.0001717679251538953,-0.016663794456256792,-0.00040114162784861206,-0.00036922932420697973
2017-05-19,35.360164642333984,0.003404001140062538,-0.00083026428089011,0.0012366646784060778,0.0004042965385173272,0.0,0.0008947694368438779,0.001096261807209921,0.0002269090761137611,0.016663794456256792,-0.00043943785208760017,-0.00031948477718871137
2017-05-22,35.480735778808594,0.0060571610763120905,0.0016345534854818938,0.001167342517310936,0.0002974100576723754,0.0,0.0008961959471924957,0.0008178535159619436,0.0017975214977700655,-0.016663794456256792,-0.0005498337293835453,-0.00018608104887149176
2017-05-23,35.6963005065918,-0.0012344150538176975,-0.0036905313498390028,0.0010331926040806714,0.00011121265389611333,0.0,0.0008991283137431317,0.0008808671566572381,-9.570989236785271e-05,-0.016663794456256792,-0.0010541704460791004,-0.0006135750472943612
2017-05-24,35.65226364135742,-0.002995485547381999,-0.00302591780651777,0.0009101411495728913,0.0001510986710921208,0.0,0.0008979167615752948,0.0007076892218901848,0.0029144359921046362,0.016663794456256792,-0.0010363856887464717,-0.0005788516331309109
2017-05-25,35.54562759399414,0.0034503347644740663,-0.0026731166990208114,0.0008017150232717742,0.000353549695160975,0.0,0.0008957071121377481,0.0006658630726994154,-0.00021845525445480228,0.016663794456256792,-0.0010438649052349224,-0.000526537277983606
2017-05-26,35.66848373413086,-0.0016912184536674894,0.0021953952931008866,0.0008337875353217787,0.00034973044078450864,0.0,0.0008971561351963621,0.0008189539586155839,0.0008116197842196742,-0.016663794456256792,-0.0007284526758849332,-0.00018935074342415657
2017-05-30,35.608211517333984,0.0003904115613980942,0.001904482453848233,0.0007373950137767915,0.0009435616834823024,0.0,0.0008956888026629926,0.0008292978168479554,0.0006624920786138547,0.015985106257528855,0.0007490539947458227,0.0008816926875916135
2017-05-31,35.62211608886719,-0.0059394569595595074,0.0003058213986757548,0.0007408519319117377,0.0011582921478433465,0.0,0.0008954025266056187,0.0008851690157617908,0.0008396332968599622,-0.015985106257528855,0.0007332724071858254,0.0007564542552852404
2017-06-01,35.41116714477539,0.002745928220079174,-0.00425749251190926,0.0006952941438347738,0.0008612101955878092,0.0,0.0008915322777459555,0.0007152745865532913,0.0009990442340427521,-0.015985106257528855,0.0006512394406424876,0.0002720781709090775
2017-06-02,35.50853729248047,0.01471075434075533,5.646593043549461e-05,0.000769114321141202,0.0014419412384982597,0.0,0.0008925817378151877,0.0009483913649927022,0.0007752506706739411,0.015985106257528855,0.0007320192382889287,0.0007696015994301187
2017-06-05,36.03475570678711,-0.009826346011318746,0.005934411107841619,0.0008056951848127392,0.0008205550304083068,0.0,0.0009003974463010136,0.0012695287310566185,0.0015637327157459022,-0.015985106257528855,0.0008108977489821395,0.001246645515168847
2017-06-06,35.68239974975586,0.0033721405847782137,0.0005808337994955498,0.0007405956620962507,0.0012339370900982972,0.0,0.0008943337134250273,0.0006109500188850989,0.0005136273282164202,0.015985106257528855,0.0007370745171333608,0.0007948443675633597
2017-06-07,35.80292892456055,0.005939056025795825,0.0020126599364663415,0.0007913558063302384,0.0007714072020463976,0.0,0.0008957336043127974,0.0009651989798604678,0.0008949751053174737,0.015985106257528855,0.0007513650240781709,0.000856957337809145
2017-06-08,36.016197204589844,-0.0024487056589196092,-0.0010065613818910479,0.0008428153629068823,0.0009050317087698845,0.0,0.0008985813301295581,0.0010340952977277774,0.0014515451562049178,0.015985106257528855,0.0007041711172760348,0.0005716924393200892
2017-06-09,35.9281120300293,-0.03954863364227065,-0.0004626224226366134,0.0008173038471818724,0.0009751895531095965,0.0,0.0008966923419867537,0.0008089667695374211,-6.019369245373958e-05,-0.015985106257528855,0.0007131989018598714,0.0006400942436676038
2017-06-12,34.534934997558594,-0.02418585808572164,-0.007823857767575581,0.0007101250410943233,0.0007713129952732826,0.0,0.0008738805394011602,-0.00018679974086306954,0.00020513840008138794,0.015985106257528855,0.0005926383243921452,-9.39912958596279e-05
2017-06-13,33.70969772338867,0.008013146519101585,0.0026224706889430476,0.0010830974270221098,0.0012929651961983179,0.0,0.0008597544184174382,0.00022553899502007768,0.00015965102712855366,0.015985106257528855,0.0007808023379453155,0.0009437483012551472
2017-06-14,33.98090362548828,-0.009802952152553493,0.006198559219505919,0.0015684465834438263,0.0014891206097855233,0.0,0.0008637844984741616,0.0010897641349745973,0.0018272909360636796,-0.015985106257528855,0.00083080532320102,0.0012386655263726422
2017-06-15,33.649417877197266,-0.006010891977412319,-0.0022250460674372472,0.0016420460715586209,0.0008917265205710045,0.0,0.000857778453062547,0.0006115779128561582,0.0008475917275526674,-0.015985106257528855,0.0006779496960468464,0.0003094146227401999
2017-06-16,33.44776153564453,-0.014098598193632872,-0.0016166647399203729,0.0017839447555918478,0.0007458234531887781,0.0,0.0008539131348686951,0.0007133572621186021,0.001982210680693993,-0.015985106257528855,0.0006849877963852457,0.0003222226587906807
2017-06-19,32.9795036315918,0.028205419550779657,0.0018226218526333207,0.0019121821474418531,0.0007775888813785852,0.0,0.0008455033984634637,0.0004962822586392322,0.0020435872217713646,0.015985106257528855,0.0007365566893000863,0.000641904644336536
2017-06-20,33.92294692993164,-0.00912979400812086,-0.0010843111625313529,0.002014520120330394,0.0012254439505226004,0.0,0.0008608827779757267,0.0016317271615020647,0.0012667239321447784,0.015985106257528855,0.0006993099372496976,0.00040588464720618667
2017-06-21,33.614646911621094,0.005913227202810394,3.177610232945368e-05,0.0017381454361168089,0.0010766185676006489,0.0,0.0008552700382082568,0.0006296455580745036,0.0015063677934688097,-0.015985106257528855,0.0007208080280165152,0.0005417152383920552
2017-06-22,33.81400680541992,-0.0016466360201623442,-0.002541925632527008,0.0017256925750630584,0.0011490167704853245,0.0,0.000858109991697646,0.0010334020490254214,0.0003400145713689998,0.015985106257528855,0.0006795518505816069,0.00030222706945776643
2017-06-23,33.75837326049805,0.004453569393297279,-0.008500164233848941,0.001551842848104374,0.0009878383904530573,0.0,0.0008567044103217425,0.0008304944147027141,0.0022308926012975586,0.015985106257528855,0.0005768065850767389,-0.000276035934336436
2017-06-26,33.909053802490234,-0.0031497214008002813,-0.0009618327397055299,0.0015765509860948108,0.0006346649394359269,0.0,0.0008587217210244769,0.0009942246586000286,-0.0005866815380782571,0.015985106257528855,0.0006873031763377866,0.000406302434807009
2017-06-27,33.80241775512695,-0.01443623325052993,-0.007595327231833027,0.0012638132318233553,0.001409005907486318,0.0,0.0008564748358665034,0.0007901514230671643,0.001407760207592955,-0.015985106257528855,0.0006004967797691981,-7.329440323029909e-05
2017-06-28,33.31794357299805,0.014504958240063408,0.0019739463160727785,0.0011611969857042413,0.0010349492802048707,0.0,0.000847907492400735,0.00048722009327475686,0.00010082461568727906,-0.015985106257528855,0.0007591722341286973,0.0008276168694955701
2017-06-29,33.80474090576172,-0.014853194448959963,-0.006688062081488746,0.001231548424367213,0.001391749632437767,0.0,0.0008555542173434354,0.0012640051390665752,0.001492438497881407,-0.015985106257528855,0.0006164143568992977,1.8822939094497197e-05
2017-06-30,33.30634307861328,0.002363698677636338,-0.0014076667278969954,0.0009228770515652751,0.0007019233351138383,0.0,0.0008467636473007363,0.00047602880477092463,0.0007026559812554265,0.015985106257528855,0.0007006004002216112,0.00048773900203145687
2017-07-03,33.385162353515625,-0.003617138509058302,-0.002289157076025836,0.0010918571384181917,0.0011569987400607564,0.0,0.0008476120449687092,0.0009381322782952542,0.00046511341149676534,0.015985106257528855,0.000694001361294647,0.00043982243051629495
2017-07-05,33.26462173461914,0.004102867876881233,-0.0011275448496747898,0.0010771356329678787,0.0016102864791866173,0.0,0.0008451163766880903,0.0007776058919006227,0.00212998719473207,0.015985106257528855,0.0007253886687359171,0.0006244651567223671
2017-07-06,33.40138244628906,-0.009483066455900063,-0.0008921997755744951,0.0010306551008625942,0.0008682486682522209,0.0,0.0008469363495932262,0.0009848117878971398,4.636688003646487e-05,-0.015985106257528855,0.0007091114801733399,0.0005443201588392645
2017-07-07,33.08613204956055,0.010107702017469437,-3.875393183263578e-05,0.0010322146933960212,0.0005754144767677573,0.0,0.0008411686205002651,0.0006201636832659164,0.0015045042809633856,-0.015985106257528855,0.0007282617872445053,0.0005838212113903411
2017-07-10,33.4222526550293,0.006085009515174087,0.005089049635369214,0.001289941408887804,0.001142195056767903,0.0,0.0008463396770833952,0.001145982255408305,0.0008803933682845038,-0.015985106257528855,0.0008130113978556161,0.001126732103054153
2017-07-11,33.62624740600586,0.0032350635723842835,0.00347161783416578,0.0012708805858309786,0.001236597746623441,0.0,0.00084926141151624,0.001038012706863024,0.0015993551187442993,0.015985106257528855,0.0007883751055275238,0.0009855481430585409
2017-07-12,33.735206604003906,0.001441378983222485,0.002729859763253735,0.001196821259092926,0.0012421146191193102,0.0,0.000850591290089745,0.0009615198164305851,0.00040719900860004604,-0.015985106257528855,0.0007751579289226645,0.0009266283407632918
2017-07-13,33.78386688232422,0.013833045684445527,0.0012183341900780362,0.00116525657112573,0.0014607287606794776,0.0,0.0008509204197238023,0.000913377107234214,0.0013958076474835774,0.015985106257528855,0.0007511948424949885,0.0008166893952526825
2017-07-14,34.25444793701172,0.008557539597598661,0.004628101193346534,0.001087039789919656,0.0010261070634458617,0.0,0.0008581487745482575,0.0012459709256011976,0.0008228627463460506,0.015985106257528855,0.0007932526278554147,0.001099791696666586
2017-07-17,34.5488395690918,0.0034832495076720918,0.008264692891518604,0.0008300786905505615,0.001765402040012574,0.0,0.0008624333548615856,0.0011043757104014951,0.0009113207580272674,-0.015985106257528855,0.0008714678004436063,0.001612893524743213
2017-07-18,34.66939163208008,0.0034709392851898146,0.0007487322100507062,0.0006737809672188956,0.0011986308687799076,0.0,0.0008638909834226592,0.0009681811566580627,0.0005273751838206276,-0.015985106257528855,0.0007374163623444323,0.0008177817985990827
2017-07-19,34.78993606567383,0.006243644260714335,0.0030528850815144584,0.0006669796788637866,0.0020178457027901792,0.0,0.0008653401486821185,0.0009678507488122866,0.0009306609692282923,-0.015985106257528855,0.0007972902261504295,0.001168091669027317
2017-07-20,35.00783157348633,-0.004513338730448618,-0.0008623304686846919,0.0008351121429553134,0.0016692556316169897,0.0,0.0008683280954110254,0.0010422704824324474,0.00048426787433368936,0.015985106257528855,0.0007213006832848359,0.0007019554038967998
2017-07-21,34.85018539428711,-0.00046564128255816326,-0.0007360084737621588,0.0008252060804303757,0.0016273382624153979,0.0,0.0008653399405937795,0.0007535517706237713,0.0003744864244778157,0.015985106257528855,0.0007205635161065807,0.0007098009766908391
2017-07-24,34.833961486816406,0.012038923160445653,0.001041162065463353,0.0007823383661642187,0.0014319303099003412,0.0,0.0008646013272623967,0.0008621924549035791,0.000611589999912613,-0.015985106257528855,0.0007432149066538072,0.0008623962396757394
2017-07-25,35.255859375,0.004264915385569522,-0.0018140992037345136,0.0008703645318319229,0.001586642127412948,0.0,0.0008707989544577284,0.0011978164621813225,0.001293492947088063,-0.015985106257528855,0.0007000266833220858,0.0005899488686105878
2017-07-26,35.40654373168945,0.004702546036895742,-0.002216558874495175,0.0009529689845634531,0.0014271290992245076,0.0,0.0008726803937210942,0.0009891611624381915,0.000717621407643472,0.015985106257528855,0.000688431103203332,0.0005119610067698954
2017-07-27,35.57343673706055,-0.01907822518682305,0.000274293708583204,0.0009602847181226962,0.001960746632220049,0.0,0.0008748022029416895,0.0010009072215332647,0.0009284973105206576,-0.015985106257528855,0.0007446681795459484,0.0008352213958397108
2017-07-28,34.90119171142578,-0.007064905260046807,-0.0020666854901217778,0.0008476731155113334,0.0012505391580612342,0.0,0.0008637540150182319,0.0003626284737496694,0.0005129842059541644,-0.015985106257528855,0.0006932560155224686,0.0005186899263865089
2017-07-31,34.655487060546875,-0.005164042832669545,-0.0007575453265489575,0.0007412256922223927,0.0018244957692883047,0.0,0.0008593662677713779,0.000685067419377244,4.908911703364351e-05,-0.015985106257528855,0.0007323434083738674,0.0007520778203032427
2017-08-01,34.476985931396484,0.008835994182640588,0.0004113821782315275,0.0006689939590180225,0.001571791519381021,0.0,0.0008560347361892755,0.0007360867945876294,0.0011543091446071562,-0.015985106257528855,0.0007454476708828317,0.0008415539103623314
2017-08-02,34.78297424316406,0.046168676448179014,-0.001577829699318664,0.000658532630338906,0.0012483768089175226,0.0,0.000860445990720205,0.0011118494648135427,0.0008179718359033298,-0.015985106257528855,0.0007029591308096971,0.0005996356940560718
2017-08-03,36.42650604248047,-0.01004177821315783,0.0013024744704960777,0.0006210287472241773,0.0017792353101735172,0.0,0.0008854781622436629,0.002113863128024101,0.003093569988178418,0.015985106257528855,0.0007661497440749944,0.0009685887782503803
2017-08-04,36.06254959106445,0.005257280495191525,0.0032486795209572556,0.0006808468920466486,0.002457260392915375,0.0,0.000879444337629968,0.0006051677927861839,0.0007921659743248466,0.015985106257528855,0.0008165778795595975,0.0012508443335785516
2017-08-07,36.25263977050781,0.015355623186697573,0.0026470801717903216,0.0007704049598877935,0.0018710079517727995,0.0,0.0008818603619994832,0.0010157963608325104,0.00014138867237007563,0.015985106257528855,0.0007869756322127477,0.0010880131105060681
2017-08-08,36.81361770629883,0.007965419552882748,0.003082196530498929,0.0009816953808574635,0.0024029034421229937,0.0,0.000889843684020828,0.0012868370881153725,0.0019127513991821225,0.015985106257528855,0.0008049844027793782,0.0011733781967407178
2017-08-09,37.10802459716797,0.00610347474710863,-0.0029924744330506177,0.0011454373597256642,0.0016834352396998273,0.0,0.0008937442219860219,0.0010884831374851935,-0.0012777035111280464,0.015985106257528855,0.0006936926065194639,0.000440422284274267
2017-08-10,37.335205078125,-0.032370216439242865,0.0027188566939559448,0.001218067149298484,0.0022344912681773786,0.0,0.0008966145969309931,0.0010385083158996626,0.0012315277291863591,-0.015985106257528855,0.0008024983668052573,0.0010708205062986594
2017-08-11,36.1460075378418,0.01381085103881672,0.001577493796213073,0.0008558114314096562,0.0010082519620316695,0.0,0.0008782958573736287,5.8698365998726375e-06,-0.00015380101069302628,-0.015985106257528855,0.0007982369355943261,0.0008384712949136104
2017-08-14,36.64867782592773,0.014937274880676832,0.0043789062136293045,0.0008099968078001734,0.0014415517869836125,0.0,0.0008854133891190569,0.0012453752186543459,0.00042986082700300054,0.015985106257528855,0.0008514271261311361,0.0011864969636286504
2017-08-15,37.2002182006836,0.010888214422512815,-0.002242244812443271,0.000861889614299572,0.0017946749785086385,0.0,0.0008931426858690887,0.0012756085694776767,0.0019622960347985465,-0.015985106257528855,0.000723652318747441,0.0005806655865679208
2017-08-16,37.60747528076172,-0.0040303967241564565,-0.001152624014841723,0.0008667532324964075,0.0013168155880699506,0.0,0.0008986375026566884,0.0011669313018388835,9.030644962729076e-05,0.015985106257528855,0.0007265642732878337,0.0006149774113854321
2017-08-17,37.45620727539063,-0.01938523265773814,-0.002830616076128933,0.0006909682247895451,0.0013818146885696174,0.0,0.0008959292420925052,0.0007665139919129113,0.002154511080189291,0.015985106257528855,0.0006998294514922582,0.0004910285360203375
2017-08-18,36.73710250854492,-0.0022831925262339057,-0.0007502615747817733,0.00039466306156807774,0.0008712404181139763,0.0,0.0008847918659805719,0.0003543883564611079,-0.0003229658892281122,-0.015985106257528855,0.0007567755684803288,0.0006706703540353375
2017-08-21,36.6533203125,-0.0018426807945984064,-0.0037781038597808807,0.0004179223982396139,0.0008134653454652106,0.0,0.0008830531259189832,0.0008134091618416288,0.00038091055417981395,0.015985106257528855,0.0006940681491239561,0.0003607844236548741
2017-08-22,36.58584213256836,0.01621532513617072,-0.0031144606382070054,0.0004927348134455544,0.0014232485185817695,0.0,0.0008815579345199063,0.0008252325494772599,0.000821910497319308,0.015985106257528855,0.0007108116660931082,0.0005042980856094938
2017-08-23,37.183929443359375,0.0012509171921332334,-0.0014941905141858773,0.00066518966085086,0.0013274172443475789,0.0,0.0008899646051348463,0.001309911591402698,0.0012957116016363754,-0.015985106257528855,0.0007172582435617645,0.0006185394713497327
2017-08-24,37.23047256469727,-0.004448520570469333,-0.003070224406467177,0.0006933159802468428,0.001029270076695404,0.0,0.0008901623873742976,0.0009082650899504424,0.0019166892703975564,-0.015985106257528855,0.0006911180098218049,0.0004141658611845429
2017-08-25,37.06521987915039,0.003698219569258064,-0.00407334017345392,0.0005918251537264014,0.0007653741574207176,0.0,0.0008872386836733975,0.0007552914978006573,0.00043684819036481933,0.015985106257528855,0.0006686036964249275,0.00029397494294410953
2017-08-28,37.20254898071289,0.010020557175476957,0.00039944389040564026,0.000570124307928809,0.0007086495319765969,0.0,0.0008887772610601433,0.0009739509788572354,0.0013033212615523736,0.015985106257528855,0.0007326318921201704,0.0007281825191025081
2017-08-29,37.57721328735352,0.008879071545592174,-0.0010614934835494008,0.0006271791930212835,0.0011772632005395709,0.0,0.0008937727642956011,0.001143643277412197,0.0005790465634534757,-0.015985106257528855,0.0007205848054095729,0.0006451445156086127
2017-08-30,37.91234970092773,0.002696970007151756,0.0005302595897815032,0.0006547662054383056,0.0010001548243783588,0.0,0.0008981387013001373,0.001113005666394387,0.0009544771040158982,0.015985106257528855,0.0007451644847151704,0.0007698887072796051
2017-08-31,38.01473617553711,0.00397139777343396,0.0010726113554755607,0.0007728486416002376,0.0011401757447095406,0.0,0.0008991216692268321,0.0009470773206941781,0.0010046769273858373,-0.015985106257528855,0.0007523751416237317,0.0008233440247162377
2017-09-01,38.16600799560547,0.00030520110281186824,0.0017939591876322558,0.0007842331311518036,0.0010366201105715335,0.0,0.0009007995917304952,0.0009812831145749052,0.0007690798830736667,0.015985106257528855,0.0007559577797242475,0.0008765743394658807
2017-09-05,38.17765808105469,-0.01208183213526345,0.0020117106279080163,0.0007835439389339488,0.0012143604224320477,0.0,0.0009004744833850155,0.0008828819568479809,0.0005319502415129338,0.015985106257528855,0.0007601781202017136,0.0009247521267280914
2017-09-06,37.71917724609375,-0.0010491090821333191,0.0033213014255347754,0.0007123231495093721,0.0006860483624098986,0.0,0.0008933919374937725,0.0005504125011868157,0.00011510339416184615,-0.015985106257528855,0.0007868959397856777,0.0009864687340659368
2017-09-07,37.67962646484375,-0.004022663537812508,-0.0029115592566296006,0.0006959109540471158,0.0013324223513515704,0.0,0.0008923327766324709,0.0008465321092831042,0.0007809085019906916,0.015985106257528855,0.0006962093080386246,0.0004747989291969118
2017-09-08,37.528358459472656,-0.016443534716743997,-0.0030149935093435965,0.0007589669951894151,0.0010856475305293727,0.0,0.0008896543045265064,0.0007667215515605593,0.0009568799393199621,0.015985106257528855,0.0006867604865320107,0.00041649249509606644
2017-09-11,36.91630554199219,0.01793025650150706,0.0025375270788732464,0.0008423988165238612,0.0005149060976171091,0.0,0.0008802135697654658,0.0004333438815141639,0.00029662064984792573,0.015985106257528855,0.0007672985723082055,0.0008609592925542724
2017-09-12,37.58419418334961,-0.003970736683342396,3.392965504818066e-05,0.0009089710272165613,0.0009727277907830645,0.0,0.0008894950302617868,0.0013559405546395985,0.002003751357485672,-0.015985106257528855,0.0007253251728185915,0.000672311222206203
2017-09-13,37.43525314331055,-0.007550268851943382,-0.002697582311683733,0.0007894257584646063,0.0009777340887702816,0.0,0.0008868507257386072,0.0007681152745536331,0.0013002835675110797,-0.015985106257528855,0.0006804475012182583,0.00042607281435137425
2017-09-14,37.15367126464844,-0.008618483340631184,-0.0008777831566090323,0.0010190849146952809,0.0011348518114961573,0.0,0.000882262841248296,0.0006720402024404566,0.00014905922363628332,-0.015985106257528855,0.0007114561644898751,0.0005878042417525708
2017-09-15,36.8348388671875,0.010058263509143971,-0.004940044881468127,0.001073732993893422,0.0007460911862178078,0.0,0.0008770993922364051,0.0006433691976277993,0.0018166921889031262,-0.015985106257528855,0.0006334887875223813,0.00012118684368698184
2017-09-18,37.20720291137695,-0.007597032072585243,-0.008878978330085616,0.0012093166977969784,0.00014221945833963379,0.0,0.0008820864449886635,0.001144655319923774,0.0004689657051436479,-0.015985106257528855,0.0005493171101025791,-0.00037987862675219663
2017-09-19,36.92560958862305,0.00037803446699137403,-0.0014270541138067779,0.0011686244930391714,0.0009005019231710786,0.0,0.000877483231895518,0.0006707850719977634,0.0010489576534158114,0.015985106257528855,0.0006917912286761233,0.00047238821039437295
2017-09-20,36.939571380615234,-0.016899702013381528,-0.0023890953964033463,0.0012339651377532511,0.0006975475436460534,0.0,0.0008772122341934538,0.0008848368130655536,0.000849568556685491,0.015985106257528855,0.000670299294283433,0.00033600626823734376
2017-09-21,36.32054901123047,-0.017321438654197774,-0.014476799626118508,0.0012634077913589094,0.0003712908494613713,0.0,0.0008675718251654847,0.0004211002966388665,0.0012326707019305423,0.015985106257528855,0.000459325960203864,-0.0009043071861413022
2017-09-22,35.69684219360352,-0.009826796545766799,-0.004259207523938292,0.0014219072928226867,0.0006599840518209023,0.0,0.0008577132829002471,0.0004097808346894504,-0.0001890778003289798,-0.015985106257528855,0.0006322679270662042,0.00011376669401663752
2017-09-25,35.347774505615234,-0.008861201050692866,-0.001011301450078729,0.0016923623140136332,0.0005492369036740425,0.0,0.00085192535774929,0.0006109379264865543,0.0014276402271952622,-0.015985106257528855,0.0006793742095820082,0.00036823078578867576
2017-09-26,35.03593444824219,0.017056782466380354,0.006380480804334119,0.0018384096094644338,0.000862162267578051,0.0,0.0008466664912585254,0.0006368546252203009,0.0008492506863128829,0.015985106257528855,0.0008129512774392048,0.0011148450889080107
2017-09-27,35.6386604309082,0.007092187460999131,-0.0038156710927254407,0.002010096332238633,0.0008391700982185126,0.0,0.000855438199037271,0.0013324964069238972,0.002135968013364674,-0.015985106257528855,0.0006426641163191661,8.06393451695033e-05
2017-09-28,35.89231491088867,-0.006178285083726012,-0.0003747242661594704,0.0017916922205702336,0.0009505079740450821,0.0,0.0008588112381189161,0.0010650454835551134,0.0020544104908852556,0.015985106257528855,0.0007017156568830639,0.000473462383881061
2017-09-29,35.67124557495117,0.005465412061083268,-0.004082063670818799,0.001555721642272274,0.0007611317560741576,0.0,0.0008550074022692702,0.0007088644110970614,0.0006287243450186113,0.015985106257528855,0.0006354293507271177,0.00012277810280360377
2017-10-02,35.866737365722656,-0.0020137787981768505,-0.0016669028549950694,0.0015166832963701704,0.0007091964314736185,0.0,0.0008574981665365927,0.0010213826369882273,0.001525780264263397,-0.015985106257528855,0.00067382630617928,0.00035884719628071816
2017-10-03,35.79458236694336,0.004346772764582701,-0.0029597281588478177,0.001275808278925331,0.0013138350334505123,0.0,0.00085594780100489,0.0008206402585694109,0.00036176826426994224,-0.015985106257528855,0.0006702020983273059,0.00036518437057340725
2017-10-04,35.95051193237305,-0.006494263092080052,0.0015333818417176538,0.0012233671437490404,0.0009237234758997946,0.0,0.0008578316784811868,0.0009913582242946743,0.00045163561978371646,-0.015985106257528855,0.0007349612260458022,0.0007567382031488775
2017-10-05,35.717796325683594,0.012367870662215369,-3.756901954887248e-05,0.0011317029709469952,0.0006948205493552646,0.0,0.0008538661473212292,0.0007003835235092688,0.0011839732625322388,-0.015985106257528855,0.0007051389545876018,0.0005843512325309041
2017-10-06,36.16229248046875,-0.000579931597833177,0.004615997983007644,0.001140617420838614,0.0008188182195709668,0.0,0.0008600731578413878,0.0012066454525257021,0.0008225155570720248,-0.015985106257528855,0.0007809608771776149,0.0010580452498037763
2017-10-09,36.14132690429688,0.0034715051571216583,0.0024578309144626326,0.0009186749352263081,0.0007597572423339298,0.0,0.0008592972932100977,0.0008591248891534504,0.0012757807062053262,0.015985106257528855,0.0007501615544796447,0.0008764758391884637
2017-10-10,36.26700973510742,0.00038510844401874376,0.0022334088403859345,0.000873895350475994,0.0009819177746438381,0.0,0.0008607039748815632,0.0009678659368827098,0.00036687035825589884,0.015985106257528855,0.0007586034060303696,0.0008956966810331296
2017-10-11,36.28097915649414,0.004160470321372614,0.0017729059115967293,0.0008527236138634964,0.0009383273122074557,0.0,0.0008604480031211419,0.0008850266794561935,0.0014460436937661124,0.015985106257528855,0.0007479413925717434,0.0008476906159605744
2017-10-12,36.4322395324707,-0.003519092406931582,-0.0003090484399932667,0.0009016329180599744,0.0009108017842994358,0.0,0.0008622231630556505,0.0009863578444061299,0.00034815428754769577,0.015985106257528855,0.0007105123962042255,0.0006306488486262098
2017-10-13,36.30425643920898,0.006325790189667674,-0.00219824935932519,0.0007761576396186113,0.0007436752767454468,0.0,0.0008598676170502809,0.0007802374610243393,0.0009052622898952147,0.015985106257528855,0.0006768842065444413,0.0004422616543765656
2017-10-16,36.53463745117188,0.018241587320939022,0.001580810416434742,0.0008087259989242818,0.001055012464518623,0.0,0.0008628047060199841,0.0010444752890038827,0.0008053117224653473,-0.015985106257528855,0.0007441825882156706,0.0008541080404212869
2017-10-17,37.20720291137695,0.003683111605075477,0.0006851469603736099,0.0008847445228424037,0.0009725175822438131,0.0,0.0008721381016241296,0.001364296711120145,0.0015629511693685486,-0.015985106257528855,0.0007291525954530961,0.0007404475121712608
2017-10-18,37.3444938659668,-0.004433882026140785,0.0005837378273066744,0.0007572058585196999,0.0017059648311746898,0.0,0.0008736469440843827,0.0009735454792891472,0.0006467826426333822,0.015985106257528855,0.0007513222590735413,0.0008630832693905699
2017-10-19,37.17927932739258,-0.023944912820942875,0.00029420989171499837,0.0007038412647251537,0.001522257097864205,0.0,0.0008707995572977811,0.0007556843980836423,0.0005719967439327778,-0.015985106257528855,0.0007402341836204788,0.0008164828802396555
2017-10-20,36.299598693847656,0.0017295334677072751,0.00782386764287733,0.0005584906349119462,0.0008419069776700707,0.0,0.0008574935452987244,0.00023200599478390312,0.00015146451136730898,-0.015985106257528855,0.0008475970985531966,0.0014787827831428345
2017-10-23,36.36243438720703,-0.0005123952701643855,0.0006208372436557413,0.0007554443645550173,0.0014417226930764316,0.0,0.0008579608764468533,0.0009211112081090306,0.00022070153883125643,0.015985106257528855,0.0007421228480311457,0.0008273560423151654
2017-10-24,36.34380722045898,0.00593742911167213,0.0018268238229834663,0.0008255422354456944,0.0011727791486966133,0.0,0.0008572268881519358,0.0008609375722766681,0.0013234947706989304,0.015985106257528855,0.0007637925477426873,0.0008929716359150793
2017-10-25,36.56023788452149,-0.004401659077738479,-0.0011532203524120546,0.0009452552244103411,0.0012411074046057408,0.0,0.0008599464824900087,0.0010340516311578476,0.0008650855708783453,0.015985106257528855,0.0007161607853764646,0.0005897296953027683
2017-10-26,36.39966583251953,0.006372993857597932,-0.0010218899993302125,0.0009374496394505645,0.0007970171525349721,0.0,0.0008571312842234338,0.0007565492658779889,0.0019743637965548627,0.015985106257528855,0.0007074486580457115,0.0005373077915896692
2017-10-27,36.63238143920898,0.03520303560035841,0.0004923377987708211,0.0009588789708473872,0.0014127673898065337,0.0,0.0008600809433535806,0.0010457422411045475,0.0008228484744788689,-0.015985106257528855,0.0007487585604662234,0.0007745820926008801
2017-10-30,37.94491958618164,0.022258942281572745,0.00473824814795722,0.0009279494640087821,0.0009800435243423077,0.0,0.0008784363440254164,0.001819544014352519,0.0021077123020841236,0.015985106257528855,0.0007945919578156632,0.0011316928803705936
2017-10-31,38.79900360107422,0.01381951786578292,0.0031147077712253726,0.0007647483255104445,0.0018291615651714306,0.0,0.0008898575544621403,0.0014721229994079698,0.0010925552968000095,0.015985106257528855,0.0007977094852720835,0.0011286127600194486
2017-11-01,39.33890914916992,-0.012800366208721043,-0.00022142756612730276,0.0009069073510330595,0.0024642497970709075,0.0,0.0008967607366892203,0.001245607837328114,0.0006895015058945153,0.015985106257528855,0.0007551899722171791,0.0008715795688675244
2017-11-02,38.838565826416016,0.007283481546633464,0.0024127225696342616,0.0007902681111252246,0.0021478203223216537,0.0,0.0008894517041676567,0.0005311269605989255,0.0002512094902990511,0.015985106257528855,0.0007916026206222276,0.0011030843516304453
2017-11-03,39.12247848510742,0.025778571323270535,-0.002027766811015515,0.0009085805633661726,0.0016669539374359276,0.0,0.0008928618534169719,0.001070179839724156,-0.0006041229790070449,0.015985106257528855,0.0007025597901311621,0.0005743132022693466
2017-11-06,40.14411163330078,0.010094139553716984,0.003598133903089059,0.0010508142784242992,0.002127025993405938,0.0,0.0009061271569723309,0.0015665902644206786,0.0011484605581012176,-0.015985106257528855,0.0007987384496919629,0.001170411952359879
2017-11-07,40.55138397216797,0.0032083031585914395,-0.002601131559633465,0.00130051415404764,0.0026628588742987134,0.0,0.0009110222088619124,0.0011456182372568608,0.00021999667815209706,-0.015985106257528855,0.0007105221763344983,0.0005985884967214086
2017-11-08,40.68169403076172,0.008147441379634844,-0.00014835853762988562,0.0014113544668572927,0.002585725083913914,0.0,0.0009122454681535682,0.0009608015637193849,0.0010353264240107584,-0.015985106257528855,0.0007519781969693027,0.0008081769999352945
2017-11-09,41.01449966430664,-0.0020450214270975454,0.0016714869982262985,0.0015429473348460361,0.002663519631792066,0.0,0.0009160960247855433,0.001093368625115331,0.0009233375087878851,-0.015985106257528855,0.0007816462392974532,0.0009752676074205062
2017-11-10,40.93070983886719,-0.003315168555524494,0.0014592317516877078,0.0015108378316024628,0.002263894023844992,0.0,0.0009145209623111374,0.0008198017026673601,-0.000248676657607711,-0.015985106257528855,0.0007743270515743129,0.0009000860351519981
2017-11-13,40.79524230957031,-0.004015446516704862,0.0046997415677221994,0.0014567025823374563,0.002094942810891642,0.0,0.0009122723235456746,0.000785710801619345,0.00017851213090001633,-0.015985106257528855,0.0008306010935792038,0.0012022320166330033
2017-11-14,40.63175964355469,-0.015232923187888799,-0.0002762996191245856,0.0013174883447192975,0.002544178825085301,0.0,0.0009096539819727466,0.0007669152572714456,0.0008320121594262392,0.015985106257528855,0.0007637059838886058,0.0008059100411800913
2017-11-15,40.01750946044922,-0.013278077798252467,2.435435099253769e-05,0.0010326538684603216,0.0018196951541040833,0.0,0.0009010811847503028,0.0004658368399393047,0.00017931124652856593,0.015985106257528855,0.0007534317129492744,0.0007767741817016685
2017-11-16,39.48966598510742,0.011876189063820748,-0.0011700049257047825,0.0009661249425642129,0.0015969536601769122,0.0,0.0008935550918718513,0.0005183051243220722,0.0006737578631478444,0.015985106257528855,0.0007420311591722785,0.0006378411872725821
2017-11-17,39.9614486694336,-0.005567773835994759,-0.0016294769369978384,0.0010039152571446074,0.0021322305901001542,0.0,0.0008993814228914529,0.001193448659537822,0.0017040850528199413,0.015985106257528855,0.0007361400995294158,0.0006664764796062584
2017-11-20,39.73957061767578,-0.000999588454122161,0.0038023286094674507,0.0009555572590830843,0.0016428493897440327,0.0,0.0008959523904106012,0.0007252506061049442,0.0011197455817451944,0.015985106257528855,0.0008103223640667898,0.0011345175328447248
2017-11-21,39.69986724853516,0.01842001097059606,0.0028991438188632813,0.0008786128945802561,0.002301861854475106,0.0,0.0008949478642608752,0.0008478612488698345,0.0010557695055249667,0.015985106257528855,0.0008066271130609256,0.0011583922411784646
2017-11-22,40.43791580200195,0.01045675453525696,0.0016821711078473687,0.0009680283124056001,0.001363534525242344,0.0,0.0009042302070078748,0.0013690856232461102,0.002358217034769453,-0.015985106257528855,0.0007533219098107791,0.0008823343353240834
2017-11-24,40.86298370361328,5.7130630883059854e-05,0.0012406067125373711,0.0011724089017864728,0.0016834118964286129,0.0,0.0009092871283039305,0.0011553508667905095,0.0006366218524711823,0.015985106257528855,0.000753639657551935,0.0008510531687946211
2017-11-27,40.86531829833984,-0.00504209559221024,0.0017829495704007508,0.0012647580090413427,0.0015802532169995717,0.0,0.0009088362518502686,0.0008762237156708873,0.0006892697258222781,-0.015985106257528855,0.0007571227429301747,0.0008725230763874665
2017-11-28,40.6597900390625,-0.005876095336680563,-0.002121763178359354,0.0010233139993606538,0.0013348240881235515,0.0,0.0009056892757296654,0.0007393598731267473,0.0008265519267971687,-0.015985106257528855,0.0006907002984581215,0.0004950178894745588
2017-11-29,40.42156982421875,-0.020961594689289362,0.00135283456067683,0.0008705226646296516,0.0012373204352445052,0.0,0.0009021048229746918,0.00071697522009996,4.6058364829377834e-05,0.015985106257528855,0.0007482041420079938,0.0008482321766821846
2017-11-30,39.58308792114258,0.013887454562667744,-0.003961611843881259,0.0007607508200895706,0.0006655002097268365,0.0,0.0008905550609502522,0.00031207861073895987,-6.681879801258674e-06,0.015985106257528855,0.0006528707681035786,0.0002602007302825231
2017-12-01,40.13663101196289,-0.0046661603552685515,0.0006426232159041374,0.0008449723228514996,0.0006961437317184853,0.0,0.000897417204298572,0.001247431266409041,0.0013063152998355064,-0.015985106257528855,0.0007335485299005334,0.0007017775471765795
2017-12-04,39.94978332519531,-0.007334956259208033,0.0045669579690798675,0.0008665350294822567,0.0004553657496319207,0.0,0.0008944812794650273,0.0007494500199106979,0.0015513813902485075,-0.015985106257528855,0.0007928824597462175,0.0010469130780780317
2017-12-05,39.6578254699707,-0.0009426279093072934,0.006470936530739272,0.0008981599067641974,0.0007353288663030973,0.0,0.0008901408588222672,0.0006778192182167023,0.000280385068813058,-0.015985106257528855,0.000833321060741483,0.0012702169104423602
2017-12-06,39.62046051025391,-0.0037208568189461954,0.0014498585058552109,0.0009416554329502394,0.00037113000717680516,0.0,0.0008891747181959469,0.0008493900767146288,0.00218917900572974,-0.015985106257528855,0.0007378256181608442,0.0007151646085133454
2017-12-07,39.47331237792969,0.0018329311630404478,0.0009269150796062623,0.0009502012884209424,0.0003213355940219235,0.0,0.0008867458290825949,0.000774822080041256,0.0002965522296811911,-0.015985106257528855,0.000725157046785161,0.0006548677416127269
2017-12-08,39.54573059082031,0.0002949401581245696,-0.0009117311230377283,0.0011283041132442787,0.0004616505681114125,0.0,0.0008872440836028466,0.0009238864146353498,0.0010856709275273368,0.015985106257528855,0.0006893334503823467,0.0004641578838493862
2017-12-11,39.557395935058594,0.019296721251759293,0.0017803857479725077,0.001281046967514369,0.0005292714990830811,0.0,0.0008869323446947001,0.0008826065518636566,0.0013595246787857017,0.015985106257528855,0.0007287859209236647,0.0007115912600877603
2017-12-12,40.3281364440918,-0.005633720989141606,0.0018585481078998893,0.001436247683640929,0.00048759494668962897,0.0,0.0008966166102954706,0.0013926166321930255,0.0013679647256153499,0.015985106257528855,0.0007253475748438071,0.0006856784632271919
2017-12-13,40.10157775878906,0.003314678439008536,-0.0013328053858690913,0.0011950951968791937,0.0009481412521799227,0.0,0.0008931832046175331,0.0007234805766162251,0.0010166800590664792,0.015985106257528855,0.0006923191103963383,0.00048412957994718606
2017-12-14,40.23472213745117,-0.0002905433379953272,0.0007104595312368766,0.00119704102527256,0.0006633659677872402,0.0,0.0008944556666429618,0.0009636566889859714,0.0003800364468569342,0.015985106257528855,0.0007207353226246437,0.0006415270802485655
2017-12-15,40.2230339050293,0.010110203789147437,-0.0005790207711142369,0.0010726551838491777,0.0005395754095544039,0.0,0.000893833293216156,0.0008668921047065081,0.0013556855204291127,0.015985106257528855,0.0007002525509512005,0.0005183045551063553
2017-12-18,40.63175964355469,0.013984730692025816,0.0014518596589822893,0.0012695650257603993,0.0006903479309512693,0.0,0.0008986712829777998,0.001146049403259771,0.00010802643248080876,-0.015985106257528855,0.0007263035711880726,0.000705562000033406
2017-12-19,41.20397567749024,-0.010713513764640368,0.002572311747265597,0.0011785544347777748,0.0010532801794175387,0.0,0.0009055370014505427,0.0012500421693714301,0.0016400420674203098,-0.015985106257528855,0.0007560351735493669,0.0008860297214209956
2017-12-20,40.764892578125,-0.0010892795438341605,0.0005010360578053752,0.0008382851604639475,0.0009370448614705376,0.0,0.0008994441588883556,0.000587138330132998,0.0002368764512312569,0.015985106257528855,0.0007267099000418727,0.0007252342736607259
2017-12-21,40.72051239013672,0.003778274430784114,0.0009458920927297509,0.0007678962728221877,0.0009344071909216404,0.0,0.0008984018508680607,0.0008454539292799793,0.0006432454095215287,-0.015985106257528855,0.0007319701398601295,0.0007808836401033195
2017-12-22,40.874656677246094,0.0,0.0004785030799163587,0.0007310172986057325,0.0009388295498335314,0.0,0.0008999104273897559,0.0009760996609284825,0.0010507817133547047,-0.015985106257528855,0.0007239035305893641,0.0007421767452211047
2017-12-26,40.874656677246094,-0.025697394284303673,0.003812553621204472,0.0007343560414301561,0.0011681294310870276,0.0,0.0008994392700979288,0.0008746903226956521,0.00014096481465953172,-0.015985106257528855,0.00078707738993551,0.0011031830326890756
2017-12-27,39.83766555786133,0.00017588838400239812,-0.0008239822993679207,0.0006506604991914203,0.0007883741872695425,0.0,0.0008855215131359185,0.00018496918241878363,0.0006127494441516441,0.015985106257528855,0.000704848482664321,0.0006059223884904835
2017-12-28,39.84467315673828,0.0028098239311789876,0.0011864382847902298,0.0008601571207764235,0.0015222149370580323,0.0,0.0008851503661018528,0.000879411187987807,0.0009559584455896633,-0.015985106257528855,0.0007568047825059061,0.0008765079735924369
2017-12-29,39.956787109375,-0.010872847290538994,-0.0006787963284591324,0.000994202967590413,0.0011118716710671935,0.0,0.0008861564683313757,0.0009501063335311849,0.0015190072318916265,0.015985106257528855,0.0007116019947569835,0.0006082604728020826
2018-01-02,39.524696350097656,0.017746346482909924,0.004693613637515739,0.001055762545753867,0.0005126082145823676,0.0,0.000880012788206574,0.0005828617992150653,0.00023621911113771142,-0.015985106257528855,0.0007911727305228796,0.0010346214544569186
2018-01-03,40.23237609863281,-0.00017428810512635308,0.0004958381978951138,0.0011459641316061797,0.0012700154258415974,0.0,0.0008888202731646436,0.0013510043877141978,0.0024819092356367727,-0.015985106257528855,0.0007299484992873366,0.0007205521058070868
2018-01-04,40.225364685058594,0.004634172357601115,0.004052464395954309,0.0010521584518668643,0.0011337613472551448,0.0,0.0008882654149296274,0.00087001240908019,0.0012962247872140293,-0.015985106257528855,0.0007804323890048879,0.001065611988406134
2018-01-05,40.412208557128906,0.011321180946046344,0.0022054251782151397,0.0010159365058775378,0.001294509067753172,0.0,0.0008902194613264305,0.0009990720637921228,0.0002562654271888107,-0.015985106257528855,0.0007552217138904925,0.0009148807240718369
2018-01-08,40.87232208251953,-0.003721156852553884,0.004407723654906402,0.0009724941719797922,0.001045382174159485,0.0,0.0008956579188262846,0.0011785521751853949,0.002016146639461124,0.015985106257528855,0.000785378927753406,0.0011012277484407766
2018-01-09,40.72051239013672,-0.00011476457512160017,0.00179324100378292,0.0007668836393349435,0.0014084717515098063,0.0,0.0008932520747557373,0.0007748140271032917,-0.00010624076772746207,-0.015985106257528855,0.0007565116801718781,0.0009353945950760065
2018-01-10,40.71583938598633,-0.00022966238278457023,0.002402037187820045,0.00081391133146483,0.001148927446743433,0.0,0.0008927270660839262,0.0008716100277544405,0.0006727726484696023,-0.015985106257528855,0.0007641537595448231,0.0009478823027317675
2018-01-11,40.70648956298828,0.005664575926496626,0.002057888905233035,0.0007791621925500378,0.001162219891421803,0.0,0.0008921427925551034,0.0008685261568358618,0.0009701456310849674,0.015985106257528855,0.0007569342165008628,0.0009222256788593334
2018-01-12,40.93772888183594,0.010273208296329174,0.0012748162689684996,0.0007826536491985154,0.0016574051103293947,0.0,0.0008946258482959679,0.0010267282189890747,0.0004850488141238209,0.015985106257528855,0.0007574330184276304,0.000919125355986157
2018-01-16,41.36045837402344,-0.005095044746508971,0.006758040758393208,0.0008374222931172748,0.0011576596166524315,0.0,0.0008995029062512633,0.0011504244637550029,0.00138483834207194,-0.015985106257528855,0.0008364503184785444,0.0013724992694063077
2018-01-17,41.15026092529297,0.016381463798649944,0.0038309911157785666,0.0005206766793145311,0.0010977026627350607,0.0,0.000896387236993072,0.0007379387114838362,0.0006580887834746663,0.015985106257528855,0.0008029629375974536,0.0011320376107978025
2018-01-18,41.82991409301758,0.0008924961235231562,0.003071235939482049,0.0007228042187354466,0.0014360205035907183,0.0,0.000904431432609517,0.0013143707730014814,0.0011548137660550267,0.015985106257528855,0.0007994200117367307,0.0010726987184827232
2018-01-19,41.86726379394531,-0.004472755563122241,0.004720863736135263,0.000721229917559188,0.0013910806571601603,0.0,0.0009044252356681431,0.0008986450255421223,0.00102129316830712,-0.015985106257528855,0.000828075569887176,0.001228102223531832
2018-01-22,41.680419921875,-0.008214755873408175,0.005608502346832353,0.0006366973225351861,0.0017180990446665325,0.0,0.000901634794153462,0.0007546410276953138,-0.00020492396458800255,0.015985106257528855,0.0008437818673905071,0.0013791912275988869
2018-01-23,41.33942794799805,0.00022633098608881624,0.0034981116498369732,0.0006493092691732456,0.0022586174917639725,0.0,0.0008969063757574238,0.0006542052912010778,0.0011502922376185533,0.015985106257528855,0.0008209450932017437,0.001251045435547375
2018-01-24,41.34878540039063,-0.01605706289176153,0.00404598507572997,0.0006108520635358886,0.0015382524789722147,0.0,0.0008965587472505971,0.0008807650734691388,0.00027127857792154397,0.015985106257528855,0.0008121984096356908,0.0012034098987979283
2018-01-25,40.69014739990234,-0.018012168029493597,0.009005663156411374,0.0005403577962096323,0.0013471792290036726,0.0,0.0008877744873340105,0.0004437168315830589,0.000604756696732432,-0.015985106257528855,0.0008926785121204614,0.00167381249627568
2018-01-26,39.96379089355469,0.002334936432502242,0.006171785895076361,0.0007868991322141707,0.0014970346933171176,0.0,0.0008779868423227068,0.0003912415755302927,0.00046731071004717413,-0.015985106257528855,0.0008484732497242052,0.0013748260646685405
2018-01-29,40.05721282958984,-0.020915430705065033,0.005453025723861724,0.0010058719830344843,0.0015693316626276493,0.0,0.0008787409570174166,0.0009373602961911025,0.001752674380962951,-0.015985106257528855,0.0008320042407103638,0.00127659920375878
2018-01-30,39.22809982299805,-0.00591227703910789,0.001652713898293652,0.001019634866086817,0.0012052418975647874,0.0,0.0008674661656764532,0.00031331765760443816,0.0006026994238360268,0.015985106257528855,0.0007838663694715607,0.000846589137794273
2018-01-31,38.996856689453125,0.002751622445427633,0.0005104661890648469,0.0013063744465565017,0.0010408477437261008,0.0,0.0008639606107618801,0.0007160040988734558,0.001107223163108379,0.015985106257528855,0.0007661791146982212,0.0006593344875382048
2018-02-01,39.10430908203125,0.0020879643878787455,0.0012786546873158938,0.0015927072690365477,0.0014443710824743558,0.0,0.0008649361465937487,0.0009485441986830322,0.0024210697629099514,-0.015985106257528855,0.0007755909503407149,0.0007448952422497351
2018-02-02,39.18604278564453,-0.04435981684062571,-0.0046269891879452815,0.0017104266711804967,0.001006873637145121,0.0,0.0008655678760572223,0.0009307315369344383,0.0007120389348931063,-0.015985106257528855,0.0006653317189943555,7.896825133677247e-05
2018-02-05,37.485748291015625,-0.025301672007393285,-0.0005298029906541765,0.0014945104043712614,0.0011890896639660162,0.0,0.0008422197166784496,-0.00031593247412533935,0.0005519801045782053,0.015985106257528855,0.000772916926663132,0.0005463914749511032
2018-02-06,36.5491943359375,0.04094225675084093,0.008149237639406452,0.0014197022469303513,0.0014842795011716448,0.0,0.0008287295764699502,0.00019559041572531804,0.0003759184701333148,0.015985106257528855,0.0010976700189799697,0.0014555423665547369
2018-02-07,38.076656341552734,-0.02163961654228253,-0.0037072678281922494,0.0017365205181534785,0.0022007988291291637,0.0,0.0008494173161163509,0.001973585397397718,0.0030502173073674354,0.015985106257528855,0.0008545295614562996,0.00034390078995337665
2018-02-08,37.26154327392578,-0.027902154930386287,0.006668722571244115,0.0017261590831923776,0.0028045692043348713,0.0,0.0008378250306223309,0.00029388042300034043,0.00037320275263480376,-0.015985106257528855,0.0010213976600494403,0.0014545587204747475
2018-02-09,36.236236572265625,0.012157363249606498,0.013062094816878332,0.0015633061807454494,0.0019408824612032315,0.0,0.0008230182403281482,0.00012579314262153027,0.0006718287068809189,0.015985106257528855,0.0011553818859239588,0.001980909561793971
2018-02-12,36.67946243286133,0.03948847563048359,0.008548836410208009,0.0019207713993638254,0.0025217106883448598,0.0,0.0008288546692721638,0.0012009954083595507,0.003560440270398828,-0.015985106257528855,0.0010545350807351535,0.0015623134805867979
2018-02-13,38.156856536865234,0.009967859821105826,-0.0034944288294091914,0.0017635586361765768,0.0023235506117929624,0.0,0.0008487515405851908,0.0019345657380130965,0.0005244394328244175,0.015985106257528855,0.0008230302148332165,0.00037845793500243584
2018-02-14,38.539100646972656,0.018269661545552637,0.003185098631081467,0.0015197382278920237,0.0027709930052494383,0.0,0.0008534424399064463,0.0011422288741094997,0.0015447374987546413,-0.015985106257528855,0.0009413736765689089,0.0011440191028788593
2018-02-15,39.24966812133789,0.03302692400534174,0.0008536266176133288,0.0013310537329783076,0.001839785135540403,0.0,0.0008623967942024083,0.0013650502266711253,0.0018398562286182207,-0.015985106257528855,0.0008311538076696067,0.0008086291755447198
2018-02-16,40.56760787963867,-0.0032425282886261665,0.003954562558465453,0.001179668927105356,0.0018352927468148691,0.0,0.000878925328226632,0.0017611369185170714,0.0016158361861233793,-0.015985106257528855,0.0008824046501410533,0.0011388955174871356
2018-02-20,40.436279296875,-0.003369308377732618,0.008367138813897454,0.0009525695883388752,0.0020618720650869924,0.0,0.0008768085056191061,0.0007876604750827643,-0.0012616701926093767,0.015985106257528855,0.0009659825141078642,0.0016458976366377125
2018-02-21,40.30026626586914,-0.004549033680603745,0.0005541072791807787,0.0008527043943716994,0.0017440186507936641,0.0,0.00087462877415948,0.0007842576823071436,-0.0002696956095684472,0.015985106257528855,0.0008401618340768159,0.0008490762506862194
2018-02-22,40.11735534667969,0.008324292482123062,0.0011232220397720432,0.000546628441988744,0.001696820700168087,0.0,0.0008718459817250196,0.0007525937138865495,0.0005302454507651933,-0.015985106257528855,0.0008463252656421268,0.000951722919282637
2018-02-23,40.45269775390625,0.017241537235624105,-0.0009206081098475637,0.0002720410960758285,0.001962912077920146,0.0,0.0008756677491611213,0.0010981153298869467,-0.00037259175645866255,0.015985106257528855,0.0008111222439827306,0.000839465748616761
2018-02-26,41.156211853027344,0.019579507240529665,0.0070759335589283805,0.0003476324440856442,0.002201607983132379,0.0,0.0008840562009737624,0.0013374552470578258,0.001623808838930825,-0.015985106257528855,0.0009286844458834092,0.0016466821766713178
2018-02-27,41.969970703125,-0.0032459850765231457,0.0009453792722318335,0.0007008958441108593,0.0023460425681979076,0.0,0.0008936337885964857,0.0014002066419999016,0.0013475322843060017,-0.015985106257528855,0.0008221299651616675,0.0010045965409620358
2018-02-28,41.83395767211914,-0.001514844715616766,0.0015493649162284621,0.0006700350272297689,0.0017493995130052132,0.0,0.0008915141680818315,0.0007875676944816021,0.0007558160663558033,-0.015985106257528855,0.0008410527029777422,0.0009797074858535868
2018-03-01,41.770633697509766,-0.017671609252195304,0.004193632182221151,0.0004558640272387726,0.0017921381842389175,0.0,0.0008902826640471855,0.0008340317091008965,0.00020834410367990652,0.015985106257528855,0.0008987167999272107,0.0012833081578515716
2018-03-02,41.03896331787109,0.006890426889080406,0.001098873828700428,0.0003227095718196999,0.0017207806624964404,0.0,0.0008807880901769847,0.0004003822139005009,2.7894636767180746e-05,-0.015985106257528855,0.0008700540075980931,0.0009923546397262524
2018-03-05,41.322715759277344,0.00345582586424425,0.0050056087649867865,0.0003892620121908613,0.0018570908363928008,0.0,0.0008838605026508617,0.0010596302056406638,0.00012753065895574635,0.015985106257528855,0.000912167201263683,0.0013844647128516364
2018-03-06,41.46576690673828,-0.0008487499946950405,-0.001861942738561692,0.0005194814680988605,0.0025975031934214153,0.0,0.0008851747414661879,0.0009674451027840266,0.0016404419719165124,-0.015985106257528855,0.0008097673671716448,0.0007988186197800085
2018-03-07,41.43058776855469,-0.009326112002157222,0.0009747631681203954,0.0005044093967362036,0.0023012456397543766,0.0,0.0008842891823568103,0.0008519097711862479,0.00051509674911819,-0.015985106257528855,0.0008456322573568721,0.0010353467809055784
2018-03-08,41.045997619628906,0.010853196608454291,-0.0010609101444298114,0.00046827419154389904,0.0014803849860251716,0.0,0.0008790771347894218,0.0006243763596022548,0.0015018191850938592,-0.015985106257528855,0.000785960544905495,0.0007186944985220752
2018-03-09,41.49390411376953,0.017035054749654013,0.00651876001901991,0.0007824058949130887,0.0019606701710969897,0.0,0.0008841659712555774,0.0011659914195155927,0.0009336919680442693,0.015985106257528855,0.0009093294499940895,0.0014792831296267543
2018-03-12,42.206809997558594,0.009621448914917109,0.006844958337132419,0.001196445712307433,0.0017337850083326296,0.0,0.0008924020185673562,0.0013319132324047104,0.0014826688372375626,-0.015985106257528855,0.0008881486924768057,0.0014043279058578084
2018-03-13,42.61486053466797,-0.009676944440717495,0.004105184903696621,0.0013232560382823982,0.0018030740304095427,0.0,0.000896851074070083,0.0011329311638989838,0.0008218432031762841,0.015985106257528855,0.0008535323345149958,0.001123557915622771
2018-03-14,42.2044677734375,-0.008537606547374354,0.002064648216653412,0.001157208769952524,0.0013428115362218193,0.0,0.0008914645251578122,0.000614959974933335,0.000823086778976711,0.015985106257528855,0.0008146202241889458,0.0008834471272014859
2018-03-15,41.84567642211914,0.0011761976157858788,0.0001207864972993389,0.0008858925115731944,0.0009916971761027736,0.0,0.0008866635724732235,0.0006455399404451406,0.00015410891507848556,-0.015985106257528855,0.0007838833711638579,0.0006877458905719996
2018-03-16,41.89492416381836,-0.0035325685712838495,0.00105275078225821,0.0008894270520398443,0.001096239658941199,0.0,0.0008868109180423393,0.0009062596075723795,0.0005415998589901656,0.015985106257528855,0.0007963358557311731,0.0007942730168872789
2018-03-19,41.747188568115234,-0.01539748915969348,0.0026289639127890043,0.0006857240576776709,0.0008346211377897806,0.0,0.0008845630139277278,0.0007798757591591318,0.0004625743253091328,0.015985106257528855,0.0008106268137827418,0.000945523468959572
2018-03-20,41.10931015014648,-0.0003420971871505134,0.0012556838242155227,0.0007362150173718231,0.0009628421536204393,0.0,0.0008762854073320893,0.00046141986954658184,0.0007849785343555964,-0.015985106257528855,0.0008188235285073898,0.000821130345977712
2018-03-21,41.09524917602539,-0.02291514597843012,-0.0029700967419369726,0.0008727872299086677,0.0013653382693369412,0.0,0.0008756663104852992,0.0008655083932207604,0.0013760719607117356,-0.015985106257528855,0.0007513428872240165,0.00044285646325850696
2018-03-22,40.16425323486328,-0.014230470789879704,0.003610133237779028,0.0008898784197949128,0.0006940911912281392,0.0,0.0008635836226798572,0.00025964506016848334,0.0006183166805459937,-0.015985106257528855,0.0008389289590877377,0.0009847584428330086
2018-03-23,39.59674453735352,-0.023429158863508274,0.0072404441240709865,0.0011293031695227553,0.0003361492220247074,0.0,0.0008559216661252585,0.0004927427823620521,0.0004093942616207502,0.015985106257528855,0.0009344482140758165,0.0012450922142296474
2018-03-26,38.6798095703125,0.04637955844853839,0.0067010332043387615,0.0013206455817001972,0.0010384789971894584,0.0,0.0008436004684948,0.00024584889277147774,0.001591930241458911,-0.015985106257528855,0.0009552162036795193,0.001263933040738888
2018-03-27,40.51601409912109,-0.02597605627579675,-0.0014377076184475693,0.00164408080684975,0.002037657946938377,0.0,0.0008666917250769723,0.0021195232261703393,0.002136300756403798,0.015985106257528855,0.0008108557503704995,0.0005583859612100782
2018-03-28,39.47711944580078,-0.011110134417742088,0.005886528878392935,0.0015790309109155274,0.0014146754640316605,0.0,0.0008530866830086125,0.00017748986119274686,0.0018512862139978522,0.015985106257528855,0.0009284592443986889,0.0011950047227298323
2018-03-29,39.04095077514648,0.007778372155806623,0.0033728163538476737,0.001775628834320064,0.0014951793796488682,0.0,0.00084702628731421,0.0005764929843018929,-0.0004190047357881427,0.015985106257528855,0.0008904695366139163,0.0009258147743758036
2018-04-02,39.34580993652344,-0.006577844459147678,0.0003974885070338899,0.0019094534857745493,0.0018533070826862734,0.0,0.000850535829526105,0.001083462762945664,0.0036074680015450123,-0.015985106257528855,0.0008243690187188648,0.0006640665876934128
2018-04-03,39.08784866333008,0.01020699144780608,0.005850434404701098,0.0017406774069044677,0.0011274435385403144,0.0,0.0008467765277605817,0.0006981401896069286,-0.001493576868441598,0.015985106257528855,0.0009284894188960598,0.0011198734174802177
2018-04-04,39.488861083984375,0.018941803327879557,0.003615912661105256,0.0017892882209301247,0.0021685222309390916,0.0,0.0008515110826012724,0.001148647195610085,0.0019974488544241566,-0.015985106257528855,0.0008964922172828896,0.0010483716388275085
2018-04-05,40.24398040771485,0.006910376827840206,0.0004811673184595397,0.0013056366622230578,0.0012278468782778065,0.0,0.0008606568319669338,0.001383090592608827,0.0022681856237090734,-0.015985106257528855,0.0008163028983812451,0.0006846686009138642
2018-04-06,40.52304458618164,-0.025911592061912212,0.0016792747220236188,0.0011724693739597334,0.0019036730486909387,0.0,0.0008637137900244747,0.0010601656643863106,0.0004128036000483054,-0.015985106257528855,0.0008452028279498563,0.0009271618375826759
2018-04-09,39.486515045166016,0.009869260403432322,0.007435741160312723,0.0011193129938075362,0.000874756200594829,0.0,0.0008501909082810723,0.00017922008841405907,0.00019298064292459023,-0.015985106257528855,0.0009357216757573968,0.0013468908352406014
2018-04-10,39.87814712524414,0.018643138543105023,0.0038888161406125206,0.0011038137167619926,0.0018076047687949287,0.0,0.0008547436944977059,0.001139582453930239,0.0007303864663430859,-0.015985106257528855,0.0009042730321287461,0.0011416415003549774
2018-04-11,40.62857437133789,-0.004686409084360033,0.0026711123983070325,0.001095901925873107,0.0020856960171310255,0.0,0.0008637186666715744,0.0013750743940154522,0.0013733012013508446,-0.015985106257528855,0.0008802897125324851,0.0010653012272640967
2018-04-12,40.43861770629883,0.009810184182701076,-0.0012165900206115403,0.0008392603375287585,0.001413977071468391,0.0,0.0008609198125359054,0.0007489065415967638,-0.00014395067574612247,-0.015985106257528855,0.0007994742558329714,0.0006281304605632973
2018-04-13,40.8372802734375,0.0033825175507664787,0.00010530395228368063,0.000795064438769835,0.0015492693120021548,0.0,0.000865430530464416,0.0011379968410904619,0.002014478254594316,-0.015985106257528855,0.0008099835021668443,0.0007859412605940461
2018-04-16,40.97564697265625,0.0062187535782255365,-0.003336327260370925,0.000751226080618768,0.0010542714347558904,0.0,0.0008666985843789258,0.0009654774988704054,0.000989807415332331,0.015985106257528855,0.000731590504889796,0.00038161223857230116
2018-04-17,41.231258392333984,0.013670084841967604,-8.98264734000075e-05,0.000780967723119473,0.0016419904526420032,0.0,0.0008693934761180229,0.0010416024135333787,-0.00011751356386534631,-0.015985106257528855,0.0007925818909280499,0.0007831981488647227
2018-04-18,41.79876327514648,-0.0022465059930892382,0.0019341254434867303,0.0008815374432135283,0.0013166107389552127,0.0,0.0008758356962316865,0.0012415970370718455,0.0015755169728039363,0.015985106257528855,0.0008050110700257873,0.0009152397213674404
2018-04-19,41.7049674987793,-0.028749431960836347,0.0020480022021647057,0.0009420713094051963,0.0013119985373172215,0.0,0.0008742651018205593,0.0008143938327850481,0.0003212190601084192,0.015985106257528855,0.0008091934144545095,0.0009150640401699587
2018-04-20,40.52304458618164,-0.041835267313087086,-0.0025576166055859516,0.0005552396080020601,0.000526860829936911,0.0,0.0008593713375859405,0.0001030521256488731,-0.0002906711030222785,0.015985106257528855,0.0007200493203796127,0.00041333636674090147
2018-04-23,38.86272430419922,-0.0029005582332045842,0.007471885996382906,0.0004372306182868984,0.000783857502486214,0.0,0.0008379167452991701,-0.0002481732624498216,-0.0002981620227464574,0.015985106257528855,0.0009007847004511393,0.0014568761118207022
2018-04-24,38.75016403198242,-0.01401668640120274,0.00920196426509255,0.0008447491028205125,0.001652282691477719,0.0,0.0008360390582180531,0.0007968389923268254,0.0008328388003253067,0.015985106257528855,0.0009430541924810668,0.0016852973648045718
2018-04-25,38.2108039855957,0.00434774393101875,0.006387194287813927,0.0011687116730112576,0.0010179333455711693,0.0,0.0008285828707384243,0.0004984807809583431,0.0013430808855857995,0.015985106257528855,0.00089160299595028,0.00125680114979086
2018-04-26,38.37729644775391,0.003477315245422931,0.0023789991696495146,0.0015554277076122894,0.001156348344121463,0.0,0.0008303486314309884,0.0009913842905181311,0.0017693810776474679,0.015985106257528855,0.0008238727700445289,0.0008161844214612667
2018-04-27,38.51097869873047,-0.011638051268997947,0.0033347168445895282,0.001645667791997357,0.0013502057555756044,0.0,0.0008316760971350967,0.0009680218803485697,0.0033120053570185625,0.015985106257528855,0.000829840089609229,0.0009231882950200856
2018-04-30,38.06538391113281,0.01795055966250014,-0.00038903249862931057,0.0016182240846369098,0.0010429613816559007,0.0,0.0008254256072272605,0.0005623236327874488,0.000418396396905492,-0.015985106257528855,0.0007537002769948325,0.0005164817188771779
2018-05-01,38.75484848022461,0.022970377591950506,-0.004016334169253575,0.0015822313210383417,0.0008261584873846495,0.0,0.0008340053337078582,0.0013564854939122906,0.0019862193206138857,-0.015985106257528855,0.0006933002962170269,0.00013432492345122533
2018-05-02,39.655364990234375,0.04322714583154888,-0.0019213637949337778,0.0012028482297041575,0.000987179538532865,0.0,0.0008450901470570032,0.0014912180083446033,0.0017493020745494138,0.015985106257528855,0.0007319166206200837,0.0004308725057219401
2018-05-03,41.40714263916016,0.001810581305768784,0.002752738271273517,0.0007907153848754564,0.001109710870201675,0.0,0.0008663023871393316,0.002034912093977015,0.0013018611425082705,-0.015985106257528855,0.0008202429966173984,0.0009804910679996586
2018-05-04,41.482181549072266,0.038483329700898475,8.113864879289313e-05,0.0008462004945279282,0.0014879639268771888,0.0,0.0008667747627864698,0.0009232865417894148,0.001280753341488038,0.015985106257528855,0.0007850028153747133,0.000765361508045902
2018-05-07,43.10966873168945,0.007209013727802104,0.0031374642984361746,0.0010579252224179655,0.0014390909774436606,0.0,0.0008855830402555258,0.0019075875008802538,0.00027953433225024035,-0.015985106257528855,0.0008220470172825165,0.0010206571497598691
2018-05-08,43.42156982421875,0.004795163429442643,-0.0011131013288498567,0.001065298540016148,0.0022805720765376983,0.0,0.000888743175531661,0.0010681811145479747,0.0007637992176803709,-0.015985106257528855,0.0007738204566507724,0.0007286146692761786
2018-05-09,43.63028335571289,0.007016601119923197,-0.0006903160852885836,0.0011059208936077957,0.002313881495380682,0.0,0.0008906944343997484,0.0010033930834416815,-0.001975316378306846,0.015985106257528855,0.0007808832995072433,0.0007679513290639638
2018-05-10,43.937496185302734,0.014202682591189638,0.0027580200320098617,0.0011881794252615605,0.002534516139982437,0.0,0.000893752800193819,0.0010630167371079263,0.0014271904383366604,0.015985106257528855,0.000831295159710603,0.0011249764306167683
2018-05-11,44.56597900390625,-0.0038109093982389513,0.001935014136812349,0.0012706102921880148,0.002560785656981139,0.0,0.0009003939827242561,0.0012558920244483164,-0.0004998508129569439,0.015985106257528855,0.0008159736834903905,0.0010336484216513524
2018-05-14,44.39646530151367,-0.002335719060761807,0.0041917219415863426,0.0011957787319267286,0.0021555383700143766,0.0,0.000898044205476893,0.000772405058027759,0.0004023222216442048,-0.015985106257528855,0.0008382441735176481,0.001207418317581809
2018-05-15,44.29288864135742,-0.00912991168736572,-0.0015284749185949693,0.0011691173218977679,0.0020420700633945314,0.0,0.0008964321599802635,0.0008119993433639824,0.0003394401601462427,0.015985106257528855,0.0007439508259124848,0.0006337638348626554
2018-05-16,43.89033889770508,0.009289401307142679,-0.0004797242680170324,0.0009747457555416534,0.0018254571309477031,0.0,0.0008914364729611573,0.0006296423995494776,0.0006624937794395999,0.015985106257528855,0.00077225573223332,0.0007383705631877866
2018-05-17,44.29995346069336,-0.006343786268993334,0.003959722303686448,0.0009653776005903868,0.002456976700711127,0.0,0.0008956187263646342,0.0011240189663381489,0.0004806739348771716,0.015985106257528855,0.0008512666241799892,0.001270480280330436
2018-05-18,44.019813537597656,-0.0036432585287285895,-0.006640640932108446,0.0008762747860870826,0.0019456833145840976,0.0,0.0008920152395575869,0.000704422339462994,0.0011667228897284916,0.015985106257528855,0.0006646756466589393,0.00016920290704104213
2018-05-21,43.8597297668457,0.007060084253078797,0.0020453945857935186,0.000782870705891312,0.001761076388938571,0.0,0.0008897588844489869,0.0007769048274443697,0.0005161929840351183,0.015985106257528855,0.0008035158971035498,0.0010102692891302443
2018-05-22,44.17047882080078,-0.002508102923985999,0.001826681362067741,0.0009149865048396693,0.0023382678297036645,0.0,0.000892827171554223,0.0010641838296096438,0.001836305247513977,0.015985106257528855,0.0008106659136289756,0.0010522165154975612
2018-05-23,44.05983352661133,0.006391037238772832,-0.0017663180207159058,0.0009062111320141758,0.0020538381686429413,0.0,0.0008911368484451075,0.0008073725398292386,0.0004397142523041021,-0.015985106257528855,0.0007454995271629772,0.0006584791886213995
2018-05-24,44.342323303222656,-0.0011154633899208117,0.0012077145040230116,0.0009886132664703217,0.0017999679461581661,0.0,0.0008938690393990706,0.0010462265276162737,0.001126516981048502,0.015985106257528855,0.0007814047845933288,0.000897686343823121
2018-05-25,44.29288864135742,0.002283046601515751,-0.0029173106488957737,0.0009339380254110001,0.0016227870391185382,0.0,0.0008928713569614738,0.0008447511517150668,0.001252827056204309,0.015985106257528855,0.0007090945524351819,0.00047592779480088853
2018-05-29,44.39412689208984,-0.003612570730491128,0.00023912702143151097,0.0010467826513340225,0.0013700715939689375,0.0,0.0008935612702342055,0.0009359675669127633,0.00043189076423802615,0.015985106257528855,0.0007592646942139877,0.0007278476557432667
2018-05-30,44.23403930664063,-0.002131336973643851,-0.00111619712883797,0.0009460430079078516,0.00037127941257489056,0.0,0.0008913260857100362,0.0007458060547033988,0.0010815901107821433,0.015728096361703352,0.0005934997071437145,0.0003483996325159276
2018-05-31,44.13986206054688,-0.003365608916287022,-0.00037143741589958784,0.0006136534275468755,0.0005353522961181603,0.0,0.0008898274922249823,0.0007945261764146823,0.0004525969437854789,0.015728096361703352,0.0006428873465064228,0.0005537908359817344
2018-06-01,43.99155426025391,0.017873547382482372,0.0010799367652183777,0.0004301964093245873,0.000754144225809269,0.0,0.0008877187526766611,0.0007539290194889658,0.0009635249135035032,-0.015728096361703352,0.000977257649669647,0.0008420135534048955
2018-06-04,44.78490829467773,0.008322951594877125,0.0023021143149479636,0.0004882328017465598,0.004241321543831429,0.0,0.0008961317435780012,0.0014525184724619219,0.0013277096299812185,0.015728096361703352,0.0015373359520837585,0.001597735986307247
2018-06-05,45.15920639038086,0.00768548975867308,-0.0005896582006302834,0.0005111834147135169,-0.00018761873016749327,0.0,0.0008998083870687434,0.0011383842670831734,0.0013392733121353633,-0.015728096361703352,0.00033547657031082214,0.00042080312089458533
2018-06-06,45.50761413574219,0.0034601063916317033,7.713462025285588e-05,0.000575651655132535,-0.00018132703357614415,0.0,0.0009031659731012047,0.0011174171387669358,0.0008065224468621477,-0.015728096361703352,0.0003832914621322625,0.0005068966127265127
2018-06-07,45.66534805297852,-0.0026843511414552635,0.0007065485599665083,0.0005865412787350174,0.0002567729017180193,0.0,0.0009044305331499339,0.0009784375948782979,0.001485107392794149,0.015728096361703352,0.0004761309802542231,0.0006712054842124677
2018-06-08,45.542930603027344,-0.009139279711094088,-0.00043499272685917987,0.000620542408180729,4.888266552469968e-05,0.0,0.0009026565431970891,0.0007763366655158876,5.531798577204259e-05,0.015728096361703352,0.0003130933716390496,0.000461052684739769
2018-06-11,45.12859725952149,-0.0024547036202291904,0.0003361105319318469,0.000637203023716356,0.00013417510803461342,0.0,0.0008976951122414116,0.0005640238525674388,0.00034574818716380507,-0.015728096361703352,0.0004353414091849002,0.000585608620715276
2018-06-12,45.0179557800293,0.005476121184850651,-0.002636964589706672,0.0005220089389690796,-0.0003472914923625189,0.0,0.0008960396066945125,0.0007838901358125967,0.0006042839846139173,-0.015728096361703352,-1.5678327486676647e-05,9.008530059207538e-05
2018-06-13,45.26515579223633,-0.008251299825680172,-0.002377718698663614,0.0004892989953625547,-0.0004460544067684443,0.0,0.0008983002590035728,0.0010447475109488253,0.0010203446855878609,-0.015728096361703352,1.312784309235053e-05,0.0001183304268113747
2018-06-14,44.89319610595703,0.0005244840463944701,-0.001991200503070114,0.0003236347312781391,-0.00018597042776571438,0.0,0.0008937863961102903,0.000593230915864875,0.0005377237151304473,-0.015728096361703352,0.00020840800731129435,0.00025299954322294726
2018-06-15,44.916748046875,-0.010326042121931632,-0.0007260969893097194,0.00039038465064391106,-0.0003937587143579001,0.0,0.0008936042943599373,0.0008818803315178277,0.0011594237727615359,-0.015728096361703352,0.0002639996075643566,0.0003906956780992156
2018-06-18,44.455322265625,-0.0005295859714313831,0.0021004025355974873,0.0005199207884893056,0.00037199118484763374,0.0,0.0008880746509807891,0.0005249893593072757,0.0009688628335004145,-0.015728096361703352,0.0007394449836115319,0.0009095897746150347
2018-06-19,44.431785583496094,-0.016292082283061875,-0.0015838122650053865,0.0004923564873372467,-0.00047755226336424806,0.0,0.0008873762959943792,0.0008472103009954372,0.0003899866711011981,0.015728096361703352,0.00011649771765238372,0.0002293517957199998
2018-06-20,43.71376419067383,0.004352907564675313,-0.0006982670758173462,0.0006615963993145304,0.00010266869704699021,0.0,0.0008789176753252229,0.000328756859581279,0.0009424551108008899,0.015728096361703352,0.000376930729579661,0.00042292810163378596
2018-06-21,43.90446090698242,-0.0055923198050614985,-0.00215359013672811,0.0006446668477621195,-0.0004675299144721003,0.0,0.0008806273160188008,0.0010078032379535968,0.0007466471419930267,0.015728096361703352,3.5358075174769387e-05,0.00011592936608971808
2018-06-22,43.65961837768555,-0.002915446179410915,-0.0022350697486493566,0.0007524576630112024,0.0003036017518388013,0.0,0.0008774433774447328,0.0006806889754949388,0.0014813000175500945,-0.015728096361703352,0.0002771098274569529,0.00021179231108369584
2018-06-25,43.53251647949219,-0.014983242370646898,0.0012092261366556134,0.0007711200355284012,0.0001503950552080983,0.0,0.0008755786333164852,0.0007687355841038374,0.00029288317717702714,-0.015728096361703352,0.0006583695956056768,0.0006895548308747973
2018-06-26,42.8851203918457,0.012329745833697326,-0.0025815776773124082,0.0010913921001584118,0.0005986272574701149,0.0,0.0008677856008821052,0.00037180667500620384,0.001369378965840037,-0.015728096361703352,0.0004092132259557359,0.00014108365751103788
2018-06-27,43.41715621948242,-0.0014650212376270766,0.0005667943785972963,0.00110186671857421,-0.00011766653867507448,0.0,0.0008734152473618769,0.001270174068716432,0.0010114180192582864,0.015728096361703352,0.0006127826107842306,0.00048205321655605876
2018-06-28,43.35359573364258,0.007249928127838363,0.0004124406176837053,0.0011684323669655188,0.0005990560317121246,0.0,0.0008722672667605077,0.0008164423551452942,0.0013089192327079113,-0.015728096361703352,0.0008589611992312694,0.0005664511146185765
2018-06-29,43.66904830932617,-0.0021045789974107054,-0.0012737431697731941,0.001109880338069536,0.00022778757546463994,0.0,0.0008753966391162869,0.0011030908276300634,0.0006221641842630337,-0.015728096361703352,0.0004867358047260685,0.0002674801226770639
2018-07-02,43.577239990234375,0.011120488046289895,0.0019022050701902882,0.0011457554066491914,0.0006099408507931743,0.0,0.0008739351503293683,0.0007954062885865796,0.00187360022315233,-0.015728096361703352,0.0009224131244058394,0.000792391053882577
2018-07-03,44.064544677734375,-0.01757008812465696,0.0014962928963169566,0.0011352172748037212,-0.0003901730179842307,0.0,0.0008789579703764077,0.0012303996669311224,0.0005154803723151422,0.015728096361703352,0.0006624689126891769,0.0005662413925120621
2018-07-05,43.29708862304688,0.008014705576234503,-0.0036585491413885676,0.0011425132335579628,0.0004267941343453714,0.0,0.0008699187513195565,0.0002867212255279677,0.0006077064358976225,-0.015728096361703352,0.00011337984475681435,-5.6985824100240696e-05
2018-07-06,43.6454963684082,0.01376673605084844,0.0006627525034347753,0.0012383317087221774,0.00022829544853511562,0.0,0.0008734176674923845,0.0011282455678563535,0.0005570263939020657,-0.015728096361703352,0.0005634383733357801,0.0005265494230507862
2018-07-09,44.25050735473633,0.013789480605592805,0.0028960502090830545,0.0013224362333078459,0.0002058191941720545,0.0,0.0008797286407588339,0.0013174389504097435,0.0020898969900739577,0.015728096361703352,0.0007146520749793218,0.0008345462308037542
2018-07-10,44.86492538452149,-0.0012072512078842672,0.001263119041463011,0.001214974996510704,-0.0003321762335682159,0.0,0.0008860445663776373,0.0013181870547992714,0.00020375214859922252,0.015728096361703352,0.00036882614330202573,0.0005253387953363781
2018-07-11,44.810794830322266,-0.013060964456405555,-0.0007902616833360067,0.0011386797527801582,-0.00032743920980243216,0.0,0.0008850209498621058,0.000824920819239524,0.0016083353999908016,-0.015728096361703352,9.745931775982642e-05,0.00023925917501878085
2018-07-12,44.22932815551758,0.016627036111802763,-0.0008599321219097242,0.0010734562943244656,0.00016687093103546385,0.0,0.0008782047302109485,0.00043503343682675986,0.00019355247584312992,-0.015728096361703352,0.0002714638692285253,0.0003256319249065392
2018-07-13,44.97087860107422,0.0015694050332543134,0.002254845197162683,0.0013337184507622806,0.00032898731970456164,0.0,0.0008858983459322929,0.00141151874467334,0.0012146986193123756,0.015728096361703352,0.0005740011366104377,0.0007585306252660482
2018-07-16,45.04151153564453,-0.002197738514609655,0.0028589637340358668,0.0015516291609125547,0.00043759704219516535,0.0,0.0008862320894319618,0.0009162494359371343,0.0005256446557050352,0.015728096361703352,0.000581053269380703,0.0008212248318680621
2018-07-17,44.942630767822266,0.002824523752227049,-0.00517047330946736,0.0011992338902080616,-6.720916162980192e-05,0.0,0.0008847269793275003,0.0007923421246789479,0.0001960670372332361,0.015728096361703352,-0.00047860132151861343,-0.00037455901621389546
2018-07-18,45.06975173950195,-0.005499673501726281,0.0012110502671790668,0.0011565538908237635,-6.459849014835487e-05,0.0,0.0008856732216557439,0.0009575322763178553,0.002009984394093959,-0.015728096361703352,0.00036835512160597605,0.0005747100047279273
2018-07-19,44.82256317138672,0.007743158207098279,-0.0018009253103304964,0.001007603677927983,0.0004414846031349505,0.0,0.0008825599370514622,0.0006837362589866406,2.695410193076335e-05,-0.015728096361703352,7.232200856731785e-05,0.00024675785670583356
2018-07-20,45.17097854614258,-0.002295624215477136,-0.001127499333223055,0.001010111052198626,0.0006101272896614546,0.0,0.0008859033085280931,0.001119313945272451,0.0009650502316489237,0.015728096361703352,0.0002597493068224512,0.0003738650277943419
2018-07-23,45.06740188598633,0.0008876089793583358,-0.00175344619202406,0.0010957884276924757,0.0010306405672096926,0.0,0.0008843536117312081,0.000789122509113199,0.001098030580521774,-0.015728096361703352,0.00021524165628219625,0.000334970071649199
2018-07-24,45.107421875,0.007227905408801262,-0.0007673818519624346,0.0009363071286061309,0.00024561844351948814,0.0,0.0008843551966229447,0.0008938240850601832,0.0004922752158972067,-0.015728096361703352,0.00025045682362013924,0.00038060535178792724
2018-07-25,45.43463516235352,0.009386045313208018,-0.00029502861988974405,0.0009015108508633006,0.0002828893427588041,0.0,0.0008874420823709634,0.0011023664655589582,0.0016414795329875048,0.015728096361703352,0.0003151977191218131,0.00046359179044353193
2018-07-26,45.863094329833984,-0.0031360634170630565,0.002253975896264456,0.0008660941160508116,0.0012565581881028045,0.0,0.0008915756442536662,0.001173351101391502,0.0007673621797957089,0.015728096361703352,0.0008341763151788512,0.001010401043154512
2018-07-27,45.71949005126953,-0.016771269331055324,-0.0015528517981828142,0.000806641620232401,0.000677405706384828,0.0,0.0008896176281810766,0.0007614791341206174,0.0007745076535553383,-0.015728096361703352,0.00020649569648671282,0.00036418541568401797
2018-07-30,44.959110260009766,-0.00561853222540439,-0.0002149516505747957,0.0007877135635391442,0.0015672907289487955,0.0,0.0008810360504555001,0.0003129956394546178,0.00030601020801951297,0.015728096361703352,0.0006222006097726306,0.0007150893216118386
2018-07-31,44.70721435546875,0.0019989005460853844,0.00020492285292968772,0.0004930666190416958,0.0007662942745954237,0.0,0.0008778793878640189,0.0006798268075193917,0.00069142243508517,-0.015728096361703352,0.0007384381849150761,0.0007022900828447146
2018-08-01,44.796669006347656,0.05724034930943526,0.0025249367828517996,0.0007991633826223393,0.0005033093021149146,0.0,0.0008784235728922816,0.000930376222855708,0.0007677863640848835,0.015728096361703352,0.0008138312500126773,0.0009371015014446684
2018-08-02,47.43565368652344,0.028811713105844575,0.004286289978602951,0.0013270807993319117,0.0017013645322163774,0.0,0.0009057704558309245,0.002747354869755075,0.002600848232022657,0.015728096361703352,0.0011359101020373304,0.0012903837748912104
2018-08-03,48.82223510742188,0.0028886727145876817,0.004212474364227073,0.0014460295296912884,0.002965880472930051,0.0,0.000919303890675742,0.0018122920482914798,0.002421252706995523,-0.015728096361703352,0.0012173790020369364,0.0014682225266710474
2018-08-06,48.963470458984375,0.005179125145539689,0.007613246901371105,0.0015498721122695664,0.005541923776292624,0.0,0.0009202585047445312,0.0009596422371794782,0.0001841020496913501,0.015728096361703352,0.002043082005019446,0.0023819916427980487
2018-08-07,49.217716217041016,-0.009418873014655016,0.002466205971191641,0.0011332129983779833,0.000879047252312794,0.0,0.0009223219091247613,0.0010349788413407297,0.0019694586246452703,-0.015728096361703352,0.0006395113927683104,0.0009233857923110474
2018-08-08,48.75631713867188,0.0006758439399601464,0.0028577736709638367,0.0008102445132772963,-0.0001426729008979971,0.0,0.0009173140665466598,0.0005548275864708967,-0.0013332078532773206,0.015728096361703352,0.0005900188208815895,0.0008750234491101848
2018-08-09,48.78927993774414,0.007833928727481712,-0.0013330093456487327,0.0007724361814423484,0.00021493137921132187,0.0,0.000917197188460219,0.0008868587978825306,-0.0004322392128634561,-0.015728096361703352,6.161295508435444e-05,0.0003256500146732815
2018-08-10,49.17299270629883,-0.002982939011544826,0.0012343098332792167,0.0007212560461759344,0.0007937744966224097,0.0,0.0009205434543233161,0.0011222995312952068,0.0013438725890575515,-0.015728096361703352,0.0005688560218189229,0.000811859313891657
2018-08-13,49.02653121948242,0.006436054628974197,0.007939371283270616,0.0007199088173519864,0.00034518593949022316,0.0,0.0009186558902682542,0.0007665156380750606,0.00028259942343436984,0.015728096361703352,0.0016020412606231845,0.0017243076788118798
2018-08-14,49.34308624267578,0.004204140176345109,0.0005837338715792699,0.0005595163144096461,-0.0003324519662250754,0.0,0.0009213225885469907,0.001076321240629395,0.001407851495908258,0.015728096361703352,0.0006370466156283868,0.0005593656468991322
2018-08-15,49.550968170166016,0.002333471932582963,0.0016663559678299794,0.000493379733218971,0.00011495596765260206,0.0,0.0009229084907633183,0.0010029100431876712,0.0012704751964107213,-0.015728096361703352,0.0007567959359534105,0.0008077725860647129
2018-08-16,49.66672897338867,0.014543757025383814,0.0009257782316815443,0.0006438948431962927,-3.237204545479327e-05,0.0,0.0009235895933426614,0.0009413808050804402,0.00040202739367899533,0.015728096361703352,0.0006986030749367507,0.0006430441993284851
2018-08-17,50.39434814453125,0.01977297740950823,0.00523975909964677,0.0005830562429445363,0.00191141422501854,0.0,0.0009301630332229901,0.0013429963995811416,0.0016079494122764966,0.015728096361703352,0.0015417398554474068,0.0016185195738193318
2018-08-20,51.40071105957031,-0.009790926299872183,0.013475780148921677,0.0006673121978429232,0.0034180651557629196,0.0,0.0009392526687156506,0.0015149937311244935,0.0013213984403687368,-0.015728096361703352,0.002857386169424255,0.0030684193812830413
2018-08-21,50.89990615844727,-0.0019515992480198606,0.0003023065319802521,0.0006931202120444161,-0.0005386084732818729,0.0,0.0009340790047963701,0.0005425901652974526,0.00014769004122146007,0.015728096361703352,0.0003307381429133164,0.0004558262432313205
2018-08-22,50.80066680908203,4.6780897918857766e-05,-0.0006047896147920321,0.0005619045131120673,-0.00014161895295248313,0.0,0.0009326883164817598,0.0008004380345721338,0.000733467282970674,0.015728096361703352,0.0003366852658347223,0.00041594315393261877
2018-08-23,50.80304336547852,0.002043831800719167,-0.0003553258946818948,0.0005309419505139406,0.0005986637015229339,0.0,0.0009322615788042248,0.0008661679191939741,0.0009515591301847572,-0.015728096361703352,0.00045015244171273404,0.0005837607526458865
2018-08-24,50.906982421875,0.0031045893626684487,-0.0016662213308878886,0.0005670488665485878,0.0006543749399383588,0.0,0.0009327967594599374,0.0009318540829060068,-0.00017893661867565236,-0.015728096361703352,0.0002777813683664161,0.00039264289300724737
2018-08-27,51.06527328491211,0.008200724897757448,0.003917189177164303,0.0005803197164382415,0.002064959699001976,0.0,0.0009338418954576316,0.0009667440773349291,0.001392104619007435,0.015728096361703352,0.001256957870881688,0.001450116357389602
2018-08-28,51.48576736450195,0.008043252875446152,-0.0009563844140869576,0.0005789706419749626,-0.00033332369390649396,0.0,0.0009373372696771119,0.0011343640376409861,0.0012165785142656427,-0.015728096361703352,0.0001912554567265255,0.0003283545443790663
2018-08-29,51.90155029296875,0.014819079567648117,0.0006156509757488299,0.0005522828144340303,-0.00021199288767993687,0.0,0.0009407535752568086,0.0011291845336918879,0.001151745225614327,0.015728096361703352,0.0004693528876349665,0.0005858442447558141
2018-08-30,52.67641067504883,0.009151694441407239,0.0014767177654133436,0.0005564443502789312,0.0013663766578758162,0.0,0.0009474226410868861,0.001352052193581899,0.0012161112595153445,0.015728096361703352,0.0008271535955664657,0.0009777806739291305
2018-08-31,53.16070175170898,0.011487637446167792,0.0028589023002714943,0.0006465540872175903,0.0003922248995361005,0.0,0.0009513632135173954,0.0011656429304532558,0.0011178988661297337,-0.015728096361703352,0.0009456342406910043,0.0009988184479632776
2018-09-04,53.7749137878418,0.00320177346520585,0.0064288771282163,0.0006857042574378055,0.0016368831672510064,0.0,0.000956421434464419,0.0012424757915573586,0.000826857751778428,-0.015728096361703352,0.00158504195697302,0.001726428903039336
2018-09-05,53.947364807128906,-0.006545924885364206,3.865150978751299e-05,0.0006065862108862122,-0.0006815795471421942,0.0,0.0009574988586634313,0.0009699406162216082,0.0008509303106673281,0.015728096361703352,0.0003517092991791648,0.0004106081260792094
2018-09-06,53.59538269042969,-0.01675704554546373,0.0018343119345996168,0.0006551104711555041,-0.0005963110100559945,0.0,0.0009539000942778065,0.0006493233957124923,1.5860394625048487e-05,-0.015728096361703352,0.0006689450999846692,0.0006795708457651001
2018-09-07,52.70476531982422,-0.008100911551749896,0.00044307785877206317,0.0007485046551148273,-0.00044973115468243676,0.0,0.0009454097080650828,0.0003134634822660674,0.00016245022878711639,-0.015728096361703352,0.0005332203971964436,0.0004802030550177212
2018-09-10,52.27953338623047,-0.01351160460590535,0.002790037148261694,0.0007697249958570249,-0.00037803070330574807,0.0,0.0009410751027656986,0.0005981774241225775,0.0003103042624269717,0.015728096361703352,0.0008894867619171452,0.0008336826893559338
2018-09-11,51.577903747558594,0.02496850272888923,-0.0017355202677621906,0.0008112565681395858,-0.0006517219072901484,0.0,0.0009341533212960286,0.0004202111693553842,0.000442168904469688,0.015728096361703352,0.00013334845834538295,0.00011238572404209321
2018-09-12,52.88193893432617,-0.01249671203283611,0.0002684814459233259,0.000855212490218763,-0.0015571953754178192,0.0,0.000945658514885111,0.0016858827786797306,0.0017322758167653304,0.015728096361703352,0.00017499548069067384,0.0002460446693071139
2018-09-13,52.22520065307617,0.02386784076548141,-0.0024391224069742453,0.0007326276746023979,-0.00044357914076298595,0.0,0.0009392267586421822,0.00045359259173739455,0.001282065517910737,0.015728096361703352,3.8088482313090866e-06,5.9898184087771246e-05
2018-09-14,53.486698150634766,-0.011415926259194485,0.0004027871249619243,0.0007741585437842613,-0.0007941763193212756,0.0,0.0009501921407592741,0.001649680265354389,0.0012136248461526594,0.015728096361703352,0.0002697625558169942,0.00041098115899754293
2018-09-17,52.87957000732422,-0.026987169411790777,-0.002311726630378994,0.0006744571657223823,-0.00042720966750783797,0.0,0.0009442809942965812,0.0004891413457353583,0.0020483514815687713,-0.015728096361703352,-5.005897206733327e-05,9.332970742747669e-05
2018-09-18,51.47158432006836,0.0016511266558363552,-0.0029280862755715975,0.0007361792998881023,-0.0003125180068006319,0.0,0.0009309358197117329,-2.3021476698007587e-05,-0.0019595792626498024,0.015728096361703352,1.2863569580727745e-06,9.22213452888036e-06
2018-09-19,51.556640625,0.0005952236933773186,-0.0008252723056136916,0.0005966454216749714,-0.0009458043205192497,0.0,0.0009312797503880101,0.0009189373893950106,0.0023996180537007284,0.015728096361703352,0.00015789179075111558,0.00024085455697015325
2018-09-20,51.58733749389648,0.0075730882041320745,-0.002247449245167789,0.0006985120569264476,-0.0008273616175910179,0.0,0.0009311193417689119,0.000884207070423747,2.5145581221060393e-05,0.015728096361703352,-0.00014067654907848565,3.0453468937579145e-05
2018-09-21,51.97949600219727,-0.010829511487260303,-0.0024969091793443786,0.0007929833618584391,-0.000935673576936241,0.0,0.0009342882200429403,0.001113720073808444,0.0009047785486567139,0.015728096361703352,-0.00021620450229653477,-4.388127054529673e-05
2018-09-24,51.419620513916016,0.014278028615625306,-0.004004971012833447,0.000925473723763584,-3.7822657836788696e-05,0.0,0.000928678396625056,0.0005084294553465906,0.0018046966236717932,-0.015728096361703352,-0.0003294925363796843,-0.0001418795814657084
2018-09-25,52.1590576171875,0.0063205691221591845,0.001055683570900716,0.001131801333304698,-0.0015902429831343061,0.0,0.0009350412899610904,0.0013342561717773036,0.0011646903417452787,0.015728096361703352,0.00011520876671938156,0.000299831883656801
2018-09-26,52.489776611328125,-0.007997883140441439,-0.002333371644276873,0.0009242034551701471,-0.001380794441428484,0.0,0.0009376070488139719,0.0010725227396015137,0.0014880865317873546,-0.015728096361703352,-0.00025066376349051846,-0.00012164602222588389
2018-09-27,52.0716438293457,0.020343203103493378,-0.0017698942453081954,0.0007320762092886789,-0.001046454357197196,0.0,0.0009333520534857549,0.0006015661915709727,-0.000297024957731264,0.015728096361703352,-2.1794604368654082e-05,5.7019614747268015e-05
2018-09-28,53.14179611206055,0.003505634153686604,0.00010624244704376647,0.0007345589750349103,-0.001438560960366076,0.0,0.0009425904404681479,0.0015337493563493659,0.0023377597795698375,-0.015728096361703352,0.0001369298742619656,0.0002668281320553299
2018-10-01,53.32841873168945,0.006711039366714231,0.0015270862735131119,0.0009012690721109566,-0.0011170927749703497,0.0,0.0009438097762023147,0.000979935075001407,0.000673358462006968,-0.015728096361703352,0.0003179692564166844,0.0004961823251289434
2018-10-02,53.6875114440918,0.008849194901817424,-0.004456897960856867,0.0006489763863038389,-0.0013356727198011696,0.0,0.0009465521583185828,0.0010853659237049112,0.0002120020080162116,-0.015728096361703352,-0.0005002604726789501,-0.00037053806254216384
2018-10-03,54.16471099853516,0.012095060947376111,-0.0016327531341254575,0.00062482505312077,-0.0013459281465745304,0.0,0.0009503081672270899,0.0011556932420139431,0.002039313857636951,0.015728096361703352,-9.256565384386367e-05,4.8715838882437646e-05
2018-10-04,54.82381439208984,-0.017737207474887367,0.0035173690503132963,0.000540434630213991,-0.00016447382704113409,0.0,0.0009556025866000822,0.001262454911512167,0.0003218483793776385,0.015728096361703352,0.0008139815861125678,0.0010237421291380863
2018-10-05,53.85996627807617,-0.016361964243374598,-0.0009820043388753005,0.0005494753333490152,-0.00048433519297623256,0.0,0.0009467266084132412,0.0002812244057006462,0.00014579676330577472,-0.015728096361703352,0.00034654330522076776,0.00030517334088567543
2018-10-08,52.98588180541992,-0.0023212781144681897,-0.00407214913791068,0.0005041498297028829,-0.00026669224700824644,0.0,0.0009385117575106365,0.0003264583313468797,4.654936607848426e-05,-0.015728096361703352,1.0394037772566808e-05,-0.0001041032385889558
2018-10-09,52.86302947998047,0.013758701608783648,-0.0029869472021250678,0.0002567804014587924,-0.000851471409241211,0.0,0.0009369653676282936,0.0007882787117885463,0.0010836754148500793,-0.015728096361703352,0.00021184698145667268,7.86413673038017e-06
2018-10-10,53.59538269042969,-0.04743347660010395,-0.0034648326192969646,0.0001545670203800118,-0.001181991547383121,0.0,0.0009430449011708045,0.0013171746848990033,0.0006300949469511834,-0.015728096361703352,0.00014142074358490552,-9.730434301935174e-05
2018-10-11,51.11251831054688,-0.008867200701839334,-0.00011187636635019445,0.0006372776695737379,0.0008920863719309051,0.0,0.0009201176397957928,-0.0006955328680675564,-0.0002787047936969344,0.015728096361703352,0.0014136923390488591,0.0006472990162183011
2018-10-12,50.66129684448242,0.03509622455894753,-0.007664685358155936,0.001172251141220401,0.0012352622054439036,0.0,0.0009154812976159562,0.0005729729616359433,0.0010309313306045831,-0.015728096361703352,0.0004247511383209915,-0.0005170168975074006
2018-10-15,52.47088623046875,-0.0216179279442664,-0.0026390402605811314,0.001285640307885536,0.002819320655926371,0.0,0.0009316653616601472,0.0020189995726614496,0.003467499026335775,-0.015728096361703352,0.0010487321716220355,0.0004670262205643086
2018-10-16,51.34874725341797,0.02179762920449063,-0.005613978405986245,0.0012701911348516576,0.0007212215356500334,0.0,0.0009209935238438071,0.00015358136980465203,-0.0015901191431725767,-0.015728096361703352,0.0002886904256072596,-0.00032157414072232424
2018-10-17,52.480316162109375,-0.004330382547266268,-0.0016693847783190068,0.0011016406424041096,1.9157733003135518e-06,0.0,0.000930868942803432,0.0015815877318475552,0.0028881893750839598,-0.015728096361703352,0.00046176296409127437,0.0001728254405096042
2018-10-18,52.25354766845703,-0.023651132711726155,-0.006699933314614586,0.0009585666228833331,0.0006626623878594887,0.0,0.0009283813534464251,0.0007221960884050896,0.0025239000923151338,0.015728096361703352,-0.00011735910193329626,-0.00042763598714515793
2018-10-19,51.03219223022461,0.01511521467696012,-0.00306847051363373,0.000887205124634552,0.0016237529960925726,0.0,0.0009167653260054172,8.670604828521793e-05,-0.0025241945540986784,0.015728096361703352,0.0007989657078749404,0.00028387323786339437
2018-10-22,51.80941390991211,0.006091546489365452,-0.0006264095771548493,0.0010171147847254799,0.0017663308022961065,0.0,0.0009234721986322263,0.001361792545840258,0.00307493217547731,-0.015728096361703352,0.0011153483621942802,0.0006410587908155727
2018-10-23,52.1259765625,0.009382237429200496,0.000292884262593617,0.0009789223987824677,0.0004642747919594339,0.0,0.0009259122714795979,0.0010649898228739755,0.00042872860396707955,0.015728096361703352,0.0010210492394182409,0.0005649175308770774
2018-10-24,52.61733627319336,-0.0349036404466641,-0.004675685642342673,0.0008692372691271458,0.0002349676397872478,0.0,0.0009299029865139164,0.0011732258540620704,0.0004670183913583068,-0.015728096361703352,0.000404990722358692,-0.00018321301033412678
2018-10-25,50.81248092651367,0.02166179600473303,0.003340498695733146,0.0010542249522157668,0.0019402624466359117,0.0,0.0009130003716869456,-0.0002834067336231539,0.0011058962882156415,-0.015728096361703352,0.0021471146805055645,0.0012471537716335535
2018-10-26,51.92517852783203,-0.016051814572260844,0.0030436118206531053,0.001199082899333279,0.0027894276266725525,0.0,0.0009227829250264298,0.0015771199630068631,0.0009113881430261009,-0.015728096361703352,0.00211739899669778,0.0013168451541887096
2018-10-29,51.09833908081055,-0.018948661687650012,-0.0038636608760971042,0.0013528404167687284,0.0018570411044138582,0.0,0.0009147835859607903,0.0003366596447152291,0.0010020121618969377,-0.015728096361703352,0.0009416483231210441,0.00011073214433792193
2018-10-30,50.13920974731445,0.004981677114479883,0.007851707781487256,0.001742322960247047,0.001747724179805045,0.0,0.0009054272763641765,0.0002413777600104558,-0.0015384326591768426,-0.015728096361703352,0.0025111036361610602,0.0017384438918494431
2018-10-31,50.389610290527344,0.025732773079822434,0.004139855462409939,0.0017294218827325401,0.0013187593975062663,0.0,0.0009073464147060389,0.0010284844632181558,0.003570927969751833,0.015728096361703352,0.0018061110757229808,0.0011219967755029248
2018-11-01,51.703102111816406,0.015235804007140884,0.0047478639452834225,0.0014142927360417928,0.0003608498511954555,0.0,0.0009190289684307996,0.0017110208396681893,0.000683627595124123,0.015728096361703352,0.0016439186337527003,0.001114666338450995
2018-11-02,52.49687194824219,-0.06863290602034046,0.0016629421379589335,0.0012916550120979427,4.64231021014849e-05,0.0,0.0009257631053257715,0.0013657589196933587,0.00152206353953269,0.015728096361703352,0.001031349524353074,0.0006323344932983371
2018-11-05,49.01472091674805,-0.028798891450280934,-0.0019409055900811282,0.0013037304150267156,0.0014792402567695893,0.0,0.000893060392995886,-0.0013928156411539758,-0.0008952998063511235,-0.015728096361703352,0.0007691300778069328,0.00034037847696999563
2018-11-06,47.62328338623047,0.010755813355141516,0.016885142549723536,0.0013896994454786365,0.0013968338082559085,0.0,0.0008791074081071282,-8.261188085550324e-05,0.00012132225909384706,-0.015728096361703352,0.0034243231801905282,0.0030822555113584663
2018-11-07,48.138275146484375,0.029877207035001976,0.008792315589292748,0.001420567675399852,0.0007359510265283223,0.0,0.0008837465372508738,0.0012184049393902177,0.0018185511252170414,-0.015728096361703352,0.0021616759725879603,0.0017723910032620654
2018-11-08,49.59821319580078,-0.0034950592016723004,-0.0011838412034433769,0.0014190842501116308,-0.0007200590764804684,0.0,0.0008973584905362029,0.0018473378293312475,-0.00012185689534032341,-0.015728096361703352,0.00021443362105433544,5.773417739773326e-05
2018-11-09,49.42516708374024,-0.019469657896854373,-0.002821653804979637,0.001650548515223668,0.00048118565275163694,0.0,0.0008952972903052275,0.0007496711948003394,0.002937483443451756,-0.015728096361703352,0.00014532122054798538,-2.851700609218322e-05
2018-11-12,48.47218322753906,-0.051687312786762966,0.0034355491405321497,0.001538063770422384,0.0010544251747873039,0.0,0.0008857452475345148,0.00022424137042561403,0.0012817572011016125,0.015728096361703352,0.001208129780333154,0.0010128706326261497
2018-11-13,46.03043365478516,-0.010041377198373868,0.009086857832573843,0.0014267891791049031,0.0012907954421994179,0.0,0.0008610977754134189,-0.0008354482702084066,-0.00044515663021435525,0.015728096361703352,0.002338378606230726,0.0019079940670315985
2018-11-14,45.57053756713867,-0.028654149527210005,0.012434200439220482,0.001807625898377417,0.0011606191604648353,0.0,0.0008559888368127688,0.0005343524390092847,-0.0005243791408104342,0.015728096361703352,0.002644277053642286,0.0023012258145875125
2018-11-15,44.28328323364258,0.024379429349676913,0.01567853367158175,0.0023513477297482667,0.0020410584938920333,0.0,0.0008421667579537417,-7.785109001061299e-05,0.0005715278966530086,0.015728096361703352,0.0031963418077186586,0.002816223116321259
2018-11-16,45.37615203857422,0.011014696855456604,0.01312002188669582,0.00226774601004888,0.0015056020799537927,0.0,0.0008531860756464961,0.0016665072232689582,0.0013995331108710752,0.015728096361703352,0.002663425313075824,0.002366208178192508
2018-11-19,45.878719329833984,-0.04043913582957294,0.008863627584720882,0.0022562062526681327,0.0012128639952582623,0.0,0.0008579411111073337,0.0012269200272931832,0.003917443122937335,0.015728096361703352,0.001861900210793807,0.0016922161792982358
2018-11-20,44.0604362487793,-0.04895667328648739,0.013257785999271823,0.002068987411347458,0.0016232469979572902,0.0,0.0008386253594980353,-0.0004654779344318539,-0.0012510325030298773,-0.015728096361703352,0.0027688288904435584,0.0024470061124962326
2018-11-21,41.9553337097168,-0.0011308097802164604,0.010192283655678033,0.002134274060978336,0.0022565222964316474,0.0,0.0008153456499861206,-0.0007456332169205133,0.001035479497952973,0.015728096361703352,0.002624342381320178,0.0020887501342106317
2018-11-23,41.90791702270508,-0.02572701952225613,0.011245598048359846,0.0019107906918833296,0.0027974985195788602,0.0,0.0008144362315607922,0.0008274350987329151,0.0008270879465544387,0.015728096361703352,0.002782140719189075,0.0023808101387075434
2018-11-26,40.84350204467773,0.01343329031234318,0.01276162000108142,0.001892797876301163,0.003189275720070974,0.0,0.0008020394750200091,1.8426846842270993e-05,-0.0006242901547143141,0.015728096361703352,0.003126551626695552,0.00267383620086089
2018-11-27,41.39586639404297,-0.0021789018330331577,0.008851989430961013,0.0019693593315332904,0.002353813621077759,0.0,0.0008079364175210935,0.0013064713925283577,0.001900440651198251,0.015728096361703352,0.002193526832856188,0.001941451614463596
2018-11-28,41.30576705932617,0.037732163290696764,0.011078123820237006,0.002063937976505096,0.0025934718217181622,0.0,0.0008065426525884971,0.0007929616929373684,0.0035391211552556795,-0.015728096361703352,0.0025300938456043766,0.0022904165111630194
2018-11-29,42.89410018920898,-0.007711862982557796,0.0062473701500078615,0.0019200225212246172,0.0017491315530344894,0.0,0.0008237654234085103,0.0021056997678471513,0.0012448156714334087,0.015728096361703352,0.001706197391490786,0.0014659672762649795
2018-11-30,42.564579010009766,-0.0054169336476007105,0.003948106616732941,0.0018436922689385096,0.0025618315872311197,0.0,0.0008197861094663348,0.0006109738470740658,0.0022175669055503706,-0.015728096361703352,0.0015624408346680248,0.0012798066827670216
2018-12-03,42.33463287353516,0.03434536217876704,0.007219618238614755,0.0018533736139923825,0.002636815870415362,0.0,0.0008168799026829858,0.0006864577036909199,-0.0006970919934439163,0.015728096361703352,0.0019720694514929024,0.001772401713008716
2018-12-04,43.81388854980469,-0.0449854252183986,0.00202847093670907,0.0018984640476386594,0.0004941221196679167,0.0,0.0008324963359741288,0.001994302521043695,0.003316265327934403,0.015728096361703352,0.0007371402548613123,0.0006374159081410382
2018-12-06,41.88657760620117,-0.011211843244935559,0.009687805454948083,0.0015809747090899402,0.0018467509913394223,0.0,0.0008111658324571956,-0.0006150125850799351,-0.002461681127795209,0.015728096361703352,0.0024951590498531197,0.0020586376935126105
2018-12-07,41.41957473754883,-0.036308439975155135,0.004485271527622134,0.0017828501531832659,0.0018141615709107895,0.0,0.0008055711330261147,0.0004958539589525074,7.007230457473177e-05,-0.015728096361703352,0.0017370865299126985,0.0012454167530266277
2018-12-10,39.94266891479492,0.006566567045829016,0.011886532208166625,0.0018100377681366528,0.0023872437155736718,0.0,0.0007883088022781234,-0.0003296128126377934,0.0017377767424680238,0.015728096361703352,0.0030406433901537643,0.002426727010536831
2018-12-11,40.20581817626953,-0.005736024494405698,0.008225246751562058,0.0018097793786303312,0.0012033782293817369,0.0,0.0007909951148041815,0.0010806140005024446,-0.001467422189715246,0.015728096361703352,0.0022800653975914445,0.0016879479159499756
2018-12-12,39.97585678100586,0.0027831069397813227,0.011987178458600267,0.0019257346284743482,0.0016994778786781546,0.0,0.0007879621131270393,0.0006759623009083202,0.003170245982852156,-0.015728096361703352,0.0027840994916672563,0.002301991308597476
2018-12-13,40.0872688293457,0.010880827477415173,0.00928271381216849,0.0018434390355039692,0.001590173609881896,0.0,0.0007888887944213516,0.0009561700118312938,0.00038814918546985124,-0.015728096361703352,0.002382648455841976,0.0019020105786914602
2018-12-14,40.52583312988281,-0.032520631528026055,0.003388293110705059,0.0018364616985491332,0.0015557807361642414,0.0,0.0007935740027235771,0.0012225168516556831,0.0032168496462859682,0.015728096361703352,0.0014788396374083345,0.0010293077562798822
2018-12-17,39.22910690307617,-0.009349779477949698,0.009178611662996173,0.001874241525509971,0.0022955757903059602,0.0,0.0007781149746350622,-0.00020502580014899866,-0.0007094367269633477,0.015728096361703352,0.0024893562414482298,0.0019992237823729846
2018-12-18,38.86403274536133,0.012908701414094236,0.011162164831807382,0.0019017533870683435,0.001981048146261902,0.0,0.0007734174354641045,0.0005571001822054897,0.0007163355362869443,0.015728096361703352,0.002955589507239419,0.0022328047997905477
2018-12-19,39.36896896362305,-0.031688227635796776,0.006456744807624239,0.0018724688914681887,0.0017846072018262542,0.0,0.000779043436381411,0.001289216833716874,0.0021238540827470233,0.015728096361703352,0.0023583346456982996,0.001512521695604622
2018-12-20,38.140995025634766,-0.02555840539183447,0.008814434873170601,0.0022512962661307705,0.00240349893496548,0.0,0.0007639983617418474,-0.0001776467191937582,-0.0013737033294920777,-0.015728096361703352,0.002684667442595516,0.0018865849543660339
2018-12-21,37.178524017333984,-0.03967240376579088,0.013900009524817888,0.0023412655001133842,0.0029027378116926713,0.0,0.0007518064192899827,2.397283235496309e-05,0.0010392270626744717,0.015728096361703352,0.003696387525637,0.0027014683385030097
2018-12-24,35.73243713378906,-0.026214741197202115,0.010346375575642212,0.002486665083782782,0.0033745375977836784,0.0,0.00073309150716726,-0.00044025890381313914,0.000969301514561664,-0.015728096361703352,0.003378515064169147,0.0022276989919932325
2018-12-26,34.807891845703125,0.06805222455625298,0.016560861350192718,0.0024020956631567707,0.0032487664762856716,0.0,0.00072062143187602,2.384909332572914e-06,-0.0009343729465586315,0.015728096361703352,0.004765415511433653,0.003139303518938235
2018-12-27,37.25910568237305,-0.006510486005598649,0.007768035740987785,0.00225141321521345,0.0016277405145148486,0.0,0.0007517646340612083,0.0031029745520078896,0.004705706397483194,-0.015728096361703352,0.002820839846796158,0.0016017029267189854
2018-12-28,37.01731872558594,0.0005122417860216855,0.014714644026176997,0.0022336273456032402,0.003367126916432299,0.0,0.0007484071441676993,0.0006504890365355617,0.001264943759376593,0.015728096361703352,0.0040524438275322825,0.002921752264532514
2018-12-31,37.03628540039063,0.0096185989294185,0.01419600000798427,0.0021630982599885437,0.0033181184541493467,0.0,0.0007482980104532141,0.0008814776642057804,0.0007050879424616635,-0.015728096361703352,0.0038534632695831892,0.0028515264437491924
2019-01-02,37.39424133300781,0.0011404663975299115,0.006823594185849144,0.002054774816665262,0.0018977536815673111,0.0,0.0007523951471363389,0.001181000157749959,0.004397015237508069,0.015728096361703352,0.0023632089197162497,0.0015483144746672943
2019-01-03,37.43691253662109,-0.10492447028603506,0.0048976135782263525,0.0020781449463817122,0.0019269839212303105,0.0,0.0007525743120718854,0.00090214096558763,-0.0023938226017763617,-0.015728096361703352,0.001902564630982154,0.0012647305220042757
2019-01-04,33.707916259765625,0.041803386716029345,0.0052106897274755435,0.002081465808159333,0.003008921953960438,0.0,0.0007038077940293811,-0.0025865026064584044,-0.0024859200955089423,-0.015728096361703352,0.002312941021153628,0.0014924678487932583
2019-01-07,35.14688873291016,-0.00222833400113716,0.015995166100672017,0.0016625519675143993,0.002792870476421185,0.0,0.0007227651643808571,0.002239608747357724,0.002529675659157505,0.015728096361703352,0.003571048220796865,0.003130521130722063
2019-01-08,35.06865692138672,0.018883803581533968,0.012708979098474443,0.0015710499740112915,0.002358182220078066,0.0,0.0007214045838527251,0.0007913357907221734,0.002430596916555025,-0.015728096361703352,0.003064049478425295,0.002591904257408203
2019-01-09,35.737178802490234,0.01683918165066155,0.0069830074534827325,0.001611880437715021,0.0017528286908687087,0.0,0.0007297743529760805,0.0014857473971673202,-0.0021929284299030513,0.015728096361703352,0.0020665721741296357,0.0016380299400042605
2019-01-10,36.34405899047852,0.0031911655386289393,0.008908544540508241,0.0015819018059512846,0.0014706277419593268,0.0,0.000737194623495512,0.001418496547080237,0.007462399575545153,0.015728096361703352,0.002258658347875724,0.0018802780064745932
2019-01-11,36.46022415161133,-0.009866539183941423,0.005793603573422907,0.001777787476611102,0.0018398439644543335,0.0,0.0007383244443588331,0.0009695917047337743,-0.0013580130320238878,0.015728096361703352,0.0017834362570093515,0.0014435170172540357
2019-01-14,36.10225677490234,-0.01515141462968153,0.004597660461976744,0.0017778452480517444,0.0017098270522111784,0.0,0.0007334441573692794,0.0005401031379138508,0.0008509418525204672,-0.015728096361703352,0.0014819807987335627,0.0012454183324368223
2019-01-15,35.55937957763672,0.0202604935268278,0.0013521670802401306,0.0016451753611018442,0.0012470937496141025,0.0,0.0007261374145969468,0.00036627522334251245,-8.566816580715534e-05,-0.015728096361703352,0.0010609953645220522,0.0007164970062921286
2019-01-16,36.28717803955078,0.012142372688196906,0.00019468412684028446,0.0014566789272221336,0.0006318185320957855,0.0,0.0007351187277519955,0.0015310289075186477,0.0010748892212841346,-0.015728096361703352,0.000810437693881523,0.0004808952594894014
2019-01-17,36.73047637939453,0.005920226236862527,-0.005227479540447831,0.001416285909335683,0.0006503290641581923,0.0,0.0007403610319617588,0.0012640110695193055,0.0011712082883208325,0.015728096361703352,9.775765254189765e-05,-0.00030648394280677164
2019-01-18,36.94857406616211,0.006140199978835241,-0.004212362037847785,0.0013233619239677956,0.0006126166176808625,0.0,0.0007427403912658013,0.0010593548287246956,0.0007361763662055141,0.015728096361703352,0.00017773994058184657,-0.0001442768486252064
2019-01-22,37.17614364624024,-0.02270158189688648,0.0006233103572016213,0.0014404240007889492,0.0007381275919208037,0.0,0.0007452185637118846,0.0010665901131169497,0.0021087258911055133,0.015728096361703352,0.0008248625218361984,0.0005652773551532077
2019-01-23,36.34169387817383,0.0040360326360408105,0.0012335513682109754,0.0012390303271527054,0.0009674251350501242,0.0,0.0007344582147166582,0.00011793827686236284,-0.0005858232457506864,0.015728096361703352,0.0012610094439116917,0.0007350299209428128
2019-01-24,36.48866653442383,-0.00795805729905593,-0.0065644423652893216,0.0011353874398204412,0.000631276441458033,0.0,0.0007359726983961648,0.0009973807202254114,0.0005148224895363371,-0.015728096361703352,2.6749925558463487e-05,-0.0004491554180445585
2019-01-25,36.199440002441406,0.03259996441685853,-0.008340657314573976,0.0011979120316009473,0.0007232539653995325,0.0,0.0007319864398003592,0.0006028761265023006,0.0009597174764496526,-0.015728096361703352,-0.0002800198539508683,-0.0007081183286109141
2019-01-28,37.39898681640625,-0.00929785891485624,0.003553951782108069,0.0012168420218211223,0.0008373025233354489,0.0,0.0007465913792948862,0.0019368936272740997,0.001004441561022776,-0.015728096361703352,0.001285596398936429,0.0010594764969647091
2019-01-29,37.0528678894043,-0.010418343422239294,-0.001955114470746375,0.0009837273010614201,0.0005718759164995106,0.0,0.0007419901652343497,0.0005588079316687586,0.0018831066418359345,-0.015728096361703352,0.0006547983609964671,0.00025090011696678335
2019-01-30,36.66884231567383,0.06610074350133484,-0.007400916426463219,0.0010671197604157213,0.0006957781963436306,0.0,0.0007368801223829424,0.0005219534235109767,-0.0004884886706248092,-0.015728096361703352,-9.442002977743671e-05,-0.0005475398093780187
2019-01-31,39.174583435058594,0.007175600745071196,0.0002885497711920869,0.0013970842878793838,0.002295959683286781,0.0,0.0007667949339980235,0.0030387872526884082,0.004535623554653317,-0.015728096361703352,0.0010335166638837945,0.0007873125995771746
2019-02-01,39.45669555664063,0.0004801939426222376,0.0005218717678092043,0.0017087093564690935,0.0018070853311245086,0.0,0.0007697266841403259,0.0011006460824180685,-0.000436835612557096,-0.015728096361703352,0.0008049623752127177,0.0006755314665986385
2019-02-04,39.47564697265625,0.028009286173307838,0.004578699093116172,0.0018621022576011776,0.0008389966444660133,0.0,0.0007695942960554982,0.0008804235599337251,-0.00023106600859012453,-0.015728096361703352,0.0011381312660833781,0.0010786530030946558
2019-02-05,40.596961975097656,0.01696454286999402,0.0029304651152134028,0.00157469584408632,0.0013390970539145096,0.0,0.0007820438810085386,0.0017858989569668453,0.003965183820419381,0.015728096361703352,0.0010344809928393808,0.000978931005228972
2019-02-06,41.29154586791992,0.00034434998047210035,-0.0010674155724436458,0.0017180363387714391,0.001563535233756686,0.0,0.0007894365255900759,0.0014226198759171064,-0.0014071471703709483,0.015728096361703352,0.0004531639078333644,0.0003984608652954029
2019-02-07,41.30576705932617,-0.01912095907819733,0.0010111354417997383,0.0019475185630172965,0.0011336104846389554,0.0,0.0007892332897247254,0.0008759554371009156,3.8455992830279534e-05,0.015728096361703352,0.0005944096309804296,0.0005852546179746228
2019-02-08,40.52346420288086,0.0011747798803719226,0.001959654732696337,0.0019493058449902762,0.0006162612573296703,0.0,0.0007801460271195578,0.00023571062624497317,0.0006634310300339087,-0.015728096361703352,0.0007270628060228008,0.0006374514234416453
2019-02-11,40.57109832763672,-0.00576792334993335,0.009322993532269008,0.0019917973840917888,0.0016560503953648542,0.0,0.000780326060811735,0.000903269590325402,0.00010023976674473781,-0.015728096361703352,0.0018685664159012964,0.0018886785507834672
2019-02-12,40.33776092529297,0.008580389319163466,-0.004749847659902258,0.0015841463377445218,0.00029056813984282054,0.0,0.000777340082968258,0.0006749130970830808,0.0002978303232518305,-0.015728096361703352,-0.00020280024861880073,-0.00033109498765099775
2019-02-13,40.68536376953125,-0.004163577218971914,0.0011612787699823753,0.0014626761418046904,0.00044106871907239443,0.0,0.0007808966231853023,0.001146851801125202,0.0006214029360872743,-0.015728096361703352,0.0006440297848078587,0.0005899220480813446
2019-02-14,40.51631927490234,0.0036368771924652323,-0.0037721748796661456,0.0012115434549649557,0.0004461271770403735,0.0,0.0007786440155123377,0.0007276825795541226,0.001775273567370493,0.015728096361703352,3.921941041913049e-05,-8.459600797073696e-05
2019-02-15,40.6639404296875,-0.002227566165248291,0.001989910033399322,0.0013509528843546337,0.0006586052624681627,0.0,0.0007799455788898208,0.0009842518661854422,0.0006370183155663945,0.015728096361703352,0.0008955200810895961,0.000771511726378678
2019-02-19,40.57345962524414,0.0029882660758227225,0.0014115034155662751,0.0010343178424492081,0.0006650746091690736,0.0,0.000778576661391351,0.0007913610460593455,0.0013963238680880805,-0.015728096361703352,0.0007935131782589902,0.0007522015282622349
2019-02-20,40.69488525390625,0.006414843409152708,0.0005128088746210427,0.0010470021598778562,0.00028440417321151266,0.0,0.0007795819795962789,0.0009629180203963924,0.00041328969072512863,-0.015728096361703352,0.0005981988871806931,0.0005530749051702621
2019-02-21,40.9567756652832,-0.0056544407198652145,-0.000203476052078858,0.0010623474058398896,0.00032483890840601353,0.0,0.0007821446269039444,0.0010756235700513578,0.0014393048411155465,-0.015728096361703352,0.00042628256550129677,0.00045122751554410524
2019-02-22,40.7258415222168,0.011103693682940964,-0.0031024121382016477,0.0010367022033936557,0.00046764522233622667,0.0,0.0007792189062917766,0.0006786457203260212,0.0004154071154929439,-0.015728096361703352,8.561940482363609e-05,5.3481479339976754e-05
2019-02-25,41.18056869506836,0.007258103673538652,0.006384939041513464,0.0011681664191266993,0.0010956076575735687,0.0,0.0007839097171853019,0.0012298472737503423,0.0013235790168479407,0.015728096361703352,0.0014083107734315565,0.001530007822393863
2019-02-26,41.48054885864258,0.000573963503938158,0.0015235026777860993,0.0009181134605913859,0.00017724400999220185,0.0,0.000786849859763119,0.0011033597342626142,0.0012780746956571297,0.015728096361703352,0.0007572225607674198,0.0007102901697219266
2019-02-27,41.50436401367188,0.0030926968979007353,-0.000364394206308621,0.0008897819300990705,0.00019494831992150467,0.0,0.0007867532250124041,0.0008835077891575102,0.0002446944705678339,0.015728096361703352,0.0005291735925073291,0.00044095661382152404
2019-02-28,41.6329231262207,-0.009884568697073165,0.0010739235550788595,0.0007176229490969102,0.0003448348578752844,0.0,0.0007877994789474715,0.0009663529153537417,0.00141659576902502,0.015728096361703352,0.0007655074388121283,0.0007133335836063933
2019-03-01,41.223426818847656,0.010456340551320888,0.00015262499635867777,0.0005248638793511741,0.0002370580753442886,0.0,0.0007829594026771673,0.0005395101187025933,0.00023572648136258934,0.015728096361703352,0.000679488407558137,0.0005989064282070797
2019-03-04,41.656734466552734,0.005016579337887766,-0.0007518764770320027,0.0005000477644586433,0.0003567249937702728,0.0,0.0007873444349294989,0.001208554805078929,0.0008648799284400055,0.015728096361703352,0.0004756525235302088,0.0004909018824937013
2019-03-05,41.8662338256836,-0.0018212504317113851,-0.002449022657102765,0.0006940396333898133,-3.584981587140051e-05,0.0,0.000789260717169172,0.0010296324525645812,0.0013062999639192915,0.015728096361703352,0.0002070209213518412,0.00013503629241094512
2019-03-06,41.79005432128906,-0.0057706970800520865,-0.002208233949694149,0.000607837612944267,-3.0481993596532695e-05,0.0,0.0007880784204531934,0.0008047254133643829,0.00021580470968700675,0.015728096361703352,0.00027570952302206464,0.00018905599844086139
2019-03-07,41.549591064453125,-0.011642082447147954,-0.0031711328542533405,0.0005170693636106984,4.8144585567525965e-05,0.0,0.0007851093052424621,0.0006748218647111785,0.001341844351789192,-0.015728096361703352,0.00026369462591517383,7.903257505735052e-05
2019-03-08,41.06867218017578,0.0023740349792991428,-0.00022051489866662793,0.0005320892350770443,0.0002666024838356096,0.0,0.0007794861415535978,0.00048170271091359674,0.00019452578939338342,0.015728096361703352,0.0007836717058467225,0.0005474364506106702
2019-03-11,41.16628646850586,0.034055834119836814,0.0006008478701625603,0.0005384017903224184,0.0002479452380943299,0.0,0.0007802073305349389,0.0009427149878614207,0.0008054008339942523,0.015728096361703352,0.0008486986702729545,0.0006639998331556673
2019-03-12,42.592384338378906,0.01117248259001215,0.0037124487186740275,0.0006209363789382138,-9.34854994875373e-05,0.0,0.000795250561452345,0.0019847794851253564,0.0021817030789253486,0.015728096361703352,0.0010617022558150383,0.0010479643270355536
2019-03-13,43.07091522216797,0.004412530503600473,-0.0005005323735422514,0.0006776626603938924,-0.00013167710909019594,0.0,0.0007999397761060096,0.0012321098497343164,0.0011599858884009378,0.015728096361703352,0.0003975586896265787,0.0004092839536645037
2019-03-14,43.26138687133789,0.01105516269758371,0.0009654590562159362,0.0006818837254311796,-9.048062288170638e-05,0.0,0.0008015714792349592,0.00100976433074384,0.000976706564574711,0.015728096361703352,0.0005792163874540966,0.0006313236102295743
2019-03-15,43.74230194091797,0.012924217245412253,0.0012067982175209128,0.0005311856334973402,0.0001822430559512444,0.0,0.0008062006400558841,0.0012282510128614422,0.0018599180276416783,0.015728096361703352,0.0007084483913957335,0.0007436721382920268
2019-03-18,44.31130599975586,0.010156800233212845,0.005607373499607221,0.0005475098153492257,0.0008440206504998161,0.0,0.0008116690591016226,0.0012897271739564012,-2.957148769129614e-05,-0.015728096361703352,0.001380143765414327,0.001500104525984897
2019-03-19,44.7636604309082,-0.007956130717083803,0.002360975968863525,0.0004682717729452635,-4.391930257631341e-05,0.0,0.0008158842738847129,0.0011987024501159136,0.000618904211839291,0.015728096361703352,0.0008179631427967843,0.0008884705045865762
2019-03-20,44.40892791748047,0.008700579046830626,0.006304910898950713,0.00036573558075875506,3.4483163240425383e-05,0.0,0.0008119293527886946,0.0006029394948313944,0.00047027044596093426,0.015728096361703352,0.0014552669969312092,0.0015036677172832933
2019-03-21,44.7969970703125,0.03616819384375539,0.0006900600410194775,0.0004291588670620143,0.00018965022179913643,0.0,0.0008154843999694255,0.001150805031419422,0.0008296121030689756,0.015728096361703352,0.0007006683021170168,0.0006896794014746807
2019-03-22,46.44688034057617,-0.020925680239545753,0.00042330651418873643,0.0005134691950810059,0.0018979885172002676,0.0,0.0008314090438630228,0.0020542583383931718,0.0019330659075795337,-0.015728096361703352,0.0008954116460018518,0.0009209650189590093
2019-03-25,45.48504638671875,-0.012165061341048534,0.006928247420676407,0.0006659243942495585,0.0005294667573630522,0.0,0.0008216129658425777,0.0001763504920127033,-0.0006688337312722753,0.015728096361703352,0.0017875068447485913,0.0016174529537889635
2019-03-26,44.9350700378418,-0.010385113402075385,0.0018224323141409105,0.0007329921151305888,0.00013648057522163174,0.0,0.0008157683779456869,0.00046450110769230606,0.0003920690175988989,-0.015728096361703352,0.0009712235704755186,0.0007853486682374315
2019-03-27,44.470829010009766,0.008953718151571751,-0.0030657870007361004,0.0008490842938354391,0.0002012213843443707,0.0,0.0008107297446663252,0.000523046411447128,0.0015364927272463911,-0.015728096361703352,0.00011912254908029104,5.2387975451626684e-05
2019-03-28,44.87079620361328,0.0013257821071044906,-0.002101869871013262,0.0008784984822184153,0.00018674770493651283,0.0,0.0008143911603169121,0.0011591311770637954,-0.0008053551370783654,0.015728096361703352,0.0002843147451753337,0.0001859282743172829
2019-03-29,44.93032455444336,0.006496393735739809,0.0013723937145387714,0.0009482453390113092,0.00021288277814578073,0.0,0.0008146209989446819,0.0009082362924621019,0.0017685513502776627,0.015728096361703352,0.0006974585708359918,0.0006878670771685447
2019-04-01,45.22315979003906,0.006768282202436618,0.004336584647776174,0.0009498210462660739,0.0005966271703526996,0.0,0.0008171734574967013,0.0010783058893129543,0.0012128575075500702,0.015728096361703352,0.0011166839313205565,0.0011888713553362177
2019-04-02,45.53028106689453,0.014432167606385573,0.002213194648436727,0.0009308262535982817,2.165866511021834e-05,0.0,0.0008198457110867057,0.0010872487311352722,0.0018124444370896259,-0.015728096361703352,0.0007019776143125678,0.0007830754241755121
2019-04-03,46.19214630126953,0.0068315986923935795,0.0031401101708963077,0.0009458068100172938,5.8617739190204446e-05,0.0,0.0008259553708242725,0.0013393260470455249,0.0008699257104724523,0.015728096361703352,0.000831091638323062,0.0009227849860411767
2019-04-04,46.50879287719727,0.0017387268965064727,0.0015892440061155136,0.0008140290113731767,0.00014719184561385484,0.0,0.0008286496926374485,0.0010893313106624903,0.0011008241362108488,0.015728096361703352,0.0006966898183871355,0.000736214966816988
2019-04-05,46.58972930908203,0.006671997125477073,0.0008422025243907228,0.0008552956611721017,0.00032669931285153055,0.0,0.0008290577990068966,0.0009218186999023202,0.0005531295737832723,0.015728096361703352,0.0005954393398527352,0.0006479636099816443
2019-04-08,46.901615142822266,0.015613652391778081,0.010573538399039989,0.0009199056349733857,0.0012427900702448621,0.0,0.0008316767767417555,0.0010840817626221904,0.001062440518700414,0.015728096361703352,0.0020349481676500613,0.0022226628921171894
2019-04-09,47.63966751098633,-0.003003275464297413,0.004791810645304884,0.0007860056147615294,-2.7729823099719017e-05,0.0,0.0008382995256732233,0.00137818695085511,0.0008990576170180347,-0.015728096361703352,0.001079942638481766,0.001184263870675168
2019-04-10,47.49680709838867,0.005598225890541349,0.0018721467204647828,0.0006858556584546616,-2.2306455869750734e-05,0.0,0.000836579160697867,0.000765846739969882,0.0003909407192828991,0.015728096361703352,0.0007911557188943266,0.0007755659571711294
2019-04-11,47.763450622558594,-0.008358758359734004,0.007237754507439238,0.000613845374037286,0.00016892925832732,0.0,0.0008387106050711183,0.0010487637278999117,0.0008780542802645649,-0.015728096361703352,0.0015162445401713178,0.0016129601728928067
2019-04-12,47.36587142944336,-0.0004022818472734737,-0.00023648003366527417,0.000559401943362857,8.409506169698526e-05,0.0,0.0008345954064291474,0.0005896964346705212,0.0007867697632386228,0.015728096361703352,0.00043996314497141435,0.0005087435226921214
2019-04-15,47.34682083129883,0.0018085127197446196,0.0018480508746304654,0.00046174401029473744,0.00026645366085464417,0.0,0.000834042241288851,0.0008513975350458702,-2.8921519926734807e-05,-0.015728096361703352,0.000705634466191735,0.000866539955206326
2019-04-16,47.432525634765625,0.0001005245209505767,-0.0028684477802462245,0.0005434365186418578,-0.00027691790918541413,0.0,0.0008344778561652283,0.000924114066036239,0.001405087153954881,-0.015728096361703352,-4.5422800765437506e-05,6.345593517058379e-05
2019-04-17,47.437294006347656,0.019285859992556022,-0.003526510491832985,0.0005019102782062527,-0.00023980075463194566,0.0,0.0008341499056133002,0.0008679356319828615,0.0004175003196402349,0.015728096361703352,-0.00013224949948191544,-1.8733188051389942e-05
2019-04-18,48.36104202270508,0.0035873102310997503,0.002075441859948661,0.0006368425088337261,-0.00011791813154132076,0.0,0.0008423909552278348,0.0014989716686162028,0.0018750579469613568,0.015728096361703352,0.0006751218464699527,0.0007994365375139456
2019-04-22,48.53483963012695,0.0032809918711635354,4.4601667256266965e-05,0.0006745397800543354,-8.643627341255134e-06,0.0,0.000843616365618849,0.0009826215304066215,0.0010727563687662235,0.015728096361703352,0.0003525463164925578,0.0005109594734986619
2019-04-23,48.69434356689453,0.014320473318695473,-0.0014898769356806313,0.0006702140116048494,-0.00032515178886664906,0.0,0.0008447039941353794,0.0009725462349243895,0.0005459270145892945,0.015728096361703352,0.0001135607588156973,0.000232464672876406
2019-04-24,49.39668655395508,-0.0015434664292813091,0.0015202877884342744,0.0006676025198392554,-0.00018217848852078564,0.0,0.0008507145959750584,0.0013356522452127207,0.00181955932878456,0.015728096361703352,0.0005503280481525169,0.0007005309626720007
2019-04-25,49.32050323486328,-0.00911663575708221,0.0004287573657084195,0.0006783599019188878,-0.000251088801962997,0.0,0.0008496471947154701,0.0008138621686842498,-1.7591264226714145e-05,-0.015728096361703352,0.00045522083809135906,0.0005259197459273445
2019-04-26,48.87290954589844,-0.00478541258370534,0.003520282933364958,0.000690103675685352,-0.0001345911099308784,0.0,0.0008452058921522805,0.0005647686480397156,0.00023392708676115564,-0.015728096361703352,0.0009163135449822358,0.0009985726303554025
2019-04-29,48.639591217041016,0.0015163497135975877,0.0030023736314918874,0.000751819716311694,0.00022878246295156615,0.0,0.000842697821561698,0.0007072294306070746,0.00100243964719075,-0.015728096361703352,0.0008410839310516421,0.0009708700394721733
2019-04-30,48.7134017944336,-0.01944407556649577,-0.00047194791545305723,0.000744964689582356,-0.0003618602075479855,0.0,0.0008429977556187042,0.0009145043625352099,0.0004189929175912884,-0.015728096361703352,0.00028856169969134447,0.00036093608078551756
2019-05-01,47.77536392211914,0.04791890618202044,0.005246618262669297,0.0007577433689837776,-6.025162867794465e-05,0.0,0.0008339692405665838,0.00022508281374471737,0.00015810170336711088,-0.015728096361703352,0.001141671166139576,0.0012515688116362751
2019-05-02,50.12044525146485,-0.006528952109646636,0.003631319647334849,0.0009012240736663183,-0.00028024920029004745,0.0,0.000854914497213138,0.002440757857910657,0.0027576611834283565,0.015728096361703352,0.0009799887283505086,0.0009471766469352145
2019-05-03,49.79427719116211,0.012354429170064454,0.0012046335794213936,0.0006934567629116071,-0.0003382442269543184,0.0,0.0008516313195311195,0.0006498816571583416,0.0013009308389246464,0.015728096361703352,0.0006549671676800009,0.0006224430511459389
2019-05-06,50.413272857666016,-0.015562982697069589,0.007222697287161661,0.000877002137454878,0.0001295444868410474,0.0,0.0008567436741313565,0.001270985942700864,-0.00022188363805067043,0.015728096361703352,0.0013963033954013872,0.001550244102159792
2019-05-07,49.634765625,-0.02732701882100743,0.0009119312929697018,0.001145783882227439,-0.0005589530435136414,0.0,0.0008494492599282463,0.00035273809846743344,0.00269410417438019,-0.015728096361703352,0.0005357685003101704,0.0004495556566656974
2019-05-08,48.29676055908203,0.00019704700448258482,-0.0022315391155106282,0.001375200425149807,-0.00027792404628349985,0.0,0.0008369375067839588,-3.4199661440289424e-05,-0.002641429590408336,0.015728096361703352,0.00040352357752478264,-1.3129827063592379e-05
2019-05-09,48.306278228759766,-0.010802258738654563,-0.002310995288208951,0.0010850488721451104,-0.0006955348069691143,0.0,0.0008366534896946106,0.0008711104091737108,0.0018436738197984471,0.015728096361703352,0.0004130851058818452,-3.581118443317399e-05
2019-05-10,47.78726959228516,-0.013950208203138845,-0.0075550874156438495,0.0011107478471467699,-0.00024463105642359435,0.0,0.0008314898196731602,0.0005093258413645983,6.895096951197767e-05,0.015728096361703352,-0.0002853223262457167,-0.0007376311250579951
2019-05-13,47.1252555847168,-0.05987693641643082,0.003014461238031268,0.0009578741126401145,-8.559061612249729e-05,0.0,0.0008249347429446404,0.00040578480313098426,0.00039861219511260414,-0.015728096361703352,0.0010143351999784757,0.0008775074007185514
2019-05-14,44.386356353759766,0.015706366209681254,0.016067184288885046,0.001710260630974621,0.0007527741169167906,0.0,0.0007980278851612293,-0.0011048179481289722,0.00036885897124185095,-0.015728096361703352,0.0031624805741458824,0.0027876288615483083
2019-05-15,45.08900833129883,0.011908025329409558,0.013795036036051318,0.0014521440449068736,-0.0002226941974789457,0.0,0.0008046332632403255,0.0013812364550077664,0.0013990101009900696,0.015728096361703352,0.002543568118847852,0.0023413807918851977
2019-05-16,45.6291389465332,-0.004409525262479676,0.01154319044287632,0.0013666290710262095,-0.0005242272516157329,0.0,0.0008095506202226856,0.001256303014129629,0.0025656204692447596,-0.015728096361703352,0.0020630199078633966,0.0019763478096926916
2019-05-17,45.42837905883789,-0.005697809506028912,0.009861345653639568,0.001334295315588696,0.00033382476968663467,0.0,0.0008072402723330432,0.0007195929592906373,-0.0005483636620597998,-0.015728096361703352,0.001877888318168491,0.0018797785382305655
2019-05-20,45.17027282714844,-0.03176963160854765,0.010612174191416513,0.001607072752329141,0.0007080068752244529,0.0,0.0008043619317231486,0.0006772192523356729,0.003656637565148412,-0.015728096361703352,0.0020246352830096638,0.0019976018100632594
2019-05-21,43.75778579711914,0.018989851738694302,0.012097146099869767,0.0017439398574843389,0.0008731484718278835,0.0,0.0007899550349782256,-0.00018032422464613605,-0.0004820506527109091,0.015728096361703352,0.002252019196605569,0.0022161716396461575
2019-05-22,44.5966796875,-0.02068418747209275,0.009277394095858205,0.0017656190300233633,-0.00013210166472802092,0.0,0.0007980009663238118,0.0014892354888343005,0.000976125028685117,0.015728096361703352,0.0015676523332902991,0.0016269678527704172
2019-05-23,43.68370819091797,-0.01721694785999978,0.0032941765973994856,0.002008912261269709,0.0009561645086462745,0.0,0.0007885081742608792,0.00018429357119808946,0.000860825320001167,-0.015728096361703352,0.0008162148955173348,0.0008791168252258851
2019-05-24,42.93804550170898,-0.003848118417604127,0.0060054997953130265,0.002179614681289464,0.0016058794732620775,0.0,0.0007805552343164178,0.00029833656753304905,-0.0006478233477945027,-0.015728096361703352,0.0014412496931103603,0.0013530671880182465
2019-05-28,42.77313232421875,-0.004143250606642167,0.013899250077188778,0.0021570794836512646,0.0015162392904058816,0.0,0.0007785116697901835,0.0007380585186160615,0.0031484289485578586,0.015728096361703352,0.0024550815916626265,0.0025054431942860157
2019-05-29,42.59627914428711,-0.004780375024199865,0.00688034914298056,0.0021201044726221357,0.0010945996455402898,0.0,0.0007763396652551295,0.0007283511539922256,-0.0003486184232569154,0.015728096361703352,0.0015470391043700153,0.0014079800936043394
2019-05-30,42.39313888549805,0.005172905806061502,0.0008333474701162794,0.002292812604564886,0.0011404038435779526,0.0,0.0007738885339408574,0.000707395123909094,0.001292508811029432,0.015728096361703352,0.0006867681378901084,0.0004895349000182318
2019-05-31,42.61300277709961,-0.018281540422932972,0.004588046178258852,0.001968126906968243,9.928663046885678e-05,0.0,0.0007758281359126919,0.0008721531331482126,0.001524250351162896,-0.016164090536838795,0.00024205921617987715,0.00018354566567090768
2019-06-03,41.84104919433594,-0.010161515601705274,0.003777402266791067,0.0019749142056958383,9.780814874790636e-05,0.0,0.0007674291193596528,0.00037106700694006944,0.0005157237961485019,0.016164090536838795,0.00022646803702421032,9.502312500053115e-05
2019-06-04,41.41803359985352,0.03593056917805826,-0.0047225281594067475,0.002065216422451679,-0.00016308441176931122,0.0,0.0007626146062666727,0.0005445450649021906,0.0006238539383132443,-0.016164090536838795,-0.000729487912535628,-0.0009082370089326772
2019-06-05,42.93326568603516,0.016014210590701013,-0.004692612438240248,0.0019591678605215173,0.00015841578303069244,0.0,0.0007781002753867922,0.0015292668522193234,0.0022908989729265306,0.016164090536838795,-0.0006637303759559818,-0.0007549440161710519
2019-06-06,43.6263427734375,0.014575005258642372,0.004522154104339919,0.0021921673787492586,0.0005971358592473748,0.0,0.0007848063098565609,0.0011037692354657865,0.0005816459863514812,-0.016164090536838795,0.000145121468404141,0.00016071113021552176
2019-06-07,44.26685333251953,0.02626914986690728,0.004649661664675689,0.0020424762379110274,0.0009489495960614117,0.0,0.0007908732693588864,0.0010730217252658714,0.0006118394125613524,-0.016164090536838795,0.0003434448084036931,0.0003597972322390146
2019-06-10,45.44511413574219,0.012698342371519318,0.0038421766739317065,0.0015604563920738322,0.001364781537198267,0.0,0.0008020774367280809,0.0013228580916359047,0.0019457465583844796,-0.016164090536838795,0.0007248505938823662,0.0006914161987854351
2019-06-11,46.02587127685547,0.011513022399383455,6.439939428699572e-05,0.0010374528619186496,0.0006619453611018599,0.0,0.0008073065641719451,0.0010329282723177224,-0.0003288076113953706,-0.016164090536838795,0.0005252174085434724,0.0004558847474136343
2019-06-12,46.55883026123047,-0.003187674540052727,0.00205704108927033,0.0008009492282041487,0.0011345517108711832,0.0,0.0008120103057515636,0.0010076048267178657,0.00011803374123956162,0.016164090536838795,0.0010081677913898553,0.0009342814967249133
2019-06-13,46.41065216064453,-0.00020591825578374925,0.0023352422595601485,0.0008041333261327284,0.001106066324481638,0.0,0.000810253746750332,0.0006935357922149017,0.00038972002277794845,-0.016164090536838795,0.0010221288526576257,0.0009537094369891225
2019-06-14,46.40109634399414,-0.007288969500500172,-0.0029339166937661933,0.0007162096988144011,0.001484390124328642,0.0,0.000809807665976612,0.0007572387119595638,-8.095659953386849e-05,-0.016164090536838795,0.0006576845265496907,0.0005621650141220574
2019-06-17,46.064109802246094,0.005948766553410097,0.0006468154577322226,0.0006964807924842041,0.001375845612114059,0.0,0.0008062540121080395,0.0006059147934455056,0.00050445368297845,-0.016164090536838795,0.0009690516746335303,0.0009171615984270423
2019-06-18,46.33895111083984,0.0232462445120921,-0.0016838062608038435,0.0005209639125456309,0.0005730711651179143,0.0,0.000808509500064751,0.0008887287986987921,0.0005198461361381519,0.016164090536838795,0.0006639590268955573,0.0005831401475818674
2019-06-19,47.42877578735352,-0.002927106635015912,0.003917070951748,0.0004966451373009685,0.0015531143239862757,0.0,0.0008183462975272794,0.0012582760537847757,0.0015095096804727992,0.016164090536838795,0.00146832227134029,0.001428550481563054
2019-06-20,47.2901496887207,0.008003649803290136,0.001985335067184515,0.000492967088101385,0.0011720609360477683,0.0,0.0008167049947522824,0.0006991026242293647,0.0003019084142085151,0.016164090536838795,0.0011449184951094666,0.0011336789020487
2019-06-21,47.67016220092773,-0.0034149533321454627,0.0020243083936863724,0.0006053979364162468,0.0017890310029264125,0.0,0.0008198530213876471,0.0009326297920302612,0.0008265407877091178,0.016164090536838795,0.0012463763727706251,0.0012236425033621647
2019-06-24,47.50764846801758,-0.0010064606976675171,0.0019293716118304505,0.0007873616843240807,0.0018450168839599782,0.0,0.0008179989030192,0.0006886801563841896,0.000983691780224705,0.016164090536838795,0.0011556285415017572,0.0011116436606579934
2019-06-25,47.45985794067383,-0.015273772497728096,-0.0008138914209266181,0.0004410215454082044,0.0005958955917441608,0.0,0.0008172004524280899,0.0007401357410707071,-0.00022481151040715252,0.016164090536838795,0.0008066656680614636,0.0007300965972866498
2019-06-26,46.74047470092773,0.021398379798236153,-0.0018355589222985246,0.0004932446233211895,0.000689523052567705,0.0,0.0008101615316274967,0.0004353256453005381,0.0007992033489371809,-0.016164090536838795,0.0007434510960166034,0.0006150109089409941
2019-06-27,47.75142288208008,-0.00030041861482238977,0.0012956295777768355,0.0003433568774726174,0.0015321197992464778,0.0,0.000819163813335677,0.001218797851563222,0.0010347374293562406,0.016164090536838795,0.0013650284607167702,0.0012503466207101739
2019-06-28,47.73707962036133,-0.009153811115527958,0.001866090373524955,-8.607486148599181e-05,0.0012378892312161767,0.0,0.0008186744853513423,0.0007552197847858574,0.0010707644159098236,0.016164090536838795,0.0016283172136762958,0.0015089772498272438
2019-07-01,47.30209732055664,0.018174936731065797,0.006023279413915168,-8.74169541262616e-05,0.001381179780027091,0.0,0.0008143177856567685,0.0005660738928442863,-0.00014522961889327948,0.016164090536838795,0.0020371699065853577,0.001976252631299857
2019-07-02,48.16967010498047,0.005837345967575423,8.202108819241896e-05,-8.022536564692654e-05,0.0007164623949632207,0.0,0.0008218988419648074,0.0011499314803937273,0.002177925616733458,-0.016164090536838795,0.001231228902617795,0.001187337892799901
2019-07-03,48.45167541503906,0.008252710348413225,-7.833828566569028e-05,-0.0001018692589721819,0.0011524030845145704,0.0,0.000824088037567431,0.0008863483839496807,0.00026987207398498914,0.016164090536838795,0.0012853461831369597,0.0012962089254780975
2019-07-05,48.85318756103516,-0.0008812641871120161,0.0026172361003120783,0.0001463491128860558,0.001395780697787413,0.0,0.0008273291467780966,0.0009379507781890706,0.0003538847268679953,-0.016164090536838795,0.0014198934205588009,0.0014782138486690813
2019-07-08,48.81015396118164,-0.020828868713018544,-0.0008250108524382564,-4.579465306695407e-06,0.0015572864448887224,0.0,0.0008265840123106348,0.0007428104678102147,0.0012493881424187714,-0.016164090536838795,0.0012633210558826962,0.0012603655362809834
2019-07-09,47.80400848388672,0.006080728134632505,0.0005087658122398198,0.00029582916678286253,-2.6353304608157718e-05,0.0,0.0008171439718898287,0.000316645305715614,-0.00032883535447001896,0.016164090536838795,0.0008173269857890055,0.0008005144736411784
2019-07-10,48.09557723999024,0.009840095088754759,0.00010410908056637813,0.00047725807680345334,0.0004719766881527686,0.0,0.0008194374726143354,0.000891548055947394,0.0010436167904251839,-0.016164090536838795,0.0007827646926027445,0.0007700693894237374
2019-07-11,48.5711784362793,-0.007309188573610211,0.0005901551356453731,0.0004596373903865947,0.0007677841909490146,0.0,0.0008233663304610864,0.000971864026985214,0.0011241194414279478,-0.016164090536838795,0.0008655517999178519,0.0009073144204919355
2019-07-12,48.21745681762695,0.0076535981948535016,-0.0012170698765000135,0.0003219424670552977,0.00024735988970897365,0.0,0.0008198258189660618,0.0006054828285668079,5.147770648079506e-05,0.016164090536838795,0.0006483029250258156,0.0006754530307636485
2019-07-15,48.58790969848633,0.009351111337627938,0.0025463663619457576,0.0003369152181812723,0.0011754084600094463,0.0,0.0008227996102523488,0.000925151209814681,0.0016015359568674085,-0.016164090536838795,0.001215033738520364,0.001292454625626218
2019-07-16,49.04439163208008,-0.003465831227264033,0.0011985636190816051,0.0004425334168621515,0.00040759477961480164,0.0,0.000826509184731416,0.0009614172668597088,0.0010879420417115552,0.016164090536838795,0.0008291431433953224,0.0008889606090470943
2019-07-17,48.87470626831055,-0.005639413119869485,-0.0007477086440998699,0.0002971759562656458,8.393578352054493e-05,0.0,0.0008246429497696789,0.0006875931894558008,8.370307132167087e-06,-0.016164090536838795,0.000667015840661001,0.000697998524289898
2019-07-18,48.599857330322266,0.011295631530982304,0.0016495261854639976,0.0005863071985085901,0.00011332043460363756,0.0,0.0008218337120166849,0.0006411562913117118,0.0008796754474464934,-0.016164090536838795,0.0007616362741464516,0.0007681897207911989
2019-07-19,49.15193557739258,-0.01504010572383142,0.002375767597669378,0.0005182629571286809,0.0011700264806482638,0.0,0.0008263835807477734,0.001002960438738861,0.0010712319343132697,0.016164090536838795,0.0011258077561276825,0.0011573204309949557
2019-07-22,48.418216705322266,0.022596803697732027,0.0008926367090914955,0.0008688064690144977,0.0004860680587163047,0.0,0.0008194940934248993,0.0004403177554280711,0.00013358745208629657,0.016164090536838795,0.0006071739469522981,0.0006044701785608786
2019-07-23,49.5247688293457,0.0077872820668761205,0.0026683474668470946,0.0006556317509849375,0.0003724103108346134,0.0,0.0008289460507184353,0.0012444012524489478,0.0011278796342858745,-0.016164090536838795,0.0008569390140846164,0.0008954370325931964
2019-07-24,49.91193771362305,-0.0008144485386844774,0.002095641570597936,0.0004289224489854456,0.0005201224551445573,0.0,0.0008319648515931241,0.0009280072624758395,0.0015470734495247637,0.016164090536838795,0.0009516972809746496,0.001019212871231871
2019-07-25,49.87130355834961,-0.007938204663571473,0.0003988212861440574,0.0006354980731755637,0.00048042317660622525,0.0,0.0008312508822131252,0.0007442379325268726,-0.00045559341085448467,0.016164090536838795,0.0006040309403511318,0.0007013715514685179
2019-07-26,49.47698211669922,0.0034718130829871083,-0.0024735320939125835,0.0005905159306962703,0.00024133317838891805,0.0,0.0008274496444386194,0.0005920443856906064,0.0014004677588934688,-0.016164090536838795,0.00032609373945898516,0.0003720529793887249
2019-07-29,49.64905548095703,0.00929520659529543,-0.0009310100763305271,0.0004912078195004283,0.0011212268890922231,0.0,0.0008285953824969161,0.0008358106011351362,0.00032864910932115443,0.016164090536838795,0.000740764663942168,0.0008203243963167099
2019-07-30,50.11270523071289,-0.004301702690533682,-0.0005904468603115383,0.00024431717878323645,0.00037350322995794864,0.0,0.0008322621695098214,0.0009602229052236011,0.0008619190594728863,-0.016164090536838795,0.0007911071580454132,0.0008222229451717108
2019-07-31,49.89759826660156,0.020199108020625054,0.005641187064527318,0.000269257653393677,-5.0134020413340036e-05,0.0,0.0008300396738994129,0.000669735441315069,0.0004283441917247671,0.016164090536838795,0.001332654732768657,0.0013419911697957964
2019-08-01,50.91573333740234,-0.021877074893408864,0.00676331147195395,-2.034616346524164e-05,0.0010116024643951115,0.0,0.0008384209237249108,0.0011931763364165112,0.0013780656618175868,0.016164090536838795,0.0020204793035093673,0.0019152028319693632
2019-08-02,49.813941955566406,-0.021384946543156043,-0.002894547229060884,0.0005144985281779996,0.00012602852483101625,0.0,0.0008285958822815139,0.0002942511903623419,0.0003462784965794141,0.016164090536838795,0.0005602723143474475,0.00034769277192997456
2019-08-05,48.75998306274414,-0.0537677422161808,-0.008528338756377157,0.0010812580840527317,-0.0004442109096187871,0.0,0.000818992102590447,0.0003047651324191168,-0.00036566607933416235,0.016164090536838795,-0.0005462275375894027,-0.0007435598085458396
2019-08-06,46.20750427246094,0.018753505247425417,0.013686590455658983,0.0016476442409476396,-0.00030617540498933114,0.0,0.0007954023297647032,-0.00038706828292396015,0.0008063159866717944,-0.016164090536838795,0.0016142719550698474,0.001225507859728428
2019-08-07,47.08223342895508,0.010302012833141642,-0.0019266313079909043,0.002148361132944372,-0.00039691551198566173,0.0,0.0008031596096427424,0.001162292149828346,0.0009143348919171854,-0.016164090536838795,-0.0005081620514499805,-0.0007323129035562272
2019-08-08,47.56978225708008,0.021816264915094672,-0.0040492066058352575,0.0020315364486740545,-2.9751530382609638e-05,0.0,0.0008072610143161012,0.000981732542783958,0.002384791275073542,-0.016164090536838795,-0.0005752859201577868,-0.0007829387044484088
2019-08-09,48.61898040771485,-0.00827451352367921,-0.002257856044303482,0.0017818046096397338,0.0006867743158105696,0.0,0.000816328344441599,0.0012277256442879898,0.0004313883618239142,0.016164090536838795,-0.000170115545100593,-0.0002544429486233665
2019-08-12,48.21834182739258,-0.002540456979307235,-0.0045263499687722255,0.002039184835195793,0.0005564016495259705,0.0,0.0008124064972163528,0.0005848594066774359,0.0024096754433083575,0.016164090536838795,-0.0005539533188322206,-0.0006871206896312838
2019-08-13,48.09600067138672,0.04147586929058895,9.780750015765533e-05,0.0018970369438661133,0.0002841784381723547,0.0,0.0008109606742424315,0.0007073630954546143,-0.00011957671363327707,-0.016164090536838795,8.356034234265368e-05,-0.000187772263632811
2019-08-14,50.13277053833008,-0.03021706455781148,0.004120977673257089,0.001693796138076515,0.0007183504052217912,0.0,0.000828488652094305,0.0016477379056358214,0.0019585700801706507,0.016164090536838795,0.0005554066649240757,0.0004693874845283424
2019-08-15,48.64056396484375,-0.004993927781363779,0.0006055769171004634,0.0016920116992169601,0.00015011309021726465,0.0,0.0008151127136152418,0.0001160737534384508,-0.0009743745943484266,0.016164090536838795,0.00029260199832531036,-3.8317334426806945e-05
2019-08-16,48.39826202392578,0.02332085018367944,-0.0017806949023726933,0.0016076036585199929,0.0002515273137689069,0.0,0.0008126109735226582,0.0006549465869613329,0.00019448278701180517,0.016164090536838795,9.80386938579874e-05,-0.00020498368553656648
2019-08-19,49.54021453857422,0.018472446322251153,0.0014146054178547978,0.0015135375848648026,0.0011541635574341203,0.0,0.0008223002715037846,0.0012598699463288103,0.002889062303998384,-0.016164090536838795,0.0005726135210142222,0.0004166038519959328
2019-08-20,50.46384811401367,4.7319894895226965e-05,0.00408195118418605,0.001213276060291405,0.0003049063869915465,0.0,0.0008298949987201131,0.001156287542997011,-0.0008480174060425824,0.016164090536838795,0.0007523019899135102,0.000667211899766035
2019-08-21,50.46623611450195,0.010780028946440359,0.003891018623217806,0.001249813460579202,7.841193542908274e-05,0.0,0.0008295584072776078,0.0007626489494340676,0.0010653532561135425,0.016164090536838795,0.0006811718031891726,0.0005661027560981151
2019-08-22,51.0132064819336,-0.0008468524752046975,0.002397751173404585,0.0012978169072212383,0.0006977384924990549,0.0,0.0008338363395816331,0.0009919449877992587,0.001236115992560848,-0.016164090536838795,0.0005740775203858722,0.000539532946293321
2019-08-23,50.97002410888672,-0.047322408219160464,-0.0014515473107350656,0.0014466820059363889,0.0009320497545385171,0.0,0.0008331140839671998,0.0007435456474536596,0.0002776648571701611,-0.016164090536838795,0.00019434258119920017,0.0001062777820986288
2019-08-26,48.61418151855469,0.01882095307288525,-0.007854874627024442,0.0015439209773572419,0.0005298317920748507,0.0,0.0008124287221531415,-0.0002493687007998662,-0.0010754463889356128,-0.016164090536838795,-0.00044742312757418707,-0.0007208690671462244
2019-08-27,49.53781127929688,-0.011348032435755571,-8.396398323972295e-05,0.001065511287258938,-9.51507268362585e-05,0.0,0.0008201610211444391,0.0011637331205189712,0.0017367281684343041,-0.016164090536838795,0.00046547524310482254,0.00022878620083405254
2019-08-28,48.97883224487305,0.006687890496418667,-0.00029412491702478065,0.0014741768402830213,-0.0002068040670673458,0.0,0.0008149386205191601,0.0005191960492720526,0.001087113971303209,0.016164090536838795,0.00017900690283172605,-8.319727337616851e-05
2019-08-29,49.3074951171875,0.01679030150183459,0.0003880512537298106,0.0011576098656284062,9.86592406977256e-05,0.0,0.0008174581193934198,0.0009045196108021282,-0.0003109172975151966,0.016164090536838795,0.0004977144999242277,0.0002682163918317408
2019-08-30,50.142372131347656,-0.0012927041446819906,-0.0031057448710349665,0.0011507351634789087,0.0007915781542587223,0.0,0.0008243075376534718,0.0011203498182878412,0.003310813622556216,0.016164090536838795,0.0002625641423838383,8.882500385881632e-05
2019-09-03,50.07759475708008,-0.014670747744542476,0.00029411199501191304,0.0015869133446568388,0.0011831669212506038,0.0,0.000823400117300992,0.0007340203709350594,-0.0003543022282481498,-0.016164090536838795,0.00044357984243787666,0.00026121577432353186
2019-09-04,49.34828186035156,0.01682420051834757,-0.004166126986460489,0.001851002106504498,-0.0001690159217045739,0.0,0.0008167616649180256,0.0004482088033436329,0.0006239972250691612,0.016164090536838795,-0.0004871765495548714,-0.000715072246632477
2019-09-05,50.18555068969727,0.019362793006081413,0.00510367270798634,0.001572295566436212,0.0009556176672482798,0.0,0.0008236170991164965,0.0011210740445902197,0.0013806039516851259,-0.016164090536838795,0.0007875274246428724,0.0007095043659053682
2019-09-06,51.166751861572266,-9.364448459838251e-05,0.004961692022105405,0.00137892668058699,0.0012649084801503517,0.0,0.0008315533901725602,0.0011753091121454334,0.0008252434529013611,0.016164090536838795,0.0009351488336437255,0.0008978161347515628
2019-09-09,51.16196060180664,0.004257984916130721,0.0004151024889708022,0.0015888588009123053,0.0013203267658309392,0.0,0.0008311574989124956,0.0007596373543546465,3.943990568539154e-05,-0.016164090536838795,0.00029369509483068634,0.0003075861814987952
2019-09-10,51.38027191162109,0.011743796762328758,-0.001837391347486672,0.0014991945117152862,0.00046624738330930534,0.0,0.0008326232078163529,0.0008526065550688896,0.0012747465995762736,-0.016164090536838795,-6.700088628946424e-05,-8.646516294675633e-05
2019-09-11,51.98722839355469,0.0313000244476181,0.003575441840142364,0.0015337467734499706,0.0008420362129494682,0.0,0.0008372880960397442,0.001012535142719676,0.0008292108544099362,0.016164090536838795,0.0005314841018282482,0.0005471378927840115
2019-09-12,53.64016342163086,-0.002238831770787242,-0.0006570472868157965,0.0013100742209991795,0.0019487788061772178,0.0,0.0008503063594378547,0.0014303388409349885,0.0006334697822100532,-0.016164090536838795,0.0005232564855689528,0.0005361344559518904
2019-09-13,53.520206451416016,-0.019645527745093844,0.0008936822807592199,0.00105231556843317,0.0007312463691497101,0.0,0.0008489867788610819,0.0007138070850431285,0.00035786500983560213,0.016164090536838795,0.0005294117416556586,0.0005498316794983427
2019-09-16,52.479034423828125,0.00524345542552592,-0.00383627079789567,0.0006920167447547641,0.0008801986605310088,0.0,0.000840235918688599,0.0003419264714191883,-0.00022090617750240686,0.016164090536838795,0.0003315881572888409,0.0003297219533085967
2019-09-17,52.75492858886719,0.00363115975087805,0.0006202602075544734,0.0008437950299309523,0.0005555124408926762,0.0,0.0008421152270568608,0.0008736603712717536,0.0013028201572860662,0.016164090536838795,0.0006262710319668104,0.0006101052839994782
2019-09-18,52.94683837890625,0.009335884936613494,0.0004504757998545405,0.0006616555719403694,0.0008050694128672633,0.0,0.0008433050924680472,0.0008392149196066992,0.00017094219794444284,0.016164090536838795,0.0007888898388356181,0.0007730622531947513
2019-09-19,53.443458557128906,-0.008158238705161002,0.0016705507279621366,0.00045543967771404236,0.0016023453024624032,0.0,0.00084692666169796,0.0009610919665637254,0.0005364107537443474,-0.016164090536838795,0.0012303258893479156,0.0012353094357557904
2019-09-20,53.00922775268555,-0.014726007212514252,-0.005070812465020868,0.00029838015442699344,0.0004534993097046322,0.0,0.0008430881427862555,0.0005873435283581609,0.001232932996022032,0.016164090536838795,0.00039351940661267804,0.00034493675755122705
2019-09-23,52.23433303833008,0.004536643201172978,0.0025663469587202566,0.00039154654187712845,0.0008563510448279738,0.0,0.0008364545273813553,0.00044702822749579773,0.00021690842861079532,-0.016164090536838795,0.001241756368311806,0.0011778685223408098
2019-09-24,52.47183990478516,-0.004766277325053145,-0.0007114046765232089,0.00032367403632861056,-7.613586099997386e-05,0.0,0.0008380304169357811,0.0008585598740781876,0.0012258756478324957,0.016164090536838795,0.0007120613323256356,0.0006438101146023391
2019-09-25,52.22233963012695,0.0152722998769866,0.0010237197322057298,0.0007125117181420999,0.00026668721600426584,0.0,0.000835644589885126,0.0006598101631109669,0.0005077151043158822,-0.016164090536838795,0.0008014957655139836,0.0006619445130470253
2019-09-26,53.02601623535156,-0.0051710207218169674,-0.00017761393358253416,0.0005511973222112685,0.0006464870287191043,0.0,0.0008417878474541054,0.0010879188861589715,0.0010305518660505743,-0.016164090536838795,0.0008390373738602183,0.0007382717254910307
2019-09-27,52.75252532958984,-0.004877969343927497,0.00015297637658109734,0.0007354183696202975,0.0006635560167884149,0.0,0.0008392302938304256,0.0006511631330846519,0.0012637690178245041,0.016164090536838795,0.0007521835649880727,0.0006588535007598323
2019-09-30,52.495826721191406,0.023262385651687187,0.005725849715158175,0.0010006675526484411,0.00095126525985243,0.0,0.0008367995116715149,0.0006574239494046324,0.0001349227117191002,-0.016164090536838795,0.0012423756181214134,0.0011387334611631479
2019-10-01,53.73131942749024,0.0027645846982801716,0.0012360963434386403,0.0008655226836143652,0.00040470116333090337,0.0,0.0008463301475151255,0.001258620896763941,0.0018928419873179983,0.016164090536838795,0.0007103504959655301,0.000621249385500568
2019-10-02,53.880069732666016,-0.025387272245888826,-0.0014383287852362027,0.0006082991097993173,0.00011535711799253953,0.0,0.0008471450389980333,0.0008207012129970717,0.00018529020238135132,0.016164090536838795,0.0006686226707076528,0.0004354308380637202
2019-10-03,52.5294189453125,0.008458727329090521,-0.003060890262306263,0.0006507663339763465,-0.0005690986273024845,0.0,0.0008360051590469136,0.00021925853539162292,-0.00021008437198353558,0.016164090536838795,0.0004048283946534242,6.53088282449503e-05
2019-10-04,52.97563552856445,0.027646137222971597,-0.0033790543560181683,0.0007171262153717964,0.00014888817777611394,0.0,0.0008392406098830951,0.0009423521718426571,0.0016989926684828007,0.016164090536838795,0.0004378587907477008,0.00017371218559328192
2019-10-07,54.46063995361328,0.0002201273056289085,0.011202917401082783,0.0006129577302514724,0.0008576801910433667,0.0,0.0008506139219802901,0.0013522763628392082,0.0011580045234553624,0.016164090536838795,0.0020189451300934103,0.0019292147414273675
2019-10-08,54.47262954711914,-0.011783922552596068,0.001348101437261901,0.0005935009246534281,-0.0005265178960980457,0.0,0.0008503465400395134,0.0007663408462786649,-0.00017122340936867445,-0.016164090536838795,0.0007560804594786851,0.0005686437698524032
2019-10-09,53.8344955444336,0.01165204809282844,-0.001624395149899683,0.00019237214792545791,-0.0009073670316031454,0.0,0.0008449907667912575,0.0005098835936306991,0.0009414154834931182,-0.016164090536838795,0.0007676630996827757,0.00042073621097204187
2019-10-10,54.46544647216797,0.01338825244233163,0.0018259691127822692,0.0006177568043595602,-0.0002039710882246155,0.0,0.0008495700283700868,0.0010105750032674034,0.0013712447314361863,-0.016164090536838795,0.0009056567644656931,0.0006850733077604964
2019-10-11,55.19954681396485,0.02625081491363521,0.003572170876200544,0.0006704711238267145,0.00032546783876522743,0.0,0.0008548807790748566,0.0010476676680570242,0.00033386203901064973,0.016164090536838795,0.0011213670043152429,0.000967349244011044
2019-10-14,56.66776657104492,-0.001440608666214712,0.0023720827475158302,0.0007778559976678985,0.0010119441295800044,0.0,0.0008656326563545182,0.0013224663795221498,0.0007632981174594868,-0.016164090536838795,0.0010042089658497619,0.0009502510871400426
2019-10-15,56.58618927001953,-0.002334435602970393,0.001896837322685027,0.0007038391188727687,-0.0006137949849796099,0.0,0.0008646566761079801,0.0007308605050819113,0.0009099426361724196,-0.016164090536838795,0.0005494174944478199,0.0005323750496536011
2019-10-16,56.454246520996094,-0.004045161437738566,-7.142556766194519e-05,0.0004489247356363006,-0.0002788320739217242,0.0,0.0008633034221828201,0.0007117645830180717,3.993726306107345e-05,-0.016164090536838795,0.0005688525614196435,0.0005778804971284979
2019-10-17,56.226341247558594,0.0038751371284481196,-0.002930329017744389,0.000403074098803516,-0.00014316004453143673,0.0,0.0008612279613541006,0.0006752162470147906,0.0008161103332386841,-0.016164090536838795,0.0003614970495539202,0.0003464369806786573
2019-10-18,56.44464874267578,0.004791422042173592,-0.0019485890165082903,0.00034657228768462055,0.0004491603304610967,0.0,0.000862501802929373,0.00084442730781725,4.078547796619234e-05,-0.016164090536838795,0.000652358433010601,0.0006357184999033519
2019-10-21,56.71574783325195,0.017194035796099513,0.00041230824265824615,7.898422762457472e-05,0.001134708994879456,0.0,0.0008641616762877355,0.0008640030272113013,0.0009564933607763128,-0.016164090536838795,0.0012670738899312954,0.0012265940155148092
2019-10-22,57.6993522644043,-0.0022893469828311748,0.00473966346113567,0.00019041380546104417,0.00018501604952629082,0.0,0.000871057737993737,0.0011289752896187523,0.0010369154931526411,-0.016164090536838795,0.0013617007276093807,0.0013594762027614076
2019-10-23,57.56740951538086,0.01332953565994081,-0.0010457329226674751,-5.649920547401649e-05,-0.00034005204399322625,0.0,0.0008697236709946552,0.0007127278665584735,0.0007299675063707694,-0.016164090536838795,0.0008567736464574995,0.0007851289533364928
2019-10-24,58.33989334106445,0.0016436660830177164,0.007786946334099189,-2.9302680842921468e-05,0.001044097990836317,0.0,0.0008749809756313413,0.0010464132293572417,0.0006727130230073552,-0.016164090536838795,0.002032022830454298,0.0020350712076536584
2019-10-25,58.43586349487305,0.012240838731532916,0.0016404992898886722,-0.00016839714281138417,0.0010897513000676046,0.0,0.000875305178544621,0.0007967536526397476,0.000961949676532235,-0.016164090536838795,0.0015230241874478793,0.0015004512180878792
2019-10-28,59.15556335449219,0.00996739328257893,0.0069492402084181445,-0.00016225403409929502,0.0022266192003132694,0.0,0.0008800967188283431,0.0010231540604498032,0.0001224992533798169,0.016164090536838795,0.0022748412889378846,0.002336300044887432
2019-10-29,59.748138427734375,-0.023399780665197656,0.002960014253623699,-0.00020642868096184327,0.000749074439228319,0.0,0.0008839261737646053,0.0009745836545643036,0.00122188627490889,-0.016164090536838795,0.0015637353836154251,0.0015740011224896653
2019-10-30,58.36627578735352,-0.0001231418668413138,0.00201418684310292,-0.00043902559548387543,1.7990488800806426e-05,0.0,0.0008736971481374099,0.00026171975776781767,-0.000464559720831504,-0.016164090536838795,0.00145360012473047,0.0014380293625120661
2019-10-31,58.35908889770508,0.022357623569634368,-0.00259295253727513,-0.00028995744865391033,0.00016215507183074056,0.0,0.0008732774264468923,0.000759007165568389,0.0009074227708275745,-0.016164090536838795,0.0008908318615553674,0.000903229499921387
2019-11-01,59.67855453491211,0.027985471883450096,-1.4532751827837009e-05,3.848235776707275e-06,0.00201528007457551,0.0,0.0008823196596721397,0.001239291353767722,0.0015697726552654245,0.016164090536838795,0.0014496614974639067,0.0014559834995350805
2019-11-04,61.37227630615234,0.006545694708164076,0.00201498092094334,-8.844050449862816e-05,0.0024344448469872065,0.0,0.0008937219113439016,0.0013595259857400092,0.0004452490687420008,0.016164090536838795,0.001774220086630903,0.00183216791203374
2019-11-05,61.77531814575195,-0.0014379209460800273,0.0023855231910120804,7.19601598615547e-05,0.0004353084386498198,0.0,0.000896098687120529,0.000901481707625735,0.0010290131927825586,0.016164090536838795,0.0012194710134305284,0.0012560402365259012
2019-11-06,61.686553955078125,0.00042765590840893893,0.0019893488441957517,9.728396908021298e-05,3.713957594430391e-05,0.0,0.0008951175943785364,0.0007309179261464493,0.0005386400558163435,-0.016164090536838795,0.0010755528759713486,0.0010969512976907896
2019-11-07,61.71294021606445,0.011475425792097696,0.0016903996286936297,0.00013613107178199176,0.0014144380014333745,0.0,0.00089492118190544,0.0007707745345708183,0.00046247055305565686,-0.016164090536838795,0.0013432478843050048,0.0013937233639754972
2019-11-08,62.425201416015625,0.0027327529286774715,0.0015298420915938957,5.6146252414154764e-05,0.0012265592427550048,0.0,0.0008993649049672594,0.0010068016042448448,0.00025241881524495013,-0.016164090536838795,0.0013414510860969907,0.0013802507172842636
2019-11-11,62.59602737426758,0.007887613318605867,0.003078105072790674,6.806644400920037e-06,0.0015508788678135653,0.0,0.0009001345892761218,0.000820021151828079,0.0005124103212379182,0.016164090536838795,0.0015774970362478179,0.0016549081200065295
2019-11-12,63.09171295166016,-0.0009154618776420605,-0.0010640070175651083,0.00012848413044256517,0.00038665348575682326,0.0,0.0009030668086337927,0.0009301507621677965,0.0007415108350002691,0.016164090536838795,0.0008222017793287632,0.0008508068384256953
2019-11-13,63.03398132324219,0.009535797771144756,-0.0005889256540659236,-5.7988586278235514e-05,1.716679509898252e-05,0.0,0.0009023040029767977,0.0007420798605681737,0.0008665883626554614,0.016164090536838795,0.0009056198388246932,0.0009247418211147981
2019-11-14,63.63793563842773,-0.006943478581808515,0.0019328759253039547,-4.045129892395649e-05,0.00149391074453538,0.0,0.0009059239165064279,0.0009653629498500724,0.0004926493669530715,0.016164090536838795,0.0015293818055644387,0.0015522014745777046
2019-11-15,63.19759750366211,0.011809364731266954,-0.0034563578432967867,-0.0001803631319216288,0.0003240864552308543,0.0,0.0009026341417795568,0.0006132959400476062,0.000659385430021805,0.016164090536838795,0.0008055215046874837,0.0007852514017798966
2019-11-18,63.94834518432617,0.005029601779700606,0.00469956674922016,-0.00020700566999984858,0.0017660739808230542,0.0,0.000907203362805735,0.001013935951727819,0.0005938422770917475,0.016164090536838795,0.0019397051712876359,0.002014515308316955
2019-11-19,64.27079010009766,-0.003036858935330075,-0.000270991741123982,-0.00014240216684073168,0.00036194749197648006,0.0,0.000908929660300247,0.0008690915533207408,0.0011882942779963398,0.016164090536838795,0.0010722062155049013,0.001099913627231013
2019-11-20,64.0759048461914,-0.011710238381525004,-0.00409094238714359,-9.624653632421738e-05,-9.210091043082124e-05,0.0,0.0009072780116624779,0.0006967578511117256,-2.7974510237554194e-05,-0.016164090536838795,0.0005699457905490532,0.0005592587922533811
2019-11-21,63.32993698120117,-0.004493453499275463,0.00022975991916559962,9.747316133155515e-07,9.335084520258822e-05,0.0,0.0009019987161004748,0.0005114577990280201,0.0009119190361035949,-0.016164090536838795,0.000968814982993743,0.0009911164514934349
2019-11-22,63.04600524902344,-0.0008781542147699388,-0.0015598731477831436,0.00021151960923885464,-3.731127905588804e-05,0.0,0.0008997421488836718,0.0006656388334049271,0.0005403081722335294,0.016164090536838795,0.000629904876697357,0.0006378553208882642
2019-11-25,62.990665435791016,0.01738197166602745,0.00043591906458190845,0.0002477762226466454,2.745890179652879e-05,0.0,0.0008989988811731142,0.0007428769099669934,0.0008298506500284636,-0.016164090536838795,0.0007780298657991201,0.00083752804205464
2019-11-26,64.09513854980469,-0.007839467782753188,-0.00026384135937868795,0.00020833527044655624,8.368956058416369e-05,0.0,0.0009058868764864675,0.0011329903943080003,0.0011367436816139649,-0.016164090536838795,0.0007281388674054972,0.0008048407725735161
2019-11-27,63.59463119506836,0.013342636964002529,-0.00047671833725282766,0.000286612697236839,-0.0004173661664487678,0.0,0.0009022338461359079,0.0005941538228796178,0.0008278991898542007,0.016164090536838795,0.0005097502580325809,0.000604456025434208
2019-11-29,64.44883728027344,-0.0022049905030559476,-0.00036358068573666023,0.0003478835196609394,0.00039975839896066355,0.0,0.0009074281689408627,0.0010466931285983692,0.0008752606224415589,-0.016164090536838795,0.0006945580579140241,0.0007860791191928561
2019-12-02,64.306884765625,-0.011629941099954447,-0.000481626892308928,0.0005044092287315494,0.0004478848968549609,0.0,0.0009061291628173248,0.0007145300775873943,0.0011961068066586918,0.016164090536838795,0.0006281509586724803,0.0006859682218232255
2019-12-03,63.56333160400391,-0.01799057859574796,0.0026649587875501586,0.000568801825597031,-0.0006034404945789354,0.0,0.000900899262832856,0.000513173288422841,-0.00047803566485950775,0.016164090536838795,0.0007386358784008649,0.0007008955723829024
2019-12-04,62.43001556396485,0.008787323219887108,0.0025030102712098948,0.0011250869409392052,-0.0006346396924864131,0.0,0.0008930212487133477,0.0003772831816233303,0.0010552596010067494,-0.016164090536838795,0.00037678458163685415,0.00031996551072385374
2019-12-05,62.98102569580078,0.014564443045125903,-0.0009626011998330194,0.0011169856101945616,-0.0004628260621139863,0.0,0.0008963119123111692,0.0009493723692244069,0.0008627090825942961,0.016164090536838795,2.8874726504508484e-05,1.0884705611948712e-05
2019-12-06,63.90502166748047,0.019132061570628398,-0.002437932341436542,0.00101413791632939,0.00022793543511913947,0.0,0.000902006966949842,0.0010727960717329132,0.001283767192634761,0.016164090536838795,0.00011679233701464959,0.00010104803248391428
2019-12-09,65.1394271850586,-0.014098880428281318,0.0029511665808933003,0.000726699373977163,0.0009446766736927136,0.0,0.0009095996594128484,0.0011703797132563362,0.0009419526269422679,0.016164090536838795,0.0009838344378200357,0.0010256504896106896
2019-12-10,64.22747802734375,0.005827548685797945,-0.0012195573513086653,0.0008290163848542379,-0.0006051067897844966,0.0,0.0009033513329816685,0.0004604263068145147,0.0008127409489701363,-0.016164090536838795,0.00022132100290052223,0.0001322964493148121
2019-12-11,64.60285949707031,0.008492905924891814,-0.002101180678413111,0.0010080037797908204,-5.072371501250376e-05,0.0,0.0009054005203944093,0.0008861390725924516,0.000575882087137602,0.016164090536838795,0.00014062026470301075,6.845767669965514e-05
2019-12-12,65.15386199951172,0.0025448142296310376,0.0013853479769693616,0.0009862668528542399,0.0002971777627435356,0.0,0.0009085567206458642,0.0009430823711405682,0.0011300129883766948,0.016164090536838795,0.0005520471035683095,0.0005318394232428387
2019-12-13,65.31987762451172,0.013502259325580098,-0.004415225064933287,0.0005354456930891198,0.0005207910928275057,0.0,0.0009092370771984569,0.0008160059866968998,-0.0002621530134166221,0.016164090536838795,0.00030345812034586846,0.00027813219498391893
2019-12-16,66.20782470703125,0.016972699750841716,0.005896065314940609,0.000883300593823567,0.0013214556940802113,0.0,0.0009144710847829878,0.0010501033370525863,0.0014596819964428805,-0.016164090536838795,0.0012098162392004466,0.0013262403412014232
2019-12-17,67.34114074707031,0.0019635075619653837,0.00027487736369280675,0.00048472394884239127,0.00022948455012558144,0.0,0.0009211425549392233,0.0011242466159836718,0.0009759777146083361,-0.016164090536838795,0.0006375146537979205,0.000720870296545066
2019-12-18,67.47349548339844,-0.0023925333253895687,-0.001486652483500243,0.0004007958291048168,0.0002839372131581354,0.0,0.0009215754307727059,0.0008035868187747231,0.00018311685105706064,0.016164090536838795,0.0005445035358939737,0.0006064567264098759
2019-12-19,67.312255859375,0.0010006607143678678,0.0017178377521000752,0.00024000981290277256,-0.00020985249850640072,0.0,0.0009201997110731781,0.000710523370056388,0.0005287318232356753,-0.016164090536838795,0.0008611193329014033,0.0009142707002266067
2019-12-20,67.37964630126953,-0.0020733503006113434,-0.0026110600509426317,0.00027728229915189814,0.0006491727193978854,0.0,0.0009202330973815992,0.0007830163396304348,0.0006629278728006843,-0.016164090536838795,0.0006231506006933079,0.0006628030820533408
2019-12-23,67.2400894165039,0.016186703696041867,-0.004311698240185414,-6.507046133372944e-05,0.0006292830365354952,0.0,0.0009189914617955383,0.0007173424688266587,0.0002592075518724345,-0.016164090536838795,0.0006914431314540779,0.0007011300758628848
2019-12-24,68.33734130859375,0.0009501896602583593,0.0018688196987382637,6.657769877293498e-05,6.831143581971565e-05,0.0,0.0009253213590734181,0.0011074544174184524,0.0010132046788450737,-0.016164090536838795,0.001069085184572231,0.0011121330386487263
2019-12-26,68.40230560302734,0.01964618537604765,-0.0018293308008826203,5.733407184263474e-05,0.00019700190989332326,0.0,0.0009253316650415844,0.0007819380645459388,0.0008457947997708743,-0.016164090536838795,0.0007480477371423666,0.0007687072896421796
2019-12-27,69.75943756103516,-0.0003796856312069616,0.002588365717324162,-2.5131884690927247e-05,0.0024099345549782594,0.0,0.0009330867825689274,0.0011813635712222706,0.000769842375669925,-0.016164090536838795,0.00179712414191333,0.0018446279335250693
2019-12-30,69.73295593261719,0.005917552374210928,0.005302085872044116,-9.375949799738585e-05,0.0013945606026206352,0.0,0.0009325431915073225,0.000753526306210903,0.0010152292893140166,0.016164090536838795,0.0018933568684573884,0.0019091876945875825
2019-12-31,70.1468276977539,0.007279932158597392,0.0026008654112393012,-5.7727610439087555e-05,0.00047296982948065664,0.0,0.0009346065231226799,0.0008880619318717108,-4.1343042010985945e-05,-0.016164090536838795,0.0014384409519868707,0.0013709831429140136
2020-01-02,70.65935516357422,0.0225596562250646,0.0025514580620954403,-1.3072320025990557e-05,0.0006240456356214274,0.0,0.0009372318130008242,0.0009171681235897902,0.0012670070854375868,-0.016164090536838795,0.0013895059715394696,0.0013759531006440726
2020-01-03,72.27152252197266,-0.00976910889830286,0.0015043039564549927,-0.0001703512701607217,0.0025593054675025566,0.0,0.0009461740894326123,0.001243607625390112,0.0004245975169829291,-0.016164090536838795,0.0018213150527048693,0.0018637884193231102
2020-01-06,71.56893157958984,0.007936604792841634,0.003659090448335391,-0.00014523050905687802,0.0013857152438491083,0.0,0.0009417444561181288,0.000552928531004364,0.0003962322935727373,0.016164090536838795,0.0017948299346738407,0.001770041681906672
2020-01-07,72.13920593261719,-0.004714105877704879,0.0015210889813090747,-1.107776098057756e-06,0.00045867860224657787,0.0,0.0009446348942737998,0.000931197427171197,0.00046926630024387173,-0.016164090536838795,0.0012416817197161804,0.0012194510946374384
2020-01-08,71.79993438720703,0.01595791608960076,-0.002304657632160806,-9.868648579405468e-05,-0.00012368591179963266,0.0,0.0009422975374906611,0.0006609247657835339,0.0010494391459879694,0.016164090536838795,0.0007845608634824415,0.0007373884002178674
2020-01-09,72.95490264892578,0.02101837315779517,0.003576527744191696,-0.00017844043728757397,0.0010419155246817074,0.0,0.0009484972148449593,0.0011025665469346765,3.6737620607429065e-05,0.016164090536838795,0.0016952437579495572,0.0016947690212368994
2020-01-10,74.50452423095703,0.0022583764423237183,0.002526417462291049,-0.0002373375176564985,0.0021817405088011325,0.0,0.000956780283744237,0.0012106793032277449,0.0017187786620100859,0.016164090536838795,0.001876631353854368,0.0019156933791285528
2020-01-13,74.6729736328125,0.021139197028705155,0.0004946183809827564,-0.00015170540754139573,0.001602447308247248,0.0,0.0009573172458558623,0.0008098864646310143,-1.601934653900315e-05,0.016164090536838795,0.0014719765196134008,0.0015025467267492894
2020-01-14,76.26830291748047,-0.013595134877612042,0.0001298054842689075,-1.2612872482682083e-05,0.0009699536349180962,0.0,0.0009656396705085837,0.0012132606118988878,0.001232451401333824,-0.016164090536838795,0.001167314599934833,0.0012138701974452107
2020-01-15,75.23844146728516,-0.00429490115080408,0.0004573560005763308,-0.00015521081767064303,0.000203895549952699,0.0,0.0009596377024343376,0.00047118844138443745,0.0001837765202737364,0.016164090536838795,0.0011093197038989722,0.001142949330601567
2020-01-16,74.9159927368164,0.01244893626902149,-0.0027318345437744667,-5.153669027884811e-05,0.00024108406508791317,0.0,0.0009574726678841777,0.0006698807509575173,-0.00034063384413375033,-0.016164090536838795,0.0007345895930662268,0.0007564099333975175
2020-01-17,75.85444641113281,0.01100974288756952,-4.074222637945519e-05,-3.5953530273906626e-05,0.0010711503585318053,0.0,0.0009622055606358816,0.0010275999035925288,0.0017235662301358003,0.016164090536838795,0.0011924721629510456,0.0012370894340748327
2020-01-21,76.69419860839844,-0.006799413623054547,0.0032278793882827917,-9.623473400200398e-05,0.0019116190742563812,0.0,0.0009663420519190984,0.0009968526487080939,5.8743396483051675e-05,0.016164090536838795,0.001756904040288622,0.001828709926731622
2020-01-22,76.17449188232422,0.00356303344243395,-0.0024940313254512643,-6.650058966316263e-05,-0.00014688783208891974,0.0,0.0009631462676907142,0.0006163737766078709,0.0006653647525505202,0.016164090536838795,0.000691517243620483,0.0006912639722821707
2020-01-23,76.4463882446289,0.004804119510351307,-0.002271323715948673,-2.8306227638902055e-05,0.0003335031728509633,0.0,0.0009642157399962441,0.0008377594536512116,0.0010553486988166684,0.016164090536838795,0.0008108643652284466,0.0008127956063092138
2020-01-24,76.81452941894531,-0.0028858969550976236,0.0005372811367914149,-3.3509004393415245e-05,0.0010150570522797255,0.0,0.0009657946477965546,0.0008642742988107116,0.0008161863774972188,-0.016164090536838795,0.001265667026424124,0.0012809173553130666
2020-01-27,76.59317016601562,-0.029846479508713178,0.001865350999151717,-5.976387231648175e-05,0.0007097610845831802,0.0,0.0009642115439729235,0.0006999830372082483,0.0001124368950395743,0.016164090536838795,0.0014147295243771368,0.0013568672262964053
2020-01-28,74.34091186523438,0.027896719470210073,0.0004997036859295985,0.0003400873331398496,-0.0006764008848881747,0.0,0.0009515530842142193,0.00012399101675263492,0.00036098865459153166,0.016164090536838795,0.0008305532950298191,0.0006048441301548097
2020-01-29,76.44397735595703,0.020716167495567827,-7.232175585920056e-05,0.0003118250768776609,0.00023506590442986923,0.0,0.000962618860964115,0.0013576298589882683,0.001623447996957934,0.016164090536838795,0.0009287884369059449,0.0007971196203234818
2020-01-30,78.04412078857422,-0.0014501096384148364,0.003070432656212656,0.00011285713324083086,0.0005563572101698812,0.0,0.0009707278710768423,0.0012042229126941468,0.0014862426374811794,-0.016164090536838795,0.0014630633315338576,0.001331638576140914
2020-01-31,77.9310302734375,-0.04535192015150202,0.0030470483153472935,0.00018159518256228658,0.00011262018355761747,0.0,0.0009697345032026151,0.0007306575241499169,-0.000488339624097859,0.016164090536838795,0.001256493073750202,0.001171622373106342
2020-02-03,74.47565460205078,-0.0027501311537392356,-0.006975191273027126,0.0006218810837058917,-0.00013909998547408792,0.0,0.0009507346448536796,-0.00020727074534518863,0.0009195569095491553,-0.016164090536838795,6.518560215576464e-05,-0.00021075739832973747
2020-02-04,74.2711181640625,0.03248066324255793,-0.006252079878842131,0.001194675781130832,-0.0007033766579211349,0.0,0.0009492172747025551,0.0007028835686814713,0.0005366187560565015,-0.016164090536838795,-0.00045004716562574714,-0.0006472213010908644
2020-02-05,76.72309875488281,0.008121067683748456,0.0004653931811566068,0.0011883410051146339,-3.444668685008607e-05,0.0,0.0009621399984598728,0.0014555622768000448,0.0017803427369036248,-0.016164090536838795,0.0002884704258002273,0.00022246210217124812
2020-02-06,77.34870910644531,0.01162930316233062,-0.004295739361726273,0.00099920514858071,1.876766239627568e-06,0.0,0.0009650727832551569,0.0009351383343463742,-3.8001770368200076e-05,0.016164090536838795,-8.128683004803906e-05,-0.00013930037889267697
2020-02-07,78.25347137451172,-0.01368591312026337,0.005054235186259316,0.0011082707092346438,0.0005333079974782128,0.0,0.000969439789962395,0.0010100890753967236,0.0017317619900178607,-0.016164090536838795,0.0008848382325845846,0.0008934209181409958
2020-02-10,77.1897964477539,0.00473818873174431,-0.0037722843024403587,0.0013904441814531242,0.00025739595827360413,0.0,0.0009634408735030313,0.0004692490343521834,0.0009688742026004859,-0.016164090536838795,-0.00022367697504803333,-0.00027030386067443423
2020-02-11,77.55640411376953,-0.006051836334602678,-0.0028107050312513437,0.0014069309416985488,-3.4243819383060416e-05,0.0,0.0009649853693533755,0.0008628657386542485,-0.00020582757189770466,-0.016164090536838795,-0.00023555820708761146,-0.0002561118240333926
2020-02-12,77.08846282958984,0.023470490266883977,-0.0043765589439503805,0.001652251482157812,-0.0005774670759111014,0.0,0.0009621155036257861,0.000632345187906785,0.0008856955497341994,0.016164090536838795,-0.0006913165499489388,-0.0007141122283270398
2020-02-13,78.9191665649414,-0.007146544827758079,0.0019520149937061095,0.0016186334103558784,0.0003804647935859812,0.0,0.0009713176192280993,0.0012630668911164356,0.0005667371794956008,-0.016164090536838795,0.00012463039717738823,0.0002068163885592274
2020-02-14,78.357177734375,0.0002460158610372771,-0.005833025335931568,0.001703459831332126,-0.00014109674570162497,0.0,0.0009680001437695843,0.0006089575865621716,0.0011640950296906186,0.016164090536838795,-0.0008104070030706021,-0.000785761683492684
2020-02-18,78.37645721435547,-0.01848001219193329,-0.00036398004838042474,0.0014498074535494792,0.0004321284354044569,0.0,0.0009677052155495139,0.0007668939352672537,4.449743968547824e-05,0.016164090536838795,2.5657066685891403e-05,8.873480116717593e-05
2020-02-19,76.94136047363281,0.014378927789270642,-0.008091151275311206,0.0016760715791809921,-0.0006431077382426882,0.0,0.000959764130450501,0.00036682681090563463,0.0012136530295985414,0.016164090536838795,-0.0011062782225484662,-0.0011301524479632914
2020-02-20,78.0556869506836,-0.010312188002823987,-0.0009112241243219832,0.0014871581903991985,-8.391226658817016e-05,0.0,0.0009652413401071622,0.0010688326815935156,0.00028617141917613054,0.016164090536838795,-0.0001501999428064418,-0.00012384357038195976
2020-02-21,77.25489807128906,-0.02289500618752697,-0.003686178200155818,0.0018216687593934759,-0.0003986036053577599,0.0,0.0009606401857444812,0.0005413260654397466,0.0011243052133568482,-0.016164090536838795,-0.0006784111304594547,-0.0007054440615141865
2020-02-24,75.50624084472656,-0.04866540377076677,-0.004820316240639261,0.0020280765617876305,-0.0003961298145354536,0.0,0.0009509111293116625,0.00027250387456832705,-0.0003219889182486843,-0.016164090536838795,-0.0008591444085987387,-0.000954217113058288
2020-02-25,71.919677734375,-0.03445898218697318,0.008647479600059984,0.0020529290007089075,-0.0008527839408669471,0.0,0.0009306843397070647,-0.00027806076335802046,0.0010311045595512835,-0.016164090536838795,0.0007194742179653894,0.0003051738203054494
2020-02-26,69.48361206054688,0.015738714990451756,0.020208704822011224,0.0021504529139089136,-0.000657982758914824,0.0,0.0009162631227035276,2.5448459976478853e-05,0.00019797149257326215,0.016164090536838795,0.001973197497067815,0.0014876994192086373
2020-02-27,70.58584594726562,-0.0676023530758233,0.01329295865925704,0.0022025010344382703,-0.0007616344859807854,0.0,0.0009223007813054617,0.0010978834847740634,0.002327049831336424,0.016164090536838795,0.001217644562238945,0.0007129441303862245
2020-02-28,65.97179412841797,-0.000585457319781889,0.011272982991465445,0.0019314036201055844,-0.0003354788849992417,0.0,0.000894399863611191,-0.0006826340573435494,-0.00019043522013579856,0.016164090536838795,0.0018852591511794247,0.0007868090828597606
2020-03-02,65.93318176269531,0.08901847528844178,0.009781804837864717,0.002185713555840122,-0.0007327043447347689,0.0,0.0008937975611352474,0.0007491301530336067,0.001835413213536001,-0.016164090536838795,0.0015070900574501824,0.0003681432931306809
2020-03-03,72.07161712646484,-0.032274512853971114,0.0053762046133685485,0.0020330611160130547,-0.00028855020237774796,0.0,0.0009296497489819954,0.002663448958316916,0.005655847772194712,-0.016164090536838795,0.000965929988823039,0.0001241649743852686
2020-03-04,69.78267669677734,0.04534074469004182,0.012710510937161284,0.0021759432803890124,-4.996481365099445e-05,0.0,0.0009161466328360202,7.211795987459768e-05,-0.002342663027999206,-0.016164090536838795,0.001812530116651098,0.0008519083429893817
2020-03-05,73.01950073242188,-0.03297469360947547,0.0029162867120675886,0.001925394070325482,0.00018958451167776192,0.0,0.0009342054125340715,0.0017303079831077384,0.0022625936898911783,-0.016164090536838795,0.0008505538995616978,6.120887900923941e-05
2020-03-06,70.65097045898438,-0.013369007802928093,0.00781984626138706,0.0019336478678040254,0.0003022958759009464,0.0,0.0009204269082585696,5.7159138890478856e-05,0.002262490857363662,-0.016164090536838795,0.0017283644344064824,0.000591666298343061
2020-03-09,69.71272277832031,-0.08239512327214313,0.007775781562002057,0.0018019915183309274,7.392759493134713e-05,0.0,0.0009146229136561381,0.00047601947166235923,-0.0038999738243825598,0.016164090536838795,0.0018722543104011146,0.0006129581293925458
2020-03-10,64.19900512695312,0.06954647982089157,0.014887385826497795,0.0016650197883148511,-0.000653086481242282,0.0,0.0008807984125656797,-0.0009986701658575023,0.0018183026989768347,-0.016164090536838795,0.0030960552327305305,0.001249711165344016
2020-03-11,68.82273864746094,-0.035348102552550706,0.004987700812785119,0.0018023453471336117,-0.00036465013082761816,0.0,0.0009086659780723053,0.0022474448163681097,0.000953739605803394,0.016164090536838795,0.0017502927703073165,0.00021225799561294298
2020-03-12,66.43247985839844,-0.10397787833387051,0.018931740206844842,0.0017545219762292244,-0.0007507850206383029,0.0,0.0008939573498651561,6.45309017025203e-06,0.002230844999599273,-0.016164090536838795,0.0033781939993791773,0.0015854663068041721
2020-03-13,59.87195587158203,0.11315750230091273,0.013210597015741843,0.0013792856879596249,-0.00045602936970136375,0.0,0.0008514302469925949,-0.0014597690560717957,-0.003908114153401392,-0.016164090536838795,0.0042108647171694115,0.0013097815143429648
2020-03-16,67.04511260986328,-0.1377080374100291,0.009359886439981395,0.0014621059550233083,-0.0004911211661658047,0.0,0.0008969535838608238,0.003179160624157059,0.008817687416129061,0.016164090536838795,0.0029016960746565965,0.0008497108588890774
2020-03-17,58.41996383666992,0.04303074974321621,0.02070224657167484,0.0015331048716397914,-0.0006277968746716708,0.0,0.0008407927285148391,-0.0021803878497469492,-0.0036448646047218336,0.016164090536838795,0.005148825429816598,0.0019417476980987307
2020-03-18,60.98868942260742,-0.024784436709717295,0.018407771027917783,0.0017901177800249226,-0.0007849634618816557,0.0,0.0008578806009387765,0.0016809567254330074,-0.0007291635616115734,-0.016164090536838795,0.004371752881623724,0.001499760889227865
2020-03-19,59.495697021484375,-0.0076917027185053775,0.01961729707797946,0.0016816735875491535,-0.0008971984879932621,0.0,0.000847499095954705,0.0002321376509593731,0.008726683464823833,-0.016164090536838795,0.00456451721414011,0.0016655026622071289
2020-03-20,59.03982925415039,-0.06559013026186869,0.013968087498511448,0.0014615455855818893,-0.0006558291964064515,0.0,0.0008440433283244098,0.0005973107093355983,-0.006665140781108599,-0.016164090536838795,0.004007119262335703,0.0012842687582394273
2020-03-23,55.29166412353516,-0.02147307298343136,0.014157524461319284,0.00027756097847436625,-0.0006870627173938354,0.0,0.000817168662632584,-0.0006396444712724144,0.005450059694934625,0.016164090536838795,0.004554843115009845,0.002053990675701155
2020-03-24,54.11703872680664,0.09560589190070296,0.016386956797448046,0.00038886542760900155,-0.000671977904422763,0.0,0.0008081552208023924,0.0003028823790962316,-0.0009926637048303603,-0.016164090536838795,0.004481453519891471,0.0022170422535914202
2020-03-25,59.546348571777344,-0.005524234595776504,0.005982312947566156,0.0013058833127266788,-8.948976707295973e-05,0.0,0.0008464728184903069,0.002804184025763385,0.005106937072616749,0.016164090536838795,0.0029691845336448875,0.0007034033465055231
2020-03-26,59.21830749511719,0.05128527115165376,0.01022761731233301,0.0013539147898839721,-0.00029755561509031204,0.0,0.0008438987952926234,0.0006436169915088785,-0.0005273418029420653,-0.016164090536838795,0.003411383497714769,0.0010582348923490323
2020-03-27,62.33456039428711,-0.04228374646625923,-0.004419132777992638,0.001367312111642243,-4.8404411458432585e-06,0.0,0.0008642709165997158,0.0018573081990884777,0.0015867728126662578,0.016164090536838795,0.0018938934525514204,-0.000389483136524405
2020-03-30,59.75376892089844,0.02813832321467788,0.00016488516170832883,0.0009756304314708956,-3.3424581660031444e-05,0.0,0.0008468514505589976,-0.00014172158458216407,0.002262452996538803,-0.016164090536838795,0.0028333009655509174,0.00032786335271666443
2020-03-31,61.45901870727539,-0.002043037064530165,-0.010054135390938287,0.0010600830620637765,3.388773509485632e-05,0.0,0.0008578649581312813,0.0013627915363611108,-0.002776203188820176,0.016164090536838795,0.0013736869642676825,-0.0007653459568578596
2020-04-01,61.33358383178711,-0.05405168278271937,-0.004623639129963985,0.001039552591385906,-0.00042471010123014353,0.0,0.0008566947677227854,0.0007179900876999611,0.002684328788343032,0.016164090536838795,0.0016317624570565041,-0.00030822584060432993
2020-04-02,58.10640335083008,0.016549077534501952,0.005530314182167095,0.0009171431807192393,-0.0005305843982598681,0.0,0.0008345542929040586,-0.0003931344537971088,-0.003528111326301539,-0.016164090536838795,0.002859762209406506,0.0007926911948641896
2020-04-03,59.07601165771485,-0.014475828285332294,-0.0006182146543542552,0.0008717987792071092,-0.0005421264672253039,0.0,0.0008408882402001482,0.0011151962545601312,0.003520952392667416,-0.016164090536838795,0.0019838077866274244,0.00018318513234475168
2020-04-06,58.22699737548828,0.08364008684552576,0.006440746624203674,0.0012338294431305115,-0.0006055794848323304,0.0,0.0008347171215355501,0.0004523731070233964,0.0005783689765582328,0.016164090536838795,0.0022056600830119653,0.0006648259628133286
2020-04-07,63.30657577514648,-0.011649692879458483,-0.00026884353675407256,0.0009789666649457622,0.00011718726074270633,0.0,0.0008680660420848816,0.0025485438437901947,0.00131405092097122,-0.016164090536838795,0.0018316824501822125,0.0003194440214684493
2020-04-08,62.5733528137207,0.025272596351592406,0.009050202903654981,0.0015080874410712448,-0.00038184250133680277,0.0,0.0008630266866414261,0.0005127513069110728,0.0024373032437927794,-0.016164090536838795,0.0023213031317778003,0.0008162274095555595
2020-04-09,64.17489624023438,0.00719001666561952,-0.0003677590381361484,0.001366581210688026,0.00019927789138669534,0.0,0.0008728494510941228,0.0013015674955726758,-0.0012819000410876028,-0.016164090536838795,0.0014786652457887577,8.20327370982853e-05
2020-04-13,64.63797760009766,0.019437402174633227,-0.006238626339718288,0.0015440886185054163,0.0002914940714667901,0.0,0.0008753905481232963,0.0009152471485378754,0.0031603075500262136,-0.016164090536838795,0.0007191496331075155,-0.0006149091101627124
2020-04-14,65.90666198730469,0.04926930925706789,0.0011868120181129749,0.0012076247952927815,0.0003020243923820727,0.0,0.0008828541635742452,0.0011769030793994128,-0.0024377064858447663,-0.016164090536838795,0.0016616592619008975,0.00037081602555755677
2020-04-15,69.23516082763672,-0.00916939362936515,-0.0033379887533702217,0.0012697589033924574,-5.05737233313713e-07,0.0,0.000902302095685778,0.0018142387304479223,0.002440565961207081,-0.016164090536838795,0.0009305937837386627,-0.0002141476673681636
2020-04-16,68.60321807861328,0.007914583313194024,-0.0001513501257358566,0.001654834384244663,0.0007775894518552571,0.0,0.0008982556128713743,0.0005657409844729256,-0.0008740589794242714,-0.016164090536838795,0.0013210822683649846,6.78594066502383e-05
2020-04-17,69.1483383178711,-0.01366174095233984,-0.0026057738962071714,0.0017225894687303432,0.0007088647102542563,0.0,0.0009010734151606604,0.0009307269552690997,7.072585341234003e-05,-0.016164090536838795,0.000979631568085258,-0.00024683654436533586
2020-04-20,68.21007537841797,-0.02097516623345076,-0.0007597299831683024,0.0014772668809294714,0.00018794254370778363,0.0,0.0008952272431945823,0.0004697654540479885,0.0009622897709435985,-0.016164090536838795,0.0011050169590944598,-3.2262423426314e-05
2020-04-21,66.79425811767578,-0.03139795363853419,0.0006438868562018942,0.0015072724786792217,-0.0009236879571782854,0.0,0.0008864510018315626,0.00031351977219964413,-0.0015770264675599535,-0.016164090536838795,0.0012194133215714643,-0.0001909271208584859
2020-04-22,64.7296371459961,0.028396488747030973,0.002365853059708829,0.0016548703933705997,-0.0012873731440930002,0.0,0.0008735009799140472,9.084497041097768e-05,0.0010222032872915594,0.016164090536838795,0.001270652238404378,-0.00020052752828956307
2020-04-23,66.59407806396484,-0.003883056474620133,0.0008172056504537762,0.0014202104810984043,-0.0005235792382987616,0.0,0.0008845366606546715,0.001368307043538908,0.00153533409752622,-0.016164090536838795,0.0013077577138306757,-1.484622169093037e-05
2020-04-24,66.33599090576172,0.028460820175568037,0.001388516083982291,0.001540734952518913,-0.000872601485045604,0.0,0.0008826258016826175,0.0006786794943332336,0.0012547849290425511,-0.016164090536838795,0.0011619046293768925,-0.00012230331835536544
2020-04-27,68.25109100341797,0.0007067853190584775,0.004112188336879503,0.001514039063127014,0.00017840102857345351,0.0,0.0008936747577618984,0.001369681434816551,0.0008814571136576844,-0.016164090536838795,0.0014462132757354059,0.00044536983881157997
2020-04-28,68.29934692382812,-0.016342585467621844,-0.003280021767261058,0.0016563281005958176,-0.0007525769262731356,0.0,0.000893599912171709,0.000776737918814793,0.002310042188677767,0.016164090536838795,0.00025666030207108974,-0.0006481943835784066
2020-04-29,67.19223022460938,0.03231750734440611,-0.0006380641807307709,0.001751782633157116,-0.00039998604267090225,0.0,0.0008866999180244737,0.0004124912818073166,-0.0012242160991368183,-0.016164090536838795,0.0005518534501314286,-0.000345957980558136
2020-04-30,69.39918518066406,0.020876631948860882,-0.0002297207123599681,0.00165927591121641,-6.67720764827278e-06,0.0,0.0008992772719365912,0.001452076577066412,0.0022630740289078222,-0.016164090536838795,0.0006413483549882145,-0.0001438362613719659
2020-05-01,70.86323547363281,-0.016230488459540688,-0.0009799155762822097,0.0016391017683023046,0.000744930920892461,0.0,0.000907268213807361,0.0012076511117873885,0.00043863703151589945,-0.016164090536838795,0.0009147114032345049,-1.607688976730439e-05
2020-05-04,69.72237396240234,0.014049537971761608,0.004320161059780929,0.001370123713829944,-0.00048563176158610835,0.0,0.0009004158520827115,0.0004148861477952192,-0.0007582834425320881,-0.016164090536838795,0.0014614783694469583,0.00038904714216607124
2020-05-05,70.70885467529297,0.014897513832328764,0.0005613263434100876,0.001849652787952669,-0.0010664286141195416,0.0,0.0009056712965749893,0.0010617955225808262,0.0019195149951142776,-0.016164090536838795,0.0005503649613601238,-0.0004552336824951773
2020-05-06,71.77012634277344,0.010264713683217828,0.002581095128911581,0.0019573375371235613,-0.0007758455658124862,0.0,0.0009112613255545153,0.0010799118718197325,0.0006978292899493612,-0.016164090536838795,0.0006309090272701512,-0.0002410178608501833
2020-05-07,72.5106201171875,0.010291123678759598,0.0006810628225704112,0.0018995455394957635,-0.0009790972104694235,0.0,0.0009149967298507067,0.000980935675257703,-0.0004221010634437901,0.016164090536838795,0.0004585757619111542,-0.0004524494180835044
2020-05-08,73.26068878173828,0.023523360137234713,0.0009612182701718286,0.001738960975686398,-0.0006187674960191019,0.0,0.0009187396947005705,0.0009814999044119536,0.0014308880080744122,0.016164090536838795,0.000558173111267613,-0.0002284285960756704
2020-05-11,75.00445556640625,0.015612735393269697,0.0032690679161977558,0.0017893735111343206,0.00024121912941814133,0.0,0.0009277598943983097,0.001264196415056951,0.0008170752777738262,-0.016164090536838795,0.0007969620224347182,0.00019799094555446501
2020-05-12,76.1846694946289,-0.011494073206837757,0.0021545878479111314,0.0019806655495695573,-0.0007631668609587818,0.0,0.0009336174833487968,0.0010951920279936777,0.0004391250379213752,0.016164090536838795,0.00027994380674137547,-0.0002967989460979395
2020-05-13,75.31401062011719,-0.0121474632098219,0.0004221433003387966,0.001419517877475451,-0.0009748710156621418,0.0,0.0009286622637753573,0.000516076001007619,-0.00022426873757271494,0.016164090536838795,0.0007174434230146732,-0.00017075924444983975
2020-05-14,74.40467071533203,0.00612422879353284,0.0002912816014624684,0.0015069087744640731,-0.0011889740525713108,0.0,0.0009234505756631225,0.0005021168283074035,0.0003774567930883135,-0.016164090536838795,0.0006991112407740195,-0.0002950496159594523
2020-05-15,74.86174011230469,-0.005929525831048921,-0.0008561144499799763,0.001685734790709166,-0.0009000912612541452,0.0,0.0009255225988574928,0.0008924774139225537,0.000772430599955485,-0.016164090536838795,0.0004033878611266622,-0.0004542191970291975
2020-05-18,74.41915893554688,0.023287893191794085,0.0026383184417519056,0.001678428430667898,-0.0012909750201415635,0.0,0.0009227925915178247,0.0006349582573360071,0.0001390541101138062,-0.016164090536838795,0.0006174776503694299,-0.00018836895866925548
2020-05-19,76.17256164550781,-0.005795052190953309,0.004337952498891064,0.001516269822457211,-0.001249157224765921,0.0,0.0009316958958969156,0.0012591658456549307,0.0013373022206598843,0.016164090536838795,0.0007814758028034936,0.00010186420569297818
2020-05-20,75.73241424560547,0.019261343098550942,-0.0007736150758046151,0.0013241346405748703,-0.0015604665960620673,0.0,0.0009290191159180656,0.0006378311827819859,0.001167167447781927,-0.016164090536838795,0.00039602631663216716,-0.0003831872347647581
2020-05-21,77.20526123046875,-0.007483376936040147,0.00713380356920849,0.0010823411578715673,-0.0004198210494691608,0.0,0.0009363112097854614,0.0011731417132364037,0.000402124670526276,0.016164090536838795,0.0015049280136379662,0.0008810193763717097
2020-05-22,76.6296615600586,0.006417731479556303,-0.000392547245238691,0.0008973875686242379,-0.0010010364027137333,0.0,0.0009329634212582941,0.0006017614287559415,0.0012839445139337885,-0.016164090536838795,0.000824499503325195,7.265963523100916e-05
2020-05-26,77.12303161621094,-0.006796735875604905,0.006400088124053622,0.0010131957477859594,-0.0003027300903578849,0.0,0.0009351433767663616,0.0008987478720922024,-0.0003453978588354409,0.016164090536838795,0.0015192329745891899,0.0008794211273581798
2020-05-27,76.60062408447266,0.004347621205828232,0.0038054758507649906,0.0004864981509939037,-0.0013773521217384241,0.0,0.000932071513734033,0.0006164309846136965,0.0013382902268276368,0.016164090536838795,0.001354721901047151,0.0006733946348813278
2020-05-28,76.93437957763672,0.00044010792723709095,-0.0006074199573645478,0.0003701527855236822,-0.0008838710167133971,0.0,0.0009334279671463023,0.0008545215651583912,-8.495328077108197e-06,-0.016164090536838795,0.001108590668903097,0.0004180401694517017
2020-05-29,76.96824645996094,-0.0009743670843963251,0.0003967457365027144,0.0004016186195676958,-0.0008940985719343475,0.0,0.0009332321275115627,0.0007710405623344734,0.0012958717453179372,-0.016164090536838795,0.001230057557416466,0.0004990766412703037
2020-06-01,76.8932876586914,0.01222278867931448,0.002375222739029235,0.002116774928297066,0.0009398733277287012,0.0,0.0009324751436973135,0.001029945736659224,0.0009407726466337855,0.017292456759059917,0.0009063865818026129,0.0002503258228376197
2020-06-02,77.83890533447266,0.004618770151642707,0.0018196429297100596,0.0016664500611207906,0.0009173019220193417,0.0,0.0009369536496614616,0.0003706449530892738,0.0003803722517452178,-0.017292456759059917,0.0009069560146022594,0.0005374277398714953
2020-06-03,78.19925689697266,0.005489827169707206,-0.00027627531867028404,0.0017650006957239893,0.0010660142851626193,0.0,0.000938413529321248,0.0007505249411212374,0.0009314265066769374,-0.017292456759059917,0.0009061957081548637,0.00025313978602577256
2020-06-04,78.6297378540039,-0.008649040739155983,-0.0007573475105879901,0.001958807426881093,0.0011430311820963877,0.0,0.0009402174982631368,0.0007070088544108576,0.0005947978871764615,0.017292456759059917,0.0009057079141604047,6.13887998817522e-05
2020-06-05,77.95259857177734,0.028082875086627077,-0.0013357832914278936,0.0017534602140576684,0.0009754434131272171,0.0,0.0009364182675827014,0.0014133554989460592,0.0014459633764643993,-0.017292456759059917,0.0009058056173406855,0.0001275406313537567
2020-06-08,80.17276000976562,0.005894906362186661,0.006063597852246384,0.0026153217263961905,0.0012466705644737452,0.0,0.0009471693395902437,-0.00042168996990841557,-0.0006633221429614973,-0.017292456759059917,0.0009064559212309408,0.00032651650068962453
2020-06-09,80.64676666259766,0.0310898254222056,0.0006552354248671539,0.0021286492314050876,0.0011817250940774856,0.0,0.0009491280636688647,0.0006867719917268565,0.001220781743449222,-0.017292456759059917,0.0009058565997577167,9.284211902179154e-05
2020-06-10,83.19344329833984,0.025402369431703466,0.0006666490844215603,0.001319241748297781,0.0010888471693034458,0.0,0.000961055526018899,-0.0005719105740975567,-0.000920981248519586,-0.017292456759059917,0.0009071657351288026,0.000712128010547331
2020-06-11,85.33382415771484,-0.049201513975230676,4.175215812978047e-05,0.0007591187443805173,0.00131296298055208,0.0,0.000970723767279059,-0.0002877778216927838,0.00015872228567786724,0.017292456759059917,0.0009079043724464991,0.0011222799573432955
2020-06-12,81.23688507080078,0.008596399714781868,0.005022839791652734,-0.00044744645367693955,0.0003438071211241666,0.0,0.0009508850018609056,0.003439267586288561,0.0032667526024254792,0.017292456759059917,0.0009118201162665255,0.00244904353226136
2020-06-15,81.93824005126953,0.01229150120048432,0.0010856765842693567,0.001260354022612395,0.0006710130747632924,0.0,0.0009539069444351828,0.0005518113444430953,-0.0005254430589922802,-0.017292456759059917,0.0009080006885161628,0.0007294201734709691
2020-06-16,82.95159912109375,0.02615677204750113,-0.0006667056928550828,0.0016866966987506271,0.0010627113725885423,0.0,0.0009583864364367826,0.0003672122271398755,0.0011381945101519692,-0.017292456759059917,0.0009069188212929005,0.00027038138631644247
2020-06-17,85.14997100830078,-0.0013925389128992833,0.0011707935177618191,0.0024830379906151494,0.0011555767355754087,0.0,0.0009683384054774872,-0.00032546611185378183,-0.0004214836657062623,0.017292456759059917,0.0009062052864275843,-0.00013230460537833858
2020-06-18,85.03147888183594,0.0003984761792770716,-0.0017360913156152782,0.0018468460859694558,0.0009126035559388739,0.0,0.0009674063575823524,0.001050836678551188,0.0014425378383161906,-0.017292456759059917,0.0009062630296275584,-1.760061274537917e-06
2020-06-19,85.06536865234375,-0.005731260777821569,0.002643033115268441,0.0020982476450244246,0.0011708565713957994,0.0,0.0009671818389642365,0.0009613615162662615,0.0005461586924985933,-0.017292456759059917,0.000907083615513075,0.0003365733412768753
2020-06-22,84.57923126220703,0.025827376472520085,0.004589345601698998,0.0015861444238856532,0.0009785812831436646,0.0,0.0009645394552889759,0.00126758964990742,0.001285310976404695,-0.017292456759059917,0.0009084636982585359,0.000920631127904141
2020-06-23,86.79214477539062,0.021120115276891022,0.005883781978676655,0.0022509662519846364,0.0010421136491120695,0.0,0.0009743434131033416,-0.0003090102357106322,-0.0004903570868840833,-0.017292456759059917,0.0009075423839806109,0.0005551758351290787
2020-06-24,88.64469909667969,-0.01780976599794519,0.002562224254538313,0.0020313853103249542,0.0013021720188537609,0.0,0.000982284198228997,-7.384585254251153e-05,0.00040015671691985024,0.017292456759059917,0.000907062779712828,0.0004037741033308985
2020-06-25,87.0799331665039,0.01318831542574881,-0.001501980972547431,0.0004978876834916405,0.0010134490680100657,0.0,0.0009748799231320016,0.0018710051205256192,0.0017962289254404957,-0.017292456759059917,0.0009083581385784307,0.001100637885510482
2020-06-26,88.23597717285156,-0.031207908931788535,0.0018093086005345309,0.002062418851229562,0.0009768606403980412,0.0,0.0009796902561381522,0.0003224093671888384,-0.0001928986592193249,-0.017292456759059917,0.0009067765866214274,0.00023649500253520586
2020-06-29,85.52484130859375,0.022785355810005316,0.0016761075528006868,0.0005890019977659825,0.0007983649884807083,0.0,0.0009670179729932993,0.002540346779654549,0.002929482701755249,0.017292456759059917,0.0009090507682005502,0.0013449294813266597
2020-06-30,87.49592590332031,0.00831247609758761,0.001240439350111839,0.001230863069172658,0.0006847913582902448,0.0,0.0009756044892613088,-0.0001570375953674054,-0.0009077389003395199,-0.017292456759059917,0.0009076831858580763,0.0007723181586155757
2020-07-01,88.22626495361328,-0.0018928325847798152,0.002237407793998309,0.0012822695097730488,0.0009292106250983914,0.0,0.0009784907487453082,0.0005659955419051667,0.0014389240487377819,0.017292456759059917,0.0009078345070943925,0.0008875287572639248
2020-07-02,88.0594253540039,0.0,-0.0007004756661473206,0.0012161604957874428,0.0010309774637344616,0.0,0.0009773616400809255,0.0010758302465435367,0.0007779101073280959,-0.017292456759059917,0.0009070373928106797,0.0006299145597753631
2020-07-06,88.0594253540039,0.026398402657265042,0.0008556080355076177,0.001972626681160056,0.0008608969208347543,0.0,0.0009769774570463025,0.00098126850697965,0.0009716031202672314,-0.017292456759059917,0.0009061873415125352,0.00017948067333373847
2020-07-07,90.41500854492188,-0.0031074630045399712,0.0024134267695700836,0.0017612508412042315,0.0010550843707723377,0.0,0.000986966229227135,-0.00033753744398050357,-0.0003754124177509626,-0.017292456759059917,0.0009069982480059189,0.0005542949521097748
2020-07-08,90.13448333740234,0.02302304653080705,-0.0009130223952600712,0.0012205821160335712,0.0009636934395024996,0.0,0.000985358048066975,0.0011365105023375772,0.0014955103535657988,0.017292456759059917,0.0009070260791588941,0.0005905408400989946
2020-07-09,92.23372650146484,0.004290961489315024,0.006261859903449088,0.001793258274921581,0.0009438986396943702,0.0,0.0009940104581505009,-0.00016891209933460154,-0.0005904303886136969,0.017292456759059917,0.0009079202372289609,0.0009385749274993383
2020-07-10,92.6303482055664,0.0017478802971808373,0.0037621828015666392,0.0013498733120128458,0.001015126034387979,0.0,0.0009953043949759185,0.0007669015386096108,0.00118966986327593,-0.017292456759059917,0.000908054854724069,0.0010202413024615815
2020-07-13,92.79239654541016,-0.004623875644995144,0.006462461163766704,0.0013978688730888911,0.0008909992145835877,0.0,0.0009955996385625034,0.0008939482638794978,0.0005256831632280852,-0.017292456759059917,0.0009084520758268952,0.0012614944893566751
2020-07-14,92.36432647705078,0.016413116084333188,0.002388407429484436,0.000647244691784879,0.0005216106507779661,0.0,0.0009933959227650298,0.0012122671320211201,0.0012168493835479927,-0.017292456759059917,0.0009088046918929816,0.0013286328665227476
2020-07-15,93.892822265625,0.006853435995956584,0.0032202857355232693,0.001484559248017934,0.0007758734628538861,0.0,0.0009994405014249939,0.00016130544153025793,-5.740022533631383e-06,0.017292456759059917,0.0009076504840312127,0.0008108010419146321
2020-07-16,94.53852081298828,-0.012381039311236247,0.004725163951228511,0.0017149651004110143,0.0008142979728146847,0.0,0.0010017343868068637,0.0006388859661366098,0.0009373413901832468,-0.017292456759059917,0.0009075551357083608,0.0008050052188633287
2020-07-17,93.37525177001952,-0.002022490005050861,0.004708193581810564,0.0017468945866284686,0.0009032470214968928,0.0,0.0009964924072933333,0.0015997979132744782,0.0014479368237189834,0.017292456759059917,0.0009075613277865698,0.0007941752924230736
2020-07-20,93.18659210205078,0.02085517004706901,0.005646494990058322,0.0017829098102288658,0.0008700717925083842,0.0,0.0009953103468343103,0.0010823076451823722,0.0008365853760600059,0.017292456759059917,0.000907521102920535,0.0008646429480809138
2020-07-21,95.15042114257812,-0.01389801806019252,0.006462614600142923,0.001315420259381425,0.0008483616744631574,0.0,0.0010030832860516235,-6.0609773439383816e-05,4.374832773744019e-05,0.017292456759059917,0.0009082889743465667,0.0013184564911094317
2020-07-22,93.83716583251952,0.002805379562170165,0.007699220441718565,0.001246300796994903,0.0008485848233388908,0.0,0.0009972534341947204,0.0016755828244896668,0.001971202287002788,-0.017292456759059917,0.0009087460878380417,0.001510723895262129
2020-07-23,94.1007843017578,-0.046584624383595306,0.004743675623617473,0.0013853908311634985,0.0007253052477647666,0.0,0.0009979605621290087,0.0008411179338814781,0.0003715291906228518,-0.017292456759059917,0.0009076805950362004,0.001049446498253333
2020-07-24,89.81767272949219,-0.0024805253814768526,0.00322202155511625,0.0009319519291566937,0.0005054627632541957,0.0,0.0009793590824786083,0.0033085335562314574,0.0035815855072343496,-0.017292456759059917,0.0009080255782761725,0.001195446999936692
2020-07-27,89.59515380859375,0.023423767885416214,0.00024278410491282041,0.0024280328234576078,0.00037857685963119526,0.0,0.000978007036967098,0.0011051900819730933,0.0002806520056702263,0.017292456759059917,0.0009050066995653126,-0.0003334358833513469
2020-07-28,91.71858215332033,-0.016563834437375965,0.00516807359824362,0.0031850759491682894,0.0002153161431975363,0.0,0.0009867749122985231,-0.00018893125405379583,0.0005071285192551146,0.017292456759059917,0.000905017390474373,-0.0004070557468993058
2020-07-29,90.21188354492188,0.018986918324996698,0.009668026444099363,0.0032995487456426694,0.00017531000760249798,0.0,0.0009799218824860772,0.001808761128800023,0.0021161945301094937,0.017292456759059917,0.0009060687979440725,-1.8503356386239539e-06
2020-07-30,91.94109344482422,0.012027386255327021,0.006265862135483961,0.004494245567178874,0.0002501189932871652,0.0,0.0009869503744620767,3.2723960459187787e-05,-0.0003930542639033578,-0.017292456759059917,0.000903352656377948,-0.0013050324978553748
2020-07-31,93.05358123779295,0.0995636755452514,0.0014265078082509892,0.004931516353963588,0.0006388033640627433,0.0,0.0009912579967331905,0.0003804068270531055,0.0009447668971899463,-0.017292456759059917,0.0009016742278020118,-0.0021177200691158355
2020-08-03,102.79524993896484,0.02488545744800732,-0.0009651313719746715,0.003796517783272838,0.0009484181774610284,0.0,0.001029702777368338,-0.00399271304460515,-0.004183190686846005,0.017292456759059917,0.0009027948776105161,-0.0014383857369932784
2020-08-04,105.3854522705078,0.006655818078238297,0.0003229252429141965,0.003046885725477824,0.0013479672701724303,0.0,0.0010390032665186847,-0.00026195403950899764,0.0011261043156898728,0.017292456759059917,0.0009043560823197373,-0.0006343299400778245
2020-08-05,106.08921813964844,0.003618029439135056,0.0015938253138345457,0.003381421965078181,0.001432943637556254,0.0,0.001041192204481163,0.000648758521278938,-0.0004811522390759896,0.017292456759059917,0.0009041834625857043,-0.0007394810953549164
2020-08-06,106.47374725341795,0.03429463438748295,0.0003809621059652152,0.0031452101190730625,0.0014795909645617957,0.0,0.0010421960366723021,0.0008005197390701193,0.0006309182579919223,0.017292456759059917,0.0009041576714891086,-0.0006811354277338998
2020-08-07,110.18856048583984,-0.022998253704183246,-0.005353369360958323,0.0020189365148168773,0.00160336251125716,0.0,0.0010551448055004995,-0.0007320157588684639,-0.0010849286748990752,-0.017292456759059917,0.0009043228686680485,-0.0004153691520497999
2020-08-10,107.68333435058594,0.014430106075663736,0.0026785601932579756,0.0025990161401288304,0.0015259134244252118,0.0,0.0010457818633013232,0.0021302105183790086,0.002505027736915856,-0.017292456759059917,0.0009054919843814677,1.2071910137996327e-05
2020-08-11,109.24848175048828,-0.03019116894163776,-0.007722793565849859,0.0015675255361957794,0.001363774250118146,0.0,0.0010509897715551607,0.000260372246222969,-0.0005971162480940023,-0.017292456759059917,0.0009042226567372638,-0.00036915299288340004
2020-08-12,105.99943542480467,0.03269421116734308,-0.003130855854208778,0.001430969890903946,0.0014427847993054355,0.0,0.0010388380178744166,0.002489552693095642,0.003068270088976446,0.017292456759059917,0.0009058217877570576,0.0002647555724092695
2020-08-13,109.52227783203124,0.017542517855892687,-0.007841035551180278,0.0019966981575161614,0.001409744657843605,0.0,0.0010511457057241322,-0.0006520621459859658,-0.0014575752673399436,0.017292456759059917,0.0009036001400393373,-0.0007106319576982672
2020-08-14,111.46052551269533,-0.0008915386904476721,-0.01245210526260443,0.0023290861382516343,0.001429978476008583,0.0,0.0010575551002636459,0.00010488302095066672,0.001130953577768698,-0.017292456759059917,0.0009019145956780139,-0.00148229887818704
2020-08-17,111.36119842529295,-0.0026143438080464187,-0.0028856163015810845,0.0025264535885072617,0.001509443955149807,0.0,0.0010567978765687307,0.001025807812851251,0.0007177295832294303,0.017292456759059917,0.0009041326004322684,-0.0005550072001720573
2020-08-18,111.07044219970705,0.008298289061077059,-0.003927821086362871,0.002231776221704621,0.0014705517601896366,0.0,0.001055372190477618,0.0011118753553057015,0.0009923560004509431,0.017292456759059917,0.0009042095614183123,-0.00044724872773683317
2020-08-19,111.9959716796875,0.001254089476885485,-0.004378188370442673,0.0026843695543861145,0.001457417026682481,0.0,0.0010581838818093726,0.0005667042949467624,0.00045124020266140447,0.017292456759059917,0.000903444931495446,-0.00085486762177363
2020-08-20,112.13651275634766,0.02194687424729772,-0.0032794387817551463,0.00270978816968256,0.0014430857668422214,0.0,0.001058259902606841,0.0009186169637546316,0.0010168971612761625,0.017292456759059917,0.0009037844613307397,-0.0007547692639487897
2020-08-21,114.62476348876952,0.05024860627120858,-0.007345427462918186,0.0027447813147430077,0.0014054316487419585,0.0,0.0010663625458747583,-0.00011514890653172602,-0.0002156652593945916,-0.017292456759059917,0.000902681227476073,-0.0012428317119633136
2020-08-24,120.53166198730467,0.01188929590743102,-0.0051436755810456815,0.0024779656053740265,0.0014475352806978168,0.0,0.0010854328226197502,-0.0015290409931175484,-0.0011955781233385036,-0.017292456759059917,0.0009036395026777917,-0.0007802060991196299
2020-08-25,121.97325134277344,-0.008237483019728624,-0.007030044759035716,0.002517010474362918,0.0015351623140140314,0.0,0.0010896203664510723,0.0003873055161495567,0.0007868157273769384,0.017292456759059917,0.0009031112929554267,-0.00100549668500266
2020-08-26,120.97262573242188,0.013507336669635958,-0.008706244544766897,0.0033477731245035313,0.0015489700372165642,0.0,0.0010860066107803324,0.0013927949833500515,0.0008616054741689028,0.017292456759059917,0.0009014423871407132,-0.0018416538517888573
2020-08-27,122.61772918701172,-0.012026293679551476,-0.005330553980270604,0.002523878873072703,0.0015407937309940727,0.0,0.0010908173505397654,0.0003064717697370739,4.382031722309065e-06,-0.017292456759059917,0.0009036291013190808,-0.0008201865275411443
2020-08-28,121.15192413330078,-0.001621251016009448,-9.399840373626477e-05,0.0021024075935808222,0.0015020657411390537,0.0,0.0010857391039156494,0.0015820756042311227,0.0017411701861260007,-0.017292456759059917,0.0009056980923355921,8.781029264411176e-05
2020-08-31,120.9556655883789,0.033349941179988324,0.006138924712542162,0.0017599797171811453,0.0013810386550536403,0.0,0.0010846915071200127,0.0010622626305890584,0.0006336763348583966,0.017292456759059917,0.0009076236637962902,0.0010301124499555838
2020-09-01,125.05754852294922,0.03905969314862775,0.0005091103748069381,0.0018543888271824677,0.000899711425972715,0.0,0.0010971732284634822,-0.0006848209706060507,-0.00048300222956053373,0.017292456759059917,0.0009061647247498254,0.00024057286765859253
2020-09-02,130.03890991210938,-0.020936160776340855,-0.005417131884926339,0.001786197133302964,0.0013339349164474719,0.0,0.0011118532439005138,-0.0009700675808844116,-0.0005110296315756204,-0.017292456759059917,0.0009048671277255029,-0.0002887325281113323
2020-09-03,127.34469604492188,-0.08344784444870464,-0.000552031696651774,0.0020152950137639165,0.0011133555381754937,0.0,0.0011033306254156893,0.002027192905534052,0.0021575875754335397,0.017292456759059917,0.0009057532887301638,3.4626047176252654e-05
2020-09-04,117.14936065673828,0.0006617802807505961,0.010511833186055343,0.0017890464043115346,0.000875448752773891,0.0,0.0010706601559125517,0.005150138695171202,0.0043110936660802944,-0.017292456759059917,0.0009095221519825973,0.0014038160881745445
2020-09-08,117.22691345214844,-0.06966639300905249,-0.006831187370108798,0.0027711262813192006,0.0002107003628153049,0.0,0.0010705022262581822,0.0009482074243144162,-4.8336437526120754e-05,-0.017292456759059917,0.0009030704029393521,-0.001422442728091737
2020-09-09,109.33811950683594,0.03911156904878092,0.011195108437365235,0.004462768691816183,5.6407989390264124e-05,0.0,0.0010431906836962865,0.004461647788829196,0.005512068983111686,0.017292456759059917,0.0009052952226003244,-0.0007652766928470333
2020-09-10,113.69923400878906,-0.033190259895871745,0.0009571055396792368,0.004495447375904533,-0.0006351482851067035,0.0,0.0010578832264848176,-0.0009726591863963682,-0.002052389873458016,-0.017292456759059917,0.0009020748897217129,-0.0020587808766254537
2020-09-11,109.98746490478516,-0.01321599632935239,0.016435365750096593,0.004779727190415351,-2.7105477352962204e-05,0.0,0.001044670208304896,0.002639380659933857,0.004521068258050884,0.017292456759059917,0.0009059968621976748,-0.0004441379563579718
2020-09-14,108.5434341430664,0.029558928488522786,0.011911280358418857,0.004165603962314403,-0.000713517345695681,0.0,0.0010391705297327183,0.0016415105236389721,0.0004799976824878593,-0.017292456759059917,0.0009051829242469333,-0.000591693148651249
2020-09-15,111.79975128173828,0.0015589238334066575,0.004585170527681382,0.003413784994001665,-0.0008215520651952352,0.0,0.001050165039354457,-0.0004954303410827038,9.136105802376709e-05,0.017292456759059917,0.0009042372943243506,-0.000839248471020793
2020-09-16,111.97417449951172,-0.029957845401671516,0.006182283226411159,0.003586870187554362,-0.0002573636804321911,0.0,0.0010503610928396408,0.0009033881118935288,0.0013520198522397925,-0.017292456759059917,0.0009045937621342124,-0.0006945874594810712
2020-09-17,108.66941833496094,-0.016092545997686385,0.007366741729804128,0.0037973773960320143,-0.0003570097028768944,0.0,0.0010384164832500757,0.002477896363847179,0.0021640747766525953,0.017292456759059917,0.0009045989140646314,-0.0007455397958799352
2020-09-18,106.93464660644533,-0.03223391121303333,-0.005556975700878033,0.0036851541257529605,-0.0004732053323572255,0.0,0.0010318200402462496,0.0017852165982103932,0.001402024510346839,-0.017292456759059917,0.0009014040709408126,-0.002120957236717268
2020-09-21,103.54268646240234,0.029875061474282146,0.000365777653006394,0.0035927596687365363,-0.00033290137861174745,0.0,0.0010190156787168885,0.002591603589840068,0.00268336958500564,0.017292456759059917,0.0009030697218042357,-0.0013620557738653577
2020-09-22,106.68270111083984,0.015593667380630779,-0.015306447360242129,0.003141247809301524,-0.0006486217359315859,0.0,0.0010301184281572753,-0.0005112236475310963,-0.0007983258007258861,-0.017292456759059917,0.0008997219005981255,-0.0028142504986850983
2020-09-23,108.35931396484376,-0.04285130648158755,-0.011748495763992822,0.002416826678588358,-0.0008666745200767915,0.0,0.001035719793138996,0.00020224329072439872,0.0011985580675454516,-0.017292456759059917,0.0009015267640973393,-0.0018884639698347663
2020-09-24,103.81405639648438,0.010216452042135704,-0.003965889172669913,0.0031824976262461316,-0.00030839597303308416,0.0,0.0010188466573163406,0.0031220252310908483,0.0029245200168451207,-0.017292456759059917,0.0009028107263977693,-0.0015192940111735387
2020-09-25,104.8801040649414,0.03682935002679471,-0.019273696888471657,0.0027932074552316976,-0.0007844101459145326,0.0,0.0010223814787555488,0.0004708771046741183,-0.0002378009490180662,0.017292456759059917,0.0008992148066284283,-0.0030086440911866585
2020-09-28,108.81478118896484,0.02358877314657844,-0.022435213916053146,0.0015875317605449472,-0.00021616024547099202,0.0,0.001036137517383301,-0.0008586445595772125,-0.00016216512219381207,-0.017292456759059917,0.0009001661709514141,-0.00231296785069308
2020-09-29,111.41210174560548,-0.007596744189838809,-0.0027528778319741735,0.0008274995736812545,3.525561469552797e-05,0.0,0.0010447982837539598,-0.00019717455283159479,8.978919957422667e-05,0.017292456759059917,0.0009064559380483534,0.000525376668957842
2020-09-30,110.56893920898438,0.014963295565445072,-0.004849982317720459,0.0022232084386582746,5.7505438653253165e-05,0.0,0.0010414809929771486,0.0013607850851436773,0.0013364432899654248,0.017292456759059917,0.000903899581881727,-0.0007993240306444307
2020-10-01,112.23585510253906,0.00842658025688391,-0.005231511089988509,0.002580047197303063,0.0005504612751689763,0.0,0.0010468232088529997,0.0002337352757500788,-0.0002064013657802643,0.017292456759059917,0.0009034820557739602,-0.0010325154231490513
2020-10-02,113.18561553955078,-0.03281278158497725,0.0029451756964228495,0.00426713567006236,0.0005671493839606163,0.0,0.0010496539557068665,0.0005602951498677018,0.000797038670691161,0.017292456759059917,0.0009031887414196075,-0.001440115429638469
2020-10-05,109.53195190429688,0.030326522163242605,-0.001838697819502317,0.0035464114411045597,0.0004988474040316741,0.0,0.001036669892999549,0.0026205226763948777,0.0024302685733320123,-0.017292456759059917,0.00090305638652024,-0.0014211291499154717
2020-10-06,112.90455627441406,-0.029088413806010294,0.0022899871386419697,0.0024386491441045085,-5.40443909944734e-05,0.0,0.0010478963599486648,-0.0005337776274425196,-0.0010930263670982,0.017292456759059917,0.0009055546462119181,-0.00019161640599063838
2020-10-07,109.66764831542967,0.016824823298200273,-0.0003233960149367318,0.005352069012506289,1.0351324059549075e-05,0.0,0.0010363498809578759,0.002434461479653713,0.0033170619857406905,0.017292456759059917,0.0009008104588593941,-0.002756669718787145
2020-10-08,111.52839660644533,-0.0009565909874259398,0.0007391453360331431,0.004191662906659575,0.00022061064660364985,0.0,0.0010423967876668926,0.00014073745752188815,-0.0008049889760427193,-0.017292456759059917,0.0009027202005123069,-0.0016898836706598576
2020-10-09,111.42176055908205,0.017246359008135898,-0.002918997682608319,0.005341238304024965,0.0005547110243988067,0.0,0.0010416314784114972,0.0010290576820760073,0.0018573209754769683,-0.017292456759059917,0.0009000696153047352,-0.002939293348115206
2020-10-12,113.36004638671876,0.06158479448131273,0.0020000690809511773,0.005831575748738419,0.0008692306037037286,0.0,0.0010478330580248627,0.00011967846353566213,-0.0002834596696790481,0.017292456759059917,0.0009006266121515143,-0.0027179100928059847
2020-10-13,120.56075286865234,-0.026885557389699655,-0.00469203963664834,0.005214380487269696,0.001044778680575433,0.0,0.0010709918037874059,-0.0020953719437735827,-0.0016940015989613919,-0.017292456759059917,0.0008998621028678659,-0.00294894182741487
2020-10-14,117.3625946044922,0.0007428194813654435,0.005431853336655072,0.004019748085154893,0.0009294004047138391,0.0,0.0010603009627956326,0.00232441163350737,0.002922869849656232,0.017292456759059917,0.0009042741360533258,-0.0009029552397875791
2020-10-15,117.4498062133789,-0.003968334465803998,0.00044461632329462946,0.004713781801760104,0.0009690195084250995,0.0,0.0010601796013730675,0.0009441588846576995,-0.00032482112149587335,-0.017292456759059917,0.0009020180997659503,-0.0019967394386306322
2020-10-16,116.98464965820312,-0.014099667298622378,-0.002042269305522383,0.0058297431450384015,0.0010215916828751645,0.0,0.0010582581210264199,0.0011795177411037575,0.0016048327510453382,-0.017292456759059917,0.0008998250735201762,-0.003140042061701936
2020-10-19,115.3467788696289,-0.025873678194936408,0.004590201110718571,0.006447670211134241,0.0008849761275214279,0.0,0.0010524682335475623,0.0016856567755199837,0.0013619783493102955,0.017292456759059917,0.0009006361282722214,-0.002909190531060126
2020-10-20,112.4006118774414,0.013105602451019141,0.012083507003042837,0.007176305402717782,0.0002795567362848249,0.0,0.0010421871543461558,0.002273860381561098,0.0022134551062546206,-0.017292456759059917,0.0009014535206551953,-0.0027539835131978616
2020-10-21,113.88338470458984,-0.005461286152846764,-0.0003561309098132049,0.004759767992243806,0.00038670890971118424,0.0,0.0010467915113296189,0.0003265415249072936,0.000141033681413737,0.017292456759059917,0.0009017961141830269,-0.0022276219119851115
2020-10-22,113.26313018798828,-0.009629441999126255,0.0002678369255406315,0.005103836760145412,0.000321280680170945,0.0,0.0010443084599506885,0.001254102313319385,0.0018184688112258362,0.017292456759059917,0.0009013667009686897,-0.0024396878712789173
2020-10-23,112.17770385742188,-0.006152795440493158,0.004887135744324549,0.00564409204146952,0.0005305769323650993,0.0,0.0010402376169075622,0.0014623341827234202,0.001202551332137413,-0.017292456759059917,0.0009018099040590936,-0.0023099663581014015
2020-10-26,111.48961639404295,8.710942369015819e-05,0.005725996776365459,0.006356858410462799,0.0004465688533043554,0.0,0.0010374953244724114,0.0012886485915746455,0.0013321291897456665,-0.017292456759059917,0.0009009063792382666,-0.0027905878965365405
2020-10-27,111.49932861328124,0.013382212370850112,0.001960591899031483,0.005756467341583081,0.00047893961255840716,0.0,0.0010371331347236376,0.000976916712371514,0.000972051633960534,0.017292456759059917,0.0009012770389944093,-0.002734081270170138
2020-10-28,113.00146484375,-0.04741911407663955,0.0014631829038127457,0.006343464324365082,0.00025872220701528184,0.0,0.0010418360220516858,0.00031272270362844997,0.0004105603419407723,0.017292456759059917,0.0009002935174576324,-0.00328986369959059
2020-10-29,107.76809692382812,0.03638080428649371,0.006157333046096112,0.004503300361051012,0.0006700610845538268,0.0,0.0010233817379318492,0.0033502228200664712,0.003566094527086807,-0.017292456759059917,0.0009049973014507496,-0.0012482040100115013
2020-10-30,111.76097869873048,-0.0576482649022606,-0.0034310831568869606,0.006501302729260567,0.0002414491698773198,0.0,0.0010368409775772859,-0.0008362362040692333,-0.0017089046055260228,0.017292456759059917,0.0008991870615478085,-0.0039630276072577285
2020-11-02,105.5003433227539,-0.0008271342449239143,0.0033084912548760797,0.005936714428729466,0.00025012646594004776,0.0,0.0010145102675773474,0.0038612486255761615,0.005101391923850588,-0.017292456759059917,0.0009017997832561405,-0.0027664483381961993
2020-11-03,105.41311645507812,0.015236626259891162,0.012627200995248082,0.007305622495304458,-0.0007021037702895198,0.0,0.0010138097561614094,0.0010225903088557338,-0.0004743921356309456,-0.017292456759059917,0.0009017755516919927,-0.0029724869746091355
2020-11-04,107.03155517578124,0.04002514654563414,0.00524724989642553,0.008598759407716738,-0.0003415760978976194,0.0,0.0010192176711818388,0.00022008027733613615,0.0012635540853762148,0.017292456759059917,0.0008979723602402358,-0.004745093599327809
2020-11-05,111.40239715576172,0.03487807961861413,-0.0012605298896250733,0.005319794367028967,0.00028101171333659017,0.0,0.0010340431857673396,-0.0010182995024092664,-0.0009815487462197401,-0.017292456759059917,0.0009007274148212977,-0.002786937080565594
2020-11-06,115.35645294189452,-0.0011366244737774625,0.0037766550980569513,0.004477479510887339,0.000769221384561166,0.0,0.0010469018622235884,-0.0007611633952942368,-0.00018547256013123035,0.017292456759059917,0.0009032597424163176,-0.0014757000032314723
2020-11-09,115.22541046142578,-0.020169973066580367,-0.00048604462751643555,0.004355449027894181,0.0010005814174240393,0.0,0.0010460725700336905,0.0010380517578257818,0.0009956877954493946,0.017292456759059917,0.0009021646628648965,-0.0018138480363690838
2020-11-10,112.92459869384766,-0.003013402624987701,0.0005762530514906862,0.0056776772356558255,0.0007769434694433583,0.0,0.0010380178830038445,0.0019889158580814643,0.0014626940359939314,0.017292456759059917,0.0009005158601309072,-0.0027728263333968058
2020-11-11,112.58482360839844,0.029900958083883926,-0.004133005764393001,0.005100647741108372,0.000490487438038768,0.0,0.0010364803420140946,0.0011318114533112543,0.0007561945854106279,0.017292456759059917,0.000899932623718201,-0.0028977176540583975
2020-11-12,116.0020523071289,-0.002345918741574964,0.003721010398940589,0.004835365987001794,0.0007302114308986742,0.0,0.001047430447378992,-0.0005125173850081674,-0.00038367694482335595,-0.017292456759059917,0.0009023211883378122,-0.001769670031889587
2020-11-13,115.73023986816406,0.0004192543457218041,-0.002705613593483674,0.005552610278815507,0.0007648949762198682,0.0,0.0010461436255401774,0.001098465431241527,0.0015613770031136722,-0.017292456759059917,0.000899803951729726,-0.0030432000066501564
2020-11-16,115.77877044677734,0.008682847404077274,0.0016274567690644389,0.005841091270312418,0.0008808458118988751,0.0,0.0010459059874507845,0.0009603234849159134,0.0005559268039360135,0.017292456759059917,0.00090034170648742,-0.0027648566336243856
2020-11-17,116.78843688964844,-0.007593055090094634,-0.00018413933037934426,0.0040284447070440405,0.0007028492816585578,0.0,0.001048799864455948,0.0005474926086252612,0.0006397303197925269,0.017292456759059917,0.0009023761604537436,-0.0015775918054414606
2020-11-18,115.90501403808594,-0.011456909982473317,-0.0025057285332907415,0.0034803189184908325,0.0006676183000942973,0.0,0.0010455264345489213,0.0013606007858601385,0.0013742020378194474,-0.017292456759059917,0.0009025814010775453,-0.0014131770057329903
2020-11-19,114.58467864990234,0.005154931469715464,0.0024839392006212845,0.0033584837551833635,0.0005837210224383632,0.0,0.0010407924563523964,0.0015536304510210775,0.0013213070127152606,0.017292456759059917,0.0009041268040953732,-0.0007759232570609608
2020-11-20,115.1768798828125,-0.011018209707332942,-0.002858256330849743,0.003939400575295845,0.0008932027453120337,0.0,0.0010423496626405732,0.0007237395046639904,0.0006747809091278919,-0.017292456759059917,0.0009019476449840012,-0.001771737848310828
2020-11-23,113.91480255126952,-0.030193676156396333,0.007595532042331499,0.00439375539263613,0.0008581856362268247,0.0,0.0010377864544037312,0.0015317139532293536,0.0017323124883428472,0.017292456759059917,0.0009040411400874643,-0.0009677056351332335
2020-11-24,110.52670288085938,0.01152752514753981,0.007677947267178125,0.004845058790823489,3.074960500736392e-05,0.0,0.0010259742522060005,0.0024896779480130275,0.0022576321570552515,-0.017292456759059917,0.0009029886708177199,-0.0014623033842051897
2020-11-25,111.80817413330078,0.00743944316416614,0.0007153746087510322,0.004794042216561417,0.0004371424882095755,0.0,0.0010299445928091512,0.00040537878509776715,0.00016576678618050646,0.017292456759059917,0.0009013177743588482,-0.0021257821991991117
2020-11-27,112.64306640625,0.004814745211981453,0.0004885829032012456,0.006155925474071464,0.0004905352372494476,0.0,0.0010323669278701328,0.0006096103409870942,0.0011874580589940863,-0.017292456759059917,0.0008992635472790096,-0.00320957103911632
2020-11-30,113.1867218017578,0.020880057013498387,0.0016993683249167358,0.006691789927632873,0.0006643473395532352,0.0,0.001033795858087024,0.0007407344595087681,0.0006804479925850795,-0.017292456759059917,0.000898827443541926,-0.0034632498496974017
2020-12-01,115.57491302490234,0.030361714740953054,-0.003106864802169296,0.004092746112065133,0.0009761627203865818,0.0,0.0010412906697016054,-6.185307137125218e-05,2.4385840136876332e-05,0.017292456759059917,0.0009014531973209354,-0.0019047334461824899
2020-12-02,119.13777923583984,0.002929305177577319,0.006118688433798762,0.005054698656211396,0.0010066115906225532,0.0,0.001052359157459722,-0.0005355357709755488,-0.00032274892473009727,-0.017292456759059917,0.0009024789426098175,-0.0016240444565994998
2020-12-03,119.4872817993164,-0.0011381548217572453,0.004086306990336828,0.005109138736204407,0.001069042513323842,0.0,0.0010530674389767475,0.00083492688356691,0.0009617111716105921,-0.017292456759059917,0.0009019344087516108,-0.0018822684360763025
2020-12-04,119.3513641357422,-0.005628320285269683,0.001050777877269803,0.004598315915485405,0.001074484537204964,0.0,0.0010522408745630419,0.001038128210634271,0.0006505573367538856,0.017292456759059917,0.0009019018364878459,-0.0018194275232262139
2020-12-07,118.68150329589844,0.01219514725180978,0.00283757439057985,0.0041166338642314015,0.0010327035177114827,0.0,0.0010497218092689873,0.001262446970028839,0.0011702485874293836,-0.017292456759059917,0.0009030031154778393,-0.0012497813520764684
2020-12-08,120.13770294189452,0.005078186167672929,0.003282033319328106,0.002788065497015462,0.0009496739696618215,0.0,0.0010539228742680604,0.0003720258578189848,0.000204099885037464,-0.017292456759059917,0.0009050652263881392,-0.00017319501877479325
2020-12-09,120.74933624267578,-0.02112547755406013,0.002672692762230918,0.0018998523184809214,0.001085195296723639,0.0,0.0010554391754336236,0.0007275735306221511,0.000978667973332725,-0.017292456759059917,0.0009061920915475591,0.0004799764866759802
2020-12-10,118.22520446777344,0.011917655847837957,0.001101763735759088,0.0011787762306434291,0.0007658925753796856,0.0,0.0010470847811852267,0.0020366507540377785,0.0019274618256079634,0.017292456759059917,0.0009068587947381055,0.0008123790787254574
2020-12-11,119.6426010131836,-0.006757468565824279,0.0010126781474522877,0.0024478338075301915,0.0009959442497939025,0.0,0.0010511776166771893,0.00038588871610058663,3.5789367589490794e-05,0.017292456759059917,0.0009051037864852159,-0.00015124666733157266
2020-12-14,118.83684539794922,-0.0051601872820135715,0.0006747043939871519,0.002232922629727875,0.0010148079312851004,0.0,0.0010482387208614191,0.0013188567267571312,0.0017661260319070241,0.017292456759059917,0.0009054101416144352,-1.699349708294813e-05
2020-12-15,118.22520446777344,0.04887634544558313,-0.0014246124434445563,0.0007700471771241067,0.0006220062576100926,0.0,0.0010459029699197806,0.001239060078081227,0.000917479707599106,-0.017292456759059917,0.0009069725097637831,0.0008249317067384022
2020-12-16,124.14716339111328,-0.0005475860585496174,0.0002660684081783305,0.0015067315109922924,0.001054363130930331,0.0,0.0010638911017271005,-0.0014604858700443622,-0.0013431218677343315,-0.017292456759059917,0.0009063353113887879,0.0005141244711418119
2020-12-17,124.0792007446289,0.00693921095741178,0.0032743531713798867,0.002336158875366104,0.001216888564088118,0.0,0.0010632852832457933,0.0010086246982634172,0.0017572713462734263,-0.017292456759059917,0.0009059363613093765,0.00022877209127701863
2020-12-18,124.94320678710938,-0.01597767347909356,0.00650772704235514,0.0024655305956221302,0.001196389080229282,0.0,0.00106549344772312,0.0006346008383173568,-6.828279401186171e-05,0.017292456759059917,0.0009065255084441495,0.0004844634915973194
2020-12-21,122.9627685546875,0.012319244979197268,0.0037043713968066896,0.0026375461691018837,0.0011325236014328118,0.0,0.001059091055939943,0.0017794778206377923,0.001972577528816981,-0.017292456759059917,0.0009054896863903958,2.5106386091030132e-05
2020-12-22,124.48694610595705,0.02806660241907278,0.0014528619283199456,0.0027670176106222386,0.001073157239446416,0.0,0.0010633194276722967,0.0003658262091696295,-0.00014254809816370605,-0.017292456759059917,0.0009050325332178663,-0.00033847736663226947
2020-12-23,128.03036499023438,-0.007000108595689343,0.003295179498522993,0.002656606329828355,0.0012025144009132052,0.0,0.0010734557951615612,-0.0004208770233416392,8.783746229602688e-06,0.017292456759059917,0.000905633376702258,-2.283810212786591e-05
2020-12-24,127.13726806640624,0.007682425446989163,0.0029416367705319794,0.0029408145099425755,0.0012046792155693891,0.0,0.0010704263150899472,0.0013309784872849082,0.0015204303783596506,0.017292456759059917,0.0009050428118528818,-0.00028481313973283823
2020-12-28,128.1177520751953,0.035140794255983,0.005867774359752475,0.0035625253151738306,0.0012282222594117414,0.0,0.0010729064347943355,0.0005974714822566893,0.00015798034578789403,0.017292456759059917,0.000904739804304565,-0.0004415855501860126
2020-12-29,132.699951171875,-0.013404025878620014,-0.0028451340791950603,0.0020889874820368597,0.001395250610125465,0.0,0.0010856802959946313,-0.0007742880389200154,-0.0005592379930860201,-0.017292456759059917,0.0009047017816715669,-0.0002280559719717557
2020-12-30,130.93310546875,-0.008563004015824601,0.004007713951501642,0.002139135682498444,0.0011650226841742946,0.0,0.0010802493716413274,0.0016509040650494124,0.0019505439088547557,0.017292456759059917,0.0009064475060779099,0.000455757658855728
2020-12-31,129.81671142578125,-0.007732635776098724,0.002457615886054059,0.0016307367069290785,0.0011548994297787976,0.0,0.0010766363130472977,0.001409057294081027,0.0007318836943661596,0.017292456759059917,0.0009067511802241668,0.0006796655049240951
2021-01-04,128.81675720214844,-0.025029870886238228,0.004601885206095546,0.0019328148345399635,0.001075079257303339,0.0,0.0010733369602049208,0.0013675739289601674,0.0014553392284758896,-0.017292456759059917,0.0009068356423438347,0.0006676057220546625
2021-01-05,125.63250732421876,0.012287961978098222,-0.00013482649814184814,0.0013125535951290762,0.0009581625168198441,0.0,0.0010635641380984276,0.002231705630206528,0.0020969865215559576,0.017292456759059917,0.0009068605044880482,0.0006042578812120991
2021-01-06,127.18579864501952,-0.0342413444242438,0.002891791812213658,0.001558965096963473,0.0008931329146592349,0.0,0.0010677648857930384,0.00036738903888129616,0.0001446840293902711,0.017292456759059917,0.0009071088807977848,0.000737014076341515
2021-01-07,122.90450286865234,0.03355420626273018,-0.0022349374222793046,0.0013121918156584875,0.0008008915181880594,0.0,0.0010545553424671733,0.00269189052384404,0.0032529642038646653,-0.017292456759059917,0.0009060765057304801,0.00034167304725334633
2021-01-08,127.0984344482422,0.0085939524097046,-3.603446730580229e-05,0.002939194232655495,0.0010002796768541964,0.0,0.0010667092882114752,-0.0006950256034465605,-0.0013854589587404928,0.017292456759059917,0.0009041051624835481,-0.0006528880272907804
2021-01-11,128.19541931152344,-0.023523095056422423,0.0055469956340914945,0.004388429194874688,0.0011234861363850304,0.0,0.0010695232108737156,0.0005519336064049882,0.0016527620794272086,0.017292456759059917,0.0009034185647217524,-0.0011441214678139526
2021-01-12,125.21505737304688,-0.0013965229196072472,-0.0015401968477246814,0.0028714528305315854,0.0006350560863198414,0.0,0.0010603331442566395,0.0021564304343197373,0.0017021900229664485,0.017292456759059917,0.0009038331878902709,-0.000833769194091952
2021-01-13,125.04031372070312,0.01609639446581337,0.0032087423551352607,0.0029822320750605117,0.0006990511125727491,0.0,0.0010594153795708478,0.001051035710735951,0.0007415435857347134,0.017292456759059917,0.000904858239905962,-0.00037904539624433677
2021-01-14,127.06929779052734,-0.015242786260621054,0.0015848052429423979,0.003082768116231293,0.0009039270329092028,0.0,0.001065030382963769,0.0001771281547725956,0.00039495318023852416,0.017292456759059917,0.0009042646298491093,-0.0006020433963036804
2021-01-15,125.1470947265625,-0.013825620564261228,0.00021359061931901734,0.002816814081042973,0.0006865627635399322,0.0,0.0010589431053812438,0.0017427644766681194,0.0019372114210540914,0.017292456759059917,0.0009043093153444034,-0.0005858510127807691
2021-01-19,123.42876434326172,0.005412492615002337,-0.002982132994060466,0.0024766179510783155,0.00020680182827095318,0.0,0.0010533891637134667,0.001671966005331765,0.0012893532139716395,-0.017292456759059917,0.0009038918312114288,-0.0007625746866369151
2021-01-20,124.0986328125,0.03232784223585892,0.004188394251176826,0.0019194206196034044,0.00044161461328208257,0.0,0.0010550150881637797,0.0007108723181318932,0.0007546438090779485,0.017292456759059917,0.0009065489937968729,0.0005172542635320396
2021-01-21,128.176025390625,0.03600248172515218,0.0015990606381745068,0.00344782215484852,0.0009671776283283993,0.0,0.0010666753518280955,-0.0006337591625304403,-0.0004257358056931346,0.017292456759059917,0.0009037029088353657,-0.0008753162894695541
2021-01-22,132.874755859375,0.01594576547396149,-0.0007853729219912894,0.004382096508073274,0.001072449141166375,0.0,0.0010796965245352605,-0.0008173360436406856,-0.00037838673198532574,0.017292456759059917,0.0009017427448646284,-0.001855141800553153
2021-01-25,135.01052856445312,0.02730768101047677,0.004448755458533949,0.005526689965065189,0.0013248091967923707,0.0,0.0010852352983614253,0.00018465324685564704,0.000305099978316614,-0.017292456759059917,0.0009015901724308891,-0.002122993608561475
2021-01-26,138.74815368652344,0.0016775761003912303,-0.005392491347037192,0.0027228088808138352,0.0014130426101222342,0.0,0.001095001572369662,-0.00038296298426276215,-0.0006424408190483378,-0.017292456759059917,0.0009032669746813278,-0.0010062561810789857
2021-01-27,138.98110961914062,-0.007713130133364516,-0.0024544229175998324,0.00203802386053918,0.001413039389151164,0.0,0.001095218465343609,0.0008974605064309649,0.0010064033423155408,0.017292456759059917,0.0009050083795624231,-0.00014125661561199495
2021-01-28,137.9132537841797,-0.03561193975568048,-0.00025188498073917527,0.00017151087222536826,0.0009184503914640805,0.0,0.0010919403303980533,0.0013665994700866834,0.0008885330665308392,0.017292456759059917,0.0009094373603649129,0.0014789389220339958
2021-01-29,133.08831787109375,-0.0381388040476435,-0.0046707971024679724,0.00034645694960407927,0.0010510166708273868,0.0,0.0010782856131041252,0.0027603624425023244,0.0025981345920434635,0.017292456759059917,0.0009074289173199751,0.0008725435756210899
2021-02-01,128.10806274414062,0.016385052824537217,-0.0050773115234524074,0.0008255745281115255,0.0006517311823883584,0.0,0.0010637013477040704,0.0028865990072208508,0.002372252968199082,-0.017292456759059917,0.0009067438927936175,0.0003790915442320056
2021-02-02,130.2244110107422,0.006316724982932533,0.0005295858212619523,0.0010124688620940267,-8.80598115439511e-06,0.0,0.0010693970173980603,0.0001627074200705043,0.0001004764619509488,-0.017292456759059917,0.0009074029332740487,0.0007386742750508947
2021-02-03,131.0496063232422,-0.0078086298042633895,0.0014514485123652084,0.00034484646406905185,0.00043548214204238355,0.0,0.0010713469720489465,0.000665698864140769,0.0014424148214354543,0.017292456759059917,0.0009083435246086825,0.0014456397009218178
2021-02-04,130.0302734375,0.02543150583922481,0.0014002739866016047,0.0004020384773248965,0.0005896290564139007,0.0,0.0010680483179715647,0.0013713704229330107,0.0012970817781207396,-0.017292456759059917,0.0009080572138051148,0.0014229845477052327
2021-02-05,133.37954711914062,-0.0031027949796275105,0.0006055240750339234,0.002002324807459019,0.0012165948115265288,0.0,0.0010770952758331514,-0.00028923341232558195,-0.00033896801658037665,0.017292456759059917,0.0009056603701169076,0.0001926862477980443
2021-02-08,132.96633911132812,0.0010962442178163465,0.00035313644635557445,0.0036085357273599795,0.0011507118452906192,0.0,0.0010755437204302335,0.0011362772981125448,0.001577668274222589,-0.017292456759059917,0.0009031502521419675,-0.0011071875680322488
2021-02-09,133.1121826171875,-0.006595564363721631,0.001224631832044769,0.0023156649959969297,0.0007781555852764415,0.0,0.0010755514015053304,0.0009265025646257865,0.0004770602257823104,-0.017292456759059917,0.0009051461027755266,-6.336603158171926e-05
2021-02-10,132.23712158203125,-0.0045687718689924935,0.0055920689865348785,0.0015809666484711184,0.0007383424502679207,0.0,0.0010727060321562107,0.0013107683500477297,0.001432772013311176,0.017292456759059917,0.0009073681787334715,0.0009931020514548528
2021-02-11,131.63433837890625,-0.0019222598423391335,0.0024469819988859457,0.001898885254126848,0.0008142979728146847,0.0,0.0010706142717182615,0.001209514268953753,0.0010015653460171607,-0.017292456759059917,0.0009061535290545357,0.00040648970924333887
2021-02-12,131.3815460205078,0.0017744534711982463,0.0015955871102369076,0.0022760828690335535,0.0008579152034957829,0.0,0.0010695049781252084,0.0010773003674024967,0.0011170282568695247,0.017292456759059917,0.0009053316486253229,2.3523397494781026e-05
2021-02-16,131.61488342285156,-0.016234812111285565,0.0030774280590379613,0.0043566621744380064,0.0010596048104108957,0.0,0.0010697661668962618,0.0008926207267370027,0.0009174000019745571,0.017292456759059917,0.0009026496767799732,-0.001406398172217088
2021-02-17,129.49539184570312,-0.017801661181276168,0.0019096479569200306,0.0016572241692654108,0.0006753898590921258,0.0,0.0010633570638302683,0.0017923238993479088,0.0018607574544088948,0.017292456759059917,0.0009062617333212588,0.0005109036580169009
2021-02-18,127.21055603027344,-0.008673842951269016,-0.0003022887905182077,0.0023763246422873743,0.0003328775932504134,0.0,0.0010563726068716951,0.0018706002217674135,0.0016144214918322687,-0.017292456759059917,0.0009045141139670216,-0.00036199030433542857
2021-02-19,126.11192321777344,0.001232653051469916,-0.0031936979496673956,0.0020930124074860002,0.000575402800230525,0.0,0.001052771490825011,0.0014145945627392863,0.0013943212822262478,-0.017292456759059917,0.0009043628249182002,-0.00041857335211262854
2021-02-22,126.26747131347656,-0.03025217912112402,-0.0006177574845591309,0.002358277412543014,0.001001625012050737,0.0,0.0010528380396820753,0.0009196878802707711,0.0010213560850058268,0.017292456759059917,0.0009047689327168299,-0.00026194785621622575
2021-02-23,122.50480651855467,-0.0011117253889346792,0.009618848414380845,0.0023817503036354603,0.0001341566909511489,0.0,0.0010412607404362152,0.002492600627049081,0.002665076665047174,-0.017292456759059917,0.0009071866428053757,0.0007050519448756048
2021-02-24,122.36869049072266,-0.004060202193999156,0.007583679441148792,0.003112033601696126,0.0003300585993699014,0.0,0.0010404648121074274,0.0010368078544847178,0.0006196284502989622,-0.017292456759059917,0.0009056410745917125,-5.9388148401931865e-05
2021-02-25,121.87285614013672,-0.03540202236275102,0.004955061415658286,0.003615730088342054,0.0005630901873792903,0.0,0.0010385798649506991,0.0011841072501061751,0.0016388712201194596,-0.017292456759059917,0.0009041505813181262,-0.0007056232773184512
2021-02-26,117.6337890625,0.002229054423251531,0.006917499411088756,0.004680469230565167,0.0006313425643537537,0.0,0.0010251182461004213,0.002749875432716177,0.00265513798311049,0.017292456759059917,0.0009038495211915182,-0.0013093304042132766
2021-03-01,117.89629364013672,0.05245130236594627,0.01002922089932803,0.0051019794193875746,0.00021019428384077784,0.0,0.0010255628310993693,0.0008699098662101811,0.0005075910620422977,-0.017292456759059917,0.0009037927350854974,-0.0013688944102432637
2021-03-02,124.24515533447266,-0.0211148627859301,-0.005325625135878908,0.002786176719579982,0.00045305691975018836,0.0,0.0010445461236556065,-0.001639082829951843,-0.0010863146024387743,-0.017292456759059917,0.0009028360176593477,-0.0012223277622935083
2021-03-03,121.64923858642578,-0.024760513168913947,0.004589603898921205,0.005268920546204722,0.00047119343481261073,0.0,0.001036369219998933,0.002036120463642572,0.0027442417175642074,0.017292456759059917,0.0009018774266383932,-0.0020596739644188427
2021-03-04,118.67412567138672,-0.015938253956928966,-0.002310012555332212,0.00520885278555811,0.0006022767790952639,0.0,0.0010268535865098466,0.0022182491129635598,0.001264298121635912,-0.017292456759059917,0.0009004675841932081,-0.002758880370759476
2021-03-05,116.79766082763672,0.010681209461884578,0.004124565341189573,0.005668552868808574,0.0008590839006388417,0.0,0.0010205980158817351,0.0017775085082862223,0.0017789178667024625,0.017292456759059917,0.0009017468980335504,-0.0023547746007766693
2021-03-08,118.05188751220705,-0.042566984787149535,0.00419776686484412,0.0057507499890948905,0.0009175351203248136,0.0,0.0010241588752425913,0.0004476588494305944,0.00036057346450124226,0.017292456759059917,0.0009013008553858901,-0.0024004887855924367
2021-03-09,113.1322250366211,0.03984531161663762,0.016201266451565118,0.006068200652073561,0.0001375995225085092,0.0,0.001008097289515844,0.003107821146568002,0.003532181551110082,0.017292456759059917,0.0009037279555828429,-0.0014510095815578896
2021-03-10,117.73102569580078,-0.009209001708809438,-0.00044050011254514673,0.004871467661465711,0.0002134044324480374,0.0,0.001022401972509259,-0.001009315346146848,-0.0017272278895575787,0.017292456759059917,0.0009010439179794682,-0.002356027886927355
2021-03-11,116.65181732177734,0.016368025187900176,-0.0037638582332235374,0.005005770301913463,0.00028337783868465246,0.0,0.0010186348872068588,0.001441329913484401,0.002720531655002692,-0.017292456759059917,0.0008998752539401134,-0.0028196072836564126
2021-03-12,118.57688903808594,-0.0076548291220310954,0.006662160429889681,0.0047082726528418824,0.000746471794732211,0.0,0.0010242842763495505,0.00016355808322688042,-0.0006471164261249002,-0.017292456759059917,0.0009031301472919171,-0.001338787427747901
2021-03-15,117.67266845703124,0.024162602865970682,-0.004459914899076861,0.004358672575741093,0.0008419192169676764,0.0,0.0010210910778954002,0.0013636868801966148,0.001941967245250259,-0.017292456759059917,0.0009006750927646927,-0.00228862405560592
2021-03-16,120.55057525634766,0.01266251256809938,-0.0014615059547742509,0.0022993959999609253,0.0004982891453258122,0.0,0.001029602115699032,-0.00022584181950668718,-0.0007268646219992726,-0.017292456759059917,0.000904250759907935,-0.00040107967075248734
2021-03-17,122.08675384521484,-0.006471400614057451,-0.001141534876303324,0.003333986337612954,0.0006418889255090131,0.0,0.0010338789210124148,0.0003486773178183847,0.0008740257619573363,0.017292456759059917,0.0009028630586661031,-0.0011508098120406231
2021-03-18,121.29923248291016,-0.03449321507652743,0.0015166385023412435,0.003964981269856536,0.0007840691593222195,0.0,0.0010311206411391808,0.0013045654030711033,0.0010716421056330995,0.017292456759059917,0.000902637805446243,-0.001323288147287016
2021-03-19,117.1865692138672,-0.004490441084543226,0.00043804595740549123,0.006262954992919475,0.0007857467698943468,0.0,0.0010180698197880908,0.0027044734259012767,0.0024789326375454787,0.017292456759059917,0.0008992401297271251,-0.003245699370795778
2021-03-22,116.66152954101562,0.027941740810090657,-0.0023707929741104026,0.006295853733751329,0.0005819023333333674,0.0,0.0010160468631577818,0.001205601035792782,0.0007199836700053912,0.017292456759059917,0.0008983255133677296,-0.003621904421115379
2021-03-23,119.96722412109376,-0.006912454113610496,0.00405665691437899,0.003922984702979046,0.00014006730170354248,0.0,0.001025931479144174,-0.00041463921285325484,-2.9209740872972222e-05,0.017292456759059917,0.0009030757279567691,-0.0011234780429769508
2021-03-24,119.14081573486328,-0.02019614030166997,-0.0010912082793960642,0.005701777314235032,0.00013999309053008846,0.0,0.00102301831011931,0.0013265994627622976,0.0017804171373294831,-0.017292456759059917,0.0008992887520307467,-0.0030931699208918313
2021-03-25,116.7587661743164,0.0041550263176136975,0.0016431993796904988,0.005352224649828395,8.270373952850673e-05,0.0,0.0010152343194326668,0.0019902231154107952,0.0015919805555907746,-0.017292456759059917,0.0009005687068693753,-0.0025242017008923422
2021-03-26,117.24491119384766,0.0051279955205392755,0.002616886596434919,0.005619599777452822,0.0006737858154992383,0.0,0.0010163856916358869,0.0007736925598585863,0.0006285172811736384,0.017292456759059917,0.0009005304104883836,-0.0025182032909293077
2021-03-29,117.84768676757812,0.0014840212991368126,-0.0001231925346162992,0.006404556611489656,0.0011162330248906378,0.0,0.0010178928799895906,0.0007250851652529861,0.0009738386864811524,-0.017292456759059917,0.0008987604316957186,-0.003359554145006189
2021-03-30,118.022705078125,-0.012350451616005972,-0.0005254056753124282,0.0069264709105078155,0.0005358800679736806,0.0,0.0010180636855664125,0.0009071300772396738,0.0009188067139044428,0.017292456759059917,0.0008978501335578746,-0.003918879894275463
2021-03-31,116.57403564453124,0.018591909587766752,0.0006513422596077521,0.005663633801790385,0.0005155961959182739,0.0,0.0010131667935145544,0.001598269819509883,0.0016196212653915819,0.017292456759059917,0.0008998765170829041,-0.002800756000749912
2021-04-01,118.76164245605467,0.006934319741043094,-0.0007314670192249491,0.006290258005130745,0.000841740904009238,0.0,0.001019603535658184,5.2457725418513456e-05,-0.00015810793975165258,0.017292456759059917,0.0008987134453257434,-0.0033875015665308797
2021-04-05,119.5880355834961,0.02330372568737146,0.0029990482212661064,0.006967178315924225,0.0009726016147715291,0.0,0.0010217685123073,0.0006348451926950897,0.0010748344792908392,0.017292456759059917,0.0008985530599793152,-0.0034783672627014496
2021-04-06,122.40760803222656,0.0024591704031938096,0.004169626599301521,0.006390254984583241,0.0008378189207954964,0.0,0.0010299214421188858,-0.00018293421070222807,-0.0003704738946731451,0.017292456759059917,0.0008996976916391112,-0.0029196377722509807
2021-04-07,122.70899963378906,0.013301518624610183,0.0025596960144537483,0.005707620413433798,0.0008682389311306802,0.0,0.001030444210575753,0.0008584137795833115,0.0011713488752245664,0.017292456759059917,0.0009003037179367811,-0.0025584105936020183
2021-04-08,124.35211944580078,0.019051092455937696,0.005508758830637135,0.005073378226996231,0.0011737635622059454,0.0,0.0010349308922627857,0.00031675398514681105,-4.035651143753573e-05,0.017292456759059917,0.0009020182911172796,-0.00167650052103135
2021-04-09,126.7438735961914,0.02004960672992985,0.0054002235875641146,0.003928147017732444,0.0015108408258834684,0.0,0.001041515746635474,2.9517962472056002e-05,0.00020046864967024705,-0.017292456759059917,0.0009037651709143138,-0.0007293541548467741
2021-04-12,129.31068420410156,-0.013321739947198668,0.0021863323599303837,0.0024474508984893835,0.0015389543632548072,0.0,0.0010484606099834075,-2.0365607521036135e-05,-7.452198671726012e-06,-0.017292456759059917,0.0009050698428409879,7.837148951325874e-05
2021-04-13,127.5994644165039,0.02401589550057945,0.0019050731628765145,0.0009062865874762823,0.0012867800288207107,0.0,0.0010432121802693164,0.0016467932414724069,0.0016741735784560289,0.017292456759059917,0.0009071599518677046,0.0012100750539508782
2021-04-14,130.7009735107422,-0.018014287804396383,0.0002991239113253289,0.0008613712410345304,0.0015247413130528187,0.0,0.0010515994323030183,-0.00021851264322887936,-0.0007259729315608188,0.017292456759059917,0.0009068761782081853,0.0011091554339167568
2021-04-15,128.36756896972656,0.018535188595197472,-0.001266898860542195,4.3188544343966163e-05,0.0015475368339292327,0.0,0.0010446410792969239,0.001881222578716209,0.002389470279564639,0.017292456759059917,0.0009076998886127139,0.0015802148660117668
2021-04-16,130.76907348632812,-0.0025314151785977342,0.003757645819555052,0.00023598550107060707,0.0015693917668337693,0.0,0.0010510221619367999,5.5291381057300686e-05,-0.0006479958190184511,0.017292456759059917,0.00090869200961172,0.0019937401079484765
2021-04-19,130.43846130371094,0.005055740126833828,0.005723346909920542,0.0005553862043545116,0.001507225479115596,0.0,0.0010497156567068457,0.0011077324239533077,0.0017233162831497579,0.017292456759059917,0.0009086835519909416,0.0019513610232727364
2021-04-20,131.09959411621094,-0.012912889976813845,0.001677332425217714,0.000294128667083439,0.0014749988261072186,0.0,0.001051176110396283,0.000728694885297221,0.0003129198159026984,0.017292456759059917,0.0009080991406292618,0.0016988644930962214
2021-04-21,129.4176025390625,0.0029256183233713037,0.004450680643071294,-0.00034692754807225134,0.0015458293327455753,0.0,0.001046087165029224,0.0016263679990441498,0.0018241783774322962,0.017292456759059917,0.0009099085491339169,0.0025240093105314
2021-04-22,129.79678344726562,-0.011754300969000521,0.0015321603964328773,0.0006515900394360686,0.001393939417222267,0.0,0.0010467718758337204,0.0008351110706683169,0.0005015942799759693,-0.017292456759059917,0.0009075303820746343,0.0013876215703500499
2021-04-23,128.28004455566406,0.01787797432220087,0.004555771672455762,0.0013372759653190183,0.0014108273550590932,0.0,0.0010421101595755869,0.0015684874485404347,0.0018135369925489629,-0.017292456759059917,0.0009074386522001614,0.0011903462936813617
2021-04-26,130.59405517578125,0.0029732778844647535,0.003382945487829258,0.0023850454858789696,0.0013828885231585942,0.0,0.0010482389779820757,8.812435604964688e-05,-0.00016247404969953888,-0.017292456759059917,0.0009054708614970988,0.0002326086549132387
2021-04-27,130.98292541503906,-0.0024523010809124044,0.001085968014641213,0.002238141633572106,0.0013508383793648558,0.0,0.0010489395016016112,0.0008327301041527959,0.001317871298780839,-0.017292456759059917,0.0009051053009300356,8.566197093825135e-05
2021-04-28,130.662109375,-0.006045513539563884,0.0004795420957876293,0.0018708406455364085,0.0012467905134363939,0.0,0.0010476658600655929,0.0011037800581913764,0.0008604284362688388,0.017292456759059917,0.0009054340385902407,0.0002872184246967694
2021-04-29,129.87457275390625,-0.0007490356648698007,0.00340627073074127,0.001889576261217861,0.0012944739624157508,0.0,0.0010450865221020911,0.0012832890245124727,0.0012677107745430194,-0.017292456759059917,0.0009061581105698056,0.0006078057490988526
2021-04-30,129.77732849121094,-0.015248913274291277,0.002240020470930272,0.002281695346703703,0.0012131358751138184,0.0,0.0010444343511871615,0.001018688676114006,0.0009056990510841199,-0.017292456759059917,0.0009052852943499547,0.00015536891745535758
2021-05-03,127.8133773803711,0.008181625138989965,0.0038862903755278976,0.0009072742660452039,0.001130560355146192,0.0,0.0010385138033581357,0.001743070568752357,0.0018037277494856677,-0.017292456759059917,0.0009077721245834212,0.0014021326059936363
2021-05-04,128.86338806152344,-0.03602651761230054,0.00247556463219411,0.0006342790592589014,0.0008568575654352197,0.0,0.0010411084678461967,0.0005725325670853597,0.0003579581072266974,0.017292456759059917,0.000907668827331571,0.001409235942245633
2021-05-05,124.30352020263672,0.0019535049614737877,0.0012454419094081398,0.002465909124142283,0.0008872328686919511,0.0,0.0010276489086304573,0.0027810738374888077,0.0031393781963855636,0.017292456759059917,0.0009048096002730819,-0.00015913046287704502
2021-05-06,124.5465850830078,0.012721282698179924,0.0024661338658540227,0.0025738268579725727,0.0006318000710845444,0.0,0.0010279849725334856,0.0008836757093444946,0.00021157576454160524,-0.017292456759059917,0.0009048395552455154,-0.0001537862351116187
2021-05-07,126.14109802246094,0.005313324608504619,0.0038630888393751985,0.0012666764023063844,0.0010749487435555804,0.0,0.00103222782366761,0.0003457412917907799,0.0009645837733417375,0.017292456759059917,0.0009072015378833988,0.00110758852545903
2021-05-10,126.8131103515625,-0.02614356607200687,0.0017891578390812548,0.0013163115664959306,0.0011365578032786342,0.0,0.0010337806335279061,0.0007158265329308729,0.0007983689338984646,0.017292456759059917,0.0009064551502197563,0.0008483470115987509
2021-05-11,123.5407257080078,-0.0074378312551328435,0.0002927808790406354,0.0021975324033539105,0.0008335266547475412,0.0,0.0010239266281959502,0.002287343384415234,0.00230544709116556,0.017292456759059917,0.0009049486988484877,-6.468866635828076e-05
2021-05-12,122.62525939941406,-0.025254734542766433,-0.005957583430126202,0.0007798223089663521,0.001072546285653848,0.0,0.0010208596626710032,0.0013528461455534406,0.0008967215946881517,0.017292456759059917,0.0009056854577695616,0.00039293111028247576
2021-05-13,119.56716918945312,0.017761167138910006,-0.006288149875014026,0.0012547541711488406,0.0008523487212925141,0.0,0.0010113395198429462,0.0022429393223444287,0.002472314157204822,0.017292456759059917,0.0009053657260936466,-5.633235557754351e-05
2021-05-14,121.70979309082033,0.01965008675603147,-0.0009806023968736235,0.0026293471228236373,0.0006788344943932853,0.0,0.0010174060999295332,9.395978520189104e-05,-0.00022502110948821748,-0.017292456759059917,0.0009042576990150124,-0.000573499262454775
2021-05-17,124.12505340576172,-0.009301595910362283,0.002155313107367467,0.0031027273144028375,0.0009354750273131198,0.0,0.001024152182715957,-4.0647113140981385e-07,0.0007136393547127302,0.017292456759059917,0.0009040756668014658,-0.000548311529414407
2021-05-18,122.97584533691406,-0.011309163006195545,0.0030807390030516903,0.0027407125840873143,0.0008508344783730599,0.0,0.0010204150317593597,0.001445955715492868,0.0014685316517963644,-0.017292456759059917,0.0009048948272876591,-0.0001764193962913148
2021-05-19,121.59292602539062,-0.0012825219877566478,0.00518992612480111,0.002816432202712907,0.0007869172707812048,0.0,0.0010159542582289852,0.00154624933807719,0.0012325710503977988,-0.017292456759059917,0.0009054597483525358,-1.1978587488391213e-05
2021-05-20,121.43708038330078,0.0207944753564585,-0.004376419339175673,0.002302888820989293,0.0009742148059222553,0.0,0.0010151229829139814,0.0010453404757139108,0.0009771181486033873,0.017292456759059917,0.0009038760349228508,-0.0006429673464816402
2021-05-21,123.98873901367188,-0.014877230498633572,0.0020746233802055943,0.0013090757194064737,0.0010940685566662692,0.0,0.0010222738695276996,-5.75776006140785e-05,8.771317381684384e-06,0.017292456759059917,0.0009068980531389086,0.000878188593616106
2021-05-24,122.15778350830078,0.01322623113496853,0.001571998027815447,0.0033986763205839368,0.0010081380732320736,0.0,0.0010165277530231238,0.0017245021173664598,0.0020661586564051536,0.017292456759059917,0.0009036485047085887,-0.0008323737817601989
2021-05-25,123.7842025756836,-0.0015745864181964558,0.006212175514966426,0.0012194926547788357,0.0007467400372029252,0.0,0.001020938773031052,0.0003205151820139608,-0.00016413558222021273,-0.017292456759059917,0.0009077535001547824,0.0013473412097269636
2021-05-26,123.58944702148438,-0.0003942967673245734,0.004117688316523232,0.00178904344101815,0.0009528406995790566,0.0,0.0010200014219327394,0.0010599313702437283,0.001504804255110848,-0.017292456759059917,0.0009065035391054765,0.0007041923990950605
2021-05-27,123.5407257080078,-0.012454019198082077,0.002491834481705117,0.0015051127797713255,0.0009029025064312398,0.0,0.0010194908449691086,0.0010009667034934036,0.0006915173368280569,-0.017292456759059917,0.0009063357574129104,0.00073638173880218
2021-05-28,122.01168823242188,-0.005362420521298575,0.0007760080302791165,0.003641245332770601,0.001026185302976434,0.0,0.0010146285172740342,0.0016034438273974752,0.0016883366741895162,0.017292456759059917,0.0009027753594670207,-0.0011081954359039286
2021-06-01,121.35916137695312,-0.0026516272127063228,0.0012944639180314929,0.0009153476923196546,0.0012818323453144959,0.0,0.0010123279945328464,0.0013579775450116222,0.0010874123032865396,0.017789671507611998,0.0010353417400684663,0.0010354282261729939
2021-06-02,121.03778839111328,0.0062563479906166545,-0.00017104547078750914,0.0005619176511530524,0.001541280132714662,0.0,0.0010110066980282524,0.001211898052778512,0.0013628131934403656,0.017789671507611998,0.0010349624644100427,0.0010348987085156782
2021-06-03,121.79741668701172,-0.012228637347458214,0.0010987413544689883,2.084730356438527e-05,0.001248170103935358,0.0,0.0010128975925100794,0.0007318642226808848,0.0007173142017162929,0.017789671507611998,0.0010348769057098135,0.0010348682332665478
2021-06-04,120.31707000732422,0.01884367202560047,-0.0013384339561684038,3.8950476220714065e-05,0.0015523679167389736,0.0,0.0010081258682073883,0.0017279849020272388,0.0019000680317866495,-0.017789671507611998,0.0010343535433773178,0.0010342709856116681
2021-06-07,122.60578155517578,7.946076942946898e-05,0.003420973369177548,0.0009446947851035371,0.000684702161566367,0.0,0.001014550776765527,5.355728656152958e-05,-0.0002272603140287769,-0.017789671507611998,0.0010357172760213505,0.0010358487750545694
2021-06-08,122.6155242919922,0.0066496061831759845,0.0025067710746739724,0.0011050782741374614,0.0014167628495409795,0.0,0.001014214050079414,0.0010647249192128514,0.0016341911022078105,-0.017789671507611998,0.0010358107389880087,0.001035942113848086
2021-06-09,123.43358612060548,0.003072533302325197,0.003867578922537603,0.0011630525834652136,0.001266218370495958,0.0,0.0010162426289610181,0.0007106722871306932,0.00025734006494180367,-0.017789671507611998,0.0010362740148742342,0.0010363201215634276
2021-06-10,123.81342315673828,-0.00805560350872311,0.002800325362177058,0.001139364861114497,0.0012588090960703835,0.0,0.0010169825680302388,0.0009034339368142951,0.0011903731415328343,-0.017789671507611998,0.001036049990132399,0.001035988188255846
2021-06-11,122.82003784179688,0.00978464651694175,-0.0013611621725610258,0.0014029610409682447,0.0011022027951826186,0.0,0.0010137190478587447,0.0015031080505528707,0.0013204603743645759,-0.017789671507611998,0.0010346670715925537,0.001034840381790321
2021-06-14,124.0276870727539,0.024280780996792074,0.006821535624932365,0.0014427113974834036,0.0011496898414111573,0.0,0.0010168729232521584,0.0005417309301355889,0.00040715895800220916,-0.017789671507611998,0.0010370709858711475,0.0010373042140083648
2021-06-15,127.07603454589844,-0.006458569406326926,0.006882912063917805,0.001069531497826298,0.0012650522869625958,0.0,0.0010252352194683838,-0.00023943816802007465,5.697731427520682e-05,0.017789671507611998,0.0010370261038178687,0.0010371618288100412
2021-06-16,126.25794982910156,0.003926504653265792,0.0013093972426345994,0.0010366476837258888,0.0012252147500383473,0.0,0.0010225461053376633,0.0014170469222412666,0.0015400059323734752,-0.017789671507611998,0.0010354252379325387,0.001035477621944329
2021-06-17,126.75467681884766,0.012521799987112753,-0.0009137486684243502,0.001020505258445868,0.0012795622416860932,0.0,0.0010235891938965456,0.0008574150459856881,0.00041690141867151284,-0.017789671507611998,0.0010349270892912356,0.0010348306991931257
2021-06-18,128.3518524169922,-0.01014278387899175,0.0022861043996821374,0.0005644651349427966,0.0013112976170907838,0.0,0.0010277178153662821,0.00039423093896351444,0.0006793027764726255,-0.017789671507611998,0.0010355849657350724,0.0010355411952642163
2021-06-21,127.05658721923828,0.014005296776891912,0.0002793496911680875,-8.094869189441715e-06,0.0011993795598228317,0.0,0.0010237083029131745,0.0016155822283964382,0.00155726809130873,-0.017789671507611998,0.0010350232942876213,0.0010345912292200872
2021-06-22,128.84857177734375,0.012618441685066994,-0.0015752796817982708,0.0006827183516417025,0.0007902155072639964,0.0,0.0010283662105105833,0.00031428812034525245,-5.629744663176008e-06,0.017789671507611998,0.001034327527053549,0.001034265157102188
2021-06-23,130.4847412109375,-0.0020922426056892095,0.002779711945561448,0.0011127139326583995,0.0010077889967343963,0.0,0.0010325233394469378,0.0003890231017887088,0.0008560808856134018,-0.017789671507611998,0.001035772786766319,0.0010358727119048642
2021-06-24,130.21202087402344,-0.002171082738907684,-0.00021640093593404137,0.000822514241743236,0.0010117680981541353,0.0,0.0010314029500797324,0.0011817538809240694,0.0009849078192758832,-0.017789671507611998,0.0010346836746116955,0.0010348278631887576
2021-06-25,129.92962646484375,-0.002251369434156937,-0.0015768839364653196,0.0005122713406987736,0.0010648349390832558,0.0,0.001030255105746762,0.0011860024256551047,0.0010620791766609904,-0.017789671507611998,0.0010340852532439932,0.001034275149183916
2021-06-28,129.63743591308594,0.012467974340618975,-0.0020165913364184815,0.000492692562577761,0.000988449061786595,0.0,0.001029079317663672,0.0011903289228608897,0.0011961184232735427,0.017789671507611998,0.0010338694586598265,0.0010341053292544674
2021-06-29,131.2638702392578,0.011434624309001154,0.0001618610504751783,0.0007270908272233472,0.0011269095773209236,0.0,0.0010331763431016933,0.00039713150061238954,0.0003274469073297543,0.017789671507611998,0.001034713438558544,0.0010349312077719284
2021-06-30,132.7734375,0.004610544224163623,-0.0004014803678057717,0.0007852267400688228,0.0010852992395351362,0.0,0.001036900456229477,0.0004528167671501731,0.0006908877324994531,-0.017789671507611998,0.0010345968264216486,0.0010347804033241296
2021-07-01,133.3870086669922,0.0022606308882252503,0.00013837785142376425,0.000738350917643427,0.00111613824061961,0.0,0.0010381794983797756,0.0008205534553703558,0.000767152408176991,-0.017789671507611998,0.0010347177697801922,0.0010349263426070784
2021-07-02,133.6888885498047,0.019407021134939813,0.0014613757359508363,0.000706521221054976,0.0012596077030789243,0.0,0.0010386168691811513,0.000947185812701929,0.0008985614581161847,-0.017789671507611998,0.0010351003898264371,0.0010353550524199269
2021-07-06,136.30873107910156,0.01461098489493671,0.001497276084745255,0.0008951205782487183,0.0026158808988282455,0.0,0.0010451863986038119,2.3199475222161108e-05,-1.2398370827338507e-05,-0.017789671507611998,0.0010356725848693054,0.0010359810149716444
2021-07-07,138.31495666503906,0.017796140405604836,-0.0008602661106884905,0.0008084490032000476,0.0010550524919823482,0.0,0.0010500365232002842,0.00028164874040611566,0.0005141879978186232,0.017789671507611998,0.0010345174282573222,0.0010346457670750429
2021-07-08,140.7984619140625,-0.009242167299766516,-0.003147238145318695,0.0007506909052631394,0.0013673343741339662,0.0,0.0010560215496057182,0.00011000677190667243,-2.3262222044324356e-05,0.017789671507611998,0.0010338949795027563,0.0010340545738518024
2021-07-09,139.503173828125,0.01297018580953416,0.0006375814027695325,0.0005226520720552186,0.0012104361298808327,0.0,0.0010523423110028699,0.001567049714990514,0.0016753690030699713,0.017789671507611998,0.0010352001086887496,0.0010349918540954297
2021-07-12,141.3243408203125,-0.004212564378911961,0.00030337148240612913,0.0008524153658612044,0.002116825378289432,0.0,0.0010565986836809167,0.0003700682803586576,-0.00010798718701807847,-0.017789671507611998,0.0010352530385023245,0.0010354155004921011
2021-07-13,140.73025512695312,0.00785864241679128,0.0007774515966923369,0.0008731255342855082,0.001123263342035548,0.0,0.0010547175115771708,0.001296013985898298,0.0016952671784433606,-0.017789671507611998,0.0010350280771342243,0.0010351920839265147
2021-07-14,141.84056091308594,0.02381433794690977,0.00025854752104060403,0.0009377543166178337,0.0011156783813579805,0.0,0.0010571457503013727,0.0006455196255322798,0.00019073097490648633,-0.017789671507611998,0.0010350317380096701,0.0010350708446701976
2021-07-15,145.25894165039062,-0.00450217764904112,-0.0005710743322971875,0.000801131614473601,0.0012811205210849007,0.0,0.001065264620153891,-0.00021430243979376627,0.00012972491970857612,-0.017789671507611998,0.0010346700252017488,0.0010348128074115933
2021-07-16,144.60643005371094,-0.014176089461506206,-0.0025781376333744365,0.0008325973469368366,0.0012130019046572046,0.0,0.001063279084394549,0.0013116206938351745,0.001434133864172049,0.017789671507611998,0.0010341564619352386,0.0010342096957684386
2021-07-19,142.57093811035156,-0.027283062891242688,0.0054364643694137325,0.0007811788652020804,0.0010959415452546958,0.0,0.001057846154431661,0.001832929390073125,0.0013875171173031926,-0.017789671507611998,0.0010366470716384772,0.0010365117218770106
2021-07-20,138.73374938964844,0.025642401376516112,0.0013289994365120906,0.0007329493109511614,0.001536019949810308,0.0,0.0010477460442942146,0.0025392392430818294,0.002492825520557124,-0.017789671507611998,0.0010361029248305935,0.0010354346717687613
2021-07-21,142.33721923828125,-0.005144741546013917,0.00041427513807204314,0.0008145820505423497,0.0009457570540334489,0.0,0.0010565079450181982,-0.00031281329885497994,-0.0006158112849001633,0.017789671507611998,0.001035289472078494,0.0010349854371023688
2021-07-22,141.6068115234375,0.009582250131381356,-0.0006912731790750506,0.0006477479733602295,0.0010436601564035163,0.0,0.0010542995228347823,0.0013462472393189614,0.0021775141931505444,-0.017789671507611998,0.0010346686080730729,0.0010346036253389866
2021-07-23,142.97024536132812,0.011917985006931793,-0.004378642566095862,0.000899012482691445,0.0011174059849264754,0.0,0.0010573354611076718,0.00055263768615375,-8.771528238357934e-05,-0.017789671507611998,0.0010337127908831808,0.0010336765193059046
2021-07-26,144.68435668945312,0.002890345562466477,0.0025611125064575373,0.0011848836381298357,0.0022078145539859134,0.0,0.0010612004609460433,0.0004267693790681147,0.0009850858733390063,-0.017789671507611998,0.00103627184419465,0.0010363005871879042
2021-07-27,145.1031494140625,-0.015012733712666898,-0.0011117112128650169,0.0014110536427964222,0.0010914328833226544,0.0,0.0010618511706940049,0.0009132516873765764,0.0007498371456273904,-0.017789671507611998,0.0010349358680056765,0.001034914642338809
2021-07-28,142.94102478027344,-0.012270713316762813,0.003659425791474832,0.00024241623042627687,0.0013882692698613662,0.0,0.0010561347464822836,0.001878014556471434,0.0017814300077941135,-0.017789671507611998,0.0010360564424029574,0.001035800950586039
2021-07-29,141.19775390625,0.004542198553027751,0.0006730114122588633,0.0005560255014063725,0.0012212352675563868,0.0,0.0010513971538540412,0.00173025229593431,0.0014597395530778286,-0.017789671507611998,0.001035142209294423,0.0010350246838794156
2021-07-30,141.84056091308594,0.001509349712436225,-0.0009709670913867285,0.0006105814837929983,0.001123913434185275,0.0,0.0010526376660783391,0.0008242364735127623,0.0008669531344338052,-0.017789671507611998,0.0010345681760340673,0.0010345307402013463
2021-08-02,142.0548095703125,-0.0023338372862255507,0.0005254787991434019,0.0005428950250602275,0.0012576087169370942,0.0,0.0010527999083683418,0.000987670925430995,0.0011748417240058065,-0.017789671507611998,0.0010350958799832252,0.0010349875298092765
2021-08-03,141.72366333007812,0.012564998200100605,-0.0007944509988011283,-0.0001550528734461582,0.001609974716406059,0.0,0.0010515972673191252,0.0011947729584565047,0.0011375506254171852,-0.017789671507611998,0.001034617077700652,0.0010343477753043165
2021-08-04,143.51565551757812,-0.002786096625262982,0.0020394596947527345,0.00015285772798819832,0.0011999973445233519,0.0,0.0010556843816012628,0.00039190306948020054,0.0004302546608267643,0.017789671507611998,0.0010352830688498793,0.0010352009441253961
2021-08-05,143.11636352539062,0.000748178827037536,-0.0006315524002751973,-0.000399450542140016,0.0013173215149585357,0.0,0.0010543210810310484,0.0012191443534997433,0.001438666843296564,-0.017789671507611998,0.0010342253255695652,0.0010341518345195887
2021-08-06,143.22348022460938,-0.0047783487661671314,-0.0011004828237265894,-4.4878573471304447e-05,0.0010738939478407764,0.0,0.0010542124814375779,0.0010286889757888846,0.0007311277489042835,0.017789671507611998,0.0010340975270803513,0.0010341149410805477
2021-08-09,142.54074096679688,-0.00034218591607166146,-6.0641873092241304e-05,9.536051399100564e-06,0.0010971383457166882,0.0,0.0010521441973072216,0.001326503029729743,0.001477364522445155,0.017789671507611998,0.001034295452954951,0.0010344615408435604
2021-08-10,142.49197387695312,-0.0033598694225281693,-0.0005005925264731812,-0.0010333518551167013,0.0014886392033736202,0.0,0.0010516499292769562,0.001087446656618853,0.0009132990097284802,-0.017789671507611998,0.00103381810791472,0.001033908577407332
2021-08-11,142.01402282714844,0.0017840469071360937,-0.003078007823073836,-0.0013737765408891624,0.0014798657593312402,0.0,0.001050086669407429,0.00125006387754313,0.0013502651117918922,0.017789671507611998,0.0010328746347674517,0.0010329554804115806
2021-08-12,142.26760864257812,0.020560689707393054,0.0008117922687143849,-0.0015594353568957368,0.0013195749512567322,0.0,0.0010503466624069786,0.0009728680164108102,0.000893925867585874,-0.017789671507611998,0.0010337831293416797,0.0010339457625878625
2021-08-13,145.22300720214844,0.0014095900112733027,0.0006560438352429111,-0.0006853008882675331,0.0009673432182330854,0.0,0.001057255424108461,-3.896952849165758e-05,8.609658636297827e-05,-0.017789671507611998,0.0010340053556105407,0.0010342447675674004
2021-08-16,145.4278564453125,0.01345676313693144,0.0007059912561674384,0.0002927258542325731,0.00232495215304391,0.0,0.001057380144316307,0.00099304678586455,0.001258725807031867,-0.017789671507611998,0.001035049096928038,0.0010353072180446384
2021-08-17,147.3980712890625,-0.0061728158398097945,0.009717951389596293,0.0009358272683962368,0.0009901640737338606,0.0,0.0010617677533016627,0.00034384755423651344,2.3418687043559507e-05,-0.017789671507611998,0.0010376533256761258,0.0010378247787107325
2021-08-18,146.4910125732422,-0.025832032799191808,0.0019673421296873056,0.00020711078247672506,0.0012234367137132448,0.0,0.0010592086505096176,0.0014016482063862756,0.0016980308746687497,-0.017789671507611998,0.0010352831222695182,0.0010352181070727297
2021-08-19,142.75531005859375,0.0023201901236646933,0.0006159982794765855,-0.0014223505091165462,0.001598408450775037,0.0,0.0010496997249616327,0.0024610459930137036,0.0019986053265919975,-0.017789671507611998,0.00103461529612919,0.0010340680385028235
2021-08-20,143.0869140625,0.010105692213693895,0.0009869890279620977,-0.0010827261202807378,0.0012913605742099544,0.0,0.00105014882018917,0.000943976278856907,0.000736366926472282,0.017789671507611998,0.0010348079025317234,0.0010342477739920454
2021-08-23,144.5402374267578,0.010204926832213213,0.0002790157314355095,-0.0005085524336162839,0.0013430599153698131,0.0,0.0010533486588441185,0.0005244303885500214,0.0009301215349206463,-0.017789671507611998,0.0010345226697589132,0.0010343716338808984
2021-08-24,146.02281188964844,-0.0006013458390579627,0.00146432756806656,-0.0006841594246672585,0.0010306163799967034,0.0,0.0010565812897778413,0.0005190828238207959,0.000509996929271072,0.017789671507611998,0.0010344743495548372,0.0010345087426632206
2021-08-25,145.93502807617188,-0.008456928237535135,-0.00284534654820202,-0.000989533278325761,0.0012597362038871533,0.0,0.0010559958635317835,0.0011014122916368435,0.001227029139109956,0.017789671507611998,0.0010331268756517181,0.001033151464550593
2021-08-26,144.70606994628906,-0.005542747422177756,0.0009055295858459674,-0.0008544005294672443,0.0012661472609718583,0.0,0.0010526379658610929,0.0015247346763895325,0.0013723088599427028,0.017789671507611998,0.0010342574826640307,0.0010343390157647857
2021-08-27,143.90621948242188,0.007159099466756599,0.006893204189031554,-0.0010097522409787437,0.0013777339929222552,0.0,0.0010503107303677834,0.0013676950185028346,0.001253182174589404,-0.017789671507611998,0.0010362575724376442,0.0010360700472507943
2021-08-30,144.94015502929688,0.02996378527286079,0.005124267275194235,0.00039605720451455927,0.00225244151285977,0.0,0.0010524655059361745,0.000683216663743351,0.0006979617807258039,0.017789671507611998,0.0010365102720455554,0.0010366452907528657
2021-08-31,149.3488311767578,-0.00846032172393734,0.005990081477381991,0.0007146942435797938,0.0009028782843720052,0.0,0.0010626599064181648,-0.0005456844525949139,-0.0003653237464323442,0.017789671507611998,0.001036404655957139,0.001036566460187066
2021-09-01,148.0906219482422,0.004468497435803607,0.002281456305490483,0.00023456051675643547,0.001075170522850425,0.0,0.00105930319805357,0.0015249175449132827,0.0018613694881672363,0.017789671507611998,0.0010351471441797776,0.001035270190883947
2021-09-02,148.75384521484375,0.00744702024697845,0.003225001158082222,0.00026946356300017746,0.0010326573989583475,0.0,0.0010605044645221218,0.0008282080864524101,0.00022221981365765987,-0.017789671507611998,0.001035380957335183,0.001035552757944323
2021-09-03,149.86575317382812,0.004221446080867707,0.0032204286659671313,0.00045561265697440336,0.0017528205622560733,0.0,0.0010627540297854035,0.0006677011608664418,0.0010448800559174666,0.017789671507611998,0.0010357928423634837,0.0010359251792877197
2021-09-07,150.49974060058594,0.0153709342353535,0.001790168992077856,0.0006729565978762099,0.002828275305375761,0.0,0.0010638662452963478,0.0008415212137831249,0.0006598958285023833,0.017789671507611998,0.001035894329306047,0.0010360264657776161
2021-09-08,152.8309326171875,-0.01013492389675125,-0.0010939585494721894,0.0006504885728566156,0.0011272303323038154,0.0,0.001068902172079191,0.00024069651678246273,0.0002511850918235672,-0.017789671507611998,0.0010346126545785173,0.0010345173854847316
2021-09-09,151.28982543945312,-0.006727416463672105,-0.003440419062115236,-2.1162348864242533e-06,0.0009916921829454858,0.0,0.0010649599391204187,0.0016151586689125727,0.001790290219673305,-0.017789671507611998,0.001033486231459101,0.0010334140757053422
2021-09-10,150.27545166015625,-0.03366222185321319,-0.0011557051113156855,-0.00021721439387030776,0.0010147713157927641,0.0,0.001062219039928441,0.0014315345784933562,0.0009729918390301183,-0.017789671507611998,0.001034164485300663,0.0010339819862768716
2021-09-13,145.30104064941406,0.003885871408861875,0.006663808730017673,0.00046408333879791107,0.001451379469537602,0.0,0.0010500093209083491,0.002882999978762143,0.0030186919751082797,0.017789671507611998,0.001037300228853591,0.0010368360961176771
2021-09-14,145.86676025390625,-0.009607991656521403,-0.0015927894913728396,0.0006455164729916481,0.0013184340841016736,0.0,0.0010510061089884734,0.0008596046941936478,0.00031871851511363616,-0.017789671507611998,0.0010346961388912296,0.0010344390882939983
2021-09-15,144.47198486328125,0.006124456786808619,0.001212077762090665,0.0008558910509506146,0.001453289684749766,0.0,0.0010472608532732556,0.0015867632933411297,0.002274439405871615,-0.017789671507611998,0.0010357045763137252,0.0010354360422471412
2021-09-16,145.35951232910156,-0.0016115800215046768,-0.0020181412318340795,0.0010722667955874298,0.001089821685978839,0.0,0.001049044202740602,0.0007389715886394856,0.00034837430984865827,0.017789671507611998,0.0010345605545081515,0.0010344601818179392
2021-09-17,145.1254425048828,-0.018518332408380345,-0.004191009808070461,0.0004842041530769964,0.0012097572426815054,0.0,0.0010481099947966957,0.0011558518890567534,0.0016338456918439396,-0.017789671507611998,0.0010337080399097326,0.0010335400774230867
2021-09-20,142.4626922607422,-0.021592383712646747,-0.0013109409233967614,0.0032905697865509244,0.0014763302971768366,0.0,0.0010412421666453524,0.002066924598347261,0.0018364233174648075,-0.017789671507611998,0.0010364739741089172,0.0010360290742087662
2021-09-21,139.4195556640625,0.003422068431961505,0.0029193316291671136,0.00516540095254033,0.0016760906023414012,0.0,0.0010333005435298112,0.0022325793726166304,0.0020538154810370605,0.017789671507611998,0.0010394709716263462,0.001038383288456488
2021-09-22,139.89747619628906,0.016731472743137236,0.0005693447446993835,0.005278831048134918,0.0012537123060194014,0.0,0.0010341384137116532,0.0008845981539115322,0.0008508334313840976,0.017789671507611998,0.001038499927887193,0.001037589642316139
2021-09-23,142.2578582763672,0.00669681463315631,-0.0013185015221852672,0.0012957249626713851,0.0005451249680440779,0.0,0.0010396423878804562,0.0001673796859674076,0.0005207728234484638,0.017789671507611998,0.0010350377197363356,0.0010345839951560066
2021-09-24,143.21372985839844,0.000612768906406197,-0.002773128489906874,-0.0005400932519050601,0.0008898101116990607,0.0,0.001041625273350234,0.000708128313608116,0.0008727083629472272,0.017789671507611998,0.0010334394668369256,0.001033279012996033
2021-09-27,143.301513671875,-0.010605900032596802,-0.0013789372042952652,-0.0005557081876631127,0.0010162925327485586,0.0,0.0010414750083302814,0.0010359859587002907,0.0009697798306668876,-0.017789671507611998,0.0010337759394752396,0.0010337312689932192
2021-09-28,141.78970336914062,-0.024089288832193318,0.0019258072981720668,-0.00040190736625690974,0.0015138777164220973,0.0,0.0010373953673352106,0.0016405386765140962,0.0016056818329682507,0.017789671507611998,0.0010351594926052137,0.0010349823428534193
2021-09-29,138.41490173339844,0.006462368864368197,-0.002289245790970524,0.0007149344784585093,0.001684157987791275,0.0,0.0010285975087219303,0.0023671328374128948,0.0021280446504216444,0.017789671507611998,0.0010351760549488064,0.0010344088387641667
2021-09-30,139.31228637695312,-0.009355596696882124,2.9637064075393484e-05,0.002540670349965797,0.0012231025718488354,0.0,0.00103049942379216,0.0007207621498922088,0.0005151427570375384,-0.017789671507611998,0.001036595607416447,0.001035920400751512
2021-10-01,138.0150146484375,0.008094447147750351,-0.00341572619216296,0.0045980203792573525,0.0014957718928981414,0.0,0.001026865380362953,0.001573162209322869,0.0020414250147487854,-0.017789671507611998,0.0010368787314902262,0.0010361280491066542
2021-10-04,139.13670349121094,-0.024913460923640527,0.005900503510484648,0.005156383496132866,0.0006196077874711681,0.0,0.001029337427151126,0.0006328125573631634,0.000280748306878025,-0.017789671507611998,0.0010393437721341562,0.0010388625860090592
2021-10-05,135.71315002441406,0.014058974837997475,-0.00167163223353726,0.005736384585102206,0.0016287020358452132,0.0,0.0010202665186368632,0.00241154590286119,0.0028654377060842832,-0.017789671507611998,0.0010380438896894061,0.001037317634204332
2021-10-06,137.63461303710938,0.006287383738072071,0.002852336777325359,0.004882239779077232,0.0008975973667124295,0.0,0.001024823914064812,0.00031139551179206447,-0.00030830127421815163,-0.017789671507611998,0.0010384225286869404,0.0010379145718984498
2021-10-07,138.50270080566406,0.00904356972756611,0.002826547439769705,0.0036571937923433433,0.0009758716558350207,0.0,0.0010266626840941644,0.0007301917653175764,0.0015113967846769564,-0.017789671507611998,0.0010377355917477271,0.0010372663817034718
2021-10-08,139.7609405517578,-0.0027255128653902445,0.0027756219644259877,0.004408329328503036,0.000791521407496771,0.0,0.0010294628611963203,0.0005816661479017696,0.00022448949778357047,0.017789671507611998,0.0010378693878847342,0.0010375925558049723
2021-10-11,139.3805389404297,-0.0006297933175316913,0.00028320267857453985,0.005612567859970703,0.0010295567453664962,0.0,0.0010281517663197188,0.0012158796099828804,0.001461093098454689,-0.017789671507611998,0.001037777991790139,0.0010376027812538128
2021-10-12,139.29278564453125,-0.009144853148045957,0.0010008763536251113,0.005415147144302219,0.001341989163663494,0.0,0.0010275730769361757,0.0011029452721107082,0.0008559341856257132,0.017789671507611998,0.0010381623950121437,0.0010378253865472075
2021-10-13,138.0247802734375,-0.004248979863770685,0.003591920321670858,0.0055876422818456175,0.0013792885942422296,0.0,0.0010240237307306689,0.0015618056405620518,0.0016186977277893875,0.017789671507611998,0.0010390183989095593,0.0010387014346212317
2021-10-14,137.43955993652344,0.020023690826622594,0.004112497540917499,0.006097153884653179,0.0011989278851150013,0.0,0.0010221845247332844,0.001297976347071584,0.0010990931782176175,0.017789671507611998,0.001039223788974153,0.001039066255284901
2021-10-15,140.21934509277344,0.0074845858637013225,0.0008376226355329836,0.005061815384052895,0.0002481478701381294,0.0,0.0010288098756056306,-1.0031680820256047e-05,0.0001152742439832551,0.017789671507611998,0.0010370949177934481,0.0010371706860299828
2021-10-18,141.27276611328125,0.011736609035449921,0.0038545097278747157,0.004592599089872956,0.0010282698651089468,0.0,0.001031060058940624,0.0006656768212759216,0.001003309911928284,-0.017789671507611998,0.0010379531132881546,0.0010381023792998783
2021-10-19,142.9405975341797,0.014968084875945396,0.0015449723563401318,0.003544028518424714,0.0008776834277997636,0.0,0.0010347902153784322,0.00043654338497752074,0.00021258597806303242,0.017789671507611998,0.0010366405407301062,0.0010367877296449581
2021-10-20,145.0962371826172,0.00335517163765901,0.004936796947172612,0.0028610470540472305,0.0009206058125176362,0.0,0.0010396433308993542,0.00026240530206027876,0.0004622539310186188,-0.017789671507611998,0.0010372078780249603,0.0010374351840991296
2021-10-21,145.58387756347656,0.0014729762779894092,0.001181572948881393,0.0021526103681927455,0.0011395267462869058,0.0,0.0010404495733459973,0.0008882030948388824,0.0008419900075301186,0.017789671507611998,0.0010357636931922975,0.0010360178346103509
2021-10-22,145.79847717285156,-0.005298864142470288,0.001384428329885719,0.0013764770840368158,0.0011649442260360647,0.0,0.0010406001221467784,0.0009896310205876134,0.0007983775896342824,-0.017789671507611998,0.0010353461501583555,0.0010356629795147143
2021-10-25,145.0279541015625,-0.0003363164790784499,0.002994360635229334,0.0012261877675688356,0.0009572084708245222,0.0,0.0010383943238640304,0.0013545526127167165,0.0013413953941447789,-0.017789671507611998,0.0010357175574174464,0.0010359792729196977
2021-10-26,144.97918701171875,0.004564388002928861,-0.0025669490793363593,0.0012722020911512353,0.0009936936874115618,0.0,0.001037916163584746,0.001087130363829969,0.0009168805051297151,0.017789671507611998,0.0010340844555657871,0.0010343706610023813
2021-10-27,145.64244079589844,-0.003152849471054001,-0.0002910185529225975,0.0010504443893784414,0.0011307341497259194,0.0,0.0010391423359906377,0.0008230407262884306,0.0009086823629742143,-0.017789671507611998,0.0010347863773144611,0.0010349753612130675
2021-10-28,145.18397521972656,0.02468467368805084,0.0006282150444371152,0.0014872381204251062,0.0010695540136332064,0.0,0.0010376852654980953,0.001238907966357421,0.0012720509001153298,0.017789671507611998,0.0010354056570995008,0.0010354635137211445
2021-10-29,148.81239318847656,-0.018322566725447003,0.0007391211771693035,0.0006012652746039481,0.0009272362703182993,0.0,0.001045901731246029,-0.00026120317646565936,-0.0003531442484833811,-0.017789671507611998,0.0010348414331891073,0.001034957994421195
2021-11-01,146.110595703125,-0.00562321397511834,0.002280211933254249,0.0011429950586507279,0.0011176275643242646,0.0,0.0010391742326504424,0.002056375158274155,0.002514568293322404,-0.017789671507611998,0.001035630312772086,0.0010357827747701138
2021-11-02,145.29129028320312,0.007090779894807817,0.0012074683201123298,0.0006687545087852547,0.00110136932926478,0.0,0.0010368609034116338,0.0013720312078973015,0.0005856332256054547,0.017789671507611998,0.0010350670319840554,0.0010351994180434147
2021-11-03,146.32518005371094,0.009750974093636873,0.0016418784553294508,0.0008585734639025836,0.0009896901483058844,0.0,0.0010389622289900427,0.000686898275450237,0.0011131381243742323,0.017789671507611998,0.001035207267304541,0.0010353897731916575
2021-11-04,147.75897216796875,-0.003504650984660176,-0.001589671367019011,0.0008145239965413139,0.0010598803349446278,0.0,0.0010419851338702116,0.0005435454729423178,0.0005128949461497942,-0.017789671507611998,0.0010341303890158658,0.0010344348240864884
2021-11-05,147.24203491210938,0.0035756969171246294,-0.0004887437625245156,0.0011155652390140668,0.0009919794375887387,0.0,0.0010404080835342664,0.0012578658803789507,0.0013397680729249567,-0.017789671507611998,0.001034639992473025,0.0010349000087198287
2021-11-08,147.76947021484375,-0.005567803012703843,0.0012922680355586496,0.0012393277373346707,0.001440599053614665,0.0,0.0010412871712019468,0.00087631940723098,0.000719014061211524,-0.017789671507611998,0.0010355413027631228,0.0010356647490492993
2021-11-09,146.94900512695312,0.0024563672911907114,0.0025242760754819052,0.00111006167332569,0.0013011475774895962,0.0,0.001038996325384302,0.0013690452165906232,0.001507380875153059,0.017789671507611998,0.0010358801371408257,0.0010359063665793483
2021-11-10,147.31040954589844,-0.019349075851223467,0.0033897032974321848,0.0008099334227995919,0.0011438194287790207,0.0,0.0010394874449150733,0.0009366379504705667,0.000710668296159127,0.017789671507611998,0.0010359866185201156,0.0010359391696903421
2021-11-11,144.48748779296875,-0.0003385254865704706,0.001919091836160154,0.0003078566090185166,0.0014888113109543164,0.0,0.0010324252477220913,0.0021116917814157222,0.002281775924335043,-0.017789671507611998,0.0010355319436853624,0.0010353591332894585
2021-11-12,144.43858337402344,0.014235301722011595,-0.0002633398975580748,-0.00017322443848726888,0.0012211416587933012,0.0,0.0010319505417891645,0.0010872494030395431,0.0006882936870689243,-0.017789671507611998,0.001034380908505049,0.0010343483462349934
2021-11-15,146.50941467285156,6.665305141706166e-05,0.00021430759465489266,0.0002871924331475449,0.0009058901338983451,0.0,0.001036520756804818,0.0003018935915969002,0.0007070731962305467,-0.017789671507611998,0.001034474760650152,0.0010346226555938188
2021-11-16,146.51918029785156,0.006644624790776061,-0.0023488804412570606,-0.00020683664473994325,0.0013749708610510379,0.0,0.0010361851624430922,0.0010654151027609615,0.0011565956318588567,-0.017789671507611998,0.001033649186810884,0.0010337702002461437
2021-11-17,147.49598693847656,0.016355797507090503,0.0019106861010770616,5.5634109262674364e-05,0.0011099326920477038,0.0,0.001038125127724425,0.0007109407248865664,0.000556254361092028,0.017789671507611998,0.0010349382330759557,0.0010350756018707036
2021-11-18,149.92823791503906,0.0281362251632422,0.005192877075037412,0.0008269840021928481,0.0010120111661476273,0.0,0.001043421694937207,0.00018762410945492153,0.00038897767276336865,0.017789671507611998,0.0010363920913645972,0.001036432919743823
2021-11-19,154.20655822753906,0.016833534405919157,0.009970107153581723,0.0011069257963302421,0.0014559687178455104,0.0,0.0010527866460150865,-0.00044720071648992406,-0.00037825926001393306,-0.017789671507611998,0.0010381907342419158,0.001038168972065433
2021-11-22,156.82437133789062,0.0029231459004456983,0.002931403233372056,0.001315847301199356,0.002817234706795214,0.0,0.0010582395650751777,0.00016187977720328564,0.00034524738809333635,0.017789671507611998,0.0010367766543209777,0.0010367120571685938
2021-11-23,157.28346252441406,0.002419137530852752,0.0034896596093499195,0.0005068440205905242,0.0010589938848100903,0.0,0.0010588837468835958,0.0009114841395882991,0.0007197873723100478,-0.017789671507611998,0.0010360012832699894,0.0010357709580308381
2021-11-24,157.66441345214844,0.003278371501012826,-0.0005177758672237601,0.0006818731887704588,0.0010623446146267232,0.0,0.0010593534477758503,0.000938644191399704,0.0007610547317919974,-0.017789671507611998,0.0010349389487284305,0.0010346807470228692
2021-11-26,158.18214416503906,-0.03219120541119334,0.0010075951116746932,0.0009882438349284811,0.0013688898369859197,0.0,0.0010601194187987142,0.0008923417080371473,0.0008291179945212443,-0.017789671507611998,0.001035568767449437,0.0010354159898721008
2021-11-29,153.17115783691406,0.021637988507040806,-0.0015458541070949136,-8.117345776271069e-05,0.0014603352270010429,0.0,0.0010486455316938172,0.0028037297023321014,0.0027167108093621153,-0.017789671507611998,0.0010355825779504626,0.0010341090742033766
2021-11-30,156.52159118652344,0.031089217280075916,-0.001891741537217399,-0.00013568338132431365,0.0006888831762596857,0.0,0.0010557477541758271,-9.70231104955204e-05,-0.0006428760965953978,-0.017789671507611998,0.0010344148163678583,0.0010336854673016456
2021-12-01,161.4641571044922,-0.0032114367067623533,-0.0006193018240275305,0.00022794236063835487,0.0009981838595419033,0.0,0.0010661041229778618,-0.0006063318415477264,0.0003464606125352112,0.017789671507611998,0.00103566331289774,0.0010343781377201997
2021-12-02,160.9464569091797,-0.006148681070422354,0.0009307100447683435,-0.0005737407146971765,0.0011434611308833585,0.0,0.001064629617348858,0.0012420651209868391,0.0011014804936747462,0.017789671507611998,0.0010362558199633035,0.0010344536690806215
2021-12-03,159.9598846435547,-0.011793825164991468,-0.005237401181672529,0.0002590995983814745,0.0009256126801683269,0.0,0.0010621439830663729,0.001400347629597147,0.0010840854851529426,-0.017789671507611998,0.0010343851242857302,0.0010329996462829156
2021-12-06,158.0844268798828,0.0212748045142921,0.0026131103069352637,-0.00044443510305678226,0.0010288911456411503,0.0,0.0010577154714755848,0.0017045537010462618,0.001737800245321645,0.017789671507611998,0.0010367223008882684,0.001034979553348945
2021-12-07,161.48367309570312,0.03483272582132755,-0.00026407841148416684,0.0003876169745329191,0.0006705101784147528,0.0,0.001064677278997216,-7.745181633607152e-05,-0.00032353801904836093,0.017789671507611998,0.0010357306617121318,0.0010344469795467606
2021-12-08,167.20770263671875,0.02252743791462745,0.001407912535571353,0.0012731821831847038,0.000965443507083894,0.0,0.0010763013920926825,-0.0008080623922108957,-0.0002630117073802252,0.017789671507611998,0.001036125752091611,0.001035538097469846
2021-12-09,171.0172119140625,-0.002974408599474973,0.0005754531484508872,0.0012933301025852772,0.0014183483997405016,0.0,0.0010836830632979593,-0.00014495384627514064,-2.6939106889401323e-05,0.017789671507611998,0.001035799715433332,0.0010354735270965902
2021-12-10,170.50929260253906,0.02762788386083632,0.0008822952278983246,0.0009345570389009708,0.0010845680971077077,0.0,0.0010822870909337444,0.0012292921273957132,0.0011297556995908471,-0.017789671507611998,0.0010357892924153643,0.001035242135435048
2021-12-13,175.28578186035156,-0.020890683516443666,0.0021865639182296536,0.0013654696875732993,0.0029663067779846265,0.0,0.0010914155630004233,-0.0004198071711756443,-0.00076344784943575,0.017789671507611998,0.0010367420377666628,0.0010365748326308093
2021-12-14,171.66192626953125,-0.00805589161593807,0.0016619934442619385,0.0006895578552066548,0.0010383283669373824,0.0,0.001083858980298655,0.002194766084515203,0.0026142041133437417,0.017789671507611998,0.0010357019016506654,0.0010353216466538872
2021-12-15,170.2845916748047,0.028110536891022248,0.0012331840914422071,0.0003523461204059024,0.0010623465365057528,0.0,0.0010807181725336252,0.0015031235761023608,0.0005245937662999741,0.017789671507611998,0.0010356074186725105,0.0010350192229952515
2021-12-16,175.13929748535156,-0.040055584932657054,0.0031329934102439895,0.0005408097200412865,0.0012025087765133661,0.0,0.0010900035791700006,-0.00044581642438976956,2.0093176839891145e-05,-0.017789671507611998,0.001035984208480605,0.001035738068459532
2021-12-17,168.26263427734375,-0.006523025202412092,0.0013987153808653636,0.00041138703945930587,0.0011081142299912863,0.0,0.0010758739127854446,0.0032275261472998994,0.003504620418502008,-0.017789671507611998,0.0010355324662212127,0.001035117841059125
2021-12-20,167.1686248779297,-0.008155155522167943,-0.0024203582989990972,0.0002568095138383319,0.0010993725632245876,0.0,0.0010732652965426718,0.0014205203224203792,0.00034302510566255884,-0.017789671507611998,0.0010344450894765873,0.0010338985695381572
2021-12-21,165.81088256835938,0.018907087724499446,0.0016366509733435092,-0.0001262399304891575,0.001340266431064264,0.0,0.00107009837107297,0.0015084727190905678,0.0023606707406466595,-0.017789671507611998,0.0010356992170274333,0.0010349819112220808
2021-12-22,168.9757080078125,0.015202539015455816,0.00030169614565447216,0.00042778040249608724,0.0009051174142689761,0.0,0.0010762174068717442,5.013993524027329e-05,-0.0003483636016789974,-0.017789671507611998,0.001035197679553634,0.001034725155548307
2021-12-23,171.56419372558594,0.0036373065895150543,-0.0010547428728957938,0.001170236832365084,0.0011676118272651666,0.0,0.0010810618244329869,0.0002497710146938919,0.0008780165328897885,-0.017789671507611998,0.001034987960753089,0.0010348285580662215
2021-12-27,172.18936157226562,0.022714725545536305,-0.0001702361082873122,0.0012365444588694865,0.0012594334085324357,0.0,0.001081938151057972,0.0008729993792410499,0.0007452651966345584,0.017789671507611998,0.0010352327629947666,0.0010351615414363738
2021-12-28,176.14535522460938,-0.005783828217480878,0.005802831570067453,0.001165442754829206,0.0010617069484189989,0.0,0.0010893517176770533,-0.00015504642026002908,-0.00020363720165447415,-0.017789671507611998,0.0010368513985309139,0.0010368175266725372
2021-12-29,175.12950134277344,0.0005019961267139437,-0.0030191970650851685,0.0010675244596740502,0.0009647782718528469,0.0,0.0010869970825502435,0.0013806864037380752,0.001652316092968538,0.017789671507611998,0.0010341301099127018,0.001034113801578338
2021-12-30,175.21743774414062,-0.00659986162748493,0.0005629502841948645,0.0015019232974987618,0.0011120907302471662,0.0,0.0010867967397571487,0.0010419552929757608,0.0004735251055309268,-0.017789671507611998,0.001035406479586356,0.001035468274571335
2021-12-31,174.06483459472656,-0.0035420055005376742,0.0030724293230211344,0.001061100247658745,0.0010492451865676616,0.0,0.0010841652237122182,0.0014246608911328926,0.0016568249944599284,0.017789671507611998,0.0010359350165117989,0.0010359468524134606
2022-01-03,173.4493865966797,0.024696948985184247,0.0022581320067442,0.0006196930460012282,0.0010292539997155466,0.0,0.0010825820030673687,0.0012598788441466797,0.0009862058526724632,-0.017789671507611998,0.0010354306291470614,0.0010354566118192425
2022-01-04,177.78639221191406,-0.012772998255467466,0.006684104342342053,0.0008210135193077844,0.0013272763181589795,0.0,0.0010906608148984044,-0.0002618646688659007,-0.0001460645567919591,0.017789671507611998,0.001036882536130983,0.0010369904875729286
2022-01-05,175.52996826171875,-0.02695982871956568,0.0038850418289056434,0.00048271396784036293,0.0013867662279167408,0.0,0.001085919481427007,0.001757319475335169,0.0021518042770328153,-0.017789671507611998,0.001035931921396419,0.0010359986670914992
2022-01-06,170.86093139648438,-0.016834119158599375,0.0018094515964911326,-0.0004734919258354859,0.001678841871579987,0.0,0.0010763311914437617,0.002521820768747654,0.0018666419770447316,-0.017789671507611998,0.0010352757571550266,0.0010349710092802538
2022-01-07,168.0087127685547,0.0009877398433308453,-0.005708584980827743,5.8354297078331055e-05,0.0015314276530046284,0.0,0.001070210053251676,0.001976165551701965,0.0019587607695046,-0.017789671507611998,0.0010332683561707153,0.0010329790177340953
2022-01-10,168.17474365234375,0.0001160391774604869,-0.004646686544571406,0.0003099644464122889,0.0013972441135717232,0.0,0.0010701818775735342,0.0010157794885520478,0.001038686292950728,0.017789671507611998,0.0010335579063777015,0.0010333805707456523
2022-01-11,168.1942596435547,0.016644587108675345,0.0014043072668546534,0.0014959417803772,0.0016273876031322634,0.0,0.0010698560091650256,0.001062753778419885,0.0012890575173344903,-0.017789671507611998,0.0010361691530920794,0.0010359088466056008
2022-01-12,171.0172119140625,0.002567058742901847,-0.004195088376781334,0.0012446003461810272,0.001066636584698163,0.0,0.0010751734318688528,0.00017206178744829694,0.00020668924025115255,0.017789671507611998,0.0010340314734333892,0.0010339007650435438
2022-01-13,171.456787109375,-0.01921164585157718,-0.0018030328488980478,0.0007869707458807611,0.0013773035582912876,0.0,0.0010756826077429255,0.0009306729988052161,0.0012844005647995975,0.017789671507611998,0.0010345033519706178,0.001034476409851529
2022-01-14,168.1942596435547,0.005097583911355124,-0.0020929247381367157,0.0010521523102548043,0.001677225173685845,0.0,0.0010687609671904453,0.002104285940290804,0.0018204761742489312,-0.017789671507611998,0.001035029352179676,0.0010346488420361385
2022-01-18,169.0538330078125,-0.01907470397253996,0.000558959673367811,-1.3470298563888474e-05,0.0012311988517558457,0.0,0.0010701350541427524,0.0007943078135588617,0.0005563577148273815,-0.017789671507611998,0.0010349166793282825,0.0010346831401165202
2022-01-19,165.8597412109375,-0.02124887151440153,-0.0018891270690944606,0.0001286971902603242,0.0018020774602559159,0.0,0.001063266714890559,0.0020969064030565195,0.002443386062648666,-0.017789671507611998,0.0010349582802392629,0.0010342512290832002
2022-01-20,162.37258911132812,-0.010401185908957795,0.002727220473913162,0.0012492425290018664,0.0018053442569763022,0.0,0.0010556620324674876,0.0022140681540237235,0.001678476973166099,-0.017789671507611998,0.001037078382705877,0.0010362330194647216
2022-01-21,160.69247436523438,-0.012847169993162141,0.01323642814057657,0.004131499222193992,0.0017875839740475524,0.0,0.0010517585067634245,0.0016295070220019852,0.0017831400913370528,-0.017789671507611998,0.0010419878774243349,0.0010409163201796799
2022-01-24,158.6412353515625,-0.0048764856422036885,0.0151303648258274,0.005815352871369599,0.0018832704871794414,0.0,0.0010470245392906977,0.0017613164491162916,0.0018374501442407162,-0.017789671507611998,0.0010439336604944002,0.0010424346190135729
2022-01-25,157.8695068359375,-0.011449742272059771,0.021829577598032317,0.006670634104346356,0.001702479923298539,0.0,0.0010450076818914827,0.00133179143920579,0.0012930104844333034,0.017789671507611998,0.001046454823440891,0.0010448188605960275
2022-01-26,156.07225036621094,-0.0005633970732580439,0.016034091911103387,0.006518657212411052,0.0016989948939007428,0.0,0.001040754873874481,0.0016860117288028434,0.0018911370248984331,-0.017789671507611998,0.0010448196945591055,0.0010430174768823219
2022-01-27,155.98434448242188,-0.0029474291698684675,0.004371390204957831,0.0067063815844727445,0.0016345986920668592,0.0,0.0010402090583089376,0.0010993673048717684,0.0009880909607437043,-0.017789671507611998,0.0010415490609704552,0.0010396407247649495
2022-01-28,155.5252685546875,0.06745064185115696,0.0011349330782519224,0.0070261393109632255,0.0015003420549591338,0.0,0.0010388527187755437,0.0012278382572813208,0.00146755350847179,0.017789671507611998,0.0010405213035308916,0.0010388061226943043
2022-01-31,166.37742614746094,0.025790604000393583,0.0033815806767252487,0.004608568446632765,-0.00122321176613887,0.0,0.0010614340819623447,-0.002565779808819885,-0.0026064600780182252,0.017789671507611998,0.0010384645819779474,0.0010371207931928101
2022-02-01,170.72421264648438,-0.000973429808893489,0.004339523179771237,0.0027920966616298082,0.00022721005845633942,0.0,0.0010698396461766312,-0.0003207996561973177,0.0008483650766563532,-0.017789671507611998,0.001037931599814246,0.0010369586799401148
2022-02-02,170.55810546875,0.007019512083431195,0.002408767013520706,0.0026994578510089167,0.0009314154625401245,0.0,0.0010691453650162267,0.0011214631886231137,0.00025941873915172645,-0.017789671507611998,0.00103719790983271,0.00103660193695995
2022-02-03,171.75955200195312,-0.016861214642484572,0.004109012624542236,0.0033166972680581846,0.0010508711624984987,0.0,0.0010711665493635147,0.0006907387621688162,0.0006415254177321802,-0.017789671507611998,0.00103810097357226,0.0010374883848175505
2022-02-04,168.88775634765625,-0.0016804513900166827,-0.0014658319797866022,0.0029239828929052865,0.0013213679981197738,0.0,0.0010650774555802044,0.0019776256757605623,0.0018870764353520874,0.017789671507611998,0.001036634611657857,0.0010357241441209173
2022-02-07,168.60418701171875,-0.004243607444405816,-7.369245770717228e-05,0.0028734809486526364,0.0009622037326453825,0.0,0.0010641455041730094,0.0011595632360302554,0.0006217283253784969,0.017789671507611998,0.001036735068682081,0.00103597331681807
2022-02-08,167.8902130126953,0.018298137372056364,-0.00313244057713667,0.0035908682890503796,0.0015170021615509028,0.0,0.0010623444342888631,0.0012976868376167704,0.0016288276867142818,-0.017789671507611998,0.0010363834782642085,0.0010356690717697901
2022-02-09,170.99057006835938,0.008259627475969875,-0.00037801308870234057,0.0021950830994893534,0.0008279212164424466,0.0,0.001068191039763004,8.295511078246719e-05,-8.488754448045146e-05,-0.017789671507611998,0.0010359894905811477,0.0010354613641627086
2022-02-10,172.4087371826172,-0.023881680131204622,0.003339684757242047,0.0019757167785389067,0.0008707964488524003,0.0,0.0010706296414707717,0.0006239113038457061,0.0010703883684461124,-0.017789671507611998,0.001036792293445871,0.00103645894259768
2022-02-11,168.34010314941406,-0.020425385545830378,-0.002613627291015107,0.0024463746145345212,0.0015686572332213869,0.0,0.0010621712313783394,0.0023559451996363525,0.0021140407191737385,0.017789671507611998,0.001036069268436266,0.0010352162328167989
2022-02-14,164.9365692138672,0.0014217474058058988,0.00203806895674933,0.002131653403992349,0.0015292318730773234,0.0,0.0010548897821146294,0.0021696920624313934,0.0017736793083373238,-0.017789671507611998,0.001037713598625465,0.0010364072734651223
2022-02-15,165.17123413085938,0.022888819269531877,-0.0027284995551250593,0.00323080677115587,0.001472398530312166,0.0,0.0010550140563773973,0.0009923916470110747,0.0010697132192842571,-0.017789671507611998,0.001037008603606745,0.001035574941419993
2022-02-16,168.9954071044922,-0.0013900046068714236,0.00024498519423194945,0.002485901436637016,0.00032335278590687035,0.0,0.0010624078271911984,-0.0001644279997119317,5.289045639582618e-05,-0.017789671507611998,0.0010367023239318466,0.0010356144720580775
2022-02-17,168.7606658935547,-0.021498814662660435,-0.0022714312227499027,0.003156676318308126,0.0010868229251114084,0.0,0.0010615776266380288,0.0011439116116632787,0.001472158793326486,-0.017789671507611998,0.0010364266805809703,0.0010355241971011905
2022-02-18,165.17123413085938,-0.009399619133163048,-0.002711731955368528,0.004467027755459005,0.0016788033677277018,0.0,0.0010539429761171157,0.0022275371145929696,0.0018910154378600616,0.017789671507611998,0.001037738166843526,0.0010363340734680982
2022-02-22,163.62596130371094,-0.017973013804439573,0.0026115769316396404,0.004858102038810951,0.001445679176335441,0.0,0.0010504065883940846,0.0015755344946307894,0.0013985809402961129,-0.017789671507611998,0.0010393930358218362,0.0010380370114049212
2022-02-23,160.7113800048828,-0.02620420828478187,0.0025509099347420404,0.005790960647811107,0.001663031235519356,0.0,0.0010439732368916045,0.002037538416628263,0.0021442973165709768,-0.017789671507611998,0.001040106300116446,0.001038611395856488
2022-02-24,156.5547637939453,0.016542670701554445,0.015119934156798943,0.00633169098849074,0.0018509980956972472,0.0,0.001034761546045873,0.0024811018216098135,0.002234165240565572,0.017789671507611998,0.001044485808715623,0.001042701782421115
2022-02-25,159.1661376953125,0.012881828370175706,-0.006505049887283276,0.0060117720892485255,-0.0001462249540740393,0.0,0.0010400024751285053,0.00017755386866129632,0.00017217008303452644,0.017789671507611998,0.001037059895827792,0.00103536609838738
2022-02-28,161.22975158691406,0.001636406133466873,0.007016796866983931,0.005824955374262388,0.00015359135560402736,0.0,0.00104400309198494,0.00037482969460429175,0.001059364531275833,-0.017789671507611998,0.0010407168535045111,0.001039383026368539
2022-03-01,161.49380493164062,-0.011695772981230384,0.006806911421875562,0.004059400394295738,0.001660094405546866,0.0,0.001044203160556869,0.0009808240967147355,0.0008092538210317439,-0.017789671507611998,0.0010405956002349855,0.0010389239689848236
2022-03-02,159.6160125732422,0.020378957092659373,0.004404788358311787,0.004359342355099335,0.0017820496914305454,0.0,0.001039902020738575,0.0016992698554757543,0.0017258020941359402,0.017789671507611998,0.0010405108977572753,0.001038422454160109
2022-03-03,162.90219116210938,-0.001983333360740312,0.003089139475865409,0.005557444128010021,0.0005731079243470006,0.0,0.0010464288702397295,-2.9176303756173107e-05,-0.00023795030860989438,-0.017789671507611998,0.001039980046617884,0.0010382315317570192
2022-03-04,162.5794219970703,-0.01857956900088069,0.003766082281962184,0.006788227652636232,0.0015182564858404056,0.0,0.0010454066832522194,0.0011758849689892496,0.0016444684181724564,0.017789671507611998,0.001041175997326375,0.0010394622366122366
2022-03-07,159.58665466308594,-0.02400352968904002,0.0037881628940492668,0.006448463828163233,0.001625193016095391,0.0,0.0010387878044380093,0.0020702245217719584,0.0015703181454859336,0.017789671507611998,0.0010412344661778362,0.0010393233068551804
2022-03-08,155.80162048339844,-0.011744685824065288,0.009004777051500204,0.005972690877994164,0.001967631102102405,0.0,0.001030344676490107,0.002362511440404693,0.002288715153426801,0.017789671507611998,0.0010432364570622532,0.0010407378112241446
2022-03-09,153.98248291015625,0.03439923802305347,0.0012279238036491083,0.008259229620598631,0.0016505050907205231,0.0,0.0010260389702209612,0.0017019056754854736,0.0015430657583830908,-0.017789671507611998,0.0010418893918185735,0.0010395648853660062
2022-03-10,159.37152099609375,-0.02756275687628656,-0.003683194536922247,0.007421777062935406,1.0972131229646225e-06,0.0,0.0010372833095244763,-0.0007847025597735005,-0.0006088646594624568,0.017789671507611998,0.001039001802951335,0.001037028998596527
2022-03-11,155.03878784179688,-0.02419932698235233,-0.004728115339550826,0.007628208607842286,0.0015757978753487899,0.0,0.0010276504229681236,0.0025543114196237885,0.003236255353250212,0.017789671507611998,0.0010391082176847398,0.0010374270015156917
2022-03-14,151.3319854736328,-0.026921375792857773,0.0020023217706265158,0.007710641578098437,0.001732521410857368,0.0,0.0010191564911818205,0.0023730625839009614,0.0013558930087427758,-0.017789671507611998,0.0010412741393714554,0.001039525193857356
2022-03-15,147.31227111816406,0.029245625079127358,0.008343386152432991,0.008201751918184992,0.0016778087621939744,0.0,0.0010097520710256307,0.002519748613710764,0.0029170468395825315,0.017789671507611998,0.0010435339177595575,0.0010416517387782547
2022-03-16,151.6841278076172,0.028602183521673354,0.0027141124881964775,0.007205009254976527,0.00037807232682609453,0.0,0.0010192527012437,-0.0005069841665531528,-0.0008192894724571344,0.017789671507611998,0.0010405759818885296,0.001038948007402993
2022-03-17,156.08526611328125,0.006433331803594423,-0.0014621889313922688,0.005751112805638958,7.641211219174167e-06,0.0,0.0010285305118122939,-0.00047231032561639223,0.0004909011894146946,0.017789671507611998,0.0010379892562119015,0.0010367755869375743
2022-03-18,157.0926513671875,0.020703031663247475,0.002036819455874743,0.005586277085017606,0.0008419448529318104,0.0,0.0010303478626165247,0.000722326901834133,0.0005914756828378032,-0.017789671507611998,0.001039119194747334,0.0010380370690321681
2022-03-21,160.37884521484375,0.008501530984047727,0.0034449478207710907,0.004844344035825757,0.0004197951939426569,0.0,0.0010369605294402661,-4.6640065588224224e-05,-0.00013343693776985527,-0.017789671507611998,0.00103873467529752,0.0010378889762638016
2022-03-22,161.7481231689453,0.02058730268920592,0.0014610592635946125,0.003758956624250312,0.001201766268490986,0.0,0.001039468785641411,0.0006108755841848177,0.0008357717488674891,0.017789671507611998,0.0010378047381692918,0.0010370028187466583
2022-03-23,165.1125946044922,0.008199770103382641,0.0049031103051674655,0.0023496072101276393,0.000818273085490625,0.0,0.0010460350718031728,-4.040365143187226e-05,-0.00039489032360774494,-0.017789671507611998,0.0010378315522595538,0.0010371067999782367
2022-03-24,166.4720458984375,0.022424499063194905,0.006329843855828198,0.0019878206401247257,0.0010237840503422673,0.0,0.0010484372662395661,0.0006271369037342096,0.0008868774087614599,0.017789671507611998,0.0010382168612639874,0.0010374091816732769
2022-03-25,170.2472686767578,0.0037272734883742015,0.006759784581623617,0.0018854678576273225,0.0008598182450686285,0.0,0.0010556128492529785,-0.00013940666748409698,-0.0004393521395450442,0.017789671507611998,0.0010379765366703266,0.0010374186481579735
2022-03-28,170.8830108642578,0.005023974040163758,0.008326277467992142,0.002068696755823419,0.0008884995807318998,0.0,0.001056509379668791,0.0008681512342860379,0.0011471729479136266,0.017789671507611998,0.0010384383775381676,0.0010379937860003285
2022-03-29,171.74368286132812,0.018953708344708924,0.0005049701443245078,0.0018048009616561064,0.0008122618289478703,0.0,0.0010578402970322577,0.000798274509423462,0.0003838606080987099,-0.017789671507611998,0.0010357938616200651,0.0010355035511151385
2022-03-30,175.0299072265625,-0.006671810100917725,0.001449806345380974,0.0014322065723861598,0.000851853978369453,0.0,0.0010638415941642756,4.7627638745292725e-05,0.00016266372701066387,0.017789671507611998,0.0010357890709788843,0.0010355946018949299
2022-03-31,173.86602783203125,-0.017935770326864817,-0.0013957658616910711,0.0008882351152662794,0.000923979091277023,0.0,0.0010612483485407148,0.0014285380574342466,0.0015251151084200191,-0.017789671507611998,0.0010347328406206434,0.001034481270198525
2022-04-01,170.77540588378906,-0.0017195000303235517,0.0027281397687664573,0.0008477210769235681,0.0013400537652088714,0.0,0.00105488205541893,0.002035531436503341,0.0015830375307351499,0.017789671507611998,0.0010362509414258989,0.00103583795187457
2022-04-04,170.4820098876953,0.023417027203573818,0.0020063571861759855,0.0002231782213387416,0.0009347366434666753,0.0,0.0010539526141841755,0.001161667492939235,0.0010974195674385108,-0.017789671507611998,0.001035420502056409,0.00103512943424472
2022-04-05,174.52130126953125,-0.01912362998468431,0.004850341974922354,0.0003330296456366018,0.0011306438876832131,0.0,0.0010614419224860472,-0.00019289211999501486,-2.0355089066290914e-05,-0.017789671507611998,0.0010362574766445607,0.0010361060446781483
2022-04-06,171.2155303955078,-0.018622922520779205,0.0022114847390717926,9.329256017685545e-07,0.0016500810181718608,0.0,0.0010546842820752104,0.0020995429327352612,0.002405140478516277,0.017789671507611998,0.0010358141121930738,0.0010353387659139928
2022-04-07,168.05650329589844,0.001802392256101592,-0.0003280425541680332,0.000733509638095862,0.0015871582348368687,0.0,0.0010480987376298104,0.0020725607604491084,0.0014210600582893148,0.017789671507611998,0.0010355792119234517,0.0010349633841609392
2022-04-08,168.35968017578125,-0.011980353579631616,0.0005764577229713718,0.0016265239504593201,0.0012805069115008933,0.0,0.0010483510941097275,0.0009718794204698269,0.0011933600253224911,0.017789671507611998,0.00103614692539445,0.0010356040316439308
2022-04-11,166.35470581054688,-0.025847263883633582,0.007575422687655352,0.001717078251321558,0.0014646228065729754,0.0,0.0010439936677974395,0.001714605362311366,0.0018310631330835728,-0.017789671507611998,0.0010382875306468612,0.0010377965628579774
2022-04-12,162.1099853515625,0.011457598552178584,0.005264419686933028,0.0029301339661474534,0.0018727163228084865,0.0,0.001035002943106222,0.0024618667671665543,0.0022157139591325,0.017789671507611998,0.0010388421520203055,0.001037929574764227
2022-04-13,163.97805786132812,0.0162106622783072,0.001732027343608143,0.003752162715608548,0.001800528094399505,0.0,0.0010384864309434787,0.0004515787289097947,0.00039254868826786224,0.017789671507611998,0.0010382034569112767,0.0010373054848546069
2022-04-14,166.6579132080078,-0.03044752311147247,0.00017973086147733436,0.0016720125738553995,0.0010913102144232056,0.0,0.001043555651072902,0.00019544517071348397,0.0007732868769907069,0.017789671507611998,0.001036018303489495,0.0010354399370509754
2022-04-18,161.66006469726562,-0.0013316643297308442,0.0020343773848886405,0.002507934122920532,0.0017543061084743592,0.0,0.0010330375886939624,0.0027097659817667133,0.0026339256765122022,0.017789671507611998,0.0010373905421464736,0.001036697001392474
2022-04-19,161.44493103027344,0.01401629956661361,0.00015431840015676864,0.001705154648734389,0.0016212005443620571,0.0,0.001032248038804672,0.0011407677651610677,0.0005830719800830034,-0.017789671507611998,0.0010362750930748795,0.0010356506369553489
2022-04-20,163.72372436523438,-0.001015819133184142,0.003717298593703097,-3.707866056501573e-05,0.0013598706575144977,0.0,0.0010365818343747017,0.00031369520094759907,0.0009012535298144626,-0.017789671507611998,0.0010361743621589794,0.0010356544860617228
2022-04-21,163.5574951171875,-0.004855360426443948,0.0033917153772497497,0.00037898879803651016,0.001607970395393129,0.0,0.0010358970159003744,0.001123747468634008,0.0010848822188995835,0.017789671507611998,0.0010362609948434203,0.001035879310931593
2022-04-22,162.76528930664062,-0.02821579627366885,0.0029386864278056323,0.0009450125578603484,0.0018258000083800849,0.0,0.0010339319533779112,0.001330653041533892,0.001210765798035577,0.017789671507611998,0.0010368286797151956,0.0010361369758587796
2022-04-25,158.23692321777344,0.006714681919947358,0.004564554346798958,0.0027366120140416817,0.001886804955258485,0.0,0.0010241787929154082,0.002589502469887728,0.002610963740142077,-0.017789671507611998,0.0010390392668060075,0.0010376216993378564
2022-04-26,159.30300903320312,-0.03804248958798543,0.001506982712636111,0.004477502658887906,0.001537781650163658,0.0,0.0010260756272910856,0.0007071654795278684,0.0002818935923871635,-0.017789671507611998,0.0010387967443312837,0.0010375363607990744
2022-04-27,153.35655212402344,-0.0014677881152501398,0.01405440470790226,0.006158039012314829,0.001975515312599239,0.0,0.0010130571117245156,0.003119044270487541,0.0036951342934516385,0.017789671507611998,0.0010444510454913946,0.001042338147106729
2022-04-28,153.13162231445312,0.04416548071727649,0.0048248086065137245,0.0063566308813010125,0.0014711434770340655,0.0,0.0010122307142471755,0.001148103216892662,0.00028577951042709805,0.017789671507611998,0.0010413831435981153,0.0010395220111101384
2022-04-29,160.04632568359375,-0.0372916384232004,-0.00786757597546255,0.005015941589590583,0.0005088883365687796,0.0,0.001026600760868231,-0.0013109867915057597,-0.0004107879938571486,-0.017789671507611998,0.001036316309589927,0.0010346651055654205
2022-05-02,154.18785095214844,0.001964648245514831,0.010816988377892257,0.006762830220073505,0.0018194590004724286,0.0,0.0010138450221251988,0.0030785823302330855,0.0034904147326787365,0.017789671507611998,0.0010437480009017658,0.001041650943984967
2022-05-03,154.49107360839844,0.009576382631111473,-0.0035395081246412962,0.006745306924710627,0.0014797646287312625,0.0,0.001014161429187891,0.0009631357540050546,-0.00022805026306815584,0.017789671507611998,0.0010392188781194922,0.001037259913479565
2022-05-04,155.97764587402344,0.040190041347796905,0.00957380947046716,0.0060595089134792375,0.0011852892705805662,0.0,0.0010170098061679054,0.0005529538745762996,0.0015601563646566534,-0.017789671507611998,0.001042210323170312,0.0010406584479924783
2022-05-05,162.3740692138672,-0.057328281818905515,-0.0031405574920347554,0.0034153352572062045,-0.0005299127273261598,0.0,0.0010300370863613303,-0.0010967579299188633,-0.0014356830049465814,-0.017789671507611998,0.001035848371761759,0.0010347976843902691
2022-05-06,153.32723999023438,0.004716056752012003,-0.0019174363544166052,0.00668300252252137,0.0018359499154378912,0.0,0.0010106360494912285,0.004158318909198046,0.004783202428875803,0.017789671507611998,0.00103964992838037,0.0010378408819177757
2022-05-09,154.0520477294922,-0.03375300543195421,-0.004286804403586341,0.0071999190589587675,0.0013880931859792292,0.0,0.0010118674953877125,0.0008148675860554697,-0.0007596677014047788,-0.017789671507611998,0.0010389287031901402,0.0010372525825142309
2022-05-10,148.93910217285156,0.015983762220958007,-0.0023055471181435993,0.0068908809109791795,0.0018944830607973036,0.0,0.0010003177037174993,0.002887892133041689,0.0041963349902936105,-0.017789671507611998,0.0010401373875440145,0.001037861716986185
2022-05-11,151.33883666992188,-0.053233345812122766,-0.0023759055700286174,0.006672699660401475,0.001453815550615313,0.0,0.0010052939390271108,0.00020767238296908993,-0.0009687343408060051,-0.017789671507611998,0.0010395994647176565,0.001037555119629675
2022-05-12,143.4932403564453,-0.027262321428915666,-0.0031665442680631354,0.006833148195099802,0.00182125787924425,0.0,0.000987286422509465,0.003937650601252226,0.005116655170142524,0.017789671507611998,0.0010395352759041997,0.0010375474114184178
2022-05-13,139.63412475585938,0.03141755487145229,0.012534065101347962,0.007727708924229435,0.0014607938271005495,0.0,0.0009779105154894099,0.0025381215251520633,0.0011683543861557718,-0.017789671507611998,0.0010444340091303617,0.0010425519890208605
2022-05-16,144.09072875976562,-0.01072998752697641,0.006192379073598445,0.0081161734284024,0.0007597214668974355,0.0,0.0009880099329930474,-0.0006240253294566998,0.00023868609069924726,-0.017789671507611998,0.0010421220082483297,0.0010406209903608015
2022-05-17,142.5529022216797,0.02510515946966626,0.0026734516064441166,0.008384038300396236,0.0014181035921151293,0.0,0.0009841233666713328,0.001647225515423576,0.002208151367167211,-0.017789671507611998,0.0010412908983528178,0.0010399736393368548
2022-05-18,146.17701721191406,-0.05807329385732077,-0.0018300292802448223,0.006653715736976007,0.0012019406624450106,0.0,0.0009921210576869146,-0.00028386235497068583,-0.0008947437216754058,0.017789671507611998,0.0010387498212075673,0.0010376113391844853
2022-05-19,137.92982482910156,-0.02495000051167674,-0.00017925161585993798,0.007936716052122908,0.0017344420969966595,0.0,0.0009725435253982147,0.004198466190045428,0.005093943216049026,0.017789671507611998,0.0010407799108447778,0.001039003283740067
2022-05-20,134.5310516357422,0.0017456289210902173,-0.00220476483333653,0.008902324805223372,0.0014114916655359724,0.0,0.0009639542132586935,0.0024135149517185185,0.0008006185397075539,-0.017789671507611998,0.0010403740249399582,0.0010388094579597722
2022-05-23,134.76609802246094,0.039335428857245815,0.0177742140413356,0.008380860440284741,0.0013481921939111543,0.0,0.0009642131316779819,0.0009749382885619226,0.0018765714943041198,-0.017789671507611998,0.0010459926997736556,0.001044419160740261
2022-05-24,140.17282104492188,-0.019402781964406313,-0.0015436268091073386,0.006464949573936823,0.0010366027680875304,0.0,0.0009769188322493619,-0.0010507044892968602,-0.0010407656035435913,-0.017789671507611998,0.001038981907417745,0.0010375304950727268
2022-05-25,137.4792938232422,0.0011389936003233115,-0.00021030914790952596,0.007733869010421535,0.0015840905182752853,0.0,0.0009701728207311044,0.0021145859016419664,0.002838125548042281,0.017789671507611998,0.0010404045543113626,0.0010388263477242835
2022-05-26,137.63597106933594,0.02293458391068628,-0.0029399922607506557,0.006858001669625427,0.0011743383707333546,0.0,0.0009702286846555228,0.0010076287114530427,0.0001298839855823317,0.017789671507611998,0.0010388207171653863,0.00103738383077024
2022-05-27,140.82907104492188,0.03994806271598879,-0.003960613455348676,0.004983433204617877,0.0008009419614627971,0.0,0.0009774944323320133,-0.0001668941691247291,0.0004579113458717327,-0.017789671507611998,0.0010372386376266169,0.001035915062769085
2022-05-31,146.5688018798828,-0.005360531545567126,0.0012803587759476827,0.0016221089260063468,0.0010404867634060406,0.0,0.0009903815250184075,-0.0009444977578004516,-0.0010184230224863859,-0.01778246138544707,0.0010008202209398208,0.0009934986999781362
2022-06-01,145.78521728515625,-0.0008736118434463093,-0.001119998272941879,0.0023797760973496207,-0.0024146979098924894,0.0,0.0009882820496231726,0.001307188655663945,0.0011511528042121959,0.01778246138544707,0.0009987919889732995,0.0008311371384652306
2022-06-02,145.6579132080078,0.016671561385298628,0.00020780389029799624,0.003514735403394739,-0.0030167606106321545,0.0,0.000987666750914293,0.0010842036724343148,0.00041251560465561574,0.01778246138544707,0.0009994859024096555,0.000892808424509498
2022-06-03,148.1066131591797,-0.03931867067555493,0.003989625933207358,0.003650716167746178,-0.0010125962541014948,0.0,0.0009928480837964816,0.0002122669278735805,0.0009192106470734613,-0.01778246138544707,0.0010017915982180002,0.001086037600228406
2022-06-06,142.39625549316406,0.005213942317455308,-0.002487943489965094,0.0053534375285279046,-0.0019435487739004388,0.0,0.0009795351647874488,0.002994795206953613,0.003078588422980669,-0.01778246138544707,0.0009994102416661678,0.0008882198872626778
2022-06-07,143.14064025878906,0.017433166972801065,-0.004898971972609946,0.002957336557511645,-0.0031076620325477308,0.0,0.000980933120268686,0.0007816724811949221,-1.3984789067904204e-06,0.01778246138544707,0.0009970217092777828,0.0006987038258601592
2022-06-08,145.6579132080078,-0.005056110924137696,-0.003080363216892975,-0.0013291377717050486,-0.002937357436502426,0.0,0.0009863629004180367,0.0001744176636942924,0.001409211210480578,0.01778246138544707,0.0009960000111145597,0.0006365493696368345
2022-06-09,144.92330932617188,-0.03661811449435086,-0.0034069703388350317,0.0006833685313992555,-0.002603303037937926,0.0,0.0009843693425742373,0.0012920599634495267,0.0007582324984120697,0.01778246138544707,0.0009967921500542603,0.0006961170766066316
2022-06-10,139.7124786376953,-0.03939457773732556,0.00536116578807233,0.0044826306780316365,-0.0004096934364165839,0.0,0.0009719674679578372,0.0028605865482847644,0.002452986572089787,-0.01778246138544707,0.0010031191948503763,0.0011760400158014673
2022-06-13,134.31556701660156,-0.03903678697526615,0.0019728205695299325,0.005884690069620529,0.0003045453461660671,0.0,0.0009586583531522706,0.0029985675354149252,0.0030059703361242788,-0.01778246138544707,0.0010027787668073758,0.001123874589088707
2022-06-14,129.17333984375,0.006650211207982471,-0.0006449814258006046,0.006351522162473662,0.006727236875262544,0.0,0.0009454759387394761,0.0029807865247496743,0.003387792716844912,0.01778246138544707,0.0010053063479010897,0.0012402900908005973
2022-06-15,130.0352325439453,0.019912052174019448,0.002417284397267592,0.005207082823660347,0.003920822046246391,0.0,0.0009473555879220934,0.0007102946951569728,0.0007470331089942149,0.01778246138544707,0.0010048132776670142,0.0012266065076160049
2022-06-16,132.65045166015625,-0.04045897283748144,-0.0024896426385106153,0.005080633895534854,-0.0030282101022224726,0.0,0.0009536021941757486,5.122531533098421e-05,0.0004770603975016235,0.01778246138544707,0.000999508072555624,0.000847534092462748
2022-06-17,127.3906707763672,0.011467325322848585,-0.010945808636023666,0.006466520539091543,0.0082347710216024,0.0,0.0009399661800066154,0.003051464431128431,0.0024927041176461447,-0.01778246138544707,0.0010015358428825366,0.0009366739566915364
2022-06-21,128.8599090576172,0.03223517549574281,0.0004864314045171193,0.006382330248502959,0.0022311693332113993,0.0,0.0009434314068475773,0.00047090014802234883,-0.0002896756697720428,0.01778246138544707,0.0010035880552114003,0.0011456254999163073
2022-06-22,133.08140563964844,-0.003834151649333289,-8.79378412370768e-05,0.0048008440826769905,-0.0027566062956063562,0.0,0.0009537281307991717,-0.0005611929202644335,0.0008141534645789235,-0.01778246138544707,0.0010005808236300097,0.000929294927989619
2022-06-23,132.57212829589844,0.021343984673600352,-0.0031123650478693957,0.0055713557292592945,0.00039411882420178283,0.0,0.0009521531703451806,0.001231332652401201,0.0006730781720581854,-0.01778246138544707,0.0010007365857687728,0.0009432657496172354
2022-06-24,135.43215942382812,0.024221271506781893,-0.004503645992676842,0.0051506872742339005,0.000754217775496518,0.0,0.0009588588038549654,-1.9936966502160335e-05,-0.0006522381314485383,0.01778246138544707,0.001000149515588027,0.0008937625021492386
2022-06-27,138.75254821777344,0.0,-0.0012664553908371928,0.004419997780308666,0.0027964862912401543,0.0,0.0009665058823240408,-0.00016292855067081896,0.0006091540401788764,0.01778246138544707,0.001001785716030572,0.001043348682654302
2022-06-28,138.75254821777344,-0.030242053747647397,-0.005050862018115186,0.004784558983411611,-0.0011917141949369997,0.0,0.0009661882661944568,0.0010407880699291028,0.0007059172304325884,0.01778246138544707,0.0009987103569061508,0.0008058914354248364
2022-06-29,134.61920166015625,0.01293969436168267,0.005349572952938341,0.005445314604312711,0.0003989361483035203,0.0,0.0009559358870834705,0.0025437175394627982,0.0022613907843789917,0.01778246138544707,0.0010041271180827442,0.0012288550306250243
2022-06-30,136.37245178222656,-0.018192058741337808,-0.00550701439247723,0.0041853675986216945,-0.0009300557247811951,0.0,0.0009598714399486919,0.0003977283047025183,0.0004677464171440579,-0.01778246138544707,0.0009985494367769363,0.0007800239995402354
2022-07-01,133.9139862060547,0.016035169836734538,-0.014148653438906873,0.005143802051491351,0.0003830571298514481,0.0,0.0009535838725877968,0.0019448728725682627,0.0027797174510358147,0.01778246138544707,0.0009959422100940323,0.0005527796064310295
2022-07-05,136.07862854003906,0.018753203714645363,-0.0034099031510016454,0.0004464160709208851,-0.0016643490699960713,0.0,0.0009585335233800997,0.00024389347084847882,-0.0006717116711870837,-0.01778246138544707,0.0009974415341827587,0.0007169040721927144
2022-07-06,138.6546173095703,0.009561631224681972,-0.006071221290615638,-0.0005985004787065491,-0.0018633228389711557,0.0,0.0009643716697683101,0.00010881622879374856,0.0008877146759981051,-0.01778246138544707,0.0009959511754032938,0.0005884462300387947
2022-07-07,139.9867401123047,0.02371587686493667,0.0005897642015116613,-7.780365394598394e-05,-0.0012856763930186466,0.0,0.0009671913678840574,0.0005656068053132363,9.988210119595529e-05,0.01778246138544707,0.0009990523600243394,0.0008491056591114385
2022-07-08,143.34632873535156,0.004703671639637235,0.001029109815173116,0.0012003446489885035,-0.0005882517409207982,0.0,0.0009746499532929271,-0.00013781211819199955,-0.0002531062381061441,0.01778246138544707,0.000999938488164654,0.0009235375054530697
2022-07-11,144.0221710205078,-0.014867939171637024,0.0004882515439004844,0.001744346537743011,0.0002612674656612081,0.0,0.0009758721826230957,0.0008070312364412114,0.0010779177451812124,0.01778246138544707,0.0010000808352947418,0.000946842344296105
2022-07-12,141.89669799804688,0.006810465353166246,-0.0010165598107413644,0.0002987755538859084,-0.0011040410161199644,0.0,0.0009706808944991573,0.00177967518780634,0.0013905891498835858,-0.01778246138544707,0.0009985330646096642,0.0008109903450596869
2022-07-13,142.8663787841797,-0.002539832331278703,0.0028238774943721836,0.00027580688114318497,-0.001062163948808936,0.0,0.0009725936964836535,0.0007023305972348743,0.000795550677843851,0.01778246138544707,0.001000286818598688,0.0009428234275725274
2022-07-14,142.5039825439453,0.020275454402865743,-0.00019939838585555025,0.000733169540401063,-0.0007212131983702988,0.0,0.0009714435897293109,0.0011670092879126923,0.0016525463537318194,-0.01778246138544707,0.0009992869955752107,0.0008634696374710564
2022-07-15,145.4228057861328,0.011385213338536242,0.0024260068170536336,0.0010344546084731737,-0.000910203738841807,0.0,0.000977762414872727,3.3165433433253845e-05,-0.0003621393221615479,0.01778246138544707,0.001000365899717764,0.000956664227663741
2022-07-18,147.0879364013672,-0.020859433447596044,0.0037647571343290423,0.001961903571656432,0.0009718607455168005,0.0,0.0009811679943634547,0.00047498084049299514,0.0008294404886327983,0.01778246138544707,0.0010017615436555887,0.001086630420570233
2022-07-19,144.05154418945312,0.026371337319322837,0.0009328169456857216,-6.444366143302962e-05,-0.0007088621146316772,0.0,0.0009740235385433828,0.002077432522312161,0.0016545767988062716,0.01778246138544707,0.0009992421715973418,0.0008784612080138727
2022-07-20,147.90090942382812,0.013419534589420579,0.0050469845413505686,0.0004930489871305928,0.00011580600609326314,0.0,0.000982328742526633,-0.00026977966925121884,-0.0004346390091147375,-0.01778246138544707,0.0010014003680161553,0.001060551761315668
2022-07-21,149.8990478515625,0.014981099138499893,0.002821045271844704,0.0009278347455755835,0.0007142013267504714,0.0,0.0009863945175664808,0.0003738818415967789,0.0012919251466132963,-0.01778246138544707,0.001000806897193386,0.0010154596281978633
2022-07-22,152.16160583496094,-0.008143627976016171,0.0014126723095951067,0.0005226345910507937,0.001368215674926528,0.0,0.0009909679504491388,0.00029627727813114546,-0.0005028852921451275,-0.01778246138544707,0.0010002213500896388,0.0009746165089014818
2022-07-25,150.927490234375,-0.007426012304139562,0.005666651060975808,0.0009337196713718151,0.0009704843104207347,0.0,0.000987983763606125,0.0014454992901459464,0.0016448595165296062,0.01778246138544707,0.0010019820799956089,0.0011205608675605727
2022-07-26,149.81085205078125,-0.008865518613275404,0.0017609708262539727,0.0006878864288654065,-0.0005297792835565393,0.0,0.0009852358876858945,0.0014098361784385784,0.0011667355741835457,0.01778246138544707,0.0009996991209485972,0.0009348298933651944
2022-07-27,148.4885711669922,0.03366195696235635,0.0016757398713414687,0.0015465910112078462,-0.0002558987745926713,0.0,0.0009820198398566547,0.001481374853411942,0.0018176742363640475,-0.01778246138544707,0.0010002936560868404,0.0009660191351311516
2022-07-28,153.5720672607422,0.003565596904833361,-0.00036352534931350473,0.0005945877390098735,0.0009373283419729032,0.0,0.0009926856156799249,-0.000632099212894272,-0.0006439589383262763,0.01778246138544707,0.0009993550635769156,0.0009032058840231123
2022-07-29,154.12062072753906,0.03226649294372231,-0.0010112768143512535,0.0009711788709113246,0.0013881475190095443,0.0,0.0009935250647139064,0.0008635897648976839,0.0012857301305122522,0.01778246138544707,0.000999296167535529,0.0009058961944229377
2022-08-01,159.17465209960938,-0.006172387217205375,0.0021830729562689857,0.0006945554284799572,0.0031479128667448062,0.0,0.0010037249890058205,-0.0005627492932499369,-0.0014480668147886413,-0.01778246138544707,0.0010010907578118866,0.0010592892469584274
2022-08-02,158.1951904296875,-0.009330803253908695,0.004192117457541099,0.0010366555267343966,0.00016105321293058167,0.0,0.0010013852067409976,0.0013475351818653314,0.0020532755608340504,-0.01778246138544707,0.0010010579843624855,0.0010490925085677163
2022-08-03,156.72596740722656,0.03753443434909011,0.005010406856475648,0.0014357552610280958,-0.00010640419723096967,0.0,0.000998017479081073,0.00150449795225848,0.0007243624356621333,0.01778246138544707,0.0010015945867140653,0.0010811249302754202
2022-08-04,162.7203826904297,-0.0019280500276516329,-0.0021395648897160314,0.0005972285229481528,0.0015165975709863205,0.0,0.0010099224699152236,-0.0008245484570226661,-0.00028193910638547696,0.01778246138544707,0.0009986794089122564,0.0008598751965235702
2022-08-05,162.40695190429688,-0.0013901702569288083,0.0016187400903255095,0.001531557276797828,0.001072380486285039,0.0,0.001008965475616342,0.0011366057425472634,0.0016243326840231266,-0.01778246138544707,0.0010003661813324355,0.0010032842179619362
2022-08-08,162.18133544921875,-0.00290701782209807,0.0017619612940707166,0.0018086862997784866,0.000649932479806455,0.0,0.0010081842526490528,0.0011098749072266548,5.854463728907416e-05,0.01778246138544707,0.0010003267693120084,0.001003930311685362
2022-08-09,161.71055603027344,0.000303034050533967,0.001604334919908316,0.0023550071550828486,0.00040219910369344316,0.0,0.0010069097728070127,0.0011852571853452716,0.0017601968318908079,0.01778246138544707,0.0010003973972326982,0.0010076369721609866
2022-08-10,161.7595672607422,0.02585777249621121,0.0011886362882522607,0.0018566711404968336,0.0008261977194896895,0.0,0.0010066807211564196,0.0010257282856756908,0.0010032963522256817,0.01778246138544707,0.0010002614901956051,0.000991045163879276
2022-08-11,165.99685668945312,-0.004441784997805259,0.002014027274363307,0.001465773443693956,0.001516027997930397,0.0,0.001014765006053965,-0.00024425720594198103,-0.00018285092681631252,0.01778246138544707,0.0010004563924931483,0.0010280591345957727
2022-08-12,165.26116943359375,0.021199555218832607,-0.0008539329376749884,0.002240804776352845,0.00018267141855094512,0.0,0.0010129905182478319,0.0012615300084971308,0.0014535743910962615,0.01778246138544707,0.0009990958899578773,0.0009136035621041087
2022-08-15,168.80203247070312,0.006313164739483758,0.005128611751265235,0.0018032570059290612,0.0033514779324586587,0.0,0.0010195531205562144,-1.2759303052104019e-05,-0.0006594346644438176,-0.01778246138544707,0.0010025983129309148,0.0011995252008816216
2022-08-16,169.87107849121094,-0.0009241045581394238,0.00032286258893042476,0.0010007251254019816,0.0009717031159417168,0.0,0.0010212735013228466,0.0007270447834392007,0.001411058178784739,-0.01778246138544707,0.0009993765934655002,0.0009399558664933891
2022-08-17,169.71417236328125,0.008746263987288387,0.0015872694950038568,0.001425692737461954,0.0009469153270205587,0.0,0.0010206414746628525,0.0010867129923879883,0.0005757545195106933,-0.01778246138544707,0.0010000266257576774,0.000995265658117354
2022-08-18,171.20504760742188,-0.0022944113058880056,-0.00024823622904452823,0.0016917395301947044,0.001033205032228247,0.0,0.001023150608314241,0.0006061278446512616,0.0007569341669338996,0.01778246138544707,0.0009994323983557247,0.000943132077201382
2022-08-19,170.81268310546875,-0.015216785893170827,-0.0003243550715015085,0.0019529162679403356,0.0011359456971966348,0.0,0.0010220734778226168,0.001154812679356253,0.0013497871851301762,-0.01778246138544707,0.0009995007885031128,0.0009514830638811157
2022-08-22,168.23313903808594,-0.02329875055469786,0.0025423840250906092,0.0021319294094533855,0.000507288214161428,0.0,0.0010168028321325834,0.0017970117094102721,0.0015450538170052033,-0.01778246138544707,0.0010006488221672757,0.0010361056897729554
2022-08-23,164.35882568359375,-0.0020313206447538684,0.0006628979907096733,0.0045761490357463745,0.00019527754488846236,0.0,0.0010089132950181023,0.0021986584680231463,0.0022238785274553714,0.01778246138544707,0.00100114181151329,0.0010363312249078722
2022-08-24,164.02529907226562,0.0017926049618430205,-0.002224112690314221,0.003002409937912729,0.0006860324016610971,0.0,0.0010079271665913193,0.0011417379486823032,0.001247546531355905,-0.01778246138544707,0.0009995547923668646,0.0009047917833706757
2022-08-25,164.31959533691406,0.014812241247483168,-0.0005780985451958448,0.0017466229751114393,0.001165637044428131,0.0,0.001008181601674086,0.0009517015665167548,0.0012652528260558022,-0.01778246138544707,0.000999760507703818,0.000937468341942666
2022-08-26,166.7716522216797,-0.03842817832944628,-9.991575668715012e-05,0.0013352199196021845,0.002105956003671517,0.0,0.0010126561753031973,0.000304668953600345,3.5255087580366015e-05,-0.01778246138544707,0.0010000362337206242,0.0009694753360241774
2022-08-29,160.4844970703125,-0.013784886501550775,-0.0006538654778468441,0.009369709261791297,0.0013393380295139627,0.0,0.0009998756067663376,0.0029505406996199303,0.002998909842503933,-0.01778246138544707,0.0010031993530940045,0.0011702003268846252
2022-08-30,158.28741455078125,-0.015423743085909955,-0.0041711557041711885,0.0035064508248446383,0.0007702255076549939,0.0,0.000995086244243397,0.0017258510729326467,0.0010260820634054686,-0.01778246138544707,0.000999260468427018,0.0008559678036031842
2022-08-31,155.86476135253906,-0.010692064816485937,0.0033881927250870403,0.0034081249472631336,0.0012841083891110387,0.0,0.0009897692658333733,0.0018072967934358172,0.002799110278176646,0.01778246138544707,0.0010025711187302802,0.0011267435667216444
2022-09-01,154.20712280273438,0.004696006212463413,0.011326119183252617,0.0025441613202866354,0.0012710832310957776,0.0,0.000985987513135957,0.001572148123612996,0.001189624400866714,-0.01778246138544707,0.0010054762795696894,0.0013716107051294961
2022-09-02,154.9329833984375,-0.013704593941778571,0.0045182027226067165,0.0014170439448316645,0.0007889905815316859,0.0,0.0009871881664367103,0.0008074121826723183,0.0008714401001752587,-0.01778246138544707,0.0010019616467709343,0.001090475068903088
2022-09-06,152.8241729736328,-0.008249109335035068,0.0029626026627543873,0.0028858530854035183,0.002395430148356018,0.0,0.0009824350826100473,0.0017218607998092375,0.0017884003774732205,0.01778246138544707,0.0010025361148283082,0.001129617054563144
2022-09-07,151.56869506835938,0.009211355472425896,0.006827241196557985,0.0025179732812527092,0.00042670306663668734,0.0,0.0009794494602240042,0.0014507413628000994,0.0010470116439623253,-0.01778246138544707,0.0010033937374504167,0.0011918207381886807
2022-09-08,152.97129821777344,-0.009664383343099433,0.0004239342815187602,0.0017604788764283758,0.0013820738285677146,0.0,0.0009821109235321846,0.0005830143449903223,0.0009013118205104824,0.01778246138544707,0.0010005129632888264,0.000978602265755016
2022-09-09,151.5000457763672,0.018664444491047556,0.006208820849863557,0.002405636754429328,0.0008693564255437918,0.0,0.0009786699105177592,0.001521075773020188,0.0015999198308320798,0.01778246138544707,0.0010028299721881332,0.0011805094859565746
2022-09-12,154.35426330566406,0.03778490355910465,0.0031266765403259894,-8.546208635458767e-05,0.0015753611412598898,0.0,0.000984384215713407,0.00011322726694450419,-0.0003122744072967304,0.01778246138544707,0.0010007326828792506,0.0010210337240625614
2022-09-13,160.29811096191406,-0.06047144297276838,-7.274664601820632e-05,0.001212997676666285,0.0009712210026237654,0.0,0.0009962706883695411,-0.0008369959435618685,-0.00028113455701220106,-0.01778246138544707,0.0009998199018885954,0.0009328268712664817
2022-09-14,150.8919219970703,0.009510141497994293,0.004801377458444429,0.0038576104336808356,0.0008873597832325874,0.0,0.0009764231863801521,0.0040460176243561075,0.0037911562702360397,-0.01778246138544707,0.0010033188713365387,0.0011767710086984253
2022-09-15,152.33377075195312,-0.019111492771394376,0.003090281892045133,0.0028065643823415535,0.0003847389536178798,0.0,0.0009791777758932619,0.0005681656734464288,-0.0006330915168407543,0.01778246138544707,0.0010018381011906608,0.0010715411133211368
2022-09-16,149.45008850097656,-0.01102079268535682,-0.008122527510811385,0.0033483310380124412,-0.0002039895900928755,0.0,0.0009726948231513168,0.0019905656853181786,0.004062079159922124,-0.01778246138544707,0.0009971697285079597,0.0006870327261472744
2022-09-19,147.81207275390625,0.024773351085092963,0.004328400644809781,0.0037801522077858018,0.000686912530484195,0.0,0.0009688259562130885,0.0015884848051659639,0.0002961871238506998,0.01778246138544707,0.0010028809821758275,0.0011522789667753404
2022-09-20,151.5196075439453,0.015544336057187559,0.004918932246829564,0.0017662179311070053,-0.0015169842639472255,0.0,0.0009765023590279481,-0.00019036506919218395,0.0003049773022277076,-0.01778246138544707,0.0010013630536707557,0.0010458493428065353
2022-09-21,153.89328002929688,-0.02047601904632273,-0.008522177344309241,0.0038783763333070714,-0.00015379866401649665,0.0,0.0009811986303684252,0.0002682862769085219,0.0004936462834234794,-0.01778246138544707,0.0009973536876405097,0.0006908721882949707
2022-09-22,150.77420043945312,-0.006395381142006075,0.0002354858016468658,0.005472560838275145,-0.00019246789163689646,0.0,0.0009742836391738743,0.0020583781020163134,0.0014434049251601543,0.01778246138544707,0.0010017239440147738,0.001037203593887222
2022-09-23,149.81301879882812,-0.015239571278631788,0.003245960532912954,0.003175017204279492,-0.0015598555336801307,0.0,0.0009719093914995251,0.0013586172381273346,0.0011487927012740478,0.01778246138544707,0.0010014233975638985,0.0010299130937699132
2022-09-26,147.5472412109375,0.0022579223555595053,-0.004014992129376428,0.004961670898278348,-0.0009594166262350443,0.0,0.0009666883027168742,0.0017981440672709425,0.002444066694554289,0.01778246138544707,0.0009997018300951432,0.0008535842186967606
2022-09-27,147.88076782226562,0.006544795948712725,0.004184652602539746,0.005084662376190449,-0.002136973080902878,0.0,0.0009671040252065208,0.0009285768399509368,0.0006384817521106726,0.01778246138544707,0.0010029964192962164,0.0011024156769674906
2022-09-28,148.85179138183594,-0.012732492761072097,-0.0004586974094809282,0.005089629148630656,-0.001285883871828969,0.0,0.0009688992269842827,0.0007155334828734771,0.0010072188212318933,-0.01778246138544707,0.0010014571681225357,0.0009692608189652681
2022-09-29,146.9685516357422,-0.05036624706743163,-0.009215353344356709,0.005798705339053013,0.0005646209292103622,0.0,0.0009644907997036984,0.0016735506048719667,0.0014524592006857878,0.01778246138544707,0.0009985232058437165,0.0007466054544676165
2022-09-30,139.74961853027344,-0.03049985162443661,-0.0037216075735446523,0.005528192717291184,0.0005457831516317772,0.0,0.0009479804304958709,0.003543823003307155,0.003274964823530878,0.01778246138544707,0.0010009132900532763,0.0009256664989350634
2022-10-03,135.55162048339844,0.030289208442886843,0.008528288081574536,0.005518143111467064,0.0007174605393074493,0.0,0.000937868587391391,0.0025565292363615207,0.0024618519603112916,-0.01778246138544707,0.0010060413744466391,0.0013492225206875028
2022-10-04,139.72018432617188,0.025300107677520837,0.0037089298552857703,0.004962887418352665,-0.0014628057965207367,0.0,0.0009473032835840929,-0.0004644848310955097,0.00027309440617734,-0.01778246138544707,0.0010027339025241407,0.001102611114985508
2022-10-05,143.3002166748047,0.002051279497567571,0.002202618725611906,0.002442382232160915,0.00020171601249154372,0.0,0.0009551287348674915,-0.0002165431195533499,7.419294812632989e-05,0.01778246138544707,0.0010016388541365371,0.001024738441918424
2022-10-06,143.59446716308594,-0.006647441579447802,-0.0033439092471596278,0.0005389725536912163,-0.000802532967947105,0.0,0.0009554808552538391,0.0009388463025851967,1.0220793736658235e-05,-0.01778246138544707,0.000998100744116068,0.000747691132141724
2022-10-07,142.64309692382812,-0.03741003715435446,0.0010697698685463563,0.0020242457870614924,-0.0013043084141525123,0.0,0.0009530393258913787,0.0013711438033763696,0.0012217911475849213,0.01778246138544707,0.001000587183669053,0.0009284161457565863
2022-10-10,137.4053955078125,0.002352920991691771,0.0008843004433727445,0.0037264536179142218,-9.581679841500629e-06,0.0,0.0009407237315156978,0.0028999424701160823,0.0031389002984274503,-0.01778246138544707,0.0010018224619407696,0.001012129880256549
2022-10-11,137.7290802001953,-0.010307853637972847,-0.0011987966625159464,0.003150866326284848,-0.0008763363340327185,0.0,0.0009411769398790406,0.0009238557237529406,0.0007574081613892054,-0.01778246138544707,0.0010005230950574865,0.0008976633436525265
2022-10-12,136.31668090820312,-0.0046155841444603584,0.007564259910673269,0.0039411626540583646,-0.0007672856833107449,0.0,0.000937568011236804,0.0015530541061388515,0.0023640076097876583,-0.01778246138544707,0.0010046819779414573,0.0012243218675503618
2022-10-13,135.68894958496094,0.03306032558918709,0.008691919832828151,0.0042539797547800715,-0.0005268670283013058,0.0,0.0009357870131111796,0.0012701672479342202,0.0005680444984503682,-0.01778246138544707,0.0010053642893292152,0.0012794916175045004
2022-10-14,140.24984741210938,-0.032771247688888436,-0.011796051881001364,0.002780525394177112,-0.005829374895901567,0.0,0.0009460866407405722,-0.0006022001350050119,-0.0003551861300221998,0.01778246138544707,0.0009939029824606372,0.0003763259489081202
2022-10-17,135.72817993164062,0.028706822315723024,0.006797916891296985,0.005010927904728953,0.0004226402711586956,0.0,0.000935279802814409,0.0026694100648506592,0.0029270960653784216,0.01778246138544707,0.0010050545839451342,0.0012659572234637428
2022-10-18,139.68096923828125,0.009365419286804877,0.0032681349294706383,0.004083630907187738,-0.001201773075037443,0.0,0.0009441780862213006,-0.00038584550446311115,-0.0015416389865666603,0.01778246138544707,0.0010024756474238403,0.0010687950188372022
2022-10-19,140.9952850341797,0.0007648368436114057,0.0035626880971046165,0.005366663706482477,-0.0007177807887029798,0.0,0.0009468754728966958,0.0005753578859167731,0.002111658328474566,0.01778246138544707,0.001003187995497219,0.001132051070625895
2022-10-20,141.10316467285156,-0.003272451367554771,-0.001512165749606874,0.003695000042252811,-0.0015282535695975443,0.0,0.0009468171832299376,0.001002778223070136,-6.89768671801017e-05,-0.01778246138544707,0.001000120581876878,0.0008839098692812194
2022-10-21,140.6421661376953,0.026699569864995613,0.0012824969314003242,0.003313103891804669,-0.0018278505868891204,0.0,0.0009454665851022858,0.0012034180169212614,0.0014000040270903125,0.01778246138544707,0.0010009051854425694,0.0009589623263794524
2022-10-24,144.4478302001953,0.014694079448323575,0.003577741279298638,0.004179573825712756,0.0008485031158632071,0.0,0.0009537078981518516,-0.00028609173488895853,-0.00018789803623865437,0.01778246138544707,0.001003245844726849,0.0011435034209640702
2022-10-25,146.58602905273438,0.019153026314494153,0.0013560423991492872,0.00460808964340443,-0.0009604068539670681,0.0,0.0009581034104839603,0.0003105412019473637,0.0006581533150858115,0.01778246138544707,0.0010017840273787973,0.0010264759038459935
2022-10-26,149.420654296875,-0.019822160938915624,0.00031223541934143235,0.0043058605864922505,0.0005550539169792176,0.0,0.0009639220618763524,8.894637561140408e-05,-0.00044887686539801493,0.01778246138544707,0.001001655966696903,0.0010269291634982807
2022-10-27,146.48797607421875,-0.03093922066892772,-0.004492254888326469,0.00285865613759526,6.335401144922054e-05,0.0,0.0009572768946766108,0.0020258835291703105,0.002234923444478667,0.01778246138544707,0.0009987266752836843,0.0008043256455058377
2022-10-28,142.025146484375,0.07283432946781905,-0.0016618931663369874,0.002894169461472442,-3.580072145627938e-05,0.0,0.0009470830635600865,0.002578364416289336,0.0021331439268959425,0.01778246138544707,0.0009998920268965462,0.0008991855743883592
2022-10-31,152.75547790527344,-0.015530044408443012,-0.0025675308663578615,-0.0021185588727729524,-0.0016021796211099512,0.0,0.0009700502349352491,-0.002578835817533475,-0.0020905631366225277,0.01778246138544707,0.0009966689608827846,0.0006701206751608924
2022-11-01,150.40150451660156,-0.01769866945153587,0.0009479861615460101,-0.002273966596228841,-0.0012071934920795304,0.0,0.0009647803228805132,0.0018125796155489737,0.00294524814959577,0.01778246138544707,0.0009982452731128028,0.0007973940794821386
2022-11-02,147.7630157470703,-0.03801841635330681,-0.001499097745836511,-0.0026200364822187142,-0.0013806584965165526,0.0,0.0009588213670138412,0.0019203530661495826,-0.00042346435777465183,0.01778246138544707,0.0009970109219288245,0.0006981186831468626
2022-11-03,142.25074768066406,-0.04333039982571809,0.0016756535262611187,0.005212073444239672,3.196999286023572e-05,0.0,0.0009463804995640102,0.0029301768924997777,0.0041712454693436365,-0.01778246138544707,0.001002025091027999,0.0010852708293423213
2022-11-04,136.21859741210938,-0.0019492007656014938,0.0019230695205033998,0.005037466908876891,-0.000160174861478549,0.0,0.0009322526181583683,0.0031941648004964,0.003011780216980328,-0.01778246138544707,0.0010019060936623013,0.0010827187548220606
2022-11-07,135.95333862304688,0.0038948331361574632,0.0042563961901440454,0.00516772650465404,0.003668024882138345,0.0,0.0009313334942720014,0.00113765686386437,0.0013716473775483694,0.01778246138544707,0.0010043730843378744,0.0012807344179609863
2022-11-08,136.48388671875,0.004166226660108737,0.0055792367245205724,0.0019232550124232673,-0.0013634274210661788,0.0,0.0009322784877802558,0.0008472278194218844,0.001307612409467221,-0.01778246138544707,0.0010015737455522158,0.0010777468164064998
2022-11-09,137.05369567871094,-0.03375306182545521,0.005683319214859658,0.0010400799870220097,-0.0006384124593542947,0.0,0.0009333093925211957,0.000833740464085817,0.00028524769878082723,-0.01778246138544707,0.001001717046507993,0.001076293942248502
2022-11-10,132.50491333007812,0.08523626907427664,0.0015218168126738276,0.0026274031173866516,0.00034836577183584947,0.0,0.0009222557369386664,0.0027182029613835473,0.0026177176486576166,0.01778246138544707,0.0010010907610392159,0.0010114320355293475
2022-11-11,144.29444885253906,0.019085503218805852,-0.004462531534234984,-0.003209077569041571,-0.0028760971316753297,0.0,0.0009491158877310647,-0.0031951709602938186,-0.0035225175856209547,0.01778246138544707,0.000994636452935058,0.0005343790173956058
2022-11-14,147.0748291015625,-0.00953099897973388,0.0057692428796539685,-0.0034535612718532517,0.0012314456530987529,0.0,0.0009548918072632541,9.2302048848113e-05,0.0017731239876749086,0.01778246138544707,0.0010003156300526662,0.0009994126816056663
2022-11-15,145.67971801757812,0.011799581640389536,-0.0033093728179516132,-0.001466889127896302,-0.0012489537035088832,0.0,0.0009515534147809245,0.0015144470138707643,-0.0008325429118031754,-0.01778246138544707,0.0009964928254184854,0.0006749846292016911
2022-11-16,147.4088592529297,-0.00836596455005452,0.0003750985292360465,-0.000904889446018793,-0.0004992678418799319,0.0,0.0009550060017400615,0.00045438811430804167,0.0011501877583490454,-0.01778246138544707,0.000998658919310274,0.0008402838911067854
2022-11-17,146.1807861328125,0.012887954694247122,-9.124837541417208e-05,-0.0014728845500704443,0.0004673504642744693,0.0,0.0009520403731839704,0.0014565486782617714,0.0020717469687614627,0.01778246138544707,0.000998571755935372,0.0008360624799361164
2022-11-18,148.0769500732422,0.0037745653155335235,0.000441145577827863,-0.0020777027707954768,-0.0006013156190397097,0.0,0.0009558367835914333,0.00040029959405943924,-9.418250408469385e-05,0.01778246138544707,0.000998096890404506,0.0008040877785988044
2022-11-21,148.63693237304688,-0.021918632245797657,-0.0009511114893426919,-0.0012540269976371488,-0.00023266088285724346,0.0,0.0009567330406763116,0.0008532047300298939,0.0013458400448164735,-0.01778246138544707,0.0009978866565420572,0.0007923723734514617
2022-11-22,145.41445922851562,0.014554607925387732,-0.005347285366252604,-0.0012164468350364488,-0.0010102405879153314,0.0,0.0009494617866119523,0.0021300711791043016,0.0017260995140175686,0.01778246138544707,0.0009956587918119935,0.0006200131104903029
2022-11-23,147.54638671875,0.005908916455147942,-0.0019257313366589227,-0.0020796275806015834,-0.0006948939945712264,0.0,0.0009537849979684111,0.00031747247267818594,0.0002110256373287294,-0.01778246138544707,0.0009967219275628023,0.0007203292202475442
2022-11-25,148.42080688476562,-0.019787983486825436,-0.0025940480039758637,-0.0021292656273194216,-0.00031971003536737045,0.0,0.000955359054975139,0.0007471345784182867,0.0014639218804950655,0.01778246138544707,0.0009964502859255483,0.0007071903134157188
2022-11-28,145.51272583007812,-0.026615494269103403,-0.0054044709459565325,-0.0019431314314658824,-0.0006728388380463654,0.0,0.0009487717756668506,0.0020241850234944546,0.0014042382925788378,0.01778246138544707,0.0009952335914729697,0.0006061964334133865
2022-11-29,141.69091796875,-0.021375011481762057,-0.0034595830276070243,-0.003964377812577431,-0.0003448136465197583,0.0,0.0009400212150177172,0.0023634895973130518,0.00223179442122175,0.01778246138544707,0.0009955982760541848,0.0006214539584100284
2022-11-30,138.6944122314453,0.047450109549269814,0.0027485224053584245,-0.004864327619033947,-0.0002652447278231626,0.0,0.0009329393258724363,0.002103055035513753,0.0023973456778737445,0.01778246138544707,0.0009978100918193612,0.0008088702383750551
2022-12-01,145.43411254882812,0.0018895868579301394,-0.01794107471150982,-0.007196751408813214,-0.00187025575799194,0.0,0.0009476973113494026,-0.0013173245294755432,-0.0011542362584922963,-0.01778246138544707,0.0009874583845805732,-1.6698116699324353e-05
2022-12-02,145.7091827392578,-0.003376868722055167,-0.0022543632283976954,-0.006522470183321955,0.0007949158504299246,0.0,0.0009479960394009663,0.0009468818888964171,0.001517707673626024,-0.01778246138544707,0.0009952246392060668,0.0006194613201713818
2022-12-05,145.2179718017578,-0.008015220011544687,-0.0013854298224718006,-0.0062488270958319676,0.0008532294858121437,0.0,0.0009466248077074164,0.0012086072120903097,-0.0002198026417997254,-0.01778246138544707,0.000995614150501748,0.000659166181542893
2022-12-06,144.0586700439453,-0.02569726875450728,0.0027225245614643256,-0.003357941363123614,-0.0010017423035408057,0.0,0.0009437842863700941,0.0014391178414673148,0.0020455617454561295,0.01778246138544707,0.000997949357916391,0.0008314635510161797
2022-12-07,140.40391540527344,-0.013880804043132895,0.0029340301175363086,-0.002313400819156266,0.0004636036566397846,0.0,0.0009353428880681684,0.0023178568437613317,0.002338789934025703,0.01778246138544707,0.0009992341988796483,0.0009139877985085718
2022-12-08,138.4684600830078,0.012059554117797194,-0.0025961510520640233,-0.003058007557111834,0.0005240280179459808,0.0,0.0009306497784922416,0.0017306178556747154,0.0016207192560129407,0.01778246138544707,0.0009967314651352457,0.0007042776329931437
2022-12-09,140.1484375,-0.003440729825292815,-0.004373926462214417,-0.005886026945313189,-0.0006421148829522886,0.0,0.0009341738140651691,0.000441468346992502,0.0008089125156514269,-0.01778246138544707,0.0009943439586804672,0.000523307902149218
2022-12-12,139.66705322265625,0.01625710412368757,-0.006117874540437343,-0.004321488327061419,-0.0004499971889941655,0.0,0.0009327889126282087,0.0012117808964840246,0.0012796366080498923,-0.01778246138544707,0.0009943914365491782,0.0005166647806428325
2022-12-13,141.95619201660156,0.00675947078057378,0.0006174997903294925,-0.0056836383877958,-0.0007277065166933503,0.0,0.0009376383794671515,0.0002328640750625658,-0.0002849748481834331,0.01778246138544707,0.0009968267351804585,0.0006974813619709035
2022-12-14,142.9189910888672,-0.015657574994899885,-0.002576403509188307,-0.001961167514101134,0.0006781124015377558,0.0,0.0009394801486544678,0.0007048648578566899,0.0011169849387771909,0.01778246138544707,0.0009972211065103766,0.0007426668586208537
2022-12-15,140.6986541748047,-0.047987456501996886,-0.0012462760222512166,-0.001092572710997676,-0.00020610121032206964,0.0,0.0009342312381093842,0.0018189174614589216,0.0014373757627676401,0.01778246138544707,0.000997574546419739,0.0007879502401193787
2022-12-16,134.1063232421875,-0.014686110285687875,0.0014971809539732943,0.004131134280475235,0.0006439134082276874,0.0,0.0009187643750869035,0.0034256050253724146,0.003329044060395684,-0.01778246138544707,0.001001363052648612,0.0010648124396000185
2022-12-19,132.15121459960938,-0.016037672498072638,0.0027634966965492816,0.005202144139028434,0.0007586502502532467,0.0,0.0009138323666606157,0.001770638897037671,0.001779034307224436,-0.01778246138544707,0.0010023340322466085,0.001143857671811154
2022-12-20,130.04872131347656,-0.0005287173750954556,0.011227617435584713,0.003799621828561339,0.0013787050139380424,0.0,0.000908476440952959,0.0018378070429530006,0.002605803555011374,0.01778246138544707,0.0010055178098662726,0.0014093589428533105
2022-12-21,129.97998046875,0.02353000599593018,0.015140499754915448,0.0026767633332837703,0.000271745808030796,0.0,0.000908022494706576,0.0010670635646662047,0.0005642191542002154,0.01778246138544707,0.0010061250311827468,0.0014761551311167423
2022-12-22,133.07467651367188,-0.024059355427521443,0.002414671163738515,0.0013583389018661791,-0.0003937509554165267,0.0,0.0009151655270719766,-0.00012857495431124223,4.131052598071712e-05,-0.01778246138544707,0.0009998533071741097,0.0009814777314092087
2022-12-23,129.91119384765625,-0.002802065383873869,-0.006121851987218615,0.0024153463917813613,0.0004299366093216986,0.0,0.0009072821555585317,0.002236458000011823,0.002225994911885471,0.01778246138544707,0.0009973117166058626,0.000746186251970298
2022-12-27,129.5476837158203,-0.01397588855067222,0.008052975772956944,0.0013199176948926017,-0.0006798333647598702,0.0,0.0009061116451327089,0.0011800413982951334,0.00037931082266346177,-0.01778246138544707,0.0010021731452444025,0.0011645058932741009
2022-12-28,127.7497329711914,-0.031165746463462075,0.002029377203571466,0.0010428858530788468,-0.00028857377244588425,0.0,0.0009014170078469661,0.0017353432393959868,0.0026162391665885028,-0.01778246138544707,0.0009998210234854268,0.0009619251259911101
2022-12-29,123.82971954345705,0.027931025273582908,0.006285875944644724,0.0024862182916107855,0.0008319455847308262,0.0,0.0008913043735135352,0.0025896219947281586,0.00215939325887826,0.01778246138544707,0.0010026826789054206,0.0011844588867980258
2022-12-30,127.33716583251952,0.0024655720027445508,-0.001983610719509223,0.0011759798001901114,-0.0004172472019923943,0.0,0.0008998288756888409,-0.00034729097219692354,-0.0003414480271682846,0.01778246138544707,0.0009981258568410646,0.0008249263542684342
2023-01-03,127.6515121459961,-0.03812225460312095,-0.0036103435257731037,0.0020609177330308003,0.00012939586816937778,0.0,0.0009003223339702956,0.0009182573432429146,0.001722018566091351,0.01778246138544707,0.0009980532654237382,0.0008123608172979648
2023-01-04,122.87673950195312,0.010261346329186596,0.0010235496639159599,0.004335884863682552,0.0015448436381812567,0.0,0.0008880278862900526,0.0029353373080923404,0.0018204898037953116,-0.01778246138544707,0.0010016207002134425,0.0010817088801792427
2023-01-05,124.14411163330078,-0.010661408958420436,0.0012070736673776145,0.0035599920169980424,0.0006597766604100098,0.0,0.0008909801125712799,0.0005308332922571114,0.0005175323005298845,0.01778246138544707,0.0010009120217957571,0.0010381272699793538
2023-01-06,122.8275909423828,0.036133732922311985,0.0024814019552696553,0.003729831044371909,0.00035105266217642255,0.0,0.0008873427104708416,0.0015706246294454058,0.002607214780258298,0.01778246138544707,0.0010014448175059913,0.0010775946968505901
2023-01-09,127.3469696044922,0.004080421566437826,-0.006525411588740073,0.003987059192727988,0.0005306743618283698,0.0,0.0008984369472388118,-0.0007549382556160734,-0.0016408181406650302,0.01778246138544707,0.000997698069360215,0.0007828486458622699
2023-01-10,127.86766052246094,0.004446458981510042,-0.0008271271777159034,0.004022698911742494,-0.0004239139492826949,0.0,0.000899438201052279,0.0008380046918062688,0.0015823884608532814,-0.01778246138544707,0.000999807801549391,0.0009501988453913735
2023-01-11,128.43748474121094,0.020892509444223287,-0.0018687360973007553,0.004089810489991732,-0.0005039570484787438,0.0,0.0009005539672619228,0.0008198138499191908,-0.00015708323348795263,0.01778246138544707,0.000999183602536794,0.0009142296705333744
2023-01-12,131.1490936279297,-0.0005995988965557449,-0.0016795996102804524,0.004927598266983187,0.00040618810242983245,0.0,0.0009068407457137976,2.4998505426497564e-06,0.0004797203957044834,0.01778246138544707,0.0010000312092421373,0.0009731672437902771
2023-01-13,131.0704803466797,0.01006842916891113,-0.007354130959507534,0.0055194325008553514,0.0007724990633732789,0.0,0.0009063671714785666,0.0010705861404918077,0.0012218509691002695,0.01778246138544707,0.0009977540199906027,0.0008080037535014525
2023-01-17,132.39682006835938,0.008717923609002315,0.002464894842387554,0.0053066445648067865,0.00013560857338881338,0.0,0.0009092465121440074,0.0005404206333740918,0.00010422026452949849,-0.01778246138544707,0.0010014297980482242,0.0011181991522615418
2023-01-18,133.55609130859375,-0.005384335786114231,0.0018081455299193716,0.0051085651010486085,-0.0005424594716149827,0.0,0.000911699756597937,0.0006075362671763749,0.0010233848114885391,0.01778246138544707,0.0010009391004831814,0.0010695203222940994
2023-01-19,132.8389129638672,0.00044374708385068896,0.0038936923243793812,0.004333187904127685,-0.00013617780398121376,0.0,0.0009097223585003517,0.0013083716472331234,0.0011391907572622989,-0.01778246138544707,0.0010017922773510402,0.0011295346907055622
2023-01-20,132.8978729248047,0.0190383705806908,-2.4019582751549776e-05,0.004001636235273906,-0.0005053285814573243,0.0,0.0009095760554313878,0.001018735316008886,0.0009045522782201178,-0.01778246138544707,0.0009999067698433,0.0009745838922695661
2023-01-23,135.4522705078125,0.02322840127957538,0.004578114173154202,0.0028472967389749416,0.00044766322922948473,0.0,0.0009152661980946833,9.46443841733218e-05,0.00036097289731117066,0.01778246138544707,0.0010016555827818388,0.0011255078197766998
2023-01-24,138.63543701171875,0.010012976087252119,0.004650396857521221,-0.00037198952847179636,-0.0008150338974931817,0.0,0.0009222674955786747,-0.00011358620321178219,-1.2937488461055432e-05,-0.01778246138544707,0.0009998891458258181,0.0009930822815336154
2023-01-25,140.0305633544922,-0.004711834927173565,0.0034493884100127306,0.00025737226960534767,-5.6466061429236505e-05,0.0,0.0009251190352874807,0.0005431764670650583,0.0003186552873269018,0.01778246138544707,0.0009998651721346598,0.0009936823127555507
2023-01-26,139.372314453125,0.014694701238784611,0.003965210599328502,0.0003213845171969428,0.0002612608411781198,0.0,0.0009233514109656052,0.0012749505916519602,0.0010892864197808165,-0.01778246138544707,0.0010002173084280278,0.0010227353999860756
2023-01-27,141.4354705810547,0.013591478177317649,0.0043161527469889015,-0.00012805274298387714,0.0008547142312067015,0.0,0.0009276684485291849,0.00031051030102986765,0.0003704410040065441,0.01778246138544707,0.0010003771205391676,0.0010388860759958515
2023-01-30,143.37091064453125,-0.020282193216304794,0.0023864493975012217,-0.00021732904670825623,0.0009074352461089559,0.0,0.0009316370507632145,0.0003653368172573532,0.0007679608651323033,0.01778246138544707,0.0009995313304039467,0.0009718031919172702
2023-01-31,140.49232482910156,0.008980543248560876,-0.0008282174645013724,-0.0012410379761771334,-0.00034138123685243955,0.0,0.0009249911139627546,0.002048745603035868,0.0017486649456256163,0.01778246138544707,0.0009974743813747702,0.0007937185381419581
2023-02-01,141.75970458984375,0.007869719226784684,0.0002117403156405277,-0.0005271057746718045,0.0006365702349692508,0.0,0.0009275139928022779,0.0005944849447078542,0.0002935857397502993,-0.01778246138544707,0.0009985135251204395,0.0008800251926672769
2023-02-02,142.8797149658203,0.03639224477857981,-0.0014332332389072199,-0.00027008404520875305,0.0008711352317426347,0.0,0.0009296875072775386,0.0006496892033777289,0.0014182666882408541,-0.01778246138544707,0.000997822411096261,0.0008385600743648816
2023-02-03,148.17520141601562,0.024106998541972492,-0.002273500539891945,6.820366302842857e-05,0.00138376645024158,0.0,0.000940786899224738,-0.0007677854349197935,-0.0011871869118603143,-0.01778246138544707,0.0009979295515779648,0.0008353592937970772
2023-02-06,151.79066467285156,-0.018091644839869973,0.0008075895107573414,0.0006420297695839737,0.0011564577631921387,0.0,0.0009480354009903035,-0.00015724956445460018,0.00013900847845344357,-0.01778246138544707,0.0009992935657610227,0.000951213809365778
2023-02-07,149.0692138671875,0.019061945937897545,0.0018945752259348831,0.00024478376439284507,-0.0001669029514822463,0.0,0.0009420799176494026,0.001939882635697243,0.0014063540855975745,0.01778246138544707,0.0009991999733123004,0.0009368567657911016
2023-02-08,151.93801879882812,-0.017810247399000514,0.0010567731016748296,0.0003530979050850728,0.0007975608077925493,0.0,0.0009477459170303433,9.347276734476709e-05,-0.00011669449132566535,-0.01778246138544707,0.0009991813295790047,0.0009402909356556245
2023-02-09,149.25592041015625,-0.0069357238634410396,-0.0014967122731140087,0.0012989931388964035,0.0003260482857806959,0.0,0.0009418822117111715,0.0019258981189688787,0.0028805597211183334,-0.01778246138544707,0.0009984355714365133,0.0008674810010185771
2023-02-10,148.22430419921875,0.002453332693941051,-0.0013761429900912155,0.0033373304213961796,6.286379970069393e-05,0.0,0.0009394204598126864,0.0013854704739052063,0.0004952624869552875,-0.01778246138544707,0.000999335018889426,0.0009252783827296276
2023-02-13,148.58839416503906,0.018631984316830972,-0.0005662754318941361,0.002102677017032521,0.0009864717716609607,0.0,0.0009398934095890463,0.0009188655961757675,0.0015530343573974213,-0.01778246138544707,0.0009995290268902156,0.0009432709184665132
2023-02-14,151.38284301757812,-0.004233916637307332,-0.001195320344882633,0.0011476296623658595,0.000754422372656697,0.0,0.0009454187346693843,0.00011484042962265392,5.172612460272298e-05,0.01778246138544707,0.000998768342329808,0.0008860066416186061
2023-02-15,150.74325561523438,0.013807712432744566,0.0006938508602544031,0.0016153284363414218,0.0006552439903465721,0.0,0.0009438017083278367,0.0012511996424650193,0.0012641325385802614,0.01778246138544707,0.000999508825473356,0.0009617409000414788
2023-02-16,152.839111328125,-0.010484196612131097,0.005842804913646879,0.0011886848963049662,0.0009217222687852724,0.0,0.000947816661737455,0.0003545906940768444,-9.008850504707545e-05,-0.01778246138544707,0.0010014961377862843,0.0011328232225450876
2023-02-17,151.24508666992188,-0.007575333100246032,-0.0006426365565794546,0.0017110467848897501,0.0004596646727507112,0.0,0.0009442497309187752,0.0015618177653406763,0.002058328001396963,0.01778246138544707,0.0009990806654133421,0.0009131053056662674
2023-02-21,150.1036834716797,-0.02704201991698008,-0.001179227291920033,0.001495226491707562,0.0011157849026974865,0.0,0.000941592343884725,0.0014172569252818745,0.0009227711277451543,0.01778246138544707,0.000999016533384802,0.0009078420204519587
2023-02-22,146.09896850585938,0.0028917675126633874,0.000453542025939547,0.0012040474700554826,-0.0006855836810597494,0.0,0.0009328665527213747,0.0023846865031533397,0.0027494131965323902,-0.01778246138544707,0.0009992327643323546,0.0009010682322942073
2023-02-23,146.52206420898438,0.0032850018749032853,7.441082421829357e-05,0.0005844565195541071,0.0006818943520552234,0.0,0.0009334771826964189,0.0008970768441609106,0.000668564493483877,-0.01778246138544707,0.000999303105330332,0.0009102415952280624
2023-02-24,147.00418090820312,-0.01816934151882033,-0.0009199857078209433,-0.0003126251507045428,0.0008603432863436514,0.0,0.0009342099731894719,0.0008775344044716218,0.0014384093663592284,-0.01778246138544707,0.0009984511346635182,0.0008544976086450404
2023-02-27,144.35733032226562,0.008213747038284567,-0.006365956575954086,-0.001238972727329557,0.000748932564154261,0.0,0.0009282587110424283,0.001943743902179136,0.0015025276105191528,-0.01778246138544707,0.0009958443702773332,0.0006370477306291593
2023-02-28,145.5479278564453,-0.003453727370708061,0.003091563442676893,-0.0023255835085347855,0.00027550215492112785,0.0,0.0009305276267469572,0.0006325921655721341,0.00042434981875828445,-0.01778246138544707,0.0009990559891905892,0.0009133874946943028
2023-03-01,145.04611206054688,-0.014348469695847766,-0.0009474404506394879,-0.0025932725106251006,0.00048308824874710116,0.0,0.0009291626656643124,0.001212426831254169,0.0017679354693310905,-0.01778246138544707,0.0009973208765128442,0.0007734420865205853
2023-03-02,142.9797821044922,0.004120704867214891,-0.005619649407045871,-0.0024890296447492174,0.00030185289125969985,0.0,0.0009244077225079127,0.0017538592829011504,0.001253065735907852,0.01778246138544707,0.000995330994158979,0.0006114687851576907
2023-03-03,143.57017517089844,0.03448813956661852,-0.0008697394163756982,-0.003134847321265754,0.0008777654781311194,0.0,0.0009254022144633286,0.0008360027457620901,0.0009006376301182045,-0.01778246138544707,0.0009971487017775833,0.000771534941783354
2023-03-06,148.60801696777344,0.018369997040277412,0.002047308976561337,-0.0018238006429083195,0.002834496117813955,0.0,0.0009358416351016351,-0.0006731577399878,-0.0003285338466133697,0.01778246138544707,0.000999526141941027,0.0009692616629218754
2023-03-07,151.36317443847656,-0.014602655377590397,-0.0007352077101202799,-0.0004456402664670578,0.0007236949065865834,0.0,0.0009412627033246376,0.00012786032575341354,0.00015444398850554064,-0.01778246138544707,0.0009980819922810434,0.0008527173485973507
2023-03-08,149.16893005371094,0.00834241122846796,-0.002545155102914706,-0.00032319862065127714,-0.00020892814223512726,0.0,0.0009364308978907193,0.0017664914657222076,0.0011697976714416664,-0.01778246138544707,0.0009971327397366766,0.000766693591621618
2023-03-09,150.41856384277344,-0.015027084588193313,-0.0032413304858190405,0.0006826603741571271,0.0009110991814602073,0.0,0.000938732321237698,0.0006261979833279683,0.0005532764475164642,0.01778246138544707,0.000997631755171549,0.0008067107474886394
2023-03-10,148.17510986328125,-0.013976083455809108,-0.0008685595791653529,0.0008203003065428366,-9.394645931462813e-05,0.0,0.000933772452673103,0.0017875841856038943,0.002475060790874631,0.01778246138544707,0.0009987345414510715,0.0008619589224779235
2023-03-13,146.1186065673828,0.013178818324378738,-0.00018198507631045227,0.0033720761001731015,0.0009427116122260732,0.0,0.0009291420626394129,0.0017353529255329282,0.0011743920048182164,0.01778246138544707,0.0010007465831603768,0.000993422182859167
2023-03-14,148.05702209472656,0.013990725084199919,-0.007851873499535224,0.002133221713614231,0.0006197995610935071,0.0,0.0009329451288492047,0.0003858446392145038,0.0007358893923131314,-0.01778246138544707,0.0009971644958622716,0.0006842026356551871
2023-03-15,150.14300537109375,0.0026183777717783572,-0.002747798999314898,-0.0007176585007451716,0.0006251518784494475,0.0,0.0009369978228142422,0.00034549557410037295,0.0005898857301091637,-0.01778246138544707,0.0009977810253549444,0.0007727670158161128
2023-03-16,150.53665161132812,0.018521318659267646,-0.009598730111760087,0.0011097472908466759,0.000840534922625399,0.0,0.0009375195044614541,0.0009106634048380688,0.0005247057465568006,-0.01778246138544707,0.0009960693174698877,0.0006001847947509629
2023-03-17,153.35076904296875,-0.005469059603923326,0.0044637080808452405,0.0007680100817758079,0.0009910873968138705,0.0,0.0009429735364573617,0.00012034014466863311,9.021236455635353e-06,-0.01778246138544707,0.001001419043997277,0.001075053878760013
2023-03-20,152.51437377929688,0.015365306908154618,0.0002322611654351274,-0.002246925986221464,0.0010039345218461361,0.0,0.0009409853091270111,0.001312582139140162,0.0016257618929610678,0.01778246138544707,0.0009988016879947032,0.0008397775852155694
2023-03-21,154.8759002685547,0.011873333941603852,0.00521614334205378,-0.0014315448608275302,0.0007662150787158142,0.0,0.0009454565805464244,0.0002771834300659221,-0.00017249004563358998,-0.01778246138544707,0.001000920426949809,0.0010276557977584484
2023-03-22,156.7257537841797,-0.009145221701288021,0.00584299015060619,-0.0007507766765169849,0.0008567086974524807,0.0,0.0009488429695644157,0.0004507228702784578,0.0009997307399553092,-0.01778246138544707,0.001001118613881641,0.0010723373017403348
2023-03-23,155.2989959716797,0.006945295444448498,0.0036790739692292673,-0.0018217568573859486,0.0002051044355911569,0.0,0.0009457159358993437,0.001495275166439672,0.001157220909023524,0.01778246138544707,0.0009996472711389008,0.0009465778584745534
2023-03-24,156.38134765625,0.008271313922510614,-0.0003676216151979718,-0.0015793474127188444,0.0006731193630221037,0.0,0.0009475739660970981,0.0006956299902172779,0.00055020554362145,-0.01778246138544707,0.0009982972537529989,0.0008295463390622921
2023-03-27,157.68019104003906,-0.01236962181033007,0.0034788200461831386,-0.00046967707086292224,0.0013400901402013813,0.0,0.0009498413778483097,0.0006297312829252571,0.0010887856936009081,-0.01778246138544707,0.0010004909445951843,0.001014445692966937
2023-03-28,155.74176025390625,-0.003988075630680995,0.000784838127030147,-0.0023726417165587555,-0.0003693164170560468,0.0,0.0009457189813183877,0.0016555171257286948,0.0014287519553668586,-0.01778246138544707,0.000997771339702083,0.0008138604585324057
2023-03-29,155.12188720703125,0.01959744855535692,-0.0017488274754153333,-0.002594427290517035,0.00013053170203968022,0.0,0.000944192435955764,0.0012389821622382576,0.0010213593323981955,-0.01778246138544707,0.0009967474883684358,0.0007354851410281537
2023-03-30,158.19186401367188,0.009841392905322297,0.0029639412253064136,-0.0013884072868744794,0.0009210016906373537,0.0,0.0009499620790486812,6.686006863363097e-05,0.00045120827322076354,0.01778246138544707,0.0009993921790175304,0.0009565946079070876
2023-03-31,159.75637817382812,0.015523039127982254,0.0032025564911854036,-0.0002453601494269806,0.0011580102439262734,0.0,0.0009527114392299655,0.0005517035804268204,0.0006557760923634517,0.01778246138544707,0.001000028674717713,0.0010063366629845568
2023-04-03,162.25563049316406,0.007672129704431006,0.006757511065413536,0.0004265084393235561,0.0016882162326194157,0.0,0.0009572154045124237,0.0002693446634447112,-0.00015791167862490144,0.01778246138544707,0.0010019451683919189,0.0011639710812992908
2023-04-04,163.50526428222656,-0.0032547952560193,0.00033676924751076015,0.0003345023186081923,0.0009115248376210394,0.0,0.0009592904707361315,0.0006595087453471471,0.0008585897460830626,-0.01778246138544707,0.0009989059447616012,0.0009185213813559905
2023-04-05,162.9739532470703,-0.011354626565933877,-0.0017009452390110398,-0.0011797797911846258,0.0007310503020163176,0.0,0.0009579886215774182,0.0012025405669118983,0.001046131992872401,0.01778246138544707,0.000997443371919399,0.0007977625987423504
2023-04-06,161.1339111328125,0.005480843258838617,-0.002491617268423826,-0.0010570556774099648,0.0008493919227591507,0.0,0.000954186084459595,0.0016050752385153222,0.0016106338577569145,0.01778246138544707,0.0009972220016708571,0.0007779744805178818
2023-04-10,162.0194854736328,-0.016101268060555087,-5.926648407306634e-05,-0.0005654048261772356,0.0011047423117002573,0.0,0.0009555836322133397,0.000768408392267679,0.00085106060514182,-0.01778246138544707,0.0009984410796993646,0.0008835866284321586
2023-04-11,159.43165588378906,-0.007619990860685729,-0.0007531246062021172,-0.00264085643762695,0.000688404794667058,0.0,0.0009503191718143371,0.0018409675308545168,0.002107665967822643,0.01778246138544707,0.000997234575612393,0.000784779288210515
2023-04-12,158.22140502929688,-0.0043628778173149165,0.0016008074987052703,-0.003560790984663942,0.0005928621605326442,0.0,0.0009476748305516095,0.001419476267419424,0.0009655199759397051,-0.01778246138544707,0.0009978256976755342,0.0008346173513781797
2023-04-13,157.53260803222656,0.0335351976924588,0.0010586461712997614,-0.00420273095375997,0.0007074521377681382,0.0,0.0009460367822333286,0.0012576085841154957,0.0016443819828567,0.01778246138544707,0.0009973897271718425,0.0008001273581819885
2023-04-14,162.9050750732422,-0.0021162963406096916,-0.0010945897830892443,-0.0012937508429651896,0.0014112022106651679,0.0,0.000956085860528187,-0.000625799698851499,-0.0007065212911798095,0.01778246138544707,0.000997764380347736,0.0008353605293204521
2023-04-17,162.56068420410156,0.00012079719971687154,-0.002433099318022376,0.0006589035204165698,0.0009320090973487805,0.0,0.0009551387636721026,0.001145960958090379,0.0014538727459509123,-0.01778246138544707,0.0009976943005338896,0.0008342453859165695
2023-04-18,162.580322265625,0.007476627872841683,-0.0006713471162064146,-0.0006224469251530907,0.0008677640985438816,0.0,0.0009548816476277404,0.0010347848509411808,0.00014981917830290156,-0.01778246138544707,0.0009978746495342254,0.0008538650612706581
2023-04-19,163.80043029785156,0.006944274116892629,-0.00297615673222317,-0.0006782913175865993,0.0009416152105913533,0.0,0.0009568908115911458,0.0006692245360303863,0.001209665472684414,-0.01778246138544707,0.000996908121932138,0.0007756003981410073
2023-04-20,164.94186401367188,-0.005863517940519968,-0.0007505813934593022,0.000168155718718424,0.001069128502695231,0.0,0.000958734785507161,0.0006956807467993068,0.0007358016867793555,0.01778246138544707,0.0009981722616546433,0.0008810377453582765
2023-04-21,163.97755432128906,-0.00982906726883019,-0.006871009617960125,0.0003152823083554183,0.0008947320710941966,0.0,0.0009566343382392954,0.0013321854062833683,0.0012171003719378686,-0.01778246138544707,0.000995711034109676,0.0006710594970296881
2023-04-24,162.3737030029297,0.0018767635955913326,-7.38425032446149e-05,0.0012805079163077722,0.0009349556177427879,0.0,0.0009533146393759316,0.001529260016299582,0.001410609775238213,0.01778246138544707,0.000998883575837268,0.0009337444705672601
2023-04-25,162.67872619628906,-0.009480313493536272,-0.002754883177118517,-0.0014977923415027453,0.0008944500337267165,0.0,0.0009535987775163056,0.0009475191623774239,0.0010942643308124989,-0.01778246138544707,0.0009966628771681753,0.0007570155186957166
2023-04-26,161.14376831054688,-6.117195428780501e-05,0.002383533774304015,-0.0004534399328551019,0.0006180504325788993,0.0,0.0009503893304935271,0.0015119281138145817,0.0016730150097845017,-0.01778246138544707,0.0009993527017644348,0.0009559334385548648
2023-04-27,161.1339111328125,0.027999496131221765,-0.0037466133874785278,-0.0016171369089851314,0.0006505058288177385,0.0,0.0009500782722878749,0.0010438281125656008,0.0007640109699574589,0.01778246138544707,0.0009963650403888736,0.0007122276772874197
2023-04-28,165.70933532714844,0.007512918133539763,0.002065734510740109,0.0011156147280075546,0.0013376627639857884,0.0,0.0009583934945008887,-0.0003506937460497968,-8.800957533133314e-05,0.01778246138544707,0.000999904624352076,0.0010139289770081672
2023-05-01,166.958984375,-0.0005306739001857785,0.005056392732779305,0.000953570597393909,0.0014822833779153484,0.0,0.0009604077921772988,0.0006674210307950829,0.0007983306771778215,0.01778246138544707,0.001000974770614681,0.0011155841881792328
2023-05-02,166.8704071044922,-0.006210805557765276,0.0007813506811883322,0.0009389761987023002,0.0006760136990505837,0.0,0.0009599497025636697,0.001067160797454714,0.000467701594624625,-0.01778246138544707,0.0009989064577352249,0.0009449336233358214
2023-05-03,165.83721923828125,-0.0064879694255952315,-0.0003557736219437766,-0.000407990944262917,0.0007627943943835615,0.0,0.0009577473821520208,0.0013494444455906017,0.001567870944254219,-0.01778246138544707,0.0009981596543561318,0.0008679916243233609
2023-05-04,164.76475524902344,-0.009963040667932216,-0.0005524988906103691,0.0011573969327207602,0.000764155858147848,0.0,0.000955461316199381,0.0013632185678220982,0.001422765964214122,-0.01778246138544707,0.0009987763025271377,0.0009085654521111573
2023-05-05,163.13134765625,0.045859167954307056,-0.005706918635734834,0.0017968776287151265,0.0007636677993563249,0.0,0.0009521100264559399,0.0015359180485656511,0.001608731861721455,0.01778246138544707,0.00099712169400815,0.0007516651249484216
2023-05-08,170.78660583496094,-0.00040347035087209246,0.0061463879833747815,0.0011752858193417918,0.002132521108282823,0.0,0.0009658894244086404,-0.0012382600245537346,-0.0012501446210020012,0.01778246138544707,0.0010019668943178335,0.001178954890009374
2023-05-09,170.71771240234375,-0.010021214572235818,-0.0006612233592935538,0.0010321159009637163,0.00012296137525614928,0.0,0.0009654693753978181,0.0010608392042028769,0.0016368899390464048,-0.01778246138544707,0.000998240795904882,0.0008819184048524574
2023-05-10,169.0154571533203,0.01036705626722941,-0.0030384014755087158,0.0003512540464623038,8.191501812438069e-05,0.0,0.0009621002604184763,0.0015388090980910994,0.0002905223040559704,0.01778246138544707,0.000997062524117159,0.0007788799899021153
2023-05-11,170.77676391601562,0.0010941092085742653,0.0010257863093726866,3.650021186493073e-05,0.0011801449604930236,0.0,0.0009649834474224036,0.0005255798599858495,0.0011091426691047191,-0.01778246138544707,0.000998967187235549,0.0009410992905887407
2023-05-12,170.96371459960938,-0.005432301807462136,-0.002751241854087758,0.0003173780298252006,0.0011581944542397484,0.0,0.0009650230201349847,0.0009864144818726907,0.001318601522478759,0.01778246138544707,0.0009974987198768394,0.0008198148334216803
2023-05-15,170.03750610351562,-0.002901389331628691,-0.0069730339652814945,0.0008953575547873843,0.0009370467848804471,0.0,0.0009630630554206472,0.0013107553989327135,0.0009240517235956391,0.01778246138544707,0.0009958979064030287,0.0006863477019286135
2023-05-16,169.5448760986328,0.0,-0.003724459848397841,-0.0019589347983210875,0.0007543405602905577,0.0,0.0009618794559146597,0.0011849774680924023,0.0012544525540339752,0.01778246138544707,0.0009960504326789125,0.0007057672412702984
2023-05-17,169.5448760986328,0.0035966154350405293,-0.005157656910898918,-0.0029271968043417477,0.0007178547954184435,0.0,0.0009615849429152982,0.0010407880699291028,0.0011572548110874972,-0.01778246138544707,0.0009951707020715741,0.0006264563201873229
2023-05-18,170.15576171875,0.013573546528916762,-0.002354572299044434,-0.0009098652277560002,0.0011715962969246123,0.0,0.0009623915026006748,0.0008620482471311003,0.0008519783253339079,0.01778246138544707,0.0009971725108924594,0.000796724795662493
2023-05-19,172.4811248779297,0.0006280028720786657,0.0016468921363200191,0.0007497492966742049,0.0013547795671028904,0.0,0.000966250485166867,0.0003662279605323402,0.0003620428688801845,-0.01778246138544707,0.0009994609291850566,0.0009890778855779793
2023-05-22,172.5894775390625,-0.005495575621293973,-0.001773410296298178,0.0005451196765280787,0.001098865732752717,0.0,0.0009661470138872439,0.0010095784162701728,0.001050964319309537,0.01778246138544707,0.0009979558723122496,0.0008583431477166064
2023-05-23,171.6436004638672,-0.015271272873478806,-0.0024844174853315237,-0.001266918241726782,0.0007684823411751655,0.0,0.0009641709519192985,0.0013138998969966075,0.0010443579024816154,-0.01778246138544707,0.0009968590866820822,0.0007694687541865732
2023-05-24,169.04229736328125,0.001630951177532971,0.0012025898232608555,-0.0020662153871618947,0.0006811303835430769,0.0,0.0009592075022631082,0.0017997195310778774,0.0019215168323479465,0.01778246138544707,0.0009982145879447904,0.0008687612525166821
2023-05-25,169.31822204589844,0.006669943421311594,-0.001035800395520239,-0.002864442281109278,0.000890689645901701,0.0,0.0009594128028973595,0.0009597352218474586,0.0009543942744565892,-0.01778246138544707,0.0009972512782887631,0.0007744078197933681
2023-05-26,170.4513397216797,0.014006210932566106,0.0016784556796270807,-0.0005677657919498694,0.0012282416390471073,0.0,0.0009611575418580727,0.0007093140697947229,0.0010099555950202658,-0.01778246138544707,0.0009993111638894171,0.0009466032488463162
2023-05-30,172.8555145263672,0.010603212364588735,0.004641016176064928,0.0010675678821275019,0.0020329171029342813,0.0,0.0009651419808900543,0.0003447259789510328,0.0001511598968617164,0.01778246138544707,0.0010013595289175517,0.0011212710074764562
2023-05-31,174.69808959960938,-0.0002819854308742913,0.00038972188111246044,-0.00010044295738956223,0.0009421202446207897,0.0,0.0009680849031446188,0.0005138436875323167,0.0005136176091678849,0.01778246138544707,0.0009986216254332823,0.0009081144982030401
2023-06-01,174.64883422851562,0.01589557144006805,0.00795369595849203,-0.0003504428582658777,0.0004664677179569912,0.0,0.0009677033187935752,0.0010278117462479554,0.0007702553149586476,-0.017926565651789735,0.001185018851386054,0.0011898683226032702
2023-06-02,177.44715881347656,0.00476386519365613,0.004157560280611108,0.0008562675657335019,0.0005132409923616312,0.0,0.0009722586645736407,0.00027168018485773844,0.00012552013180385673,0.017926565651789735,0.0010172016223886668,0.001047816131931246
2023-06-05,178.2945098876953,-0.007599897616254143,0.0020220547756247573,0.0007185281191231089,0.0005132409923616312,0.0,0.0009734153474684187,0.0007919710107336226,0.000942267425468868,-0.017926565651789735,0.000913858110625868,0.000953893126810649
2023-06-06,176.9446258544922,-0.002062534265258378,0.002168089745043839,-0.0011408543044071962,0.0005132409923616312,0.0,0.0009708007354026296,0.0013698475932544041,0.001134825405388966,-0.017926565651789735,0.0008990779292241352,0.0009319038815051517
2023-06-07,176.58004760742188,-0.007786308521617163,-0.0014778366138782674,-0.001107067458603153,0.0006198225534299638,0.0,0.0009698759381463305,0.0011110337791553227,0.0010419761888371811,-0.017926565651789735,0.0007433768797423792,0.0007821091553014742
2023-06-08,175.21047973632812,0.015346522783097484,-0.0028374249367434505,-0.001159780894981631,0.0005132409923616312,0.0,0.0009672071833582283,0.0013785603531635026,0.0016883078070822892,-0.017926565651789735,0.0006782026790127971,0.0007163739313717562
2023-06-09,177.9200897216797,0.0021576731758845705,-0.0017748604932153874,-0.0007239883502463335,0.0005132409923616312,0.0,0.0009715884495373079,0.00029734246634970096,0.0003644991733329258,-0.017926565651789735,0.0007254312604737698,0.0007686907983524933
2023-06-12,178.3043975830078,0.01551769315825773,-0.0024405479657947675,-0.001011984397335115,0.0005132409923616312,0.0,0.0009719497302946478,0.0009137832259773165,0.001028152540109554,-0.017926565651789735,0.0006956451260297257,0.0007356870494327009
2023-06-13,181.0928497314453,-0.0026150387687471025,-0.0005471137391410573,-0.0011705132421748715,0.0005132409923616312,0.0,0.0009763790066125417,0.00028934204180684926,-6.266261216909049e-05,-0.017926565651789735,0.000786538539821517,0.0008146964650450561
2023-06-14,180.61990356445312,0.0034851447881635586,-0.0025628311164446515,-0.0012364228683514845,0.0005132409923616312,0.0,0.0009752857287509406,0.001136857585322769,0.0010713407823531558,-0.017926565651789735,0.0006960243113955946,0.0007270165267935856
2023-06-15,181.25048828125,0.011136542358737678,0.00032032257963935827,-0.001237436480403772,0.0005774552325077119,0.0,0.0009760495324817416,0.0008517378138733051,0.0006579146657789227,-0.017926565651789735,0.0008145690861452617,0.0008548778273854998
2023-06-16,183.2802734375,-0.0058771423605977705,0.0007793186158882222,-0.0011637095265412544,0.00076179879557516,0.0,0.0009791406468189052,0.000494115013470903,0.0005974619547183041,0.017926565651789735,0.0008530251270543767,0.0008869267571307452
2023-06-20,182.20626831054688,0.0004866051400872506,0.00033698044170870777,-0.001179230786652503,0.0012970257610529282,0.0,0.000977055402595238,0.0012893268056135708,0.0013540423319203891,0.017926565651789735,0.0008574043374397956,0.0009001612104325971
2023-06-21,182.29495239257807,-0.005691453971408111,-0.003827296922307319,-0.0015976751921552988,0.001484763301701174,0.0,0.000976906284242393,0.0009918881767542944,0.0007479963356976505,-0.017926565651789735,0.0006911220931735305,0.000726128066834097
2023-06-22,181.2603759765625,0.016390130416880887,-0.0028112467146797922,-0.0013101635792361903,0.0005132409923616312,0.0,0.0009748794270218304,0.001280647815777831,0.0014642842858713645,-0.017926565651789735,0.0006696660183137124,0.0007152132963957973
2023-06-23,184.2557373046875,-0.0017127157886519054,-0.0024905894522788555,-0.000905593063828447,0.0005132409923616312,0.0,0.000979563489917564,0.00024856472593397965,0.0003165321217297526,0.017926565651789735,0.000685055756325501,0.0007351527226572992
2023-06-26,183.9404296875,-0.007581559674757523,-0.0017917444791226002,-0.0008773018144802502,0.0006106668544738068,0.0,0.000978745665106334,0.0010946834245851155,0.0011855200449246697,0.017926565651789735,0.0007267446416776545,0.0007715482087541785
2023-06-27,182.5511474609375,0.014946908792634597,0.0015862516913492787,-0.0011162463307957142,0.0006464688702925948,0.0,0.0009761461189964451,0.0013689904863100654,0.0010300407974269757,0.017926565651789735,0.0008779511200271944,0.000915346094365724
2023-06-28,185.3002166748047,0.006307719586419466,-0.00168667142337591,-0.001132907153172099,0.0005132409923616312,0.0,0.0009803873948536516,0.00031602024031597955,0.00033160767756327614,0.017926565651789735,0.0007252093193275173,0.0007662660698798171
2023-06-29,186.4727325439453,0.001794851775051869,-0.001638478045951972,-0.0010626171842801325,0.0006088884254476874,0.0,0.0009820041876280267,0.0007198119670738188,0.0010218102791446169,0.017926565651789735,0.0007307997305367818,0.0007752134396363919
2023-06-30,186.80772399902344,0.022839886413738058,-0.0013705786748362597,-0.0008726526087972785,0.0005132409923616312,0.0,0.0009822508040077062,0.0009307413312404282,0.0005996032541359219,0.017926565651789735,0.0007396241619988686,0.0007838151269220805
2023-07-03,191.1234893798828,-0.007815237929094915,0.0031202660160975105,-0.0009745405877688335,0.006102497692795229,0.0,0.0009888803568162384,-5.289390044545912e-05,-0.00022480178018456588,-0.017926565651789735,0.0012791587513328424,0.0013146776460378267
2023-07-05,189.63563537597656,-0.0058887424602754425,0.0009492257903509062,-0.0012922353744953103,0.0021240178971815467,0.0,0.0009862108242856406,0.0013799125003523983,0.0014965793791819966,-0.017926565651789735,0.0009340819159271382,0.0009749736059567432
2023-07-06,188.52220153808597,0.0025056419529328397,-0.002668092551453588,-0.0011271632625002555,0.0005096915136829449,0.0,0.0009841268736082956,0.0012898689889328156,0.0008706720850278376,-0.017926565651789735,0.0006880962951247172,0.0007239358195356244
2023-07-07,188.9951629638672,-0.005908757478846784,-0.0006204334745409829,-0.0006098499433612459,0.0005132409923616312,0.0,0.0009845879387838485,0.000897519325513017,0.0011207826192321435,-0.017926565651789735,0.0007947237227427231,0.0008200676191445175
2023-07-10,187.88172912597656,-0.010915182886895136,-0.0001709711534346365,-0.000527844868351183,0.0004133358610808452,0.0,0.0009824996790390346,0.0012908044816876446,0.001600431567014777,0.017926565651789735,0.0008020565751909368,0.0008345768806597741
2023-07-11,185.8421173095703,-0.0028142048876709917,0.0033961088316101775,-0.001044165411316171,0.0005132409923616312,0.0,0.0009788965044279097,0.0015248025007315888,0.0014118431212807722,0.017926565651789735,0.0009559210247088653,0.0009861799441834135
2023-07-12,185.31985473632807,0.008945697533025907,0.0002555562688888784,-0.0008862055462290491,0.0005132409923616312,0.0,0.0009777481237460755,0.0011461665180422975,0.0012339870136217571,0.017926565651789735,0.0008221955687180054,0.0008535345263521741
2023-07-13,186.985107421875,0.0040494007769692805,0.004592749874780985,-0.0009977489513268273,0.0005132409923616312,0.0,0.0009801597307101432,0.0005965140921478938,0.0008408636500625204,-0.017926565651789735,0.000991019257580028,0.0010383424083220535
2023-07-14,187.7438201904297,0.0007868341010283801,0.002762877245484067,-0.0008908228302780114,0.0005762951348817855,0.0,0.0009810883966848056,0.0008253647486915166,0.0008298731813086786,-0.017926565651789735,0.0009193889731494888,0.0009651094265518966
2023-07-17,187.8916015625,0.017157456302092037,0.0020156981725628167,-0.000547618250388459,0.00046499297853475757,0.0,0.0009810296385796464,0.0009778556133195318,0.000706703477351548,-0.017926565651789735,0.0008820017477746235,0.0009314411448259183
2023-07-18,191.1431579589844,-0.00134130981727104,0.0010254533319449866,-0.00035628665430273757,0.0005132409923616312,0.0,0.0009859212099928645,0.0002127002672701393,0.0001197017198671643,0.017926565651789735,0.000846808796656095,0.000894697438088202
2023-07-19,190.88694763183597,0.007046992683261247,-0.0006597746280623163,-0.0005056264761374445,0.0005132409923616312,0.0,0.0009852176939628573,0.0010773240804461813,0.0011571069207755374,-0.017926565651789735,0.0007716380139750215,0.000819960458631979
2023-07-20,192.23687744140625,-0.010148768820535633,0.001732014486086171,-0.0008559652073197731,0.0005132409923616312,0.0,0.0009870495993691123,0.0006852586828252686,0.0003618270231861171,-0.017926565651789735,0.000873733200780327,0.0009174834807233845
2023-07-21,190.2957763671875,-0.0061806856999727005,-0.00024582407232758664,-0.0005768654124337464,0.000443019307718147,0.0,0.000983685303773975,0.0014889806600611513,0.001570225769111672,0.017926565651789735,0.0007912519430717815,0.0008324148108248121
2023-07-24,189.1232452392578,0.0042110173045543835,0.0027095150981858926,-0.0004113222226012404,0.0004217061075298881,0.0,0.0009815214949537557,0.001303514281570674,0.0012995675967722269,0.017926565651789735,0.0009131095717195357,0.0009607203685768915
2023-07-25,189.92132568359372,0.004503735956312033,-0.0013820520058497518,-0.0008074715705433467,0.0007192921013261771,0.0,0.0009824965842682486,0.0008178108665865564,0.001037659008518933,0.017926565651789735,0.0007567354301480647,0.0007968212459373918
2023-07-26,190.7786102294922,0.0045346604371108365,-0.00045586782233144826,-0.001014381191152258,0.0005132409923616312,0.0,0.0009835594394967556,0.0008041293315459283,0.0009834641344758554,-0.017926565651789735,0.0007801024193540554,0.000820993866751086
2023-07-27,191.64569091796875,-0.006602563271000817,0.0010757870629461153,-0.0008088781258895896,0.0005132409923616312,0.0,0.0009846309847585583,0.000802683935548367,0.000630278516055834,-0.017926565651789735,0.0008404309516114831,0.0008899809195347355
2023-07-28,190.38450622558597,0.01341735551052736,-0.0006526403738604317,-0.00044363466289135535,0.00039029051155761436,0.0,0.0009823422383767304,0.0013232326450443312,0.0012001294555334483,-0.017926565651789735,0.0007767502468125898,0.0008137459079788702
2023-07-31,192.9561767578125,0.0031608495023909534,0.00303845449470588,-0.00032159438273740115,0.0005132409923616312,0.0,0.0009860922423791884,0.0003875108566467201,0.000332553201207757,-0.017926565651789735,0.0009310061572749164,0.0009817859670684854
2023-08-01,193.56704711914065,-0.004285036152195921,0.0009423380165068522,-0.0005603798251361076,0.0005317956424745287,0.0,0.000986747882192276,0.0008668952262526221,0.0010636744759649974,0.017926565651789735,0.0008435808648946607,0.0008891468655385479
2023-08-02,192.7393798828125,-0.01561123233398161,-0.0019723770547601183,-0.0010834755011837585,0.0005132409923616312,0.0,0.0009851590383000554,0.0012149124943018142,0.0009701962703768708,-0.017926565651789735,0.0007156997893244162,0.000754731966478098
2023-08-03,189.75384521484372,-0.007348511805727327,-0.0008348779360457491,-0.0008534272370710493,0.0005132409923616312,0.0,0.0009801586190857493,0.0017442936902306075,0.001662719046893567,-0.017926565651789735,0.0007895872356893741,0.0008071430919898751
2023-08-04,188.3645477294922,-0.04921120812574985,0.0003773514038414923,-0.0004261675187387606,0.0003447227796992843,0.0,0.000977649983415625,0.0013580979361868155,0.0015691853615967472,0.017926565651789735,0.00083378568558799,0.0008555359286451713
2023-08-07,179.3192901611328,-0.017404260395981305,0.0025778995604059675,0.0010005827353864916,0.00048262981488822617,0.0,0.0009625374094592366,0.003314741092195037,0.003696228661928566,-0.017926565651789735,0.0009653894522333815,0.000980224920898775
2023-08-08,176.22537231445312,0.005297609403223194,0.008816052358565724,0.00198523371826479,0.005529005102629592,0.0,0.0009570085720704828,0.001828098996492364,0.0019209817765402449,-0.017926565651789735,0.001543493541008543,0.0015697864346618485
2023-08-09,177.1614227294922,-0.00899485130441595,0.0027742122698094476,0.0021749598832174906,0.007777501960357633,0.0,0.0009583148016314675,0.0007670240520684466,0.0016675262483418804,-0.017926565651789735,0.001432587918330363,0.0014493626268419935
2023-08-10,175.5750274658203,-0.0012353708926876644,0.0024812721204956006,0.0022040614612415643,0.0020756874747848665,0.0,0.000955320467664546,0.0014350470865222274,0.0016779381926824307,-0.017926565651789735,0.001063375317348125,0.0010910747380253841
2023-08-11,175.35826110839844,0.00033756099799755736,0.005880203252121317,0.002217661947216043,0.0005132409923616312,0.0,0.0009546616131200792,0.0010723725438763357,0.0005402096365579583,-0.017926565651789735,0.0011087404072878885,0.0011425893204286223
2023-08-14,175.41746520996094,0.009349296117339556,0.0014671615965655776,0.0016225238179256463,0.00039146640304639263,0.0,0.0009544760747511307,0.0009988544313484457,0.0010658388499224342,0.017926565651789735,0.0008961137855443851,0.000936383515450445
2023-08-15,177.065185546875,-0.011263592063434507,0.00765543135298116,0.0005204582534316557,0.002756072928732088,0.0,0.0009569993149202285,0.0005776500800991954,0.000636017772813221,0.017926565651789735,0.0012930707814785675,0.0013292757585683299
2023-08-16,175.0819854736328,-0.004971387100362794,0.004126403483201687,0.0010381500910258217,0.0005366779829364262,0.0,0.0009533272622224056,0.0015410869852653802,0.0014787631245029493,-0.017926565651789735,0.001028114023803015,0.0010506643500657704
2023-08-17,174.2137451171875,-0.01466210592589192,0.007537256446114334,0.0013317089169215235,0.0005132409923616312,0.0,0.0009515475342672884,0.0012469922216821108,0.0010474812745798648,-0.017926565651789735,0.0011782168294230996,0.0012003748061097915
2023-08-18,171.67803955078125,0.0028119472154418896,0.0018669859244728067,0.0023887071445438616,0.0004947072449086603,0.0,0.0009468587494444177,0.0016999319588127696,0.0019715722158385285,-0.017926565651789735,0.0009610507988718867,0.000971492267694444
2023-08-21,172.16146850585938,0.007707150573522554,0.005828090409285919,0.001593087530216103,0.0005121321162697742,0.0,0.0009474186679271549,0.0008832027585399771,0.0010467218563498587,0.017926565651789735,0.001114313896445104,0.0011307854581173702
2023-08-22,173.49346923828125,0.00787388535908766,0.0037584819202083793,0.0008413907486519392,0.003995017792041409,0.0,0.0009494473989912592,0.0006544032069144441,0.0008712779955528292,0.017926565651789735,0.0012336673356287864,0.0012417934694566903
2023-08-23,174.86492919921875,0.02171163973058881,0.00024812653578773556,0.0005655400151421074,0.0008801652829882765,0.0,0.0009515249381332022,0.0006466100997875049,0.000530972535534788,0.017926565651789735,0.0008848574432154389,0.0008975609374741422
2023-08-24,178.7030487060547,-0.026519272962212254,0.005412068915070591,0.0005115709499714891,0.0005132409923616312,0.0,0.000957751727213123,-1.601698229264717e-07,-0.0002758864099546434,-0.017926565651789735,0.0010697565440769405,0.0010965207205337706
2023-08-25,174.02626037597656,0.01256398483986457,0.004210437410564937,0.0014429978838904828,0.0005132409923616312,0.0,0.0009495127393002518,0.002254130488069138,0.002156430154063945,-0.017926565651789735,0.001042916770781611,0.0010590101858723596
2023-08-28,176.2265167236328,0.008807184455846093,0.008303477003017378,-1.764780301977283e-05,0.00048121744953746675,0.0,0.000952994295685313,0.0004273970089749416,3.5507594625342506e-05,-0.017926565651789735,0.001180834761745973,0.0012108642667130094
2023-08-29,177.78543090820312,0.021575744581236497,0.005600600433935414,-0.00015052794884135045,0.0005132409923616312,0.0,0.0009553479636985467,0.000602988129615755,0.0012729389202881132,-0.017926565651789735,0.0010602591300258035,0.0010945616258965713
2023-08-30,181.6629638671875,0.018990899198867716,0.0050407510104512835,-0.00022983691462918703,0.0005132409923616312,0.0,0.000961525434225071,6.191506903346564e-06,-0.0001267024743186407,-0.017926565651789735,0.0010288892393729154,0.0010692817692317805
2023-08-31,185.1458740234375,0.0011716660803403206,0.004216764424374433,0.00022729330577316497,0.0005132409923616312,0.0,0.0009669250669787823,0.00012700599023447202,-0.00024424804825282987,0.017926565651789735,0.0009934013855166534,0.0010407994356145052
2023-09-01,185.3629302978516,0.008427792948404325,0.0021237104032801627,-0.00018103661646495556,0.0005132409923616312,0.0,0.0009669863666833817,0.0009598687437500801,0.0006370153343646749,-0.017926565651789735,0.0008964447746877903,0.0009445879975707894
2023-09-05,186.9317321777344,0.001265977070448234,0.004830880119520223,-0.0006009271120573701,0.0005132409923616312,0.0,0.0009692194725144864,0.0006207207140343208,0.0003319411541841652,0.017926565651789735,0.0010011210055924954,0.001054615283157556
2023-09-06,187.1685333251953,-0.036449627792655,0.0051400014083957685,-0.0009755803782322749,0.0005132409923616312,0.0,0.0009693082689232039,0.0009554606914851154,0.0011489538570514793,0.017926565651789735,0.0010194730743330873,0.0010622118158762817
2023-09-07,180.4691467285156,-0.029685756381742392,0.0032545746411533462,-0.0007636688112064227,0.0005132409923616312,0.0,0.0009581150484441199,0.0027182707017616263,0.0027255219175623675,0.017926565651789735,0.0009467224103043334,0.0009843583269232307
2023-09-08,175.19052124023438,0.003485687055799334,0.0004614750416723863,0.000911303267595327,0.00045095387061012547,0.0,0.0009489512112939444,0.002402130465520992,0.0024092582124569982,-0.017926565651789735,0.0008439760619352872,0.000885936257222712
2023-09-11,175.80224609375,0.0066007268579242355,0.0017005795064329347,0.00015386125972609755,0.0005132409923616312,0.0,0.0009497095777646486,0.0008517124685336224,0.0016870020254456533,0.017926565651789735,0.00088538607521467,0.0009314845199279099
2023-09-12,176.9665069580078,-0.01720786768005543,0.0033704881537710654,-0.00011937897865104763,0.0006621007876162985,0.0,0.0009513984651765313,0.0007061169420790661,0.0012900357631974724,-0.017926565651789735,0.000961812726453834,0.001008174771680893
2023-09-13,173.9473419189453,-0.011925672576317601,0.0038477361011367553,0.0004071146818770676,0.0005132409923616312,0.0,0.0009459729300270743,0.001818919691352326,0.0014229665106851416,-0.017926565651789735,0.0009836205097638966,0.0010276647365358204
2023-09-14,171.88522338867188,0.008744249318799356,0.007028222254084601,0.0008472457640078652,0.0005132409923616312,0.0,0.0009421283525162188,0.0015720323236725368,0.001207296853455231,-0.017926565651789735,0.0011158471717480243,0.0011711203429447092
2023-09-15,173.3948211669922,-0.004162527505463244,0.0035750345890968125,0.0003303009460748459,0.0005132409923616312,0.0,0.0009444580392783218,0.0006059296889513882,0.001008266036944489,-0.017926565651789735,0.0009561953363520995,0.0010147704668778288
2023-09-18,172.674560546875,0.01677189153448432,0.0018824115190455236,0.001449455670519564,0.00033801075528636754,0.0,0.0009429335659813841,0.0012091864965459872,0.0015011712385411915,0.017926565651789735,0.0008971753159489421,0.00094836339042485
2023-09-19,175.59506225585938,0.006161915564823209,0.003768216029241359,0.0005749614383278106,0.0011022154414584637,0.0,0.0009476572180161507,0.0002307213870272228,-0.00011440114132550076,0.017926565651789735,0.001016687429919151,0.0010625513370956406
2023-09-20,176.68040466308594,-0.02019499276969855,0.0026755833207057125,0.000235345437779523,0.0005132409923616312,0.0,0.0009492127843487303,0.00072662677992758,0.0007459103822928753,0.017926565651789735,0.0009305747267324538,0.0009746495065332263
2023-09-21,173.14813232421875,-0.008929066630383375,0.000977520137488103,0.000837420578899107,0.0005132409923616312,0.0,0.0009429067284125397,0.0019585365430264306,0.0016909975832662414,-0.017926565651789735,0.0008767100689798073,0.0009107846464440653
2023-09-22,171.6089630126953,0.004932259422422757,-0.0010920822367311263,0.0015395486725063383,0.0003890059663062144,0.0,0.0009399633851332327,0.0014319723411395581,0.0013019522127585047,-0.017926565651789735,0.0008150299188436452,0.0008249225724687202
2023-09-25,172.4574737548828,0.00735333697006285,-0.0016555372242192162,0.0016588140410779598,0.00046870283337259325,0.0,0.0009411533392427078,0.0007841003419953093,0.0013594958657089623,0.017926565651789735,0.0007939536343847679,0.0008073447415345159
2023-09-26,173.73028564453125,-0.023676620120265345,0.0015279313499060873,0.001279192887133279,0.0005132409923616312,0.0,0.0009430640018263849,0.0006709402918747582,0.0008831876726231658,-0.017926565651789735,0.0009240073035180015,0.0009411693182816284
2023-09-27,169.66525268554688,-0.008937235472750217,-0.0016235551425373787,0.0016625482044404383,0.0005132409923616312,0.0,0.0009357301668183148,0.002121266202749741,0.0018645222855066318,0.017926565651789735,0.0008165747595876482,0.0008114805030308351
2023-09-28,168.15567016601562,0.0015244833544491984,0.004029346885200713,0.0018477292095381726,0.0005132409923616312,0.0,0.0009327900341084968,0.001432354149071551,0.0012174636591748447,0.017926565651789735,0.0010509072975475047,0.0010573763938397703
2023-09-29,168.41221618652344,0.0030417412395863175,0.0033996556910933333,0.001609898344203335,0.0005132409923616312,0.0,0.0009329661857370591,0.0009433782267649993,0.001500524941374451,0.017926565651789735,0.0010120216235703326,0.0010266832016632822
2023-10-02,168.92526245117188,0.014726693977003132,0.0016852310039978246,0.0014398097273892179,0.0005132409923616312,0.0,0.0009335937973602285,0.0008724622916288973,0.0010896321563640056,0.017926565651789735,0.0009391768867665199,0.0009503752815578154
2023-10-03,171.43138122558594,-0.007800129984215181,5.150211608481595e-05,0.0010135503983403173,0.0005132409923616312,0.0,0.0009376976653101371,0.00032631297943060817,9.058684925322908e-05,-0.017926565651789735,0.0008657216858230851,0.0008736427019664165
2023-10-04,170.09939575195312,0.007281879309433292,0.0006967826214360421,0.0012826658006375058,0.0005132409923616312,0.0,0.0009350986683888031,0.0013792063619631196,0.0012651835431536599,-0.017926565651789735,0.0009193101729465922,0.0009054818810117041
2023-10-05,171.34255981445312,0.007172297178126002,0.004099133635016329,0.0008391627788740757,0.0005132409923616312,0.0,0.000936985906164909,0.0006742801900396146,0.00038271694911517,-0.017926565651789735,0.0010455571780942276,0.0010450436764147474
2023-10-06,172.57589721679688,0.01464257939204702,0.00420684852498537,0.0008185388656009363,0.0005132409923616312,0.0,0.0009388394469710805,0.0006794020084147166,0.0009018810824717658,-0.017926565651789735,0.0010489239339673338,0.0010493619726168312
2023-10-09,175.12144470214844,0.008415828028061364,0.006341881093378304,0.0012454499836622446,0.00042303078855961346,0.0,0.0009429118808329159,0.0003302444564123269,0.00028681765142213116,-0.017926565651789735,0.0011279375561170629,0.0011421847388043598
2023-10-10,176.60145568847656,-0.003357784846578843,0.0033780244767964624,0.0008152967495174965,0.0005132409923616312,0.0,0.0009451319985237147,0.0006212799489035291,0.0004298638835094433,0.017926565651789735,0.0010053665031125383,0.0010136724078096578
2023-10-11,176.00946044921875,0.007872901883394283,0.005602752274565183,0.0005018606293198356,0.0005132409923616312,0.0,0.0009438540309427517,0.0011715731951041277,0.0009478267259631425,-0.017926565651789735,0.0010888497069461772,0.0011045726684660987
2023-10-12,177.400634765625,0.005048678309306631,0.005921397920620917,0.0003186824062387109,0.0005132409923616312,0.0,0.0009459113491887288,0.0006466560669887056,0.0005549246681947353,0.017926565651789735,0.0010902033724049134,0.0011154898259683526
2023-10-13,178.2985382080078,-0.01034621585371442,0.0022854053550091505,6.189770341170626e-05,0.0005086465142499371,0.0,0.0009471291488207022,0.0007786589768116128,0.0009919019035633026,0.017926565651789735,0.0009389864901875849,0.0009549555552033874
2023-10-16,176.4633331298828,-0.0007272178702085284,0.00024260045575566058,-0.00029790438983950105,0.0005132409923616312,0.0,0.0009437780078703949,0.0014982092435042733,0.0014115016398003365,0.017926565651789735,0.0008761766474703323,0.0008619215791006586
2023-10-17,176.33505249023438,-0.008823637274529662,0.00023567929859941725,-0.00041649312662078285,0.0005132409923616312,0.0,0.0009432823104873992,0.0010486217055156652,0.0009334415227913079,-0.017926565651789735,0.0008521053382001876,0.0008598210127424621
2023-10-18,174.78598022460938,-0.007422297939617499,-0.002887783331130681,-7.553321192437087e-05,0.0005132409923616312,0.0,0.0009403858337421391,0.0014270446215775751,0.0017316018191191702,0.017926565651789735,0.0007308385354389063,0.0007306926985750864
2023-10-19,173.49346923828125,-0.002163186996885116,-0.0006258050715796466,-0.00031643763643001365,0.0005132409923616312,0.0,0.0009379065322973245,0.0013615466661200438,0.0014102443224515647,-0.017926565651789735,0.0008380663051517891,0.0008242974937308573
2023-10-20,173.1185760498047,-0.01481342426892103,0.0001373202870950023,-0.0002880382007908228,0.0004946921522532501,0.0,0.0009369874174398312,0.0011157382414996842,0.0012248524452483686,-0.017926565651789735,0.0008927041172227808,0.0008564184011423376
2023-10-23,170.572998046875,0.0006938488332722036,0.0002962062986750309,-0.0005569262783136019,0.000480421645872881,0.0,0.0009323206287920206,0.0017070045085119823,0.0018598659751293766,-0.017926565651789735,0.0008986010999236935,0.0008582963495619513
2023-10-24,170.69139099121094,0.002539852829394248,0.0006783689778704712,-0.0001854041371013766,0.0022206480224107976,0.0,0.000932249991411831,0.000982201701932025,0.0009470758426660463,-0.017926565651789735,0.0010139827069697454,0.0009860200799683173
2023-10-25,171.12547302246094,-0.013583288424864956,0.0018070393611486553,-4.31310805650096e-06,0.0009668697167088026,0.0,0.0009327260360780977,0.0008959203248949597,0.0011536433112748655,-0.017926565651789735,0.0009707325177308836,0.0009611955428532393
2023-10-26,168.81674194335938,-0.024913388409316787,0.0001489134682102968,-0.00022740405871504634,0.0005132409923616312,0.0,0.0009284288145088428,0.0016495085254096828,0.0016106261933935048,-0.017926565651789735,0.0008822672780240936,0.000858964787030205
2023-10-27,164.66290283203125,0.007937851692031542,0.0033717214568193456,0.00024804023086606416,0.0005132409923616312,0.0,0.0009207810438004007,0.0021790721832781164,0.00202425942510287,0.017926565651789735,0.0010298491915831124,0.001004777155345328
2023-10-30,165.9751739501953,0.012230110521011282,0.0032023875149253794,0.00040308280586937224,0.0005132409923616312,0.0,0.0009228571002052029,0.0006436203428303132,0.0009350403307784867,-0.017926565651789735,0.0010307817530788366,0.000999852795437574
2023-10-31,168.0175323486328,0.0028148018406495283,0.003982388865438769,0.0003680265742510006,0.0011672548358091868,0.0,0.0009262014520007681,0.0004430021409510857,0.0009732906338461172,-0.017926565651789735,0.001088265694213739,0.0010725631497161589
2023-11-01,168.4911346435547,0.01856510422864132,0.0018711921231881164,-0.0003684601497426748,0.0010478888940559376,0.0,0.000926759879081977,0.0008830693346717962,0.0005771521535119931,0.017926565651789735,0.0009653535735992656,0.0009633362505144766
2023-11-02,171.64840698242188,0.02048218626766651,-6.667713585897751e-05,-0.00032288487155663964,0.0005132409923616312,0.0,0.0009319736965072089,0.0001469074511434227,-0.0002990522457830522,0.017926565651789735,0.000836806139233893,0.0008482425416098481
2023-11-03,175.2003936767578,-0.005194564669312156,0.004230998198684286,2.996111031030354e-05,0.0008647511740522745,0.0,0.0009377509460849746,5.730391909929025e-05,8.838122922263773e-05,0.017926565651789735,0.001032487068037264,0.0010597501173764765
2023-11-06,174.29266357421875,0.014499650770463739,0.0060719539009210285,0.000605787986658287,0.0006967521721096219,0.0,0.0009359393314275457,0.0012574234385230208,0.000989601096371607,-0.017926565651789735,0.0010990232709811323,0.0011374690665710097
2023-11-07,176.8382568359375,0.014347190777172949,0.003252859947529769,0.0005589601516365222,0.0005132409923616312,0.0,0.0009399451528803029,0.00033692487439306875,-4.2789733335153236e-05,0.017926565651789735,0.0009672093731953825,0.0010043930236378223
2023-11-08,179.3936767578125,0.005867629393491969,0.0034866017572449657,0.0002845194461193112,0.0005132409923616312,0.0,0.0009439035956391729,0.0003440507842999948,0.0006455942630667407,0.017926565651789735,0.0009729757622220995,0.0010102717319987514
2023-11-09,180.4493865966797,-0.002627852037028535,0.0027735613336819856,-0.00016029944149457812,0.0005830115001026743,0.0,0.0009453568795228368,0.0007403815801115263,0.0006031304600079333,-0.017926565651789735,0.0009379421193898922,0.000977083000393939
2023-11-10,179.97581481933594,0.022954479339857167,0.0010519349551545867,-0.0011382613060697197,0.0005132409923616312,0.0,0.0009443025245754919,0.001137456471584115,0.0008298965407779408,-0.017926565651789735,0.0008577064571437452,0.0008839475171937031
2023-11-13,184.15484619140625,-0.00862069210926368,0.002007494729882904,-0.001026340050333396,0.004891105874352225,0.0,0.0009507952021021237,-5.8249921063525814e-05,-4.5391908547108627e-05,0.017926565651789735,0.001161679541547924,0.001192501232528871
2023-11-14,182.5741271972656,0.014184625574958639,0.0010934172541156924,-0.0017039192053175645,0.0005132409923616312,0.0,0.0009479725871474302,0.0014175590579715656,0.0016225718736330545,-0.017926565651789735,0.0008470516885450464,0.000877131386268816
2023-11-15,185.1823272705078,0.0030364752624731065,0.0017184835122658073,-0.0014876914059710217,0.0008846010878731797,0.0,0.0009518749022971387,0.0003516490070204359,-9.222212632459552e-05,-0.017926565651789735,0.0008930429905591343,0.0009298409995197455
2023-11-16,185.7454833984375,0.009001332442867112,0.0030557173562063148,-0.001886423067184827,0.0005132409923616312,0.0,0.0009524892849556048,0.0008727084209751652,0.0010855984771803212,0.017926565651789735,0.0009219328717641293,0.0009587376030009667
2023-11-17,187.42498779296875,-0.00010527226384799363,0.003075797504430259,-0.0014528025291953854,0.0008916420119670501,0.0,0.0009548607767522788,0.0005939137420714498,0.0004711097535621384,0.017926565651789735,0.0009531602814614047,0.0009891647304269766
2023-11-20,187.4052581787109,0.009235428899173458,0.0038575554259094157,-0.0011313393868959427,0.0007942966217565089,0.0,0.0009545485137064467,0.0010195522541647096,0.0009226784922767422,0.017926565651789735,0.0009785774472225101,0.0010217590025985014
2023-11-21,189.14404296875,-0.004239944179650344,0.0011754989394248472,-0.0014389864720188517,0.0005132409923616312,0.0,0.0009569869354925089,0.000582972181461592,0.000516801080252146,0.017926565651789735,0.0008394160508785533,0.0008846888548172036
2023-11-22,188.34378051757807,0.003508296530003534,0.0005479920602977806,-0.001051995561081008,0.0005132409923616312,0.0,0.000955457076465384,0.001212804916261505,0.0012702038956094906,0.017926565651789735,0.0008168202931135564,0.0008635889930849652
2023-11-24,189.00570678710935,-0.007028944549951649,0.002438842015178591,-0.001058823985929235,0.0005132409923616312,0.0,0.0009562083535264607,0.000850655712116778,0.0007338243848599208,-0.017926565651789735,0.0008916305162182439,0.0009447936414735746
2023-11-27,187.68185424804688,-0.0009480978968853924,0.0012619631184800733,-0.0002606486374308976,0.0005132409923616312,0.0,0.0009538590881826895,0.001343161509753176,0.0014620378811899338,-0.017926565651789735,0.0008471831762574416,0.0009063216195786447
2023-11-28,187.5039978027344,0.003208969922225978,0.0007278456940020548,-0.0011176363242900028,0.0005132409923616312,0.0,0.0009532996890694342,0.0010589455362883498,0.0010593741843301315,0.017926565651789735,0.000816666954676066,0.000870324920084602
2023-11-29,188.10665893554688,-0.00542426532174828,3.348101390251469e-05,-0.0011265734468693554,0.0005132409923616312,0.0,0.0009539629264211414,0.0008646460999800411,0.000992017269625414,-0.017926565651789735,0.0007871122147341176,0.0008403306609690235
2023-11-30,187.08908081054688,0.0030581838086912727,0.002335194050972644,-0.00034682716557020324,0.0005132409923616312,0.0,0.0009520880797873469,0.0012681595412834348,0.001318573520175752,-0.017926565651789735,0.0008971705451134507,0.0009511614319953755
2023-12-01,187.662109375,0.006768290897164533,-0.0003841742413301023,-0.00019976352987267952,0.0005132409923616312,0.0,0.0009527069736248149,0.0008716937735176782,0.0007510170611179025,0.017926565651789735,0.0007829770129735236,0.0008364617049468748
2023-12-04,188.9365692138672,-0.009509831438217726,0.0025078634849276344,-0.00010119393164154892,0.0012026781662186656,0.0,0.0009544154295365481,0.0006982850760170656,0.0008175868841916595,0.017926565651789735,0.0009468833637243677,0.0010041737312215455
2023-12-05,187.14833068847656,0.020844504597090446,-0.00024814746372803535,-0.0006066155739504946,0.0005261165300139595,0.0,0.000951342229281701,0.0014591170209235023,0.0014288823786990966,-0.017926565651789735,0.0007863559618365622,0.0008369070888006411
2023-12-06,191.0902862548828,-0.005703154875669922,0.001666047905864139,-0.0009486968863002211,0.0005132409923616312,0.0,0.0009571828524078926,4.0369327162253295e-05,-0.0001473157251764759,-0.017926565651789735,0.0008601808624630234,0.0009132370160260626
2023-12-07,190.00357055664065,0.010088217178777519,-0.0025334221470869637,-0.0008015819622869669,0.0005132409923616312,0.0,0.0009552279543368396,0.0012811947106569368,0.0015394131475501014,0.017926565651789735,0.0006851251347161135,0.0007348921936563408
2023-12-08,191.93006896972656,0.007385094270436217,-0.0006243063101943227,-0.0007250692782130171,0.0006033220404310673,0.0,0.0009579078220670158,0.0005431132498233728,0.00014309361949507802,-0.017926565651789735,0.0007735992596866696,0.0008236178083743922
2023-12-11,193.3527374267578,-0.013011814792422785,0.0026597223572185423,-0.0005054484362289322,0.0005475104358396666,0.0,0.0009597931803680921,0.0006694559702736403,0.0007574914935420125,0.017926565651789735,0.0009044974667465017,0.0009647852548912077
2023-12-12,190.8531646728516,0.007889166003946825,0.003452789997962052,-0.0007078872917533508,0.0005132409923616312,0.0,0.0009556959346282708,0.00162279811088671,0.001588230881078292,0.017926565651789735,0.0009365188629065763,0.0009937298556801529
2023-12-13,192.3647918701172,0.016553593739807138,0.002732562018505073,-0.000641849044097445,0.0005132409923616312,0.0,0.0009577286142147025,0.0006458958894806838,0.00046026280029906857,0.017926565651789735,0.0009008361522478016,0.0009637633275114041
2023-12-14,195.57562255859372,0.00075736430404314,0.003983806162447623,-0.0009235789679245235,0.0013879865907257926,0.0,0.0009622995008282993,0.00024092452546488005,0.0006133186255742992,-0.017926565651789735,0.0010065267281803019,0.001066387038671093
2023-12-15,195.7238006591797,-0.0027294659461333743,0.0014474381082384435,-0.0008422797750723655,0.0008746280481667298,0.0,0.0009622394553560504,0.0009792330180652586,0.0008665242582058003,0.017926565651789735,0.000870885123215821,0.0009273927885870026
2023-12-18,195.1903076171875,-0.008539647840639136,0.003808514321072231,-0.0006891474227033721,0.005850182152292852,0.0,0.0009611581122390355,0.0011422058589213595,0.0007117681065497951,-0.017926565651789735,0.0012821097322020312,0.0013332949266425353
2023-12-19,193.53054809570312,0.005345760946745168,-0.00081440458466276,-0.001270683329696101,0.001777167305722177,0.0,0.0009583760314329217,0.0014137710861618744,0.0015020594894142394,0.017926565651789735,0.0008271417273178329,0.0008784075103050594
2023-12-20,194.56788635253903,-0.010771541219310444,0.00022469419905995938,-0.0010004263616839432,0.0006890534152630136,0.0,0.0009596603946985284,0.0007647734710890643,0.0009603534305337501,-0.017926565651789735,0.0008060451498778305,0.0008611437297227118
2023-12-21,192.48333740234372,-0.0007702781363938956,0.0017597996497165829,-0.0010886242336918131,0.0005132409923616312,0.0,0.000956227207220036,0.001518088755308966,0.0017176510298643139,-0.017926565651789735,0.000871161469398194,0.0009151410673960342
2023-12-22,192.3351287841797,-0.005563140450820765,-0.0006883412464525883,-0.0010653967705787424,0.0005132409923616312,0.0,0.0009557220857034724,0.0010506343225359213,0.0009067447180051698,0.017926565651789735,0.0007674055891596482,0.0008102216647913879
2023-12-26,191.2681121826172,-0.0028448205343439485,0.0011738156184046959,-0.0007188258607160908,0.0004667310380467376,0.0,0.0009538154280443545,0.001274650500890102,0.0014542913182291218,-0.017926565651789735,0.0008410651424051713,0.0008927419182685351
2023-12-27,190.72476196289065,0.000517893304841135,0.0003259314836463964,-0.0007188831593813209,0.0005132409923616312,0.0,0.0009527047157746502,0.0011475974792749775,0.0011977613072830142,0.017926565651789735,0.000807593402328486,0.0008591045976516991
2023-12-28,190.8235626220703,0.002223850081351873,0.0060963290234124605,-0.0005613002099894892,0.0005132409923616312,0.0,0.0009525776150991363,0.0009904257823360814,0.0010276069703791062,0.017926565651789735,0.001048272047440971,0.0011096333307839545
2023-12-29,191.24839782714844,-0.005438960259599567,-0.0003050210413086796,-6.012561420032673e-05,0.0005132409923616312,0.0,0.0009529491149431609,0.0009106901478779379,0.0009637338688142393,-0.017926565651789735,0.0007832452490756786,0.0008419883409789097
2024-01-02,190.2110290527344,-0.03644272726408,0.0001467592130581688,0.0004941322548065261,0.0003990863909237249,0.0,0.0009510817736125907,0.0012688463759143167,0.0012215701093763152,-0.017926565651789735,0.000801711495715817,0.0008629120880166789
2024-01-03,183.4040069580078,-0.0075157145463444,-0.005127624731898969,0.0008290470935395004,0.0005132409923616312,0.0,0.0009401606845244794,0.0027179481742324414,0.0026759460425814256,0.017926565651789735,0.0005971449153320554,0.0006481299271644072
2024-01-04,182.03076171875,-0.01278137566184885,-0.0007831849325431852,0.0011034916723930558,0.0005132409923616312,0.0,0.0009376918158439337,0.0013659129153174774,0.0014869366924886978,-0.017926565651789735,0.0007935857469301812,0.0008391177246597091
2024-01-05,179.71896362304688,-0.0040212132553173316,0.0008566435528217832,0.001460200305538448,0.00027791821248217155,0.0,0.0009336874178644554,0.0016120274919980667,0.002404102402731377,-0.017926565651789735,0.0008536438604890956,0.0009007697134403122
2024-01-08,178.9977264404297,0.023887246556077085,0.0023550806951918106,0.0014615183084020628,0.00024650378518896725,0.0,0.0009322415758238422,0.00120258153354311,0.0012629475099529015,-0.017926565651789735,0.0009069780681311279,0.0009633170264691106
2024-01-09,183.3249664306641,-0.0022660188344638533,0.001795786669477697,0.00023525982368998333,0.0005132409923616312,0.0,0.0009389379016640561,-0.00010184703138373758,-0.00014409363751864094,-0.017926565651789735,0.0008823510918710782,0.0009368160576574544
2024-01-10,182.91001892089844,0.005655365299334254,-0.0023423288483305224,-0.00029483470400504036,0.0005132409923616312,0.0,0.0009380032394487956,0.001120544554253169,0.0011441995798241265,0.017926565651789735,0.000697095879837187,0.0007508136700453611
2024-01-11,183.94737243652344,-0.0032275535190395325,-0.0012603648635585395,-0.0005447619987428976,0.0005132409923616312,0.0,0.0009393785636645056,0.0007503027061643011,0.00014108218815124995,-0.017926565651789735,0.0007392351120458122,0.0007935394778886438
2024-01-12,183.3546295166016,0.0017764184908605428,-0.004119628773088885,-0.0004994231276371824,0.0004627460427651396,0.0,0.0009381640687409545,0.0011654862428022575,0.001234266042093435,0.017926565651789735,0.0006127132124847832,0.0006682121975277553
2024-01-16,183.68063354492188,-0.0123935437306454,-0.002223240115780119,-4.6021060247809385e-05,0.000484409779892551,0.0,0.0009384083153674462,0.0009316028944584301,0.0010084382898226454,-0.017926565651789735,0.0007026972731284155,0.0007579671906444439
2024-01-17,181.4182281494141,-0.005186933940046727,-0.006275796816600985,-0.00018054804183229435,0.0003520720347224874,0.0,0.0009345248455026013,0.001593900406058126,0.0016701740585180966,0.017926565651789735,0.00053301018936928,0.0005736242044893842
2024-01-18,180.4796600341797,0.032051479512671885,-0.0026841570348336403,-0.0003159163387834096,0.0005132409923616312,0.0,0.0009327422424782713,0.001257066781749687,0.0012669128272506849,-0.017926565651789735,0.0007038506940474404,0.0007357941996502859
2024-01-19,186.3580017089844,0.015413679797472787,0.0029032024159810015,-0.0004700947590919886,0.0010137226616351437,0.0,0.000941801554638444,-0.00048343952166338394,-0.00025501240679018454,-0.017926565651789735,0.0009632803223311753,0.0010040944581380523
2024-01-22,189.25271606445312,0.012089939007186086,0.003753806574588458,-0.00022426612202293395,0.002340141383573439,0.0,0.0009460133934751246,0.00029420357841112026,0.0004119569167429423,0.017926565651789735,0.0010765236375525546,0.0011249301270170459
2024-01-23,191.55465698242188,0.006631050419561979,0.0012254133710345111,0.0004102057378430825,0.0005132409923616312,0.0,0.000949255734357787,0.00044955369298435024,-0.0003270448347062637,-0.017926565651789735,0.0008614303327532184,0.0009149491971798586
2024-01-24,192.8290863037109,-0.0034899110618533966,0.0013888010361031706,0.00111863695175227,0.0005132409923616312,0.0,0.0009509083796996149,0.0007046996327664812,0.00040147117028915813,-0.017926565651789735,0.0008700952310026148,0.0009327455810036586
2024-01-25,192.1573028564453,-0.0016980679997909286,-0.0035205473123899244,0.0005624540345823368,0.0005132409923616312,0.0,0.0009496170684342607,0.0011777487135864997,0.0012210967917282082,0.017926565651789735,0.0006614593019026053,0.0007131827687096897
2024-01-26,191.83128356933597,-0.00905361163862954,-0.002758063280312856,0.00021251853106977428,0.0005132409923616312,0.0,0.0009488473925423347,0.0010939987936763372,0.0011074830601001122,-0.017926565651789735,0.000692873103413833,0.0007406501521807155
2024-01-29,190.10235595703125,-0.0035924166644828543,-0.0026239913091715703,5.189648184426908e-05,0.0005132409923616312,0.0,0.0009459405459770423,0.0014377935174951597,0.0016339260463808561,-0.017926565651789735,0.0006946154581827144,0.0007439733847601802
2024-01-30,189.420654296875,-0.019433419864139625,-6.905744129949675e-05,-0.0004165266510146586,0.0005349842664474215,0.0,0.0009446220226735965,0.0011825397782686258,0.0012737655071816138,-0.017926565651789735,0.0008022995101085416,0.0008480364589054808
2024-01-31,185.7751007080078,-0.019547416253339677,0.0020673243708450957,-0.00027909586924190397,0.0005132409923616312,0.0,0.0009387033349341795,0.0019229409759833574,0.0021017505848456423,0.017926565651789735,0.0008901204836427289,0.0009406725090064512
2024-02-01,182.17893981933597,0.013252385756712153,0.0007119366738339609,0.00027914499159671364,0.0005132409923616312,0.0,0.000932754984298792,0.0019282691147404218,0.00198732243403091,0.017926565651789735,0.0008503673724756752,0.0008908766127550208
2024-02-02,184.60931396484372,-0.005419768296059422,0.0036351925913691296,8.95652120451603e-05,0.0005132409923616312,0.0,0.0009363310745084913,0.0003952214670021382,0.0007206117449409287,0.017926565651789735,0.0009670819581580628,0.0010136973251533758
2024-02-05,183.61148071289065,0.009798460106442489,-0.00580603160906401,0.0005325040623355555,-9.897891750594015e-05,0.0,0.0009344865883301488,0.001267949352372782,0.0016374791980247078,0.017926565651789735,0.0005333826652931459,0.000577283945759399
2024-02-06,185.41943359375,0.008594710452979912,0.0014715853710775358,0.000498491093827003,0.0006490201634827095,0.0,0.0009370580921067987,0.0005566563620050444,8.889958308944145e-05,-0.017926565651789735,0.0008865134577185289,0.000935119671032435
2024-02-07,187.0199279785156,0.0005808273237116142,0.003380177602919943,0.00023217638083333466,0.00097616535663581,0.0,0.0009392789889632004,0.0006129190667049397,0.0006004383763485628,-0.017926565651789735,0.000978264548558176,0.0010330018202597759
2024-02-08,187.1285858154297,-0.0057711024174625725,-0.0018347479395143492,0.00036980296643645617,0.0005132409923616312,0.0,0.0009391750598054005,0.0009874842752634917,0.0008912434527154864,-0.017926565651789735,0.0007273526335747402,0.0007827449021559102
2024-02-09,186.0517578125,0.004085519680443826,-0.0017987538860834884,0.0005741832984125877,0.0005132409923616312,0.0,0.0009372300518409751,0.001284370547483113,0.001088182229330157,-0.017926565651789735,0.0007309120994372845,0.0007873999546990437
2024-02-12,186.8134307861328,-0.009042801472399463,0.0011797975263070175,0.0006746380093734567,0.0004964610648926617,0.0,0.0009381423351294721,0.0008236765677691572,0.0009096648051598995,-0.017926565651789735,0.0008588699956525473,0.0009159892937737928
2024-02-13,185.13172912597656,-0.011338357684741788,-0.0021519184039646947,1.2593070142792053e-05,0.0005132409923616312,0.0,0.0009352509840844174,0.001437288255301638,0.0016457188872771337,0.017926565651789735,0.0007212608057414314,0.0007636754532120104
2024-02-14,183.04449462890625,-0.004821288715017679,-0.0014443739371954136,0.00020300588413499853,0.0005103584621324239,0.0,0.0009316965072037842,0.0015445814959896124,0.001465185443359707,0.017926565651789735,0.0007737150421373324,0.0007968205138372895
2024-02-15,182.1641082763672,-0.001576003894679398,0.0016837843886474053,-0.00010649132012722855,0.0005132409923616312,0.0,0.0009300309063866964,0.0012399766922434842,0.001398512161238304,0.017926565651789735,0.0008872647614019467,0.0009268040737312298
2024-02-16,181.8772430419922,-0.008466118892898737,0.001994857465176805,0.00011571650984483299,0.0002559128537673656,0.0,0.0009293055706989783,0.0010882935735912536,0.0013540390803785845,0.017926565651789735,0.0008831048166036341,0.0009279375126617033
2024-02-20,180.3439483642578,-0.004122277426992487,-0.0026248264685623263,0.0007375117412361295,0.0002517583666298771,0.0,0.000926586987231502,0.0014103343769909,0.0014336472210535974,0.017926565651789735,0.0006968393795885994,0.0007384876109110066
2024-02-21,179.60205078125,0.0041772720096169185,0.0016086850959970583,0.0005366703030453988,0.00047983016070045315,0.0,0.0009251265115548389,0.0012073052264059427,0.0011490985645415531,-0.017926565651789735,0.0009007373235246365,0.0009313247248152301
2024-02-22,180.35386657714844,0.011181056941109322,0.0007466572006744521,0.00026138147043212445,0.00046033044991039497,0.0,0.0009260669816236829,0.0008193881061384983,0.0009620864014115246,0.017926565651789735,0.0008588027217255425,0.0008888875845222989
2024-02-23,182.38172912597656,-0.010084842364972835,0.0049938748194709795,-7.878387606043234e-05,0.00043113387497339636,0.0,0.0009290317084116233,0.0004920344223815425,0.0005573540270537753,0.017926565651789735,0.0010245321137529154,0.0010645781782474028
2024-02-26,180.5516815185547,-0.007479070772949787,0.003717111650217898,0.0004563462560087303,0.000401591571376845,0.0,0.0009258485078123792,0.0014859927669543954,0.0013421350793250196,-0.017926565651789735,0.0009666007070765704,0.001016018463917044
2024-02-27,179.20635986328125,0.008081628993766498,0.002367945824268588,0.0002823290076349901,0.0005132409923616312,0.0,0.0009234200422588506,0.001364200202216659,0.0011109359052485876,-0.017926565651789735,0.0009141732931372606,0.0009621350915947513
2024-02-28,180.66050720214844,-0.006647514065340062,0.0015827569118567505,-0.00014550903988248842,0.0005132409923616312,0.0,0.0009254876936024404,0.0006369002579299414,0.0009042068800727213,0.017926565651789735,0.0008724474490584541,0.0009218665886795395
2024-02-29,179.4635467529297,-0.0036998730109528534,0.003894915248965811,-0.00041839493476579807,0.0005132409923616312,0.0,0.0009233008608681225,0.0013253336244802628,0.001573335097486569,-0.017926565651789735,0.0009715669111207151,0.0010171429515672234
2024-03-01,178.80078125,-0.006048780633309618,0.006186409506324736,0.0004680096731211295,0.0003404078162301549,0.0,0.0009219662263785669,0.0011875622384389614,0.0009315563738428497,0.017926565651789735,0.0010639247306109202,0.0011186638834543537
2024-03-04,177.72251892089844,-0.025708726970207808,0.00020266971701670224,0.0006803067038948932,0.00044870843742788236,0.0,0.0009199544668231013,0.0012973490994726044,0.001402026474406788,0.017926565651789735,0.0008164175719493094,0.0008711591266545527
2024-03-05,173.21173095703125,-0.028853283957898764,0.0016840978103455357,0.0011968783459056448,0.0005132409923616312,0.0,0.0009122716389416729,0.002216245941508604,0.0023695886265940173,-0.017926565651789735,0.0008935168569666418,0.0009466331750576957
2024-03-06,168.28541564941406,-0.005895707347128803,0.0068494389451244555,0.0018839614662086448,0.0005132409923616312,0.0,0.0009036862464995498,0.002363221087629341,0.0024455607628019625,-0.017926565651789735,0.0011311085322976866,0.001179194061973541
2024-03-07,167.29617309570312,-0.0007096694258527279,0.002723679390727537,0.0022910210676891814,0.0005132409923616312,0.0,0.0009017256370434864,0.001290194524538306,0.0017938855630689147,-0.017926565651789735,0.0009614559531021035,0.0010079709033349905
2024-03-08,167.177490234375,0.010184771927913155,0.00514502107876233,0.0023905030369743606,0.000361962799422453,0.0,0.0009012611241974511,0.0010478014993042717,0.0015729969683234957,-0.017926565651789735,0.001055235796611772,0.001104420036641584
2024-03-11,168.88885498046875,0.011762002214444369,0.000731415922566561,0.001888475906499502,0.00010422926275443503,0.0,0.0009039364875414613,0.0005386003252942863,0.00041093406668890674,-0.017926565651789735,0.0008490736543183409,0.0008913520962701416
2024-03-12,170.88705444335938,0.0027745467299136336,-0.0004411515122514331,0.0011932197793835394,0.0005132409923616312,0.0,0.0009070647116056799,0.0004648813077231666,0.0002442286677013551,0.017926565651789735,0.0008216699515372278,0.0008551896786952733
2024-03-13,171.36184692382812,-0.012196472187502852,0.00131666223870722,0.0003587250909286463,0.0005132409923616312,0.0,0.0009076025808505844,0.0008849508400175967,0.0006338355457313072,-0.017926565651789735,0.0008715670733276741,0.0009180903111060742
2024-03-14,169.28453063964844,0.010868118469794621,0.00010341288383680018,0.0004639456083527804,0.0005132409923616312,0.0,0.0009038294524980496,0.0015846893728464545,0.0013647234792139847,-0.017926565651789735,0.0008204257564919893,0.0008675190672786402
2024-03-15,171.13436889648438,-0.0021990264454091633,-0.0012317509114369517,0.00035861409980788585,0.0003392255137019103,0.0,0.0009066976991927234,0.0005066610224807991,0.0005482893221254585,-0.017926565651789735,0.000758532500029679,0.0007979405156257279
2024-03-18,170.75845336914062,0.0063521448468823695,0.004630004286180288,0.0005289615623404549,7.408949702678675e-05,0.0,0.0009058039656259314,0.0011174133608262945,0.0014899380643152175,0.017926565651789735,0.0009926849684169206,0.0010364964718152668
2024-03-19,171.84658813476562,0.013493626102330602,0.005859434850114187,-5.7565338876793036e-05,0.0005132409923616312,0.0,0.0009073708070762354,0.0007177355508493567,0.0004952560494770276,-0.017926565651789735,0.0010644083569383118,0.0011071051138499659
2024-03-20,174.18113708496094,0.014602025491414141,0.00406929774092296,-0.0003124919087651467,0.0005132409923616312,0.0,0.0009109906676730874,0.0003839460042942659,0.00035470549956676564,-0.017926565651789735,0.0009800234203611628,0.0010262516592858197
2024-03-21,176.74319458007812,-0.041715520375260724,0.0012220033797966517,5.042915518641824e-05,0.0005132409923616312,0.0,0.000914927135419994,0.00033213992706037515,0.00028919744005842984,0.017926565651789735,0.0008553720370717293,0.000909332744121709
2024-03-22,169.5219268798828,0.00529604302187155,0.0008441113048030895,6.339534894369973e-05,0.0005132409923616312,0.0,0.0009026734856612469,0.0029643960971079816,0.002710559324806881,-0.017926565651789735,0.0008382306511215762,0.000893280132052173
2024-03-25,170.42210388183594,-0.008335007056431776,0.0007567908684893855,3.0091468112785074e-05,0.0005132409923616312,0.0,0.0009039359481716522,0.0007670972640117951,0.0005214157496675181,-0.017926565651789735,0.0008356102471984808,0.0008890189332889731
2024-03-26,169.00753784179688,-0.006694848794057972,0.0008144376724715961,-0.0002752973283581177,0.0005132409923616312,0.0,0.0009012818421663079,0.001404206270107062,0.002435076752316244,-0.017926565651789735,0.0008357612412093253,0.0008868548624393884
2024-03-27,167.8798370361328,0.020990593875907255,0.002342585861092065,2.3082599216246182e-05,0.0005132409923616312,0.0,0.0008991002997664733,0.0013275460279116946,0.0012736999437484523,-0.017926565651789735,0.0009046848028835472,0.0009571031659142137
2024-03-28,171.44097900390625,-0.010615210532701874,0.0014483742429393031,6.877113909951936e-05,0.0005132409923616312,0.0,0.0009048687446634417,3.354118151731138e-05,-0.0001234245654642244,-0.017926565651789735,0.0008624383630144452,0.0009193457806997349
2024-04-01,169.63072204589844,-0.008491712844362335,0.0016907275456577021,5.068947010141475e-05,0.0005000663396492033,0.0,0.0009015621777066778,0.0015107819309781018,0.0017051878557830138,0.017926565651789735,0.0008741110133805063,0.0009286925369933548
2024-04-02,168.1963653564453,-0.007023480342670927,-0.0013298278715903806,0.00024519813693265734,0.0005132409923616312,0.0,0.00089886683336749,0.0014115306265010518,0.0008992045311889739,-0.017926565651789735,0.0007559546610442425,0.0008025625620385558
2024-04-03,167.01918029785156,0.004786089882984545,0.0017223374369868477,0.0001697041403172393,0.0005132409923616312,0.0,0.0008965942151299576,0.0013429061152201267,0.0015577752372244384,-0.017926565651789735,0.0008946562399921758,0.000932660998311501
2024-04-04,167.82046508789062,-0.004904133325849536,0.0019212975366185465,0.00016361231719102653,0.0005132409923616312,0.0,0.0008977096426228897,0.0007909322389847504,0.0011260826560267154,-0.017926565651789735,0.0009000545337690984,0.0009411238678459023
2024-04-05,166.9994659423828,0.004491438282254226,0.002725833699509121,0.0003586854226219485,0.0004965081125729118,0.0,0.0008960462702122039,0.001243848811219222,0.0013064522232098673,0.017926565651789735,0.0009568707051961084,0.0009776697243212556
2024-04-08,167.751220703125,-0.0066858173470070266,0.0010920403162342999,0.0004789931193601336,0.000472972585657153,0.0,0.000897076763766816,0.0008047041191705974,0.0006281998568723136,0.017926565651789735,0.0008841665281497489,0.0009078152927356878
2024-04-09,166.63340759277344,0.007216523859308291,0.0038168712918081006,0.0006061610290172327,0.0005132409923616312,0.0,0.000894904014737941,0.001327123902233836,0.0013969511837579672,-0.017926565651789735,0.0009948739481014865,0.0010293636956545064
2024-04-10,167.84027099609375,-0.01120174948430704,0.0033452696571038484,4.002256893605952e-05,0.0005132409923616312,0.0,0.0008967148482654604,0.0006773348736944215,0.0006156159433381861,-0.017926565651789735,0.0009658439450231669,0.001000477129670172
2024-04-11,165.9706573486328,0.042360796936221315,0.003770411442122307,-4.657567864492767e-06,0.0005051136308140358,0.0,0.0008932502250316196,0.001538196491583974,0.0016659127566496785,-0.017926565651789735,0.0009915147795425388,0.0010175859894666112
2024-04-12,173.15234375,0.00858950107625107,0.0028137371651921882,0.0006130800097979209,0.0003756115685379127,0.0,0.0009051218387479635,-0.000965292272515851,-0.0011110687855183285,-0.017926565651789735,0.000940836130358136,0.0009779781900211828
2024-04-15,174.6460418701172,-0.022105964064559877,0.008690800059906405,0.0018772079703841804,0.0005132409923616312,0.0,0.0009073211459138203,0.0006131625505752962,0.0008303751834517176,-0.017926565651789735,0.0012393091251168195,0.0012582717792792315
2024-04-16,170.8276824951172,-0.01935320290519633,-0.0015849394698782425,0.0006791294767728929,0.0005132409923616312,0.0,0.0009007365149523113,0.002047854461701206,0.0012177093918815662,-0.017926565651789735,0.000809463428981887,0.0007981897277875825
2024-04-17,167.55340576171875,-0.00818078917044995,-0.0056228425657416925,0.00020648787994513584,0.0005132409923616312,0.0,0.0008949430540197745,0.0019191916722473457,0.0017285673804451965,0.017926565651789735,0.0006237460421473726,0.0006173700545568735
2024-04-18,166.1882781982422,-0.005730666793788755,0.000497726618719676,1.1761371335361004e-05,0.0005132409923616312,0.0,0.0008923477631348818,0.0013969981971049398,0.002226334730239073,-0.017926565651789735,0.000878959801344167,0.0008776002286916457
2024-04-19,165.23863220214844,-0.012287766925257003,-0.001353024510631421,-0.0002761769763982237,0.0005132409923616312,0.0,0.0008904543913347321,0.0012824806050456869,0.001733026930512529,-0.017926565651789735,0.000794785534011613,0.0007936384192655755
2024-04-22,163.22064208984375,0.005077847369217371,0.0025488565951135213,-0.00018261052665393372,0.0004988868419507251,0.0,0.000886688109163657,0.001588956446864828,0.001564695129153241,-0.017926565651789735,0.0009680082114103779,0.0009619744045595914
2024-04-23,164.0515594482422,0.006371269550397619,0.002460447576465616,0.0007763564964891213,0.0011707395696674296,0.0,0.0008878855832379581,0.0007772956283783146,0.0007298688941021897,0.017926565651789735,0.0009990803029166773,0.0010135376711732436
2024-04-24,165.10011291503906,0.012622403016676649,-0.0018796363359597434,0.000557668594310706,0.0005132409923616312,0.0,0.0008894518168761071,0.0007168416710104248,0.0009088794681813324,0.017926565651789735,0.0007580046074840191,0.000783670848102514
2024-04-25,167.19728088378906,0.005134076502335033,0.002210670538408572,0.00024028821564472263,0.0005132409923616312,0.0,0.0008928021741576035,0.00042466657028145593,0.0002558210004909424,-0.017926565651789735,0.0009306215833269298,0.0009547329328581178
2024-04-26,168.05789184570312,-0.0034789470778134883,0.002668210029816186,0.0001355001762579197,0.0005132409923616312,0.0,0.000894012929032904,0.0007746675045794582,0.0005611929771017416,-0.017926565651789735,0.0009424096734149285,0.0009728144621370851
2024-04-29,167.4742431640625,0.024505234733129967,0.005291612863737433,0.0002107915573135381,0.0005132409923616312,0.0,0.0008927649381633701,0.001177236262019351,0.0009757140352677746,0.017926565651789735,0.001050968804587404,0.0010867681250005003
2024-04-30,171.62893676757812,-0.01843989409270434,0.004215980292113484,0.0006637687597749462,0.0005504843233812687,0.0,0.000899501734110579,-0.00013073151431051413,-0.00017212540391603676,0.017926565651789735,0.0010093143110011832,0.0010496625079794712
2024-05-01,168.4931182861328,-0.0060653406404256385,0.0013201303738351337,0.000402437561459753,0.0005132409923616312,0.0,0.0008939856485923772,0.0018765040387603994,0.002090367563794026,-0.017926565651789735,0.0008914138363877882,0.0009189040217154157
2024-05-02,167.4742431640625,0.021792780788157683,0.0006685611177167478,0.00013831542396356127,0.0005132409923616312,0.0,0.0008920012384728968,0.0012981231065824024,0.0008211015891169482,0.017926565651789735,0.0008578522769109941,0.0008868703345170604
2024-05-03,171.16403198242188,0.05809561455928042,0.005648208308256893,0.0005104404700122638,0.006439304856677342,0.0,0.0008979592714118036,-3.952665503322147e-06,0.00039330769168600965,0.017926565651789735,0.0014368407480731136,0.001466404628116702
2024-05-06,181.4024353027344,-0.009148589144580476,0.006954812082898212,0.0016219751397979886,0.009693281897383065,0.0,0.0009142595436511505,-0.0017007304052591267,-0.0014185520693088976,-0.017926565651789735,0.0016966422127287625,0.001737024504311715
2024-05-07,179.75042724609375,0.0037899676625388515,0.0037237238008684,0.00025841182352600266,0.0005263490637579353,0.0,0.000911392635192965,0.0014422327224038207,0.000861623688687945,0.017926565651789735,0.0009695549184563633,0.0010208670328608956
2024-05-08,180.43296813964844,0.0018623890145636156,0.0018694873916039897,-0.0005685569724120584,0.0006920775393091836,0.0,0.0009122125084562363,0.0008374905330392729,-0.00039901829780813146,-0.017926565651789735,0.0008885951325891948,0.000938620959577801
2024-05-09,180.76931762695312,0.009964540094920342,0.005175345486616935,-0.00074247177771766,0.0006895747296050328,0.0,0.0009124830598531916,0.0009275846717539932,0.0014037573057828173,-0.017926565651789735,0.0010241096162159422,0.0010779801785012013
2024-05-10,182.57960510253903,-0.0069140518252775954,0.002722429946974977,-0.0008504629326978161,0.0028646038130973133,0.0,0.0009150597911469768,0.000548893859792551,0.0009276889164891751,-0.017926565651789735,0.0010516158230744913,0.0011028975273494202
2024-05-13,181.32159423828125,0.01749145200643878,0.0012772567732345613,-0.0009850808709047291,0.0011443284244243882,0.0,0.0009128318140222117,0.0013377914766886526,0.0012482648754161573,-0.017926565651789735,0.0008795708614213025,0.0009342761554441386
2024-05-14,184.5210723876953,0.006154543868033868,0.0016836391438117349,-0.0013560960057458276,0.0005132409923616312,0.0,0.0009175483489275933,0.0001970894617919066,1.725365393551669e-05,0.017926565651789735,0.0008639749178161126,0.0009077996135901108
2024-05-15,185.66021728515625,0.01214382990868596,-0.00042919806709288593,-0.0014621001391813952,0.0005646835737292363,0.0,0.0009190378243312073,0.0007269713296422178,0.0009181162153677564,-0.017926565651789735,0.0007744098491204419,0.0008184567187418353
2024-05-16,187.9285888671875,0.00063238723165845,0.0013471346709447792,-0.0012522335601819726,0.0014399176131627367,0.0,0.0009222294058166649,0.0004470348570549883,0.00015186163936378575,-0.017926565651789735,0.0008967617383804325,0.0009511633508857914
2024-05-17,188.04747009277344,0.00015797349331724686,0.0021791063450808876,-0.0008919189844634275,0.000828337304654421,0.0,0.0009221470174783597,0.0009850743888998096,0.0008425439159072539,-0.017926565651789735,0.000897785264844195,0.0009552904603671775
2024-05-20,188.07717895507807,0.006143194123705713,0.001855200532268576,-0.0003267405775423337,0.0007319714511535871,0.0,0.0009219298610350059,0.0010072482686505416,0.0009118789986247653,0.017926565651789735,0.0008802565990889509,0.0009441048312334728
2024-05-21,189.2361297607422,0.006833838059543284,0.001005231515478367,-0.0008756179816770894,0.0005132409923616312,0.0,0.000923413174745992,0.0007275018114676684,0.0007902440099483068,0.017926565651789735,0.0008256192748813592,0.0008859322881533195
2024-05-22,190.5337677001953,-0.007566904780225766,0.001847876783052419,-0.001015287551856807,0.0005132409923616312,0.0,0.000925091795843634,0.0006952214318197661,0.0007993256789468593,0.017926565651789735,0.0008566040175256464,0.0009200434387704335
2024-05-23,189.0974578857422,-0.021283023526896833,0.0007040187429641187,-0.00066018221283128,0.0005132409923616312,0.0,0.0009226806667760391,0.0013683055232855056,0.0012603479215410464,-0.017926565651789735,0.0008169178614993941,0.0008762551855884634
2024-05-24,185.11541748046875,0.01645208101744301,-8.576118703966973e-05,0.0010251586538006419,0.0005132409923616312,0.0,0.0009163776000165521,0.002009390599781973,0.0018944378309190381,0.017926565651789735,0.0008087674483202306,0.0008679167255969332
2024-05-28,188.18614196777344,5.278395855377857e-05,0.0018204689859881557,0.000902791410633906,0.0005476168524166411,0.0,0.0009207861424165027,0.0002456691833804414,0.00045803197935502646,0.017926565651789735,0.0008813905660426161,0.0009501129749113579
2024-05-29,188.19607543945312,0.0015776103682988325,-0.0024452158317108215,5.198343156703083e-05,0.0005132409923616312,0.0,0.0009205399006622154,0.0010121647790851595,0.0015207205537878816,0.017926565651789735,0.0006985963987983217,0.0007516622333233377
2024-05-30,188.4932098388672,0.005241442537696619,-0.0033329945913490836,-0.00024275141938077146,0.0005132409923616312,0.0,0.00092072625076648,0.0009408950945927813,0.0005053166435636076,-0.017926565651789735,0.0006718109226958146,0.0007090058814840856
2024-05-31,189.48377990722656,0.005006047202555173,-0.0030989698846066393,-0.00037339584875179703,0.0005132409923616312,0.0,0.0009219512908251503,0.0007696492655087583,0.0006312438306980231,0.017926565651789735,0.0006821780498976573,0.0007170829440843636
2024-06-03,190.43472290039065,0.009215971460099663,0.0018570032351727008,0.0005923782014059119,0.001875215713927585,0.0,0.0009231089143828968,0.0007561515337222169,0.0008155558866798239,-0.017607147298411324,0.0009151312062280822,0.0011306515029626484
2024-06-04,192.1978759765625,0.0016480694129722845,-0.0014799119988408,0.0003033054552538981,0.0015962713811295487,0.0,0.0009254588329280136,0.000582454625396641,0.0004993544251764516,-0.017607147298411324,0.0007384756136766728,0.0005267674182389275
2024-06-05,192.514892578125,0.007790349072488062,-0.00119025480210536,0.0005724948540371283,0.0014826636100483338,0.0,0.0009256635384747682,0.0008946980548932891,0.0008404695681149136,-0.017607147298411324,0.0007487388182233018,0.0005606277454431417
2024-06-06,194.0205078125,-0.007121694959354569,-0.0008451799181828232,0.0005128724916429537,0.0017572355977903127,0.0,0.000927607657855684,0.0006412742587247459,0.0005111330835534504,-0.017607147298411324,0.0007764332315867457,0.000666238051981788
2024-06-07,192.64366149902344,0.012315912013529018,-0.0030127799886916187,0.0014239049596208283,0.0013887971146378613,0.0,0.0009253286933547751,0.0012565290202573639,0.001291786899584971,-0.017607147298411324,0.0006629244975033033,0.0002711044228129677
2024-06-10,195.03091430664065,-0.019333534316204333,0.0018544056033848412,0.00161344880706205,0.001338287018438822,0.0,0.0009285527475071029,0.000454554440694075,0.0003475827225428843,-0.017607147298411324,0.0008847613067378892,0.001059967736823576
2024-06-11,191.29649353027344,0.07013132770478447,0.0006136601710578371,0.0024068718833889537,0.0012166556727802402,0.0,0.0009228192763515535,0.0017603762658347925,0.001953251861484848,-0.017607147298411324,0.0008365191599528489,0.0008583414096341171
2024-06-12,205.19400024414065,0.028177674937838196,0.005970415281526432,0.0006472717932559611,0.0018818270984500925,0.0,0.0009423973551149009,-0.0019308468978531499,-0.0021924662667143486,0.017607147298411324,0.001107262426212657,0.0018034595164441677
2024-06-13,211.05812072753903,0.005476052015049642,-0.005691395375602819,0.00015749699606902264,0.0023445311371288434,0.0,0.0009500996394991553,-0.00019988469217353886,0.0002492154571884179,-0.017607147298411324,0.0005785841621157565,-2.405743717700539e-05
2024-06-14,212.2170562744141,-0.00820187609187038,-0.004377732395213948,-8.472619743163314e-05,0.002271234996919695,0.0,0.0009513792415278661,0.0007367596449769196,-0.0005174727875266704,0.017607147298411324,0.0006300038196277766,0.00016919718916855403
2024-06-17,210.4835968017578,0.01948054163400817,-0.0009987095422974545,0.0005396333947949332,0.002054145244441842,0.0,0.000948792114525775,0.001301096122103289,0.0008608075268764127,0.017607147298411324,0.0007904264297436529,0.0006973150985315683
2024-06-18,214.62413024902344,-0.011045299520206891,-0.003765839114751354,0.0006124507153384769,0.0017545368914448816,0.0,0.000954028551236564,0.00015894959408789566,0.0004278853111096986,0.017607147298411324,0.0006430368636704897,0.00019293065342736095
2024-06-20,212.2665863037109,-0.02174773682016913,-0.0007698554653171064,0.001123264717448622,0.001807961097247139,0.0,0.0009506389105384162,0.0014184126884708352,0.0017537431314578484,0.017607147298411324,0.0007884550842095178,0.000705739394076508
2024-06-21,207.7001037597656,-0.010499292929221577,-0.0005368688597015669,0.0021103324364898446,0.0012276875466923057,0.0,0.0009442287507726134,0.0018599836424423553,0.0015057683860196605,-0.017607147298411324,0.0007857758986682835,0.0006643623974475309
2024-06-24,205.5308074951172,0.0031276977963470265,0.00274104596569514,0.0023745364698615733,0.0018563924601801033,0.0,0.0009409979428448907,0.0013958850487847823,0.001591824890819782,0.017607147298411324,0.0009846612223262674,0.0013230600525751834
2024-06-25,206.17465209960935,0.004458342882680129,-0.001537661790072195,0.0017917169105204226,0.0008539785052645104,0.0,0.0009416151316265734,0.0008336501927607609,0.0012980263801524539,0.017607147298411324,0.0007093707835285869,0.00042246513058226935
2024-06-26,207.0959014892578,0.019795928188790595,-0.0008063650958588468,0.001747363254569831,0.0007238540793893291,0.0,0.0009426074362967352,0.0007787492198607191,0.0008874450435834584,-0.017607147298411324,0.0007279737380031337,0.0005160461731240888
2024-06-27,211.2364044189453,0.003978109631669162,0.00033041163695488236,0.0015699029789198954,0.0005740752213005643,0.0,0.0009479257214173259,0.0001459370869400558,-2.9798115464695356e-05,-0.017607147298411324,0.0007645669173348205,0.0006681311651922995
2024-06-28,212.07839965820312,-0.016387647170738085,-0.002255026370142,0.0016957231439599643,0.0010268379142535987,0.0,0.0009487802572070191,0.0007985631228843327,0.0007082050617443243,0.017607147298411324,0.0006732972258356039,0.0003350241292600771
2024-07-01,208.6312561035156,0.028688957163191274,-0.00037609077441210707,0.0017305059163041999,0.000780919938319584,0.0,0.0009438926261306319,0.0016388321576417402,0.0013143128207762104,-0.017607147298411324,0.0007468914357345918,0.0005962658211462748
2024-07-02,214.70335388183597,0.016109627348391643,0.004549954785285411,0.001231105663187374,0.000552941433095467,0.0,0.0009517125428547189,-0.00022097964219942097,-0.00025859548250921707,-0.017607147298411324,0.0009508140038778076,0.0013415868766375187
2024-07-03,218.19015502929688,0.005794091542380848,0.00010287863461717916,0.0014629286311841527,0.0010577476258287065,0.0,0.0009559835811205788,0.00029802986105298846,0.0007449472500532558,0.017607147298411324,0.0007793593794564295,0.0007180455354425881
2024-07-05,219.45803833007807,0.02139004292924958,0.00037395831213547955,0.0014762461146945287,0.0013046430497979055,0.0,0.00095734642843361,0.0007236376790594188,0.00019670890560869456,0.017607147298411324,0.0008098690552112162,0.000808573803596426
2024-07-08,224.20281982421875,0.006517588064596643,0.0014731670160955624,0.0016796130267396168,0.0017512583541619239,0.0,0.0009631004967244621,8.016564189855849e-05,-0.0002260636131933342,-0.017607147298411324,0.0008994583550620566,0.0010767226071274668
2024-07-09,225.6688537597656,0.0037677502103775477,-0.0007889795035789088,0.0010986953653469422,0.001370193462019208,0.0,0.000964664260116318,0.0006937869973356369,0.0007874632666954832,0.017607147298411324,0.000757974115442248,0.0006203682022769863
2024-07-10,226.52072143554688,0.018629105554966614,0.0008408801811486685,0.0008751584700510579,0.0012567143819220913,0.0,0.0009654531950868391,0.0008072423244281683,0.0005092932084652444,-0.017607147298411324,0.0008245298804433885,0.0008581835625687966
2024-07-11,230.7801513671875,-0.023494795744944872,-0.00540736737061305,0.0009166604597301649,0.0015957978088027452,0.0,0.0009704232717215828,0.0001940789231491812,0.00015115983342038934,0.017607147298411324,0.0005613121819461413,-9.513927857829124e-05
2024-07-12,225.4212188720703,0.012966295656729413,-5.230860036790127e-05,0.0013791766436798349,0.0015056367216867038,0.0,0.0009635413535734349,0.0019320653986289022,0.0020192581221488526,0.017607147298411324,0.0008123524538299307,0.000773754768559223
2024-07-15,228.36312866210935,0.016604786022702742,0.0012082606782893364,0.0014269077492497857,0.0011249117259148325,0.0,0.0009669167063021064,0.00042772031705230556,8.726969126834504e-05,-0.017607147298411324,0.0008401268867861546,0.0009095467952668107
2024-07-16,232.18670654296875,0.001790191237319008,-0.00017743453759798118,0.0010992665381754474,0.0009881931005517174,0.0,0.0009713130710241757,0.0002776001512537451,0.0007947539706958739,-0.017607147298411324,0.0007692588190507012,0.0006488379670918551
2024-07-17,232.6027374267578,-0.025621342497169797,0.0019487224641703534,0.001224495852866507,0.0010602433913460031,0.0,0.000971543222279458,0.000888834262581497,0.0007100239951772598,0.017607147298411324,0.0008759855599150157,0.0010122075522190424
2024-07-18,226.7188415527344,-0.020748700431096927,-0.0030550590566920896,0.001511962913345369,0.0005042408816820039,0.0,0.0009640712116811301,0.0020198044109423227,0.0016534184829844322,-0.017607147298411324,0.0006243270473783717,0.00010202257366458253
2024-07-19,222.0631866455078,0.0005798444227176882,-0.00433162270944904,0.0015866708500589667,0.0005593647005219534,0.0,0.0009579721185230464,0.0018187644846925193,0.0018643249896734327,-0.017607147298411324,0.0005871437811604123,-9.345504309820067e-05
2024-07-22,222.1919860839844,-0.0015614205973258702,0.0012229531334057343,0.0015499853926654343,0.00022846095654800052,0.0,0.000957865932705634,0.0009387718592784458,0.0014779822040201515,-0.017607147298411324,0.000829841241749944,0.000748549062987851
2024-07-23,221.84532165527344,0.004677103588836283,0.003033617692264302,0.0017636344650913737,0.00043585205271968975,0.0,0.0009571586652912513,0.0010271181313570327,0.0013770820200266613,0.017607147298411324,0.0009122736951550696,0.0010883177845295092
2024-07-24,222.8853454589844,-0.029175701495884113,-0.003890494284506944,0.0018990053114834138,0.0003117149716000894,0.0,0.0009582027138243821,0.0007697233904163179,0.0005999925961740722,-0.017607147298411324,0.0005807532135136607,-5.863380417388405e-05
2024-07-25,216.47645568847656,-0.0048161179284111726,-0.0062514409713575825,0.0019700553283187303,0.0008226126687641128,0.0,0.0009497476340797949,0.0021664534077857874,0.0021308673830464434,0.017607147298411324,0.0005467556174559424,-0.00034594384390868277
2024-07-26,215.43638610839844,0.0021586817498781058,-0.0026318550267447325,0.0015706929657764083,0.00047993179758486123,0.0,0.0009481302804858283,0.0011614034128396879,0.0010436131225003596,0.017607147298411324,0.0006910757804304478,0.0001681357106320025
2024-07-29,215.9019470214844,0.001283828191691485,0.0012816363338921204,0.0012639608256230078,0.00028154316704389313,0.0,0.0009484697508922759,0.0008736307437381071,0.0014239844275852082,-0.017607147298411324,0.0008304460307578599,0.0007596608542802167
2024-07-30,216.17930603027344,0.0025627222939643007,0.0008812232513240118,0.0009451140231959249,0.000464493602098001,0.0,0.0009485637678367108,0.000909726252587779,0.0009676269294713806,0.017607147298411324,0.0008221768212712519,0.0007192302647957064
2024-07-31,216.7340240478516,0.014879580369378191,0.000758265926520241,0.000884338951650608,0.0005686654773635199,0.0,0.000949016166526769,0.0008569604691553313,0.0006816728607466983,0.017607147298411324,0.0008358051230195543,0.0007168361916502837
2024-08-01,219.9830474853516,-0.016892534268798415,0.0005267110864448427,0.0003514882255111579,0.00041676695676603104,0.0,0.0009529193786878369,0.0003487802651646456,0.00031274875144071755,-0.017607147298411324,0.000790746224622714,0.0006353029598566114
2024-08-02,216.29818725585935,0.006845848048555009,0.0021623600681143027,0.0011098630141504874,0.0008926692331809019,0.0,0.000947920652175936,0.0016596632516523726,0.0016615699504789975,0.017607147298411324,0.0009376374248571767,0.0010124510115196495
2024-08-05,217.7840118408203,-0.04936562058459587,0.002487362905072555,0.0017403257861366701,0.0008310301873019758,0.0,0.000949572270041066,0.000680243346463916,0.0003953671885763172,-0.017607147298411324,0.0010155228876552065,0.0010722743071382222
2024-08-06,207.2940216064453,-0.009796139876197336,-0.0030789349071048398,0.001656873946411778,0.0011290059620144288,0.0,0.0009354862698018059,0.0029994675692087847,0.003401643665904808,-0.017607147298411324,0.000957762227212975,0.0002187273371491215
2024-08-07,205.27325439453125,0.012420769017557594,0.0031698831419243053,0.0014517103455611766,-0.001128052865878964,0.0,0.0009324827360357833,0.0013668737165331095,0.0012143043210765387,-0.017607147298411324,0.0009604321487956028,0.0008101242821495434
2024-08-08,207.83880615234372,0.016496415651299907,-0.0013267108114602497,0.0010348742136275584,-9.312082445397615e-05,0.0,0.0009356971418224429,0.0004502281544471415,0.0013015046345191638,0.017607147298411324,0.0008174915488483408,0.00025836181799422805
2024-08-09,211.29583740234372,0.013642513375723022,0.0014171179600763312,0.00015581929067082537,-0.0005490660939816425,0.0,0.0009400497903565625,0.000282071395227561,0.0004054109012850564,0.017607147298411324,0.000852311106194073,0.0005947278525602589
2024-08-12,214.1981964111328,0.0071045778710307934,0.0015501915111919267,-3.1088884082314055e-05,-8.560617614858574e-05,0.0,0.0009436019334173474,0.0003998203074657503,-5.509511826129736e-05,-0.017607147298411324,0.0008464934671795706,0.0006972826472108343
2024-08-13,215.72540283203125,0.017047022303554447,-0.0024645264919661613,0.00018919275899654262,0.0004602801202241484,0.0,0.0009453243197571889,0.0006695684346350078,0.00036772049109030436,0.017607147298411324,0.0007042101652200271,0.00015147767188430103
2024-08-14,219.4344024658203,0.0020316111852965927,-0.0005536324821287703,0.0011381094389170722,0.00018365642301092038,0.0,0.0009498245148337113,0.0002593539620032654,0.00010787958138216546,0.017607147298411324,0.000757124005704599,0.0004388395147760497
2024-08-15,219.8806610107422,0.013439859306690529,-0.0012853298640311695,0.0017033396562298319,0.0003244930286817072,0.0,0.0009501267743113484,0.0008788735373982164,0.0008828775669919342,0.017607147298411324,0.0007178300204301786,0.0003623647992968336
2024-08-16,222.85577392578125,0.005900976726473976,2.2473696719171898e-05,0.0024415909005667553,0.00010357770385087677,0.0,0.000953615526415365,0.0004081815945334357,0.00017241536712857362,0.017607147298411324,0.000762947335084649,0.000555736045920296
2024-08-19,224.1747283935547,-0.0007080741547789493,0.0021096239808082048,0.002409933967946364,0.00039802254428403683,0.0,0.000954997084974443,0.0007192277123030062,0.0007759828518852856,-0.017607147298411324,0.000874811635044631,0.0009496054820241586
2024-08-20,224.01605224609372,0.0027409905181452194,0.0010171494151031565,0.003161890736498008,0.0004252041528243983,0.0,0.0009545327993128702,0.0009919099827697033,0.0008399660187447151,0.017607147298411324,0.0008350387051740602,0.0007986393358759544
2024-08-21,224.63092041015625,-0.0004858050908311314,-0.0005516384252885729,0.0027770459238498843,0.00038986253889784013,0.0,0.0009550313920337278,0.0008496053155946881,0.0007846424810022486,-0.017607147298411324,0.000768607867130509,0.0005253252971137741
2024-08-22,224.52182006835935,-0.00829411066603746,-0.004277744760334944,0.0026858395668446543,0.000363299460418664,0.0,0.0009546293729257857,0.0009827394022883637,0.0010832330125870142,-0.017607147298411324,0.0005964675781247911,-8.917411059308484e-05
2024-08-23,222.6673126220703,0.010235713104632548,-0.001964747167183397,0.0028618074993395437,0.0004951923706533025,0.0,0.0009520495291213329,0.0013049016205857941,0.001290892034048131,-0.017607147298411324,0.0007313012138129393,0.0003172522387962476
2024-08-26,224.9581756591797,0.0014977052099940057,0.0028087275255615067,0.002278683331980986,0.0004996080062544694,0.0,0.0009546383923604603,0.000540381191265664,0.0005447143134788342,0.017607147298411324,0.0009251763909615842,0.0010785704708409973
2024-08-27,225.29534912109372,0.0037345124069314657,0.00018299129399093535,0.0017514433228546643,0.0002508689953892219,0.0,0.0009547897909714537,0.0009009019188068409,0.0010897373837133685,0.017607147298411324,0.000781433549876737,0.000589207478210889
2024-08-28,226.13829040527344,-0.006776257676358744,0.001082168809933126,0.0013013911427593634,0.00015791940684251515,0.0,0.0009555645185678751,0.000808613680145025,0.0006053898810265458,-0.017607147298411324,0.0008016730564790919,0.0007052362081406187
2024-08-29,224.6110992431641,0.014465008220308075,-0.0028247546165338488,0.0014793375843492255,0.00040226790374110635,0.0,0.0009534102075634376,0.0012422766526597202,0.001216007437041265,-0.017607147298411324,0.0006591815761637591,0.00011958919940362092
2024-08-30,227.8837127685547,-0.0034438489149200605,0.001837772004399826,0.0011728481336153783,0.0003609919431808588,0.0,0.0009571738838901073,0.0003658850623453364,0.000338635091958064,-0.017607147298411324,0.0008515871205307528,0.0008623859578287032
2024-09-03,227.1002655029297,-0.02758207156789019,0.0011002224112551537,0.0016283811590884793,0.00021165071314810987,0.0,0.0009559483136314579,0.001104785081854935,0.0012770437457733559,0.017607147298411324,0.0008058551183230688,0.0007277121378214833
2024-09-04,220.9219665527344,-0.0086561612540762,-0.002144962565691817,0.002453429684002967,0.0008857343502213035,0.0,0.0009480034305909452,0.002100701965580718,0.0018488127202412328,-0.017607147298411324,0.00078180587303466,0.00034874493843494055
2024-09-05,219.01788330078125,0.0069039431325857,0.0006229085065677525,0.0033910756049125093,0.00041406129769668855,0.0,0.0009453304095264678,0.0013198394351289153,0.0013599566857532494,0.017607147298411324,0.0008994321446071734,0.000739028880383975
2024-09-06,220.5352020263672,-0.007039737519330269,-0.00038131468719369713,0.0031080580253700814,0.0002572557938110403,0.0,0.0009469883429496897,0.0006778464063130422,0.0012461295259054755,-0.017607147298411324,0.0008206244380861382,0.0005380114764863844
2024-09-09,218.98814392089844,0.0004073278524046628,-0.00013257795416941046,0.0028421583144647615,0.000734960990246251,0.0,0.0009447667224038537,0.0012531475451818947,0.0013597808888598704,-0.017607147298411324,0.0008909148898967105,0.0006597569420104517
2024-09-10,219.07736206054688,-0.00362789737373751,0.002826221735402965,0.0022486234269247242,0.00015506596959418545,0.0,0.0009446172677681476,0.0009458897058393676,0.0006700484936215899,0.017607147298411324,0.0009450258941502813,0.0010163681508312996
2024-09-11,218.2840118408203,0.011518631208739706,0.004943681637337979,0.0020448897258974357,0.00035410599165558107,0.0,0.0009433460654769311,0.0011123787216268115,0.0012307991943296078,-0.017607147298411324,0.0010499355758869047,0.0013923901518612034
2024-09-12,220.81288146972656,0.0004938939534140177,0.005053756516337069,0.0010992227228964577,0.00010864250085348081,0.0,0.0009462852775790054,0.00048744938188240036,0.0004940452125941882,-0.017607147298411324,0.0010075689491458786,0.0013370446347205332
2024-09-13,220.9219665527344,-0.0012128906242661372,-0.0005816647368699694,0.0007960452612304257,0.00016787465801605488,0.0,0.0009461595784058559,0.0009423180824107089,0.001003298585622835,-0.017607147298411324,0.0007370756227056322,0.00042136774269112173
2024-09-16,220.6541748046875,-0.02816826893274261,0.0014720817134180626,0.0005231530778221647,0.0004590639182735121,0.0,0.0009455598422384469,0.0010127381627220192,0.0008008602720775616,0.017607147298411324,0.0008426439866801851,0.0008021614432242321
2024-09-17,214.52545166015625,0.0021703222713488186,-0.0011292807647355053,0.0005201085718497382,0.0007383076117501538,0.0,0.0009374749133922984,0.0021248878330012533,0.002144772058685353,-0.017607147298411324,0.0007475105945433052,0.0004303856833062882
2024-09-18,214.99154663085935,0.017829854285083987,-0.0001417898732027741,0.00048125622589827123,0.00035518641871473764,0.0,0.000937817180843147,0.0008731504684487984,0.0009183227819894769,-0.017607147298411324,0.0007722939503319649,0.0005187306969315452
2024-09-19,218.85919189453125,0.036395140729857195,-0.003233948582714756,0.0001942978949161804,0.0003137645821358182,0.0,0.0009425055064341102,0.00022705516358987655,0.0007572142727397252,-0.017607147298411324,0.0006285588005777306,-9.847915435690687e-07
2024-09-20,226.9713287353516,-0.002931729016951908,0.0011613730652178418,0.00011025349945716848,-0.000145313217472664,0.0,0.000952342530635948,-0.000538928417197087,-0.0006312806813688273,0.017607147298411324,0.0007778030858119549,0.0006269502233250705
2024-09-23,226.306884765625,-0.00760990282948284,0.004119709648806477,0.000854200598879269,0.0024631944567780253,0.0,0.0009512651182787807,0.0010836555703655855,0.0006862587383061699,0.017607147298411324,0.0011036469806936923,0.0016163405865061537
2024-09-24,224.59124755859372,0.003966154370516775,-0.0013421269941420204,1.4038360791036766e-05,0.0003077464092647805,0.0,0.0009488909729799006,0.0012766719474156202,0.0006530396146848112,0.017607147298411324,0.0006855391061980459,0.0003007750071327567
2024-09-25,225.48377990722656,-0.004407795667316113,-0.0024503312600513425,7.046332287846625e-05,0.00031225885826682853,0.0,0.0009497274751694034,0.0007990563839915066,0.0010124675194328038,-0.017607147298411324,0.0006290227035085959,0.00012275935173178937
2024-09-26,224.49208068847656,0.005067373642518301,-0.004179227494003938,0.00011804173088930377,0.0002606331778386648,0.0,0.0009482425740766968,0.0011445564792575411,0.0014631809937567758,0.017607147298411324,0.0005458411110272686,-0.00016706657295040219
2024-09-27,225.63255310058597,0.0011859425145805378,-0.0030442601808990154,0.00034219833689760383,0.00015494974103973992,0.0,0.0009493839237770133,0.0007536212713306501,0.0006492933839259635,-0.017607147298411324,0.0005943000814369161,4.638645908178673e-06
2024-09-30,225.9002990722656,0.022614366398289353,-0.0018108267304666522,0.00051568716417589,0.00038830985134658024,0.0,0.0009494494524725266,0.0009137649094479488,0.0009853806862998205,0.017607147298411324,0.0006894779303422243,0.00025405711298803627
2024-10-01,231.0670928955078,-0.029574619353425792,0.0029805024115276695,0.0005032381152371042,0.00023192006787745294,0.0,0.0009554491525406011,2.965138360007532e-05,-5.7122409235075135e-05,0.017607147298411324,0.0008990931491512297,0.0010049583275328145
2024-10-02,224.33343505859372,0.0025165703827975112,-0.0010908072230867065,0.001611293725016418,0.0006990834918446254,0.0,0.0009469967526220057,0.002182912325878358,0.0022055843827216808,0.017607147298411324,0.0007881627928763993,0.000461138896701895
2024-10-03,224.8986968994141,-0.0049067324312674935,0.0019207493327971614,0.0018468688026229583,0.0001221883747851767,0.0,0.0009474311765440028,0.0008588646469487017,0.00042794291988676697,0.017607147298411324,0.0008880385965694251,0.0008510587224907698
2024-10-04,223.79788208007807,0.004994726621400705,-0.003736861415663744,0.002561602261553952,0.0003194642415416261,0.0,0.0009458113194306074,0.0011651420689372165,0.001788752863760761,0.017607147298411324,0.0006675482178853063,-1.2861777725225228e-05
2024-10-07,224.91848754882807,-0.02278837129783317,-0.0010152912474673144,0.0020128048727978106,9.14916395736605e-05,0.0,0.0009469313513260348,0.0007566186086211193,0.0007469067214993122,-0.017607147298411324,0.0007552632158203719,0.00037196443468291696
2024-10-08,219.85092163085935,0.01823679189870979,-0.003647896266095083,0.001524636810751784,0.0007149783369906557,0.0,0.0009403673848854487,0.0019029190922056898,0.0018913275050763314,0.017607147298411324,0.0007094211132868839,4.50856007110968e-05
2024-10-09,223.89707946777344,0.016560316836341675,0.0009045585554153381,0.001639226621289634,0.00011253386171667778,0.0,0.0009451493656744518,0.00021026535906037242,8.600688027938206e-05,0.017607147298411324,0.0008672396403123211,0.0006776972032919743
2024-10-10,227.63575744628903,-0.002180567555697614,0.0005848047223698887,0.0017903916951061923,0.0001360887720446253,0.0,0.0009494653323606506,0.0002794349016468975,0.0007207687185952782,0.017607147298411324,0.0008494524651785785,0.000634408689546226
2024-10-11,227.13992309570312,-0.006526560607963632,-0.0030270869015681886,0.0027025400096801315,0.0002269043990843747,0.0,0.0009486004434719912,0.0010526634632654702,0.0007162009902709279,0.017607147298411324,0.0007016343970106452,8.960941598663017e-05
2024-10-14,225.6623077392578,0.016345558637679475,-0.0004725980932367178,0.0026459099422373117,0.00042030930400721665,0.0,0.0009465354818555726,0.0012319744224662753,0.000866903129567134,-0.017607147298411324,0.000827490695602255,0.0005400494499924578
2024-10-15,229.38119506835935,0.010964285833997008,0.0019115635862348751,0.0028281605134788165,0.0003461284624761944,0.0,0.0009507881808767887,0.0002882955919736521,0.0004412266544788295,0.017607147298411324,0.0009270634789418139,0.0009198656060577102
2024-10-16,231.9100341796875,-0.008891363079077624,0.0032692019280890793,0.0016214706762543063,0.0007217092296543595,0.0,0.0009535528130283957,0.0005103210707411332,0.0007295350434090552,-0.017607147298411324,0.0010096533350531138,0.001175791759602294
2024-10-17,229.857177734375,0.0015951243317844624,0.0007456164439066709,0.0024787777411827373,0.00020096700016550067,0.0,0.0009508354749405938,0.0013295436073030506,0.001027126078480155,0.017607147298411324,0.000856163155194955,0.0006927424592956785
2024-10-18,230.22412109375,0.01220185708623628,0.00036981649595829963,0.002034322110285802,0.0002526662745203504,0.0,0.0009510132588414889,0.0008968825115131181,0.0006936597866557506,0.017607147298411324,0.0008300033896158558,0.0006282136115720737
2024-10-21,233.0504913330078,0.006278081653286199,0.0057832143005448625,0.002274786658187253,0.0008529757388196109,0.0,0.0009541169398973219,0.000459260223277822,0.0007299239393088951,-0.017607147298411324,0.0011140974057651251,0.0016287500113670366
2024-10-22,234.5182037353516,-0.0026252133463898967,-0.0013252585829449312,0.001625406442722108,0.0002155483052261333,0.0,0.0009555852147769108,0.0007036687720716609,0.0007268442852698845,0.017607147298411324,0.0007335358339751645,0.00033329817828516104
2024-10-23,233.90335083007807,-0.02186027512672826,0.0002377145765067735,0.0022155132438233544,0.000292206940139058,0.0,0.000954597952973446,0.0010710090662783562,0.0008240550681152604,0.017607147298411324,0.000818296194908954,0.000619341556331859
2024-10-24,228.84564208984372,-0.0008236025862557648,-0.006272027853939948,0.002640585992289666,0.0006464365481022882,0.0,0.0009483093992028556,0.0018646268508997251,0.0017967345598643584,0.017607147298411324,0.0005579949151171707,-0.00036257565726046325
2024-10-25,228.65724182128903,0.003636554638715949,-0.003009134030521536,0.003397569711412811,0.00022155408125925323,0.0,0.0009478211346711779,0.0009966765605377628,0.0010943629270862502,-0.017607147298411324,0.0006901111797027878,0.00011178736906301736
2024-10-28,229.4902801513672,0.008562510451707885,-0.0026465066306982123,0.0028605476132933876,0.000349415001950824,0.0,0.0009485618326061764,0.0008126553114059714,0.0012505676934772398,-0.017607147298411324,0.0007229040399630406,0.0001790199790580654
2024-10-29,231.46372985839844,0.001156280324705889,-0.00034163155335485554,0.002273615452166836,0.00032002977348091993,0.0,0.0009506587614464688,0.0006094157177881625,0.000574038633250057,0.017607147298411324,0.0008132901458735576,0.0005318550965746208
2024-10-30,231.7315216064453,-0.015395892863044106,0.0009945849751313552,0.0026438800092220874,0.0003427923356498939,0.0,0.000950715375313005,0.0009149887392273467,0.0007650747433513826,0.017607147298411324,0.0008770563799058184,0.0007645209504978968
2024-10-31,228.19113159179688,-0.018377249820004563,0.003506859604492451,0.0029104377364130712,0.0007456073159399021,0.0,0.0009462158960291192,0.0015979134506706337,0.0014594071556911247,0.017607147298411324,0.0010378762836617643,0.001256507340063967
2024-11-01,224.0359039306641,-0.013368657279617936,-0.0037116258096639666,0.0022793282299196473,0.0009176510261123518,0.0,0.0009408984866411077,0.0017209210048115303,0.0017308750760259728,0.017607147298411324,0.0007377397673962033,9.444499679765674e-05
2024-11-04,221.06077575683597,-0.004045739590803406,-0.0010056224371900113,0.001704390173457822,0.000506835953086112,0.0,0.0009369618825788631,0.0015142719094581787,0.0018336993742730468,-0.017607147298411324,0.0008117852445730422,0.00044191708518708704
2024-11-05,220.1682281494141,0.006465253536621255,0.001890806127746482,0.0018033465875054088,0.0006642061362184989,0.0,0.0009355915026356888,0.0011296184382659376,0.0014368375672768542,0.017607147298411324,0.0009602450581806267,0.0009458721826571515
2024-11-06,221.5962829589844,-0.0032722019360012346,0.003612034200320029,0.0013605963417188467,0.00043289255363584175,0.0,0.0009371118936266113,0.000695946263192193,0.0008350664240178573,-0.017607147298411324,0.0010001473906619972,0.0011702339078357188
2024-11-07,220.8723602294922,0.021146913161772897,-0.006521880307459547,0.0009038577401561817,0.0006173820331603266,0.0,0.0009359548529917493,0.0010977031136916848,0.0010788787044609576,0.017607147298411324,0.0004830758249940018,-0.0004592839347479522
2024-11-08,225.5928649902344,-0.0011889140373881894,0.0011596069884010946,0.00040143160911967327,0.0006234377245037925,0.0,0.0009415088398861658,9.019691237971634e-05,-0.00010670417273321282,0.017607147298411324,0.0008212341225220879,0.0007783372178446037
2024-11-11,225.32481384277344,-0.012101462056794224,-0.002701111038237934,0.00036245909910966,0.000771877592913974,0.0,0.0009409235588759254,0.0010117489147550432,0.0011073024989842642,0.017607147298411324,0.0006477987616524507,0.0001760314529736021
2024-11-12,222.61448669433597,0.0,-0.0002904616931380395,0.00045887383342544047,0.0009266986188567628,0.0,0.0009373414699949395,0.001461988809101927,0.0011011506425500145,0.017607147298411324,0.0007725646049651142,0.0006003157769345447
2024-11-13,222.61448669433597,0.003961227260456902,-0.0016851283821023078,0.0001843914439934914,0.0007654110349423781,0.0,0.0009370841000141612,0.0009626956111975922,0.0010088029445229079,-0.017607147298411324,0.0006893179984994948,0.0003351182275458075
2024-11-14,223.49806213378903,0.013676558918351138,-0.001146242997861315,0.00019108298161618653,0.0007015250785888001,0.0,0.0009379142244062673,0.0007992596712080986,0.0011266779256489442,-0.017607147298411324,0.0007018517144972721,0.00041118515448926784
2024-11-15,226.57574462890625,-0.014209773347304997,-0.0033743687002438624,-9.531670455878698e-05,0.000671911590881046,0.0,0.0009414100105462082,0.00039841562530640437,0.00037388354453451317,-0.017607147298411324,0.0005952392368393065,3.441588040370587e-05
2024-11-18,223.37892150878903,0.013333093420391538,-0.00014063719298031601,-0.00013689327204060545,0.000826139929906245,0.0,0.0009372533072930254,0.0015489754460451823,0.001453714663412989,0.017607147298411324,0.0007779232487094111,0.0005886298278670998
2024-11-19,226.377197265625,0.0011394937078275276,-0.0013694075030014747,-0.00017243520312589748,0.000753366424641691,0.0,0.0009406531537310668,0.0004125866391922656,0.00014813059824399764,-0.017607147298411324,0.0007084032343996383,0.0003739016581572579
2024-11-20,226.6352996826172,0.0031491278710530225,-0.0007661422602424286,-0.0003804328916629995,0.000853392246336952,0.0,0.0009407076754075395,0.0009156813368311615,0.0012566859183776404,0.017607147298411324,0.0007495784769781586,0.00048473025053795724
2024-11-21,227.35012817382807,-0.0020984284005178657,-0.0022936678371882745,-0.00043489738238258464,0.0008272031719308279,0.0,0.0009413130537506441,0.0008327660111237761,0.0006229999537435756,-0.017607147298411324,0.0006855194993396432,0.00022946762851689534
2024-11-22,226.87355041503903,0.0058901870455953355,-0.00418028028833836,-1.8026290054203942e-05,0.0008094144310279929,0.0,0.0009404800196442401,0.0010492744908197952,0.0010065212033255379,-0.017607147298411324,0.0005990269161508999,-6.898417417456682e-05
2024-11-25,228.2138214111328,0.012966527249477234,0.0017930224658543044,-8.116100402619014e-06,0.0009714245734952958,0.0,0.0009418361037609389,0.0007196728828324002,0.000727238898108408,-0.017607147298411324,0.0008691040814004491,0.0009343904825894458
2024-11-26,231.19223022460935,0.009360391312014119,0.0036407262060266475,0.0003956805257936141,0.0017685716861693748,0.0,0.0009451296373533017,0.0004277107617867411,0.0004899244172970669,-0.017607147298411324,0.001008229653143918,0.0013955826551945059
2024-11-27,233.36643981933597,-0.0005531838164561202,0.0018389718718327974,0.0002583246111330993,0.0010760238445061683,0.0,0.0009474339258731978,0.0005764960189600944,0.0004982053650607818,-0.017607147298411324,0.0008686557897961281,0.000969120694414188
2024-11-29,233.2373809814453,0.010164032981618944,0.0010795883529087405,0.0006997249790130659,0.0013802267673574148,0.0,0.0009470231353606522,0.000985519375421373,0.0007681371664193437,-0.017607147298411324,0.000860661855910009,0.0009149579641708586
2024-12-02,235.6201019287109,0.00947753489435474,0.0035177897913375514,0.0001289825634731693,0.0016565483490391668,0.0,0.0009495455792156764,0.0005433386353891651,0.0004269561956331766,0.017607147298411324,0.0009777773102953792,0.001346922753593249
2024-12-03,237.8638153076172,0.012690926475756339,0.0002634988529978447,-4.653501616911108e-05,0.0015298222309550794,0.0,0.0009518788184263847,0.0005716628018193621,0.0006803630844680536,0.017607147298411324,0.0008127746335866334,0.0007881575761134256
2024-12-04,240.9017639160156,0.0014825202795866687,0.0018789189511769938,-0.0002989431630993269,0.0014744168923884482,0.0,0.0009550897176762015,0.00043908175076395797,0.0003062398896284509,0.017607147298411324,0.0008800578364240424,0.0010335969412313612
2024-12-05,241.25917053222656,0.0001235127130966568,0.0017500819843312729,-0.00012657910289306704,0.0017802241890781459,0.0,0.0009552339426042602,0.0009015284325642242,0.00076965268762512,-0.017607147298411324,0.0008994002601393684,0.001074595452947409
2024-12-06,241.2889709472656,-0.0008233266465817176,0.0028419960405790547,3.4890760452922515e-05,0.0016345782662126364,0.0,0.0009550065721205237,0.0009575996106305163,0.0007982033056077553,0.017607147298411324,0.0009437464998234855,0.0012300182886265745
2024-12-09,241.09039306640625,0.0159729149835866,0.002994645817715127,0.0002791132556285511,0.0017477541813105167,0.0,0.0009545205559361286,0.0009966651755661258,0.001049624685290518,0.017607147298411324,0.0009529792934239007,0.0012830776290310866
2024-12-10,244.97222900390625,0.004125149546645462,0.002246540966883808,-3.320953046706337e-05,0.0012157293862983675,0.0,0.0009586239423917707,0.00030367046493177767,0.00036273665220131325,0.017607147298411324,0.0008940333009635578,0.0010530320225577783
2024-12-11,245.98486328125,-0.00517930365139641,-0.0007158333959998033,3.344465947106086e-05,0.0012444819168923229,0.0,0.0009594888770009632,0.000792496415487859,0.0008437882141607008,-0.017607147298411324,0.0007588057237016136,0.0005778291799160232
2024-12-12,244.7141265869141,0.005945904118013309,0.0034893985293675653,0.0010610639439510327,0.0011607872565644077,0.0,0.0009578125273208983,0.0011763880618194107,0.0008929325444126288,0.017607147298411324,0.0009569752910000076,0.0012771130768099823
2024-12-13,246.1735076904297,0.0006853687734618705,-4.356131954270665e-05,0.0006103251495736014,0.001141758175952451,0.0,0.0009591742776869077,0.0007173740568612178,0.0006705261208973931,0.017607147298411324,0.000788456436585,0.0006850006009851228
2024-12-16,246.34228515625,0.011659502305411655,0.0006990806084401255,0.000688174930394387,0.001139447247944425,0.0,0.0009590995491104271,0.0009344180390299031,0.0011301392181681086,-0.017607147298411324,0.0008227342981775565,0.0008077971326844217
2024-12-17,249.2313232421875,0.009672590217254027,8.241246181167443e-06,0.0007692456589547878,0.0013131101556874392,0.0,0.000962019167870673,0.0004816371932377945,0.00038187355255722125,-0.017607147298411324,0.0008142351594879675,0.000729985085201975
2024-12-18,251.6537322998047,-0.021654425634825253,0.0019498675057893701,0.00047413165164101126,0.0013363397310097156,0.0,0.0009643952101645582,0.000563615030774708,0.0005605427931181881,0.017607147298411324,0.0009161547896241217,0.0010419582866794596
2024-12-19,246.2628936767578,0.006989975198551556,-0.0014346738522574398,0.0009277648781011563,0.0012472431977529575,0.0,0.0009582270015894316,0.0018561337241505048,0.0016987840635557033,-0.017607147298411324,0.0009001832734473935,0.0004873184348468046
2024-12-20,247.99029541015625,0.01864116112453575,-0.00106416805603303,0.0004232224953261445,0.0003726654354448348,0.0,0.0009598714258525074,0.000674296816591006,0.0004976686105866995,-0.017607147298411324,0.000807524102420488,0.00037006203172090454
2024-12-23,252.65647888183597,0.0030602184666539537,0.002339183479535358,0.00048681473189032825,0.0016605704342302473,0.0,0.0009646905290682837,0.00019358152342553768,0.0006833015913714692,0.017607147298411324,0.0009866799069082033,0.0011661307587099146
2024-12-24,253.43084716796875,0.01141260897451737,0.0008242192816175998,-0.0003219254575805991,0.0006862162300033881,0.0,0.0009652615176071352,0.0008364343167084932,0.000734830506988214,-0.017607147298411324,0.0008182455019757176,0.0007143281400245375
2024-12-26,256.3397216796875,0.0031708990177865305,0.0017513877681305762,-0.0001609205740441262,0.0009526343779822615,0.0,0.0009681074308342969,0.0004918237442631931,6.689631384027689e-05,-0.017607147298411324,0.0008519648657891355,0.0009196571150950985
2024-12-27,257.1538391113281,-0.01333068388257439,-0.0005466350041959496,0.00029833832434473053,0.0013404037949112054,0.0,0.0009687073196107001,0.0008318677572248999,0.0008708541489042463,-0.017607147298411324,0.0007837921880173462,0.0006309723620077281
2024-12-30,253.74855041503903,-0.013352272518806151,-0.001126596303574173,0.0008375405605525613,0.000924502607568482,0.0,0.0009648142101083355,0.0015127051682862294,0.001410416738987481,0.017607147298411324,0.0007508008337313239,0.0004747531191352021
2024-12-31,250.3829498291016,-0.007082816423246935,0.0009453977638672408,0.00033154177889329055,0.000937769978993307,0.0,0.0009609173438239276,0.0015135958919997743,0.001490025422948306,-0.017607147298411324,0.0008582498619179068,0.0007999601861353741
2025-01-02,248.6157989501953,-0.02658626508434199,0.00020228297932272743,0.00015385258808815467,0.0007360324968294456,0.0,0.0009587285727308471,0.0012549249340294423,0.0015572030107917087,0.017607147298411324,0.0008065408048061256,0.0006361707739085615
2025-01-03,242.09312438964844,-0.002011436163035764,-0.0034472144248167704,0.00020475557877993017,0.000849843208738795,0.0,0.0009512353753268556,0.002059616070229296,0.0023058190233535922,-0.017607147298411324,0.0006519897837275427,6.443627628203497e-05
2025-01-06,241.60665893554688,0.006716401892926027,-0.002229071212199833,-0.0004920466739997778,0.00046675481157088607,0.0,0.0009504296446936321,0.0010456852854625047,0.001060525395704224,0.017607147298411324,0.0006505520668046189,0.00017118511518862244
2025-01-07,243.2348480224609,-0.011453149634026535,-0.0023618316790271496,-0.0001488243430479827,0.00074838381408306,0.0,0.000951997336985158,0.0006855841544338198,0.0011092072392897222,0.017607147298411324,0.0006676839824707141,0.00021201916617163757
2025-01-08,240.4649353027344,0.0020209767855317033,-0.0009313291758529636,0.00039252175901879243,0.0009198512352716735,0.0,0.0009486254568625671,0.0014352401417685404,0.0014048650543682527,0.017607147298411324,0.0007754981223721204,0.0004927250174647511
2025-01-10,240.95140075683597,-0.024399057895536078,-0.00354347160433703,0.00040729446076219694,0.0007343773549880932,0.0,0.0009489168566801404,0.0008793123011972916,0.0006194099527167204,0.017607147298411324,0.0006397926145504713,3.315228543186689e-05
2025-01-13,235.1435546875,-0.010397946612852217,-0.0028039553509091567,0.0006790128144806409,0.001011050114819112,0.0,0.0009420306913032818,0.0019693742741014367,0.0022123438140790536,-0.017607147298411324,0.0007193775583897332,0.00021305298974203044
2025-01-14,232.71121215820312,-0.004789576547470826,0.005238307658301819,0.0008822924895181599,0.0008364775808949185,0.0,0.0009389508495585356,0.0013917036097025953,0.0013389869730809987,0.017607147298411324,0.001080993012637163,0.0014963528388880023
2025-01-15,231.5992889404297,0.019484857506042487,0.004960313329914404,0.0009227498652254282,0.0009475464270971975,0.0,0.0009373954524917342,0.0011603083442517513,0.001565651978095319,0.017607147298411324,0.0010704934665992068,0.0014729410931923798
2025-01-16,236.15621948242188,-0.04123901374109996,-0.0019290548755170475,0.00031899276815034285,0.0006889789538821931,0.0,0.0009424300513119163,0.00015877152588922294,0.00030146490782627107,0.017607147298411324,0.0006916273309090956,0.000285073576938287
2025-01-17,226.61544799804688,0.007506965777208011,0.008854777947224309,0.0004325382270832942,0.0012729989731575769,0.0,0.0009309832551674355,0.0026641725858458235,0.002674106463872241,0.017607147298411324,0.0012417741240630079,0.002153594276104108
2025-01-21,228.3230438232422,-0.03243619741764869,0.005108870516180298,0.0003204485111172517,0.0009004838324905129,0.0,0.0009327672981739577,0.000652966346099726,0.0001781705099770807,0.017607147298411324,0.00103238315034902,0.0014708227595034492
2025-01-22,221.0359344482422,0.005330789545334119,0.015551889851856262,0.0002686978128421506,0.001201130765019691,0.0,0.0009237168602255381,0.002300977932830089,0.0031284572499041463,-0.017607147298411324,0.0015280424652696863,0.0032262346615138772
2025-01-23,222.2173767089844,-0.000759803735040568,0.006246847454912595,0.0002521589880417494,0.0008562267275738627,0.0,0.0009249118365501338,0.0007427530169099435,0.0005612168704044416,-0.017607147298411324,0.0010709185281204889,0.001645938979019363
2025-01-24,222.0485992431641,-0.003942361204519049,0.009821574915098327,8.296169680198286e-05,0.0010072337253090363,0.0,0.0009244551503013968,0.0009940442891397813,0.0014456308942244439,-0.017607147298411324,0.0012444402304700752,0.002251374685106498
2025-01-27,221.1749267578125,0.031285629349469456,0.005143208939870797,-0.00013783569408929168,0.00100555995541494,0.0,0.0009231362298800362,0.0011253531581832616,0.0009974417451391378,-0.017607147298411324,0.001020989506270435,0.00148263500692566
2025-01-28,228.2039031982422,0.035892206622068185,0.003190396585724214,0.0002256347398697017,0.0010118938868983367,0.0,0.0009313623185063135,-0.00032811551997281505,-0.0004618675296214652,0.017607147298411324,0.0009724199574767742,0.0011763381195846229
2025-01-29,236.5434112548828,0.004606102270877926,-0.0011092075680527228,0.00023461109998988716,0.0006178457667268781,0.0,0.0009408316696177875,-0.0005181779014466241,-0.0003865594427410183,0.017607147298411324,0.0007271930479346939,0.0004028991156396183
2025-01-30,237.63546752929688,-0.007422197244272815,0.0033856876972412878,-0.00027032942461666185,0.0007040882724096912,0.0,0.0009418241609801649,0.0007726528277795452,0.00023096076127348197,-0.017607147298411324,0.0009369691213978263,0.0011363627617164535
2025-01-31,235.8782196044922,-0.006714727429550809,0.0012279913423804813,6.209003341047458e-06,0.0007348307250605125,0.0,0.0009395599429495063,0.001268927418575702,0.0006669252438284438,-0.017607147298411324,0.0008339408617856178,0.000798708714660211
2025-02-03,234.29966735839844,-0.034442319277539074,0.004488695616158675,0.0006849853355041086,0.001104083595194902,0.0,0.000937488417273593,0.0012397379814188076,0.0013777410962478008,0.017607147298411324,0.0010283626407237379,0.001418355529150326
2025-02-04,226.3672332763672,0.02079024622263831,-0.0029354894514175946,0.0004798900812413921,0.0009539338814363661,0.0,0.0009279159584817063,0.0023837483447116926,0.002712567666691785,0.017607147298411324,0.0006953344551572019,0.00017518883913817816
2025-02-05,231.1227264404297,-0.0014183950191053172,0.00014989135311796069,0.00013144120406844762,0.0005233139087564199,0.0,0.0009332885119748512,0.00010491260340874178,0.00018650463989609194,0.017607147298411324,0.0007874754163774434,0.0005873625616444372
2025-02-06,230.79513549804688,0.0032209718431172383,-0.0015096780400928851,0.00043413079440944287,0.0005979437913053505,0.0,0.0009326525780832664,0.0010212170511407158,0.0016551807109899835,0.017607147298411324,0.0007024100865128662,0.00033977817425929536
2025-02-07,231.5397186279297,-0.02426065474388387,0.0011538769003324556,0.000570899663041579,0.0005616942565827236,0.0,0.000933271209947293,0.0008298018067661752,0.00033874911314401765,0.017607147298411324,0.0008228280849269866,0.0007708409502522574
2025-02-10,225.9900054931641,0.0011865630698001733,-0.0007733183423279182,0.0012726811156096973,0.0008869042444070197,0.0,0.0009264620407705819,0.001963663910191344,0.001903267108315584,0.017607147298411324,0.0007781843628215996,0.0005379687617468379
2025-02-11,226.25831604003903,0.021596875916094483,0.004251949298605634,0.0008756505392471356,0.0008449233038788377,0.0,0.0009265323193517842,0.0009137393060127081,0.0009199466268099744,-0.017607147298411324,0.0009948861754400045,0.0013370780958145527
2025-02-12,231.19793701171875,0.01810529253078969,0.0007140821565536286,0.00017319493482653985,0.0007797194783853511,0.0,0.0009321158805610609,7.163193721484084e-05,0.0005266057840205688,0.017607147298411324,0.0008176962226962132,0.000728231594443961
2025-02-13,235.4219665527344,0.0194822976496366,0.002284249412742024,-0.0003452235106742303,0.0006659902314108896,0.0,0.0009367535194080036,0.00021569088034227113,0.00018447370485144435,-0.017607147298411324,0.0008738636067757171,0.0009476861904204969
2025-02-14,240.05349731445312,0.012630497431350524,0.0053838035717148494,-0.00030392196933732695,0.001160812181423713,0.0,0.0009417604157714561,0.00015887714278783167,-0.00032913677054815713,-0.017607147298411324,0.0010434238736518637,0.001545901008616376
2025-02-18,243.10472106933597,-0.0005316465087881559,0.0024071987306530694,0.0006746188241520288,0.0014050281830175753,0.0,0.0009449152705664843,0.00044157498758824255,0.00018567842412851247,-0.017607147298411324,0.0009319217539639173,0.0011350822997376077
2025-02-19,242.9755096435547,0.0016347835915313646,0.00047727966811225047,0.0008061402227995461,0.0010566834655198335,0.0,0.000944516845909346,0.0009846307694686939,0.0007852560249310735,-0.017607147298411324,0.0008269570665370804,0.0007596921309287014
2025-02-20,243.373046875,0.003912910861369428,0.0034235489348364992,0.0007570532048833782,0.0010783826544807547,0.0,0.000944703052207059,0.0008952462134746978,0.0007919927983222021,-0.017607147298411324,0.0009640766804292093,0.0012421810286532735
2025-02-21,244.32720947265625,-0.0011396536744187901,0.0034365166184769464,0.0008534915522237638,0.0013147297468084139,0.0,0.0009455035397499831,0.000801253153425238,0.000937412325202008,0.017607147298411324,0.0009870226129689269,0.0012911260179830865
2025-02-24,244.0489196777344,0.0062924693847840555,0.002690039507738141,0.0012398020777825182,0.0015247291639146842,0.0,0.0009449413512317386,0.0010097164856120611,0.0010503167955096767,0.017607147298411324,0.001002992438105782,0.0012199135832118859
2025-02-25,245.5894317626953,-0.00024277643147254012,-0.0016249918398331526,0.000261848986238891,0.0009907568191064886,0.0,0.0009463827334510249,0.0007030751498765543,0.0006351663034988432,-0.017607147298411324,0.000760054605785709,0.0003891437270972082
2025-02-26,245.52981567382807,-0.027412513559024274,-0.0008858379760288001,0.0002684422674425346,0.0012327278779777494,0.0,0.0009460622917466531,0.0009727123034184856,0.0010276810859920992,0.017607147298411324,0.0008166288287979332,0.0005547970173408281
2025-02-27,238.89064025878903,-0.012812686137682022,-0.004906353176328852,0.0011194952916208166,0.000827331994098396,0.0,0.000938422589200648,0.0020937061860559275,0.002012458332498683,-0.017607147298411324,0.000609976141002843,-0.000150763905772416
2025-02-28,235.84933471679688,0.018951278767655223,-0.0013707538631502962,0.0010188628775601425,0.0007984286025139076,0.0,0.000934719085638331,0.0014913331432085375,0.0014813708124783555,-0.017607147298411324,0.0007956836592400561,0.0004167855805361489
2025-03-03,240.36160278320312,-0.01587958520241166,-0.0002926351731968621,0.0008625930613743566,0.0006699644346354097,0.0,0.0009395700710131338,0.00018078640585767792,0.000704223013184734,0.017607147298411324,0.0008167781755475468,0.0005639041426420066
2025-03-04,236.5749053955078,-0.008861741978182852,-0.00019178072178888597,0.00018166873107304516,0.0010979742498121944,0.0,0.000935042707547878,0.0016178700719277374,0.0018381277483348847,-0.017607147298411324,0.0008787001849719095,0.000640214435704952
2025-03-05,234.4877014160156,-0.000805470996516113,-0.0014160237209147205,8.500527289809028e-05,0.0008876041082196229,0.0,0.0009324063284612982,0.0013283214728103928,0.000810644114683793,0.017607147298411324,0.00081454204976049,0.00039881347444098414
2025-03-06,234.2989044189453,-0.0017407507886199641,-0.0051876676124927405,-0.00038923608960274693,0.0006467031129133865,0.0,0.0009319387800822351,0.0009959284708125947,0.0012733797083559957,0.017607147298411324,0.0005962396742183212,-0.0002741865563596086
2025-03-07,233.8914031982422,0.015767593048095045,0.0017956990897675434,-0.0003047248121739029,0.0009046163741633579,0.0,0.0009312199286651555,0.0010345171005288407,0.0012602320183245307,-0.017607147298411324,0.0009759978899191073,0.0009137404476392347
2025-03-10,237.6085357666016,-0.04969407749542088,-0.0023499959518901922,-0.0003325939532806848,0.00044130010222998266,0.0,0.0009352092734135906,0.00031214182527570643,0.00023381367162732941,-0.017607147298411324,0.0007325232298039865,0.00015139386682558873
2025-03-11,226.08938598632807,-0.029623874912171253,0.0024640222454513482,0.00026693549410578476,0.001428854774311952,0.0,0.0009215992500886351,0.0030130193450694153,0.0030570355619251597,0.017607147298411324,0.0010875083852044502,0.0011368972572056984
2025-03-12,219.48997497558597,-0.017633307541260582,0.013933807254127156,0.001599597669195597,0.001121205924069991,0.0,0.0009133903078251951,0.0021849445568042714,0.001836061713930541,0.017607147298411324,0.0016092750488597026,0.002986577459589048
2025-03-13,215.653564453125,-0.03422268431660869,0.00878062501719192,0.0017340436721239346,0.001002555722767812,0.0,0.0009084073153885788,0.0016902267533510816,0.002623387449871794,0.017607147298411324,0.0013306101498428357,0.0021290633452124607
2025-03-14,208.39817810058597,0.018007453235031515,0.011839257300119903,0.0021434027398163254,0.0012908466154384545,0.0,0.0008989710834165141,0.0023746864444636182,0.0028914404300138885,-0.017607147298411324,0.0015041610507469244,0.0026928673444246236
2025-03-17,212.1848907470703,0.00238609101814649,0.010637082381761372,0.0014965449201128933,0.0005200473091692347,0.0,0.0009035651978503526,0.00021972762355813565,0.00020972438511268827,-0.017607147298411324,0.0013509282323119134,0.002334642300763268
2025-03-18,212.69178771972656,-0.006140428781601922,0.011026776277318276,0.0015330328152005624,0.0009727514942946363,0.0,0.000903963191359157,0.0008642480840021243,0.0013627146703771608,0.017607147298411324,0.0013855807681371409,0.0024834999301362277
2025-03-19,211.3897705078125,0.01191803719886282,0.0001587208501961871,0.0015490303770036252,0.0012037911657918733,0.0,0.0009020725869649109,0.001216043042151073,0.0007372753441791185,0.017607147298411324,0.0009094702889844979,0.000756852271532766
2025-03-20,213.9241943359375,-0.0053103946367286025,-0.005934655256144932,0.001923308885874815,0.000987204764288521,0.0,0.0009050283059377839,0.00047097032396900107,0.00030430006175273863,-0.017607147298411324,0.0005944887341386872,-0.00026505134626116176
2025-03-21,212.7911834716797,0.019289597898125593,4.272059045518241e-05,0.002091647974853654,0.0011499479599863442,0.0,0.0009033610787535922,0.0011817967336787084,0.001412026461870471,0.017607147298411324,0.0008855268691965281,0.0007437392567552279
2025-03-24,216.9356842041016,0.011207475611166553,-0.0005731464536539714,0.0018563166361344268,0.0007913588629471196,0.0,0.0009082916866429385,0.00016682772551211364,-6.667790044286362e-05,0.017607147298411324,0.0008224772437024385,0.0005697801575785507
2025-03-25,219.3806610107422,0.013589065183657632,0.0005225302216052229,0.0017946543707813055,0.0005815825889233682,0.0,0.0009110528619578242,0.000500287324325141,0.0006281284464764163,-0.017607147298411324,0.000836593591714618,0.0007073694470890481
2025-03-26,222.38218688964844,-0.009971300551704462,0.0047182769933048745,0.0019551376688409445,0.000778092934540465,0.0,0.0009144508818778724,0.000402025521894659,0.00010148669277515172,-0.017607147298411324,0.0010440367876727264,0.001432035699683266
2025-03-27,220.1757659912109,0.010418159839489776,6.592187249318818e-05,0.0019030727861551243,0.0009128040592617305,0.0,0.000911534013862443,0.0013741006560062563,0.0012149258493313574,0.017607147298411324,0.0008498756336868792,0.0006978524113733661
2025-03-28,222.4815826416016,-0.026939980585353223,0.000541115624034052,0.0017123755736454102,0.000638297269704356,0.0,0.0009140806588733263,0.0005328536368869824,0.00038155590254936186,0.017607147298411324,0.0008546842302069067,0.0007185632083962361
2025-03-31,216.5679473876953,0.01922658088657054,0.003322735959166899,0.0010525573518370202,0.0010879372713368267,0.0,0.0009066210816788361,0.0020742099881228024,0.0023779443626715676,-0.017607147298411324,0.0010410592719655332,0.0012361505001603867
2025-04-01,220.7720947265625,0.0047605278361526554,0.00022398272679462585,0.0002601010976842283,0.0006388020636970265,0.0,0.0009115260240630107,0.00016942773905378582,-2.3143090683099585e-05,-0.017607147298411324,0.0008616849448746738,0.0006246902515934169
2025-04-02,221.8255920410156,0.003131449965822007,0.003888080179215221,-0.0002699249859785633,0.0005957364982386472,0.0,0.0009125562708007219,0.0007662813964630362,0.0012810851315972203,0.017607147298411324,0.001015558020400383,0.0011980202851456037
2025-04-03,222.5213165283203,-0.09701342837187395,0.0020301832211565025,-0.0003242700997404223,0.0005434177755383217,0.0,0.0009131500341657263,0.0008334953823182333,0.00047529706296513464,-0.017607147298411324,0.0009214501144006643,0.0008840844658388783
2025-04-04,201.9478454589844,-0.07568016425522749,-0.007851637638008824,0.0006920418255404237,0.001519402065563758,0.0,0.0008869524476472566,0.004965364434528822,0.004854104250554898,0.017607147298411324,0.0006451771068217139,-0.0005140271785738298
2025-04-07,187.22840881347656,-0.03742606053290872,0.02257745764918303,0.002619563316483683,0.0019322070606468634,0.0,0.0008664744811581218,0.004085177097449331,0.004034987915657193,0.017607147298411324,0.002303853509400257,0.004575201249037611
2025-04-08,180.35069274902344,-0.05110182214254995,0.01965894130340798,0.0034415025307915504,0.0011377426499348717,0.0,0.0008562358354324355,0.0025068542724186837,0.004273057890303588,0.017607147298411324,0.0021454425290933646,0.003975811934767165
2025-04-09,171.365966796875,0.14261750713681473,0.020263043116758694,0.002765191398397269,0.0015170452233412219,0.0,0.0008423470201482917,0.0030711013622173483,0.004267781029623157,-0.017607147298411324,0.00225397963303106,0.004125151265162025
2025-04-10,197.6344146728516,-0.04331875810388951,-0.026736901739393734,0.00018890008867490855,-0.008508234310169258,0.0,0.0008802345562564334,-0.004921548034842321,-0.004961315237664114,-0.017607147298411324,-0.0008879065635731477,-0.005472438666622765
2025-04-11,189.25592041015625,0.039792210118322326,0.005484876902806077,0.0019782259595659997,0.001753368571460806,0.0,0.0008684261157915266,0.0027499805823380913,0.003503618505693755,-0.017607147298411324,0.00143034450541662,0.0017392283688377863
2025-04-14,196.9386749267578,0.02181436124316473,-0.016444813303107486,0.0006749870561523995,-0.002616053979251239,0.0,0.0008788224256212623,-0.0006790878153350503,-0.0037030728135295067,0.017607147298411324,5.099215616629011e-05,-0.0026844362513472617
2025-04-15,201.28196716308597,-0.0018782389113375236,-0.011579919001742052,0.0009525383516822006,0.0012882828968836832,0.0,0.0008844126896579896,6.265872852810974e-05,0.0010095201455187037,-0.017607147298411324,0.0004698350742555567,-0.0011567351077658922
2025-04-16,200.90426635742188,-0.03971140114647841,-0.0032020157438674636,0.0016491564228699883,0.0011082636252838973,0.0,0.000883675195904387,0.001040189711337629,0.0008912912624274899,-0.017607147298411324,0.0008489402635271882,0.00019459197565471352
2025-04-17,193.08241271972656,0.013853111562674915,0.0009025921392819455,0.002395852734273481,0.0016174522642003865,0.0,0.0008728411749963585,0.0026011449472061353,0.002107581022473067,-0.017607147298411324,0.001116499021436203,0.0009797346129294072
2025-04-21,195.77581787109372,-0.019583332545840302,-0.012590606661255171,0.0013710545503164764,-0.0011225182352784524,0.0,0.0008763044275010753,0.0003911312547097628,0.0006039120013771589,-0.017607147298411324,0.00024840483280740315,-0.0017582044232653034
2025-04-22,191.9791717529297,0.033497683008657624,-0.009366468768537606,0.002292416667091353,0.0006964983903842394,0.0,0.0008708470690125873,0.0017706826698313046,0.0026466345036501313,-0.017607147298411324,0.0005872985904321179,-0.0008674061660401851
2025-04-23,198.5189514160156,0.02404041684625416,-0.01855711033117013,-0.0004716155044601543,-0.0031740900950676235,0.0,0.0008795475585964927,-0.0004193824545174685,-0.0008094480217624695,0.017607147298411324,-0.000186677908175696,-0.0031658289855917617
2025-04-24,203.3492584228516,0.018258392568158418,-0.010746205812348432,-0.0005217664203182551,-0.0012210418750584146,0.0,0.0008857221438504669,-2.9185911033882054e-05,0.00023021206762816016,0.017607147298411324,0.0002852899874756196,-0.0015312961036407521
2025-04-25,207.09619140625,0.004357782685278415,-0.006892657164637857,-0.00030841237951641015,1.2339534854164855e-05,0.0,0.0008903523865008689,0.00020937413886935223,-0.0003643568469569033,-0.017607147298411324,0.0005289543598760265,-0.0006676932843298273
2025-04-28,208.00064086914065,0.0041008034494880476,-0.0002703068838734671,-4.443949141887224e-05,0.0003756187689055914,0.0,0.0008912762954533808,0.0007828982245270109,0.0003494780057202877,-0.017607147298411324,0.0008468486785442455,0.0004862874405571202
2025-04-29,208.85536193847656,0.005079081126148733,-0.006827825571093559,0.0005624477744345684,0.0010292402771402349,0.0,0.0008921312574017119,0.000793500909048155,0.0006710159517810123,-0.017607147298411324,0.0005987909903422179,-0.00044234800637240907
2025-04-30,209.9188537597656,0.006089043625775631,-0.002910457737115401,0.000517614511717552,0.0007990647111600768,0.0,0.0008932462906557058,0.0007531382332552657,0.0008339649178677691,0.017607147298411324,0.0007531160891154916,0.00015151845365583686
2025-05-01,211.20095825195312,0.003851469127951115,-0.006096657719738769,0.0005666998242486094,0.000829204113399176,0.0,0.0008946296232795396,0.0007114682760355879,0.0007407172669558352,-0.017607147298411324,0.0006137827292708167,-0.0003603938318173965
2025-05-02,212.01596069335935,-0.03807755045377544,-0.002495392580960715,-2.0059830614854138e-05,0.0005314702410054559,0.0,0.0008954166447074533,0.0008037881726997059,0.0007530223646108045,0.017607147298411324,0.0007513263529023073,0.0001536137005514383
2025-05-05,204.0946807861328,-0.03196404700029412,-0.0035526951780415115,0.00022957824616223516,0.0006192971806392759,0.0,0.0008850459775710821,0.002533734039876977,0.002481600407893033,-0.017607147298411324,0.0006886867345007188,5.036704179898458e-06
2025-05-06,197.6741485595703,-0.0019124747559765396,0.008557751842198829,0.002662636097032914,0.0012818895392883636,0.0,0.0008763071925277553,0.0022814975187556196,0.0022171073709252483,-0.017607147298411324,0.00134600009515815,0.0021718480446871256
2025-05-07,197.2964630126953,-0.011450047947276118,0.0016599663528738152,0.00304648601424434,0.0011197070217414428,0.0,0.0008755654952010255,0.0010416022451515225,0.001756106248654765,0.017607147298411324,0.0010324970135972892,0.00102933761097107
2025-05-08,195.05029296875,0.006298604640156997,0.0026515083400613275,0.0032504361679971754,0.001312542262445685,0.0,0.0008722882781198033,0.0014351121695376444,0.0019780049959168197,0.017607147298411324,0.001080417736497623,0.0012326968878151445
2025-05-09,196.28271484375,0.005252211461374133,0.0023817685636821325,0.0015238930004767212,0.0008178782573307761,0.0,0.0008737306801299141,0.0007028220158948305,0.0004834680486531649,0.017607147298411324,0.0009955736545102774,0.0010463197612263463
2025-05-12,197.31634521484372,0.06123262724825964,0.0009539038111060269,0.0010208358769493745,0.0007751466849870898,0.0,0.000874894241326099,0.0007459950634198154,0.0008248063830429303,0.017607147298411324,0.0009117099240801518,0.0007911380208510971
2025-05-13,209.776123046875,0.010101134366084815,0.002795160125171879,0.0004496899410556696,0.0010061332271789653,0.0,0.0008909297708178456,-0.0015636961695131351,-0.0017284830767266054,0.017607147298411324,0.0009627934159911017,0.001117418564897027
2025-05-14,211.9058380126953,-0.002821771145898962,0.004637243457531589,0.00039456546629836986,0.0012469015959970027,0.0,0.0008933760402986601,0.0005459337640394391,0.0004978406921836657,0.017607147298411324,0.0010623280367860898,0.0014606906500626814
2025-05-15,211.3087310791016,-0.004153155784153075,-0.002595887070726495,0.0016678881105553897,0.0014931152594724623,0.0,0.000892389543435623,0.0010791188278781805,-2.6629742066101945e-06,-0.017607147298411324,0.0007656993342854722,0.00036554583742810396
2025-05-16,210.43295288085935,-0.0008988927018334104,0.0018950109551268204,0.0028149002259613733,0.0017010856618477983,0.0,0.0008910501366589869,0.0011340503138882849,0.0011114751709303168,-0.017607147298411324,0.000996691911330282,0.001169163388379828
2025-05-19,210.24388122558597,-0.01180856973099973,0.002450967179812035,0.0034554106022839956,0.0019424981415036766,0.0,0.000890575098750682,0.0009997829490386667,0.0013584054415792701,-0.017607147298411324,0.001041530972956156,0.0013233439381955458
2025-05-20,207.7758026123047,-0.009238837244430798,0.0009395707545704621,0.0026933954723513693,0.0010706728707636966,0.0,0.0008872057315896976,0.0014499043894424472,0.0015805425055866965,-0.017607147298411324,0.0009107968506955127,0.000892581290178226
2025-05-21,205.8650360107422,-0.02332908328372771,0.0003000628118684968,0.002263794532866606,0.0010258582360994242,0.0,0.0008845197785456603,0.0013438800144573348,0.0013352518363478837,-0.017607147298411324,0.0008709836459135396,0.0007675563815674013
2025-05-22,201.11798095703125,-0.0036187788474254367,-0.004776080938819036,0.0009289347722868724,0.0014137650021214883,0.0,0.0008780987753469668,0.0019252282822288006,0.0021320949382199537,-0.017607147298411324,0.0006747912228861995,-2.5866295961676647e-05
2025-05-23,200.39149475097656,-0.03071116813736846,-0.002929844367432462,0.0014169963133552357,0.0007245307237277373,0.0,0.0008769066020641534,0.0011120025011221186,0.001232741000670086,-0.017607147298411324,0.0007135957794180058,0.00016068225593184027
2025-05-27,194.33078002929688,0.024983702011514636,-0.003863369280522131,0.0021135461691386085,0.0012244474461660664,0.0,0.0008685344645768931,0.0022298050958796836,0.002610044705037138,0.017607147298411324,0.0007388429177787022,0.00012204457420202488
2025-05-28,199.24703979492188,0.0010483209838462113,0.0030864526600570597,0.0008119826098207453,0.0004943773277540141,0.0,0.0008749242810970144,-6.810483376307392e-05,-0.00013986278495622245,-0.017607147298411324,0.0009534060042450446,0.0010800971269586852
2025-05-29,199.45602416992188,-0.0023480003697965326,-3.82091633391067e-05,0.0005368995312795346,0.0007643287713146412,0.0,0.000874970213998405,0.0009194430245268001,0.001422319843631619,0.017607147298411324,0.0008264735576216322,0.000613431379660076
2025-05-30,198.98825073242188,0.004491048591469869,-0.001486886118566703,0.0005991988235631153,0.0013388844279613329,0.0,0.0008741166730598999,0.0010595715595593915,0.0005184762461949099,-0.017607147298411324,0.0007977766114907181,0.00048631066501637026
2025-06-02,199.8839263916016,0.004223109985739622,0.00590330672796813,0.00038544139359093213,0.0007242471050655352,0.0,0.0008750742933718962,0.0007773998177922154,0.0006760242356624368,0.017607147298411324,0.0010895062996171632,0.0015692845822406886
2025-06-03,200.72984313964844,0.007753803547719915,-0.0017500920120774046,-9.360423554103194e-05,0.0008940254078940589,0.0,0.0008759604859850163,0.0007884546740293569,0.0009618990201943234,0.017607147298411324,0.0007348923556587202,0.00034039376184652806
2025-06-04,202.2923126220703,-0.0022162316769330148,-0.0008350964065086554,-0.00014184787492838523,0.0008340016240815964,0.0,0.0008777805026724297,0.0006427820874354375,0.0005691791121353052,-0.017607147298411324,0.0007646513233993031,0.0004768389046288836
2025-06-05,201.844482421875,-0.010856506920465105,-0.0008584876617432893,0.00012533516256603915,0.0005060046791938431,0.0,0.0008769619809317934,0.0009896628255350783,0.0009674643314350939,-0.017823541136969014,0.0006550168096753933,0.0003102338766171862
2025-06-06,199.66500854492188,0.01626531572126686,-0.0007841995710725537,0.0004595537952883827,-3.2173321323618136e-05,0.0,0.000873858709601088,0.0013003883967462016,0.0010416553519856109,0.017823541136969014,0.0006315472466747906,0.00022244220954035577
2025-06-09,202.93917846679688,-0.012186523072653214,0.001552788049644737,0.0006178832223794384,0.0007748777867949106,0.0,0.0008779283703656745,0.000325020877181645,0.00019969863127088702,0.017823541136969014,0.0008094860743645073,0.0008260905560852976
2025-06-10,200.48106384277344,0.006037877548943636,0.004428200849867101,0.0006037185658642067,0.0007631795453685778,0.0,0.0008744749071240621,0.0013482190522473715,0.0018420846373706494,-0.017823541136969014,0.0009705489067089392,0.0013431793338716995
2025-06-11,201.69520568847656,-0.01938044266676111,-0.000582357023835442,0.0006267653975604048,0.0003072979136937939,0.0,0.0008758394427059384,0.0006928247351085672,0.00022590373360084322,0.017823541136969014,0.0006551869072694849,0.0003394509407127712
2025-06-12,197.8238983154297,0.002110680520238856,0.0004001621862237472,0.0011873731944157177,7.648890928710339e-05,0.0,0.0008704877169174398,0.0016069301131941146,0.0019373011323518552,0.017823541136969014,0.0007052485694957268,0.000492159267744495
2025-06-13,198.24188232421875,-0.013901465204757279,-0.0006081997382832114,0.0009363095877247029,0.00027198932189201113,0.0,0.0008708152902939113,0.0008340564095180592,0.0004947860492171256,-0.017823541136969014,0.0006714544834921091,0.00034079048261318216
2025-06-16,195.50509643554688,0.009978209841677781,0.001520504229642105,0.001301954661884921,-0.0003969341751172053,0.0,0.0008669145032606262,0.0014098925937229114,0.0019641330473890726,-0.017823541136969014,0.0007751524529676255,0.000597909158330824
2025-06-17,197.4656524658203,-0.01410993343166705,0.0016761176973637453,0.0007618651332353778,-0.00041563340741667385,0.0,0.0008693198082602083,0.0005511206842638929,0.0004722209702433943,-0.017823541136969014,0.0007479891457318514,0.0005982681439062388
2025-06-18,194.6989898681641,0.00479327402565838,0.006445048430701204,0.0008359319515110118,-0.00011189776887009944,0.0,0.0008653664555972558,0.0014173896244378066,0.0019773886374705174,0.017823541136969014,0.001069129889872546,0.0015297770321507085
2025-06-20,195.6344757080078,0.022235446429914915,0.0033008396096177294,0.0004668958055955512,-0.00024127540294742477,0.0,0.0008664028428189078,0.0007375837421776632,0.0004208941359112625,0.017823541136969014,0.000858980426781716,0.0009168015947385966
2025-06-23,200.03321838378903,0.002484519702133711,0.001030048961556218,0.00013934146017352783,0.002008674413101581,0.0,0.0008720396256168756,0.00011032027767951709,0.0005358224301198931,0.017823541136969014,0.0009269746086750761,0.0009762525713206477
2025-06-24,200.53082275390625,-0.005973219783517144,0.002368424607637251,-0.00012457444923333035,-0.00010786901202053216,0.0,0.0008724648577045647,0.0008206122320976311,0.0010564290954993844,0.017823541136969014,0.0008026442316900764,0.0007508167836935589
2025-06-25,199.33657836914065,0.006270847347122031,0.002486062900187925,0.00016046713604723638,-0.00048751985260531974,0.0,0.0008706600370767709,0.0011247733680291537,0.0006020235969313575,-0.017823541136969014,0.0007517821543136693,0.000702855659590735
2025-06-26,200.59051513671875,-0.0027821472657385575,0.002002212196957096,0.0007472554782297084,-3.389953301481479e-05,0.0,0.0008720833863941261,0.0006844465675648758,0.0003831268538789115,-0.017823541136969014,0.0007673681019693195,0.0007388605839418551
2025-06-27,200.03321838378903,0.00039788025000651075,-0.0007681998173105675,0.0003470090159265636,0.00026069458029056485,0.0,0.0008711204797664231,0.0010100145434644944,0.001167944626582464,-0.017823541136969014,0.0006302866401614056,0.00028347687826120753
2025-06-30,200.11282348632807,0.020136066358568044,-0.003201532077463762,0.0008608210583662201,0.0013563050325710972,0.0,0.0008709958116342419,0.0008956529243671565,0.0007533215025458307,-0.017823541136969014,0.0005986487859543731,0.00010186561122553397
2025-07-01,204.1831512451172,0.012833485893462695,0.0034463633983808006,0.001066160306589311,0.0012198311266845307,0.0,0.0008760695726421254,0.00018581915398520246,0.00025915305127001745,0.017823541136969014,0.0009602985544082965,0.0012842674094413233
2025-07-02,206.82041931152344,0.02198741841396376,0.0037150022605760852,0.001543340381382226,0.0010377968650562984,0.0,0.0008792179181715673,0.0004484379273898627,0.0007028146801628672,0.017823541136969014,0.0009709507714486837,0.0013146536447392226
2025-07-03,211.4182281494141,0.005211324273945236,-0.00015888603417088195,0.0015996964987707515,0.0028094892345568176,0.0,0.0008847741699472431,0.00011923997580955939,-0.00022781449117633616,-0.017823541136969014,0.0009097203355537938,0.0009979283896488394
2025-07-07,212.5228729248047,-0.01700167544665746,0.0024877810981784013,0.0011772748759415765,0.0020513068885934195,0.0,0.0008859127357640846,0.000722549625956525,0.0005191481373072086,0.017823541136969014,0.0009769577959054749,0.0012948509295196164
2025-07-08,208.94017028808597,0.00028579648622480955,-0.0007879484974968841,0.0015758296534432632,0.0006426230668343923,0.0,0.0008812067141428215,0.0015213837871325337,0.0008577082707634062,0.017823541136969014,0.0007041255183966294,0.0004162575534211116
2025-07-09,208.99989318847656,0.0053662365842850335,0.0003641556378915566,0.0013879360458306726,0.0004372701406511357,0.0,0.0008810501096641475,0.0008996837324771913,0.00036592571065570607,-0.017823541136969014,0.0007326119315295504,0.0005721937503566732
2025-07-10,210.12445068359372,0.005996920260517877,-0.0018500117055232795,0.0010912958823189607,0.0022422873329443647,0.0,0.0008822294908039374,0.0007169785978629464,0.0010737792528126254,0.017823541136969014,0.0007484846910999108,0.0005473978513523942
2025-07-11,211.38833618164065,-0.0059020858253226215,-0.0013121237040168126,0.0008999008496996938,0.00172194187339607,0.0,0.0008835740467370905,0.0006942976600423972,0.0008825588366865986,0.017823541136969014,0.0007270705514318349,0.0005241944783591818
2025-07-14,210.14437866210935,-0.012101885926112867,-0.0004880581528702128,0.00042537270563015753,0.0006429676717531289,0.0,0.0008817906932884544,0.00112221521575165,0.0011312268689145837,0.017823541136969014,0.0006775710418431778,0.00041996283236015103
2025-07-15,207.61656188964844,0.002346074035577385,-0.0002954242889757834,0.00033876279949543486,0.0007460890005394652,0.0,0.0008783793226580285,0.0013451752920703892,0.0010940462158967302,0.017823541136969014,0.000705594783832741,0.0004732191018769548
2025-07-16,208.10421752929688,0.005008729029390798,0.0012044573485840502,4.8677831592042306e-05,0.00033695239531156805,0.0,0.0008787648479306629,0.0008255910791377903,0.00079107375495546,-0.017823541136969014,0.0007486693553746327,0.0006436786385466849
2025-07-17,209.149169921875,-0.0006663876857385205,0.0005512327035600521,-0.00011104136920885412,0.0006022729515500003,0.0,0.0008798493973480632,0.0007298354497658947,0.0011219062168710571,0.017823541136969014,0.0007293726465947954,0.0005756238472452027
2025-07-18,209.0098419189453,0.005508078177055569,-0.0007516333025538728,-0.0010151304337332498,0.0002329429286845729,0.0,0.0008794434542965834,0.000933926619699213,0.001065214816750741,-0.017823541136969014,0.0005986195442345317,0.00022055400289624875
2025-07-21,210.1642608642578,0.006136942437673761,0.00028956179973049496,-0.001383111384780009,0.0023492160480987523,0.0,0.000880658319053213,0.0007118776249549233,0.000617137903723684,0.017823541136969014,0.0008276550482350483,0.0008486469630205888
2025-07-22,211.4579925537109,0.008995641961368423,-0.0018850159181607851,-0.0008657778651784819,0.00043253942557403815,0.0,0.0008820375591788022,0.000689262117799509,0.0007487773848233895,-0.017823541136969014,0.0005586693299927084,6.506886034490192e-05
2025-07-23,213.3687744140625,-0.0011667827068807038,0.0019047604533849174,-0.0004837027721489955,0.0006129484002656942,0.0,0.0008841659968498908,0.0005864562444465822,0.0005242200082954303,-0.017823541136969014,0.0007876292431268053,0.0008064106643446232
2025-07-24,213.11996459960935,-0.0018228062438944844,-0.0005217250505670154,-0.0005640248004794128,7.356547769422309e-05,0.0,0.0008836281136335965,0.0009519220566955055,0.000880834892965396,0.017823541136969014,0.0005921157122712639,0.0002476664633146278
2025-07-25,212.7318420410156,0.0005611843445625639,0.0020475442317556976,-0.0008050228892415381,0.00011181755324408049,0.0,0.0008829185084008938,0.0009755142782996889,0.000679158533855795,-0.017823541136969014,0.0007309839650519564,0.000710145292957043
2025-07-28,212.85125732421875,0.0007946992761109837,0.002633933512426954,-0.0011950165916368267,0.0007004390076802089,0.0,0.0008828341744129938,0.0008897801070515242,0.0008299407197919532,-0.017823541136969014,0.000799096023756353,0.0009258822179710941
2025-07-29,213.02047729492188,-0.013072783736186186,0.0019017360803714211,-0.000614113225014557,-9.005379921875507e-06,0.0,0.0008828110782656399,0.0008813823351696591,0.0009343057525775538,0.017823541136969014,0.0007120246903859814,0.0006661372433945632
2025-07-30,210.2538299560547,-0.01056346823372082,-5.792589700108041e-06,-0.00034607526975797285,5.58030528703717e-05,0.0,0.0008791549098573477,0.0013800911677941971,0.001412892570521807,-0.017823541136969014,0.0006315045322462681,0.0003467756389214543
2025-07-31,208.0445098876953,-0.007104843273338788,0.000550134465060781,-7.863947673800132e-05,-0.0002221299105980858,0.0,0.000876157889652115,0.001289850004072457,0.001132398154283557,0.017823541136969014,0.0006372558963527056,0.0003992499571821258
2025-08-01,206.57162475585935,-0.025321524060456378,0.008611702398597062,0.0007028540308216892,-7.44386166226604e-05,0.0,0.00087406807526013,0.0011654693349237239,0.0013944105334268747,-0.017823541136969014,0.00112386452937986,0.0019239912006750676
2025-08-04,201.40658569335935,0.004781502047570569,-0.0011057728462757837,0.0023048009227305674,0.007593429504122303,0.0,0.0008672105904078482,0.001820586027807442,0.002128201504194515,-0.017823541136969014,0.0013323959288099646,0.0018882458922237818
2025-08-05,202.37191772460935,-0.0021167489145452133,-0.0007478145720273714,0.0007192671846332778,-2.6328317278074306e-05,0.0,0.0008682350058637924,0.0007380070914938042,0.0007636973210443844,0.017823541136969014,0.0006270090434129034,0.00024171314853462553
2025-08-06,201.94400024414065,0.049653321566469726,-0.0005970161053211028,-0.0003029387016759517,0.0001508110937510727,0.0,0.0008674540053613307,0.0009860851804604322,0.0018231838785070357,-0.017823541136969014,0.0006328100877475432,0.00026217471835916317
2025-08-07,212.22430419921875,0.03129865093982232,0.00041493357940655196,0.0010301210062845043,0.00243472799913979,0.0,0.0008802151530362217,-0.0008756940185176669,-0.000789695211369425,-0.017823541136969014,0.0008984354901918856,0.0009959471010506026
2025-08-08,218.9716796875,0.041485409923810924,0.003655738185335972,0.00193188740709747,0.003769634895701257,0.0,0.000888169764905151,-0.00021561487125596683,0.0005180579807213174,0.017823541136969014,0.0012068725285275185,0.0019095492186435822
2025-08-11,228.2468719482422,-0.008372414173504787,0.00016992664309559927,0.001014578859664435,0.0053743199027621305,0.0,0.0008987834224630349,-0.000581955805413054,-0.0014901023735015958,0.017823541136969014,0.0011154627948474255,0.0015842115222406046
2025-08-12,226.3438720703125,0.010813812735589528,0.0005021258000848548,0.0006150413937624979,0.0007342693838161285,0.0,0.0008963602134729753,0.0012110543054140465,0.000543659743372283,-0.017823541136969014,0.0007416550555884598,0.0006271268279507237
2025-08-13,228.80479431152344,0.015897358524516476,0.00041837434193678434,0.001326685476230251,0.0006742669612797547,0.0,0.0008989516565150753,0.0005210703468385015,-0.0010631594283236037,0.017823541136969014,0.0007272575116694044,0.000630364082637138
2025-08-14,232.47125244140625,-0.002359883992797034,-0.0019303363308747685,0.0014922161501549258,0.001593867563008509,0.0,0.0009028697356341979,0.00033825352393408443,0.0002902677281992201,0.017823541136969014,0.0006780653437565174,0.00041081883758376154
2025-08-15,231.9232940673828,-0.005125378841337729,0.0026696283549717073,0.0017842265233441604,0.00033328351488965996,0.0,0.0009020176192256235,0.0009948289165037732,0.000841300013941201,0.017823541136969014,0.0008322822626955351,0.0009843470793863935
2025-08-18,230.73764038085935,-0.003027070179470907,0.00045635402300929473,0.0016292926830631595,0.00032830699491677006,0.0,0.0009004438864682963,0.0010942829202564297,0.000614546096148671,-0.017823541136969014,0.0007109043378925392,0.000576021781072574
2025-08-19,230.0402374267578,-0.0014303218810212393,0.002001705952748437,0.0017506764789937718,0.000552431128685027,0.0,0.0008994186935510582,0.001018822574473593,0.0008819092704393805,0.017823541136969014,0.0008159261800372602,0.0009092382083065396
2025-08-20,229.71144104003903,-0.01993186324842062,-0.002946902715970635,0.0017095376898703138,0.0005041508508063436,0.0,0.0008988107236725163,0.000961399574264477,0.0010426113449121957,0.017823541136969014,0.0005478978451167401,1.7029482092734876e-06
2025-08-21,225.17819213867188,-0.0049233034075662875,-0.0015353160409114323,0.0019216079552479312,0.0004151429193835503,0.0,0.0008933761622396718,0.0016267605549780129,0.0017559470568593947,0.017823541136969014,0.0006235954801649143,0.00024725066433561285
2025-08-22,224.07229614257807,0.012636506889401551,-0.0021959442247694782,0.001536309644265623,0.00010799290343115975,0.0,0.0008918590314181262,0.0010870157901226565,0.0009436554976439953,-0.017823541136969014,0.0005648061603487259,4.4602374263784926e-05
2025-08-25,226.9217529296875,-0.002637835988446784,0.00037734063246773085,0.0018378765293515639,0.0016886709656696443,0.0,0.0008949215210812248,0.00045552177736319716,0.0009639961405546041,0.017823541136969014,0.0008162752074282276,0.0008639682882871599
2025-08-26,226.32395935058597,0.009420196768850203,-0.002451010882827129,0.0015915640882800302,0.0003806242629802661,0.0,0.000894000572825352,0.001004824754620411,0.0014638117101641417,0.017823541136969014,0.000551643813654757,5.961905448773454e-05
2025-08-27,228.46604919433597,0.0051326865405498835,-0.0009466728592521724,0.0020989269061037186,0.0003561347384759164,0.0,0.0008962226724333857,0.0005711882082617445,0.0003334615675960526,-0.017823541136969014,0.000640482257821735,0.00034884144197647345
2025-08-28,229.64170837402344,0.008940762837167654,-0.0013730432235441506,0.0010745089085280875,0.0007918132262116594,0.0,0.0008973264931389918,0.000725377632465497,0.0008524289064833948,0.017823541136969014,0.0006355257655904935,0.00032047881507714783
2025-08-29,231.7040863037109,-0.0018076304121467212,-0.0001806265924298473,0.001241069413337079,0.0021396665112635074,0.0,0.0008994216836427764,0.0005884298328722073,0.000398948029567448,0.017823541136969014,0.000814362560045959,0.0008339135648239165
2025-09-02,231.2856292724609,-0.010479367452413535,0.0011167309149908203,0.001056711757620903,0.0007434243214260293,0.0,0.0008987167221594978,0.0009749685180252164,0.0009071399553775415,-0.017823541136969014,0.0007738516630480422,0.0007597320437323313
2025-09-03,228.8745574951172,0.03738230436877965,-0.00032502868164816445,0.0005745284709134156,-1.792659704739246e-05,0.0,0.000895754450830528,0.0012868255329098548,0.0009776855354007706,0.017823541136969014,0.0006431419377909435,0.0003136461025836178
2025-09-04,237.59234619140625,0.0054782437804959,0.0033691978815119103,0.000644150483318133,0.004031961705007899,0.0,0.000905251210309432,-0.00043439802728775453,-0.00057723215771131,-0.017823541136969014,0.0011831293957123915,0.0018575526364439875
2025-09-05,238.8975067138672,-0.00037538053556107403,0.004110852290840042,0.0012053051329886124,0.003145467875483583,0.0,0.0009064411641398213,0.0007129505433112779,0.0014469590139626553,0.017823541136969014,0.0011459470963909963,0.0018254525775061978
2025-09-08,238.80784606933597,-0.0075800388713424295,0.001362815183980534,0.0007138827161785542,0.0031086829271561537,0.0,0.0009061077037600865,0.0009234612860823127,0.00010961387854600498,0.017823541136969014,0.0009803741339978005,0.0012987158255122182
2025-09-09,237.0045166015625,-0.014950642788352874,-0.00020292456036541412,0.0003052463524646764,8.05701868477922e-05,0.0,0.0009039006435324916,0.001182558538619778,0.0008091857381820587,0.017823541136969014,0.000625416817487681,0.0003451069756727509
2025-09-10,233.4875030517578,-0.03279126491668058,0.0012577985634244493,-0.00017764300913796372,-6.632552791061973e-05,0.0,0.0008997782973463539,0.001447623602837313,0.001213604010468398,-0.017823541136969014,0.0006814068371959907,0.0005564918669324408
2025-09-11,225.955322265625,0.014185245616196811,0.007052119228564829,0.0019938180236300108,-0.00012749422894364195,0.0,0.0008910205528145039,0.002089216300446824,0.0021105770755821393,0.017823541136969014,0.0010437748405567582,0.0016872043435180025
2025-09-12,229.1833953857422,0.017410546495863963,-0.0008134841770827636,-0.00017344812483046225,0.0006811044806095514,0.0,0.0008944753930076907,0.0003998253195564294,0.0004752444565426219,-0.017823541136969014,0.0006279748458481193,0.0003429497348254989
2025-09-15,233.2085418701172,0.011173278788190407,0.0006865570369925214,-0.0003388246229128816,0.0008115987275805938,0.0,0.0008987663961521064,0.00028383555882368825,0.0014816336910785538,0.017823541136969014,0.0007182985521858674,0.0006351786394734158
2025-09-16,235.828857421875,0.006107116505077002,-0.0045942982724674584,-0.0005602354743306092,0.0002633193542872068,0.0,0.000901435100669519,0.0005081430625359525,0.0006655602285088415,0.017823541136969014,0.0003899541654449007,-0.0004481158686389379
2025-09-17,237.27349853515625,0.003521134693371287,-0.0013447304511713773,0.0009316143291074522,0.00025194679438811916,0.0,0.0009027868745995131,0.0006903347317709181,0.0003955616183891098,-0.017823541136969014,0.000607550583897787,0.00020300974919219492
2025-09-18,238.1104431152344,-0.004655414393666241,-0.00010170159946924892,0.0002759036088225222,0.0004686657070818401,0.0,0.0009034666118318007,0.0007833330047351201,0.00040297884859263953,-0.017823541136969014,0.0006716101380361679,0.00044573682606838656
2025-09-19,237.0045166015625,0.03153051460608558,-0.0004851734394168779,-0.0001490155696941811,0.00019489230425676703,0.0,0.0009020238708493199,0.0010773818416060757,0.0008346043662265861,-0.017823541136969014,0.0006177711739051251,0.00029867965866921665
2025-09-22,244.5964508056641,0.04219295041488589,0.003847268984677259,0.0013533474060778029,0.005049198773496565,0.0,0.0009099710661620435,-0.00022395325957255306,-0.0004366017405806272,0.017823541136969014,0.0012999104633526811,0.002194399227504733
2025-09-23,255.13751220703125,-0.0064640612933677165,0.006171444229658937,0.001068685151799306,0.0015538232762897625,0.0,0.0009206800102213752,-0.0006074007035265537,-0.00012697157653991696,-0.017823541136969014,0.0011297395107819264,0.0018493639579478327
2025-09-24,253.4936065673828,-0.008367320457997903,0.0008375118354255451,0.001064411254032595,0.0002594955676465295,0.0,0.0009187648802152578,0.001142425237237443,0.0008665084530055808,-0.017823541136969014,0.0007340697748373918,0.000605300588583823
2025-09-25,251.3813934326172,0.017911612940450423,0.001225007068291744,0.001446086631915493,0.00021414602512586332,0.0,0.0009163572874389515,0.0012108711228630453,-0.00018147354786160084,-0.017823541136969014,0.0007535324516359886,0.0006824340860803847
2025-09-26,255.9246063232422,-0.005504238769601875,-0.0015113841145586071,0.001709953340504474,0.0016020929305100649,0.0,0.0009207624858974822,0.00026581597578721,-7.16980540564462e-05,-0.017823541136969014,0.0007359175656490385,0.0004979711276729684
2025-09-29,254.51980590820312,-0.004040053712850751,0.004898455820455474,0.0016023006230314152,0.0008931342432895908,0.0,0.0009190975464687443,0.001107907656078012,0.0014679502711556617,-0.017823541136969014,0.0010043041421704557,0.0015001991514275838
2025-09-30,253.4936065673828,0.0007857042433055403,-0.0003981347329380126,0.0013720000270761245,4.356566078119882e-05,0.0,0.0009178127922564853,0.001055251956427893,0.0006218520960263102,-0.017823541136969014,0.0006477620641650967,0.0003487598424064377
2025-10-01,253.6928558349609,0.003215200515052507,0.001480761890307825,0.0011420626274417371,0.00015248538231193184,0.0,0.0009177785761080909,0.0008817058186962546,0.0008929695214647346,-0.017823541136969014,0.0007570118431049375,0.0007020440904043714
2025-10-02,254.5098419189453,0.00655520106838791,5.886971138698737e-05,0.0011416849563862896,0.00036125680256862734,0.0,0.0009183734549115463,0.0007943351510362195,0.0009100463996431562,0.017823541136969014,0.0006972763991189742,0.0004897481359437796
2025-10-03,256.1836853027344,0.0034552852109733037,-0.0017231436622104413,0.0008432655956872052,0.0006132336454932263,0.0,0.0009198326388653326,0.0006742205076332214,0.000763098819293358,-0.017823541136969014,0.0006194811196233798,0.00020848974915052153
2025-10-06,257.0704040527344,-0.005168083950625414,-0.0006608777801487176,0.0009434404528215473,0.0006361786228646958,0.0,0.0009204888118912404,0.0007857011142519305,0.0008095332524267337,0.017823541136969014,0.000681955971174316,0.00041003081501677534
2025-10-07,255.74526977539065,-0.0008183283555231092,-0.0004762543617726695,0.0008612048380252368,-8.490179136432712e-05,0.0,0.0009189135019914949,0.0010958187011318112,0.0009583867373842118,0.017823541136969014,0.0006247815546364167,0.00028447256629262794
2025-10-08,255.53607177734372,0.006141320666886384,-0.002578875867772827,0.0008351153905686956,0.000193422919506933,0.0,0.0009184641378276265,0.0009393907802818703,0.0007454759673264901,0.017823541136969014,0.0005445271967408733,-3.713151220720973e-05
2025-10-09,257.1102294921875,-0.015700315097684298,-0.00013630317597995202,0.0007663131262038088,0.0006112630896592646,0.0,0.0009198147601521827,0.0006891046658972674,0.0007874714269780999,-0.017823541136969014,0.000700102672430461,0.0004917770173468756
2025-10-10,253.10504150390625,-0.03513212591703362,-0.0017952764253442333,0.001287037451969119,0.00021806104243288812,0.0,0.0009155179323709426,0.001474583664869196,0.001617677633836767,-0.017823541136969014,0.0005885643200248779,0.0001298355685988528
2025-10-13,244.3673095703125,0.009697219450940967,-0.003260950293875902,0.0030923143927097654,-7.195932034797451e-05,0.0,0.0009062008882123993,0.002173399425516252,0.0018641055500581945,0.017823541136969014,0.0005910447774506338,-0.00011837751005005473
2025-10-14,246.7485198974609,0.0004440322254129627,-1.9897176838913307e-07,0.0007198433853047219,0.0002577937239717444,0.0,0.0009084724692363602,0.0005612257905487758,0.0005261097843016119,0.017823541136969014,0.000712102370724663,0.00043820877899119316
2025-10-15,246.8581085205078,0.006316540342189272,0.0037145223642894892,0.0006594942331179356,0.00018114276719277623,0.0,0.0009083524898398674,0.0008939931856995224,0.002056044415973161,0.017823541136969014,0.0009307619622837644,0.0010911237947419652
2025-10-16,248.42233276367188,-0.0076088746070517846,7.27829163678947e-05,0.00040055902674945496,0.00032695433761339824,0.0,0.0009097492325703295,0.0006828033349603075,0.0007724679823231273,-0.017823541136969014,0.0007363107263777212,0.00045226198026900076
2025-10-17,246.53929138183597,0.019370626724040305,0.0017463392360847585,0.0009605862406742415,0.0002796258067299304,0.0,0.000907549742810551,0.0011835955426731256,0.001318843775547454,-0.017823541136969014,0.0008971558225685657,0.0007694973989061011
2025-10-20,251.3614654541016,0.03868088051630957,0.004787610893737537,0.0003205511931156582,0.0031281305961885697,0.0,0.0009123156377463357,0.00021334624785229988,-6.163498207650852e-05,-0.017823541136969014,0.0012344420628368825,0.0019052256951012237
2025-10-21,261.2748413085937,0.0020189956678770657,0.0034757470022934688,0.00282691708053953,0.0016723612597315416,0.0,0.00092206236416661,-0.0004810980228121363,-7.190995386257833e-05,-0.017823541136969014,0.001058250529171274,0.0014645551348944279
2025-10-22,261.8028869628906,-0.016576901277267443,-0.0008359401067003727,0.0009788870857844194,0.0006395711553729659,0.0,0.0009223453706949151,0.0008373536225487264,0.0008523275665640288,0.017823541136969014,0.0006894611752299704,0.0003806484735154968
2025-10-23,257.498779296875,0.004362740574785424,-0.004342966864397519,0.0004335561096811081,4.666989376015209e-05,0.0,0.0009178317656786752,0.001506107862153379,0.00041102836224285466,-0.017823541136969014,0.00044470725110416765,-0.00040558437670197133
2025-10-24,258.6246337890625,0.012404613049526282,-0.00017307899140330782,-2.114815505359195e-05,0.0010780327760130937,0.0,0.0009187200866712247,0.000753066785099026,0.00016039141548289892,-0.017823541136969014,0.0007343249643082075,0.0005510269123055608
2025-10-27,261.8527526855469,0.022535314147579952,0.0004245464310354747,0.0004917086877018753,0.0029319202576123457,0.0,0.0009216811315185707,0.0004638612507971624,0.0008249419370572536,0.017823541136969014,0.0009247648167467948,0.00108110329277892
2025-10-28,267.8206787109375,0.0007065685480034181,3.285466852407043e-05,0.0010299454503297568,0.0005663845071942049,0.0,0.0009272516554917823,9.953629623992181e-05,0.00027436567154983304,0.017823541136969014,0.0007044718472613313,0.0005243148757097114
2025-10-29,268.0099792480469,0.0025988299827084268,0.00030512544323107354,0.0007916316944490725,0.0005641931120616464,0.0,0.00092719479305749,0.0008845517331414395,0.0008769675998518693,-0.017823541136969014,0.000722327696189041,0.0005626160866587617
2025-10-30,268.7073974609375,0.0062834516395499015,0.0006442093334690442,0.0010740899380006835,0.0004724568923708604,0.0,0.0009276254049043862,0.0008165013529617528,0.00014271771221591504,-0.017823541136969014,0.0007456441203479244,0.0006166316142586917
2025-10-31,270.401123046875,-0.00380226316268748,-0.003274157776999963,0.0009182730061167546,0.0006835230892357353,0.0,0.0009290047060206998,0.0006839932861758026,0.0005049031743609632,0.017823541136969014,0.0005459778574260338,-5.3683315178197676e-05
2025-11-03,269.3749389648437,-0.004894318103696045,0.002828279836438295,0.0006538970259041306,0.0003658718525651008,0.0,0.0009277865629031127,0.0010467004227735224,0.0009909251576554064,0.017823541136969014,0.0008537457042547939,0.000970330789533878
2025-11-04,268.05975341796875,0.0036729824656206544,-0.0016636022624548527,0.0013827591371015694,-0.00021079201038446652,0.0,0.0009262879516633188,0.0010859734072299876,0.0008724287270651168,0.017823541136969014,0.0005707732444107589,6.548312968502647e-05
2025-11-05,269.046142578125,0.0003703898219392952,-0.0028125106067947983,0.0012261832776220417,-4.5140359549977077e-05,0.0,0.0009269947696030916,0.0007778721849765549,0.000783122937475379,0.017823541136969014,0.0005428202434337426,-0.00011358626438874987
2025-11-06,269.14581298828125,-0.0013707648047970096,0.0011879848551635227,0.0007909035754627788,-1.4941481838037112e-05,0.0,0.0009268515730639447,0.0008966415478453747,0.0010977121555594202,0.017823541136969014,0.0007418243249477208,0.000597551902330755
2025-11-07,268.7771301269531,-0.004830497568446612,-0.003348908350508966,0.0011394117590841967,-8.753805219159367e-05,0.0,0.0009262606223494744,0.000959257755166377,0.0009375686642583329,-0.017823541136969014,0.0005145544344443813,-0.00022358584470940257
2025-11-10,267.48193359375,0.004538310504190589,0.0005877310777575677,0.0008618406639793448,0.00013189367806760261,0.0,0.0009247803553937542,0.0010836782636481643,0.0010671820924202055,-0.017823541136969014,0.0007371682233627223,0.0005237056758699069
2025-11-11,268.6986083984375,0.021371263592727837,-0.0007543225305670913,-0.0005275470086749266,-0.0001483124163050829,0.0,0.0009257092834525708,0.0007467528581621781,0.0007294000938490689,0.017823541136969014,0.0005904494955580703,0.00015938999413591618
2025-11-12,274.5028381347656,-0.006487993078024382,0.0008498953161010195,-0.00033947983704353513,0.00023529321390779363,0.0,0.0009309638592195395,0.00014139842023253523,0.0003544650413760881,-0.017823541136969014,0.0007109076320986586,0.0005405482236275504
2025-11-13,272.7276306152344,-0.0019031745808056621,-0.002653867078295618,6.745289025320575e-05,0.000237370072723431,0.0,0.0009290576524011316,0.0011432858831367865,0.0013448361080563981,-0.017823541136969014,0.0005312429198619783,-7.50130883390614e-05
2025-11-14,272.2090759277344,-0.001980378999716703,-0.0009074118845741393,0.00023864358377186372,5.338278429756573e-05,0.0,0.000928330133204315,0.0009784045215720553,0.0003390411562916493,-0.017823541136969014,0.0006473640701773777,0.00020886018141024485
2025-11-17,271.6705322265625,-0.01833834227270729,-0.0008226578111584437,-0.0006316538145718384,0.0003859404744298913,0.0,0.0009275831611619623,0.0009811809825631694,0.0009731255681262423,0.017823541136969014,0.0006595755434220736,0.0002575392690881992
2025-11-18,266.73394775390625,-7.471386053713637e-05,0.0013076139309770086,0.0004963645059873861,-0.0003610251474232965,0.0,0.0009226368388426121,0.001569453617240574,0.001589669590300824,-0.017823541136969014,0.0007697682501750484,0.0005316775982063383
2025-11-19,266.7140197753906,0.004179049549248278,0.0017996611823688237,0.000662942672628436,-0.00031220332855863716,0.0,0.0009223808453366112,0.000912648572168957,0.0007996560112713772,-0.017823541136969014,0.0008347872609777623,0.0006385489740010307
2025-11-20,267.8309631347656,-0.008638566717187423,-0.004368692592050128,-0.001184618553200609,5.908324019126177e-05,0.0,0.0009232165314294804,0.0007596727666479487,0.001284927467267604,-0.017823541136969014,0.0004760570590905153,-0.0004787731637105274
2025-11-21,265.5272521972656,0.019489564375701696,-0.0016934207666880394,0.0014867242499548234,-0.0002879442046454274,0.0,0.0009207635341876598,0.0012206258061861995,0.0014386130041053212,-0.017823541136969014,0.000686271393646689,4.804238011615566e-05
2025-11-24,270.7530212402344,0.016185752526218143,-0.0010505587781324817,-3.4961102078544855e-05,0.002597530783183661,0.0,0.0009255259863142343,0.00020906895705897002,7.986448558152748e-05,0.017823541136969014,0.0008968479694896954,0.0007190069422218794
2025-11-25,275.1710205078125,0.0037981174643085826,0.004916076255704094,0.0005274675234254214,0.0004980761101483088,0.0,0.0009294388649142097,0.0003278821655702762,0.000782731171485254,-0.017823541136969014,0.0010169980783012278,0.0013709812043353265
2025-11-26,276.2181396484375,0.0020919168217879975,0.0008413918177654156,0.0005470664467940381,0.0005868011866667058,0.0,0.0009301742349730137,0.0007733720223254963,0.0005270928933492367,0.017823541136969014,0.0007764481741624057,0.0006537479835177248
2025-11-28,276.79656982421875,0.004672821917592354,-8.478702995248056e-05,0.0006146971872309507,0.000740634017552237,0.0,0.0009304719650055136,0.000834731198312958,0.00035815261016532303,-0.017823541136969014,0.0007224449708052584,0.0005222959790502081
2025-12-01,278.093017578125,0.015126195135540834,0.004176007889786242,0.0008858409690152455,0.003149613758166802,0.0,0.0009314308043477086,0.0007419154965520874,0.0004980534617332152,0.017823541136969014,0.0011567929987579173,0.0018240757807730403
2025-12-02,282.3314819335937,0.010855813667109684,0.002736243642206964,0.0019480757377385689,0.00012649692600787577,0.0,0.0009350667583259856,0.0003659864581037379,0.00030365355057889744,0.017823541136969014,0.0008533748417957919,0.00095906165364664
2025-12-03,285.4131164550781,-0.007153630197795877,0.001375996239121221,0.001632371419261998,0.0007226334235870546,0.0,0.0009376072825023706,0.0005195598899294153,0.0005721603566639273,0.017823541136969014,0.0008147765931624481,0.0008274926679017469
2025-12-04,283.378662109375,-0.01221570568772077,-0.0013402608837477094,0.0007722771152232208,0.0003123778815401697,0.0,0.0009355357931320945,0.0011672238328467976,0.0008780067321443562,0.017823541136969014,0.0006058738763221529,0.00020982535443618284
2025-12-05,279.93804931640625,-0.006863567154456715,-0.000435811298235837,0.0005969518266583739,0.00010547224128665245,0.0,0.0009321697215987307,0.001349268530936501,0.0008659660450634557,-0.017823541136969014,0.0006298864388749269,0.000321173381791792
2025-12-08,278.02325439453125,-0.0031976592937218978,0.000583083902710258,0.0010327595246391768,0.0004655272128046078,0.0,0.0009301749066355639,0.0011567924516363128,0.0010828908177788793,0.017823541136969014,0.0007209833614383606,0.0006022609083154713
2025-12-09,277.1356506347656,-0.002558223495884468,-0.0014262943745937606,0.0008863988438759823,-0.0003051658188598166,0.0,0.0009291189244917017,0.001024957379034098,0.0013002239691266102,0.017823541136969014,0.0005582923857668693,6.624438474532417e-05
2025-12-10,276.4275817871094,0.0057558827896064466,-0.003057311778246201,-0.00046266115597222717,-0.0001958370864814118,0.0,0.0009282270210593804,0.0010019616933718142,0.0012816417374119256,0.017823541136969014,0.0004530248392526349,-0.00026465978889515774
2025-12-11,278.02325439453125,-0.0026941071155614647,-0.0016752050797320503,-0.001581281389940354,0.0004644192980311903,0.0,0.00092946139993142,0.0007029659609612024,0.000871438345026694,0.017823541136969014,0.0005459397005002108,7.841054396904613e-05
2025-12-12,277.2752380371094,0.0008989157235724109,-0.002361840445250183,-0.0013245883066732016,0.0003078198009117647,0.0,0.0009285351298609976,0.0010068484028981082,0.0012128907894313717,0.017823541136969014,0.000488394352246347,-6.825883971356113e-05
2025-12-15,277.52459716796875,-0.015098467426605677,-0.002575711853173172,-0.0011935535810820212,0.0006376854560103232,0.0,0.0009285275603730629,0.0008776344551248321,0.0007441434851837734,0.017823541136969014,0.0005194883642605063,-3.012420526977554e-05
2025-12-16,273.3658752441406,0.0018224768125210816,-0.0005971176262524339,-0.00039682714175901575,-0.00038673652543720085,0.0,0.0009244327737131296,0.0014529397407918954,0.0015206532846604305,0.017823541136969014,0.0005669636022753893,0.00014222089556389299
2025-12-17,273.8645324707031,-0.010138255944275731,-0.0038791197027177268,-0.00021917069055603432,0.0003180256839270145,0.0,0.0009246621591636553,0.0008444209244416788,0.0006580696844686457,0.017823541136969014,0.00045146300709505256,-0.00029192852915675715
2025-12-18,271.10205078125,0.0012867314447552558,0.000757920801431163,0.00037309262037099524,-0.00014662265704170631,0.0,0.0009218371034681906,0.0012745583232174147,0.0017179575205361786,-0.017823541136969014,0.0006929127650866064,0.00047298878795739045
2025-12-19,271.4511108398437,0.005422761991855798,-0.0018340639557978167,-0.0001849109858257892,0.0004418545148340339,0.0,0.0009219302600526396,0.0008636876469395952,0.0008235453099442879,-0.017823541136969014,0.0005797770747142417,0.00010625594740915208
2025-12-22,272.9271240234375,-0.009914837778063429,0.0014811495298307773,0.0008883320841098804,0.0029443002723152844,0.0,0.000923079017513539,0.0007149458050339778,0.0010579652752628398,-0.017823541136969014,0.000972953664553536,0.0012923891796235794
2025-12-23,270.2344665527344,0.005116507681384403,-0.0018250713135484144,-0.0008144553699266448,0.0001492743151683837,0.0,0.0009203135373411539,0.0012665236558765535,0.0013886695902237188,-0.017823541136969014,0.0005050034119402127,1.714898843552194e-05
2025-12-24,271.62066650390625,0.005309756805540677,-0.002872352950398541,-0.0005326252501768156,0.0005113433331217984,0.0,0.0009213839950309608,0.0007259594640754913,0.0005089855285536352,-0.017823541136969014,0.0004837807065145683,-8.192720372241446e-05
2025-12-26,273.0667419433594,-0.0014986887603295313,-0.0012989535543590557,-0.0004945240305759696,0.0006974809827997252,0.0,0.0009225031923812566,0.0007190097497669734,0.001018316907769814,-0.017823541136969014,0.0005796410240508363,0.0002445153767160229
2025-12-29,272.6578063964844,0.0013160584043321359,-0.0013888795058716555,-0.00020639029672785809,0.0007062894563506729,0.0,0.0009218858563402799,0.0009638582155723327,0.0009696442807015846,-0.017823541136969014,0.000583378562617151,0.00024282265790204888
2025-12-30,273.0168762207031,-0.0024871571416660047,-0.001244586266656521,-9.530666878062764e-05,0.00028244346652405393,0.0,0.0009219863336657941,0.0008626329772665159,0.0007211885391342451,-0.017823541136969014,0.000565197969878636,0.00018250799862613604
2025-12-31,272.33868408203125,-0.00447751549367368,-0.0018748075961754862,-0.0001637347811769055,0.00016915529666701825,0.0,0.0009211175407312038,0.000999405972299739,0.0010176574418533707,0.017823541136969014,0.0005212569436441729,4.1068725037920225e-05
2026-01-02,271.1220092773437,-0.0031314857915477026,-6.2602283191784e-05,0.0003552852441926188,0.0001301536556205105,0.0,0.0009197420928243491,0.001070984159152684,0.0010192306616884418,0.017823541136969014,0.0006363154968142047,0.0003833784451113061
2026-01-05,270.2743225097656,-0.013933703661721203,-0.003923869516727912,0.0005037313490960204,-4.9239695654568856e-06,0.0,0.0009187101957575198,0.001022577616968357,0.0010496403225823702,0.017823541136969014,0.0004109839360259413,-0.0003377862188792191
2026-01-06,266.5345153808594,-0.018504437116593858,-0.0010096280064914123,0.0003019240688974513,-0.000154979625111458,0.0,0.0009149280684701556,0.0014110519680105046,0.001525355563622834,-0.017823541136969014,0.0005582747449130063,0.00014826398323235842
2026-01-07,261.6477966308594,-0.007767612063599227,-0.0025969739012821442,-0.00011429732130906244,-4.308727116996726e-05,0.0,0.0009099842382295589,0.0015754267967733105,0.0015510285324025273,-0.017823541136969014,0.00047014595931563593,-0.00013313664150896038
2026-01-08,259.623291015625,-0.004967334449380046,-0.0019867411203104697,0.00010476370967049892,0.0004061802699903471,0.0,0.0009077756364729213,0.0011893041324423262,0.0013915736153484162,0.017823541136969014,0.0005550215229375222,8.369490660144652e-05
2026-01-09,258.3368530273437,0.0012729954419464578,-0.004775719965676474,-5.61792037801688e-05,0.0005886981736663785,0.0,0.0009062806975197781,0.0010885992547962897,0.0016186265008852026,-0.017823541136969014,0.0004156109020413413,-0.0003886618897468886
2026-01-12,258.6659240722656,0.0033870275674454044,-0.0016029113308821115,0.00020897861129143822,0.0018736227494807825,0.0,0.0009063739854222016,0.000864181627420381,0.0012173641586073168,0.017823541136969014,0.0006923789695883228,0.00047385613352427403
2026-01-13,259.54351806640625,0.0030692245031010584,-0.0023867589883966997,-9.888279138529584e-05,0.0003458777291047077,0.0,0.0009070048739222075,0.000788155827172171,0.001078573926735253,-0.017823541136969014,0.0005201834535312777,-1.0630612617078456e-05
2026-01-14,260.3413391113281,-0.004184050246470423,0.002373822137090476,-0.0002099819564329087,0.0005943079964745108,0.0,0.0009075546373672059,0.0007995848078374528,0.0008924526670240723,-0.017823541136969014,0.0008107343013706821,0.0008993048743150612
2026-01-15,259.2543334960937,-0.006754644080745421,0.0029869476799860655,-0.00019387330322966794,0.00040106365052255656,0.0,0.0009062603809147815,0.001060430426314589,0.001036648829953113,0.017823541136969014,0.0008381564627628146,0.0009693124802433047
2026-01-16,257.5090637207031,-0.010433345978110178,-0.00024920744926751716,-0.00011874943094511599,0.0004888233020855723,0.0,0.0009043135182815768,0.0011528753097232297,0.0010115085620287785,-0.017823541136969014,0.0006583665667535253,0.00040602506867923896
2026-01-20,254.8363494873047,-0.035166795246858014,-0.0036703988104689594,0.00028051294860261596,0.0003724562632339681,0.0,0.0009014330153607456,0.0012851704873831984,0.0012987824887912235,-0.017823541136969014,0.00047013858253736464,-0.0002204510294689225
2026-01-21,246.0303192138672,0.0038434852977142693,-0.0013620515588828406,0.0003259183981255126,0.0005311543312708476,0.0,0.0008922716670594454,0.002174646219977025,0.002266121503741946,0.017823541136969014,0.0006665233052236339,0.00023337164841112385
2026-01-22,246.97775268554688,0.0028225411486548003,0.00026986483533034946,0.000340052910010088,0.0006328793129587198,0.0,0.0008930210864679408,0.0007717404833348668,0.0007058245004944518,-0.017823541136969014,0.000722888909007585,0.0005511616976043422
2026-01-23,247.67584228515625,-0.0012490174035431625,0.0007660030753893149,-6.97784824759322e-05,0.0006916601475769984,0.0,0.0008935109366995191,0.0008084561486290519,0.0019058117355111456,0.017823541136969014,0.0007297016403826928,0.0006355535131969943
2026-01-26,247.3666839599609,0.029280062037508284,0.001518216895782616,-0.00011388711529982266,0.0004920596668156403,0.0,0.0008929671477806758,0.0009548794188597425,0.001209453186909013,-0.017823541136969014,0.0007586873943170285,0.0007267063848576767
2026-01-27,254.7166748046875,0.011135324133899676,0.002612098968255166,-0.000868653025523593,0.0003329856540678003,0.0,0.0009001701660221698,-0.00014302144430680902,-0.0001169201487579805,-0.017823541136969014,0.0007894365960478783,0.0008571331567854473
2026-01-28,257.5688781738281,-0.0071106926700519124,0.0030658861109045636,-0.00023070227334151387,0.0002737381752551325,0.0,0.0009027666028481153,0.0005095080053534207,0.0008847173359343512,0.017823541136969014,0.0008255105074831523,0.000954543970407042
2026-01-29,255.74388122558597,0.00714955439588938,-0.0008845878358488302,0.00021974622024358795,8.732132255537771e-05,0.0,0.0009007342773921427,0.0011656796936314845,0.000548454254402262,-0.017823541136969014,0.0006031690138133498,0.0002194693971929191
2026-01-30,257.5788879394531,0.004635377115508532,-0.002294377039828167,0.0004042746512682398,0.0011174562426951955,0.0,0.0009023186638319239,0.0006528460986029796,7.762180867450133e-05,0.017823541136969014,0.0006253237919433051,0.00019444633477935477
2026-02-02,258.775634765625,0.03977943491276717,-0.00015798997248510545,0.0007508519849788953,0.0011822940233437206,0.0,0.0009032649397385593,0.0007432621038288745,0.0008524466454514856,0.017823541136969014,0.0007625198390552536,0.0006101901279068502
2026-02-03,269.2770690917969,-0.0019648308518361605,0.0014093561961026331,0.0007418857501009884,-6.92289073483056e-05,0.0,0.0009131169848406954,-0.0005206047436890324,-0.0006161643307761426,0.017823541136969014,0.0007262849650274409,0.0006237511826524129
2026-02-04,268.7485046386719,0.02568034988064631,0.002725904922436775,-0.0001507536666031917,7.208606686679201e-05,0.0,0.0009123878366682412,0.0009806218328838726,0.0013334326293327186,-0.017823541136969014,0.0008130212334079862,0.0008531093658406038
2026-02-05,275.73944091796875,-0.002099945231847626,-0.0016186942711738726,0.00040381982589379956,0.002384223127196107,0.0,0.0009186613832852568,-1.3566932198081868e-05,-0.0011251714754808033,0.017823541136969014,0.0007939971802624774,0.0005895733048834053
2026-02-06,275.1610107421875,0.00797798320525043,-0.0021757910073183485,0.0003188871298259908,0.0009634193047730177,0.0,0.0009178969855604828,0.0009854808786578285,0.0010544880433712655,0.017823541136969014,0.0006810025296408988,0.0001789597504615833
2026-02-09,277.3650207519531,-0.01172904445638691,-0.0006438125044657098,0.0001858635225901415,0.003178365096026454,0.0,0.0009196843491604043,0.0006230537589215375,-0.00018328288842338726,0.017823541136969014,0.0009334415014936591,0.0009274438506446979
2026-02-10,274.1307983398437,-0.003428889326211606,0.0005232045964884359,0.00029204160988204064,-0.00012481022805152552,0.0,0.0009164829498170615,0.0013317669948360487,0.0013179797024503736,-0.017823541136969014,0.0006767897863804984,0.0004316552662566998
2026-02-11,273.19244384765625,0.006628141591757358,-0.0042236081791781855,0.00038769297967558125,0.0002830590411293729,0.0,0.0009153834122978235,0.0010332729803201003,0.0006268017991032551,0.017823541136969014,0.00045987665676944304,-0.00033508241337127666
2026-02-12,275.0092163085937,-0.05127412608613126,-0.0008913204390743981,0.0007446473700971518,0.00028575725116457415,0.0,0.0009168285825936645,0.0006715973868240346,0.0009075694221499576,-0.017823541136969014,0.0006481725201344153,0.0002840988806346471
2026-02-13,261.2637634277344,-0.02299576337303635,0.002442265828406299,0.0015066117384442165,-0.0003744697854917501,0.0,0.0009036290492935317,0.002753905495249108,0.0030040082276269397,0.017823541136969014,0.0008318850942819961,0.0007785238342734291
2026-02-17,255.3243560791016,0.031176814356459512,0.005947331574256452,0.0013082436020550642,0.00015120622744498415,0.0,0.0008975862193510969,0.0017369459471699717,0.0010254836001132631,-0.017823541136969014,0.0010614842900757257,0.0015171927088376367
2026-02-18,263.4099426269531,0.001779583167113982,-0.003986709408286546,0.0014082184688203824,0.00015528053322986048,0.0,0.0009052402203968775,-0.00021123332774111638,0.0008459392011408893,0.017823541136969014,0.0005166489698420307,-0.0002748402350480851
2026-02-19,263.8791198730469,-0.014364265239645745,2.7198735340653636e-05,0.0007182755989191332,0.00016805256092706155,0.0,0.0009054611814650396,0.0008459634855401143,0.002214901955370216,0.017823541136969014,0.0007136229027152266,0.00042376376794850347
2026-02-20,260.11578369140625,0.015233805180443597,0.0018515971286217471,0.00048341041534467915,-1.677492608101786e-05,0.0,0.0009016032414900242,0.0014265360224498948,0.0009979991855113357,-0.017823541136969014,0.0008005118197812238,0.0007036891669269349
2026-02-23,264.1086730957031,0.006029062392291268,0.0012847927024223233,0.0007329904281427755,0.0016307544984563967,0.0,0.0009052233985849859,0.0003621165359394531,7.602581763089199e-06,0.017823541136969014,0.0009011628167669861,0.0009670504790998556
2026-02-24,265.705810546875,0.022144051735165694,0.0018425767006808118,0.00035252681129396986,9.097400357359906e-06,0.0,0.0009065172973207703,0.0006931417498458203,0.0011557630732508815,0.017823541136969014,0.0008096701754977669,0.0007018712270183688
2026-02-25,271.6552429199219,0.007650516196371946,0.0034641815944470647,0.00043066408427831695,0.00028083902851705033,0.0,0.0009118789571132079,0.00011360705592803146,-9.167965898806063e-05,-0.017823541136969014,0.0009041501590701749,0.0010572388226345142
2026-02-26,273.74151611328125,-0.0046786174669959345,0.004271120704317052,0.0005019630411584887,0.000837222062025665,0.0,0.0009135797741852066,0.0006348302788261244,0.0007014233997729934,-0.017823541136969014,0.000976235094779874,0.001326232879198341
2026-02-27,272.4637756347656,-0.032657888456674895,-0.0018095255534471629,0.00023848303373457953,0.00044098696033148847,0.0,0.0009121686721813759,0.0010782162812519214,0.0005088500087415478,0.017823541136969014,0.0006132635204222816,0.0001291403099986057
2026-03-02,263.7094116210937,0.0020418360212967135,0.00394056040746154,0.0018248338639571045,-0.00011358288028293431,0.0,0.0009036999393032586,0.0020844197545552556,0.001657447705522572,-0.017823541136969014,0.0009304187822367395,0.0011198082100978848
2026-03-03,264.2484130859375,-0.003670823904680181,0.0009548717085391833,0.0001221942115678062,-0.00032186103080142294,0.0,0.0009039869849733705,0.0008365322272039083,0.00044880737824764855,-0.017823541136969014,0.0007334464611988283,0.00045982950630813705
2026-03-04,263.2801818847656,-0.004674549655599,0.003542018353261428,0.0005461493594842909,-0.00031613514452547725,0.0,0.0009028334774368971,0.0010419735434354532,0.001957347736127308,0.017823541136969014,0.00091251155533522,0.000947797270216973
2026-03-05,262.0523376464844,-0.008530820840249429,0.0027088641732876087,0.0007632942808790935,-0.0001442723718184857,0.0,0.0009014275326088065,0.00107806999273862,0.0012621355772619075,-0.017823541136969014,0.0008545617248782582,0.0008436393304266347
2026-03-06,259.8263244628906,-0.010932115299618045,-0.0007373308260685445,0.0010053476973056498,-0.0002682671973877097,0.0,0.0008990504538858079,0.0012167509991674922,0.0013758927559657979,0.017823541136969014,0.0006948250578439383,0.00020407815244107702
2026-03-09,257.0013427734375,0.009355701068531801,0.0029370404729969725,0.00027703934430132516,-7.185952435705709e-05,0.0,0.0008960695605238769,0.001303107460217962,0.001363469177418834,-0.017823541136969014,0.0009723540044709916,0.0008791239880172551
2026-03-10,259.41705322265625,0.0036488509698246866,-0.0019469355426996906,6.569440919967657e-05,-9.822405649245899e-06,0.0,0.0008982004500724935,0.00057350763244179,0.000734704290458098,0.017823541136969014,0.0006536286247119764,-4.41986895559094e-07
2026-03-11,260.3653564453125,-7.665866677458683e-05,0.0020581211807368127,9.234697694828018e-05,9.435796908195486e-05,0.0,0.0008988931346657327,0.0007787400129801817,0.001282170821853464,-0.017823541136969014,0.0008746700223251208,0.0007477868118335804
2026-03-12,260.34539794921875,-0.019552653794765996,-0.00239107473164175,0.0005786724944564178,5.637161778735452e-05,0.0,0.0008986475274649671,0.0009127185121896153,0.000842958279992785,0.017823541136969014,0.0006293571616783678,-4.396355996891103e-05
2026-03-13,255.3043975830078,-0.022298726148557768,-0.0074922159701783,3.737372789164772e-05,-0.00023744437893947557,0.0,0.0008934999560272045,0.0016131232493628133,0.0015036543176205086,0.017823541136969014,0.00035376370727898006,-0.0010540012117820244
2026-03-16,249.6744384765625,0.01073703156524414,-1.8111255393609977e-06,-8.924812920162411e-05,3.510106177247391e-05,0.0,0.0008876639655630412,0.0017118787723836527,0.0014359146932131492,-0.017823541136969014,0.0007827232271129849,0.00035433796055050234
2026-03-17,252.36964416503903,0.005561526596100866,0.0003129516063281526,0.00012232129708118994,0.0005408494819094266,0.0,0.0008901417938900051,0.0005238315867691031,0.000777533578510167,-0.017823541136969014,0.0007995052705404092,0.0005295497760883222
2026-03-18,253.7771148681641,-0.017018443311607647,0.0039867953246386185,0.0003189656121022811,0.0006788027322255593,0.0,0.0008913166894640017,0.0007099554882092665,0.001596982628681304,0.017823541136969014,0.0010014951005585199,0.0012326103300990222
2026-03-19,249.4947662353516,-0.003928594558615651,-0.0027861761957537596,0.0010877899422574724,-0.00014707024504887443,0.0,0.0008868133552922462,0.001521986800840753,0.0015624419149995277,0.017823541136969014,0.0006125459108318774,-0.00013687054372271625
2026-03-20,248.5165252685547,-0.003903899440107385,0.00480832125765374,0.0017284026512405274,0.0005794951640023031,0.0,0.0008856028455099666,0.001051243610815022,0.0007153310828518513,0.017823541136969014,0.0010903978016021105,0.001421873549095988
2026-03-23,247.54823303222656,0.01401484151217401,-0.0005120437415266234,0.0017254776924967548,0.002077099803185399,0.0,0.0008843991505399699,0.0010503555135509502,0.001392717240189566,-0.017823541136969014,0.0009635161207603148,0.0007817900115761141
2026-03-24,251.04200744628903,0.0005962134063950415,0.0008649222062256514,0.0016175275125890256,0.0005966539658365142,0.0,0.0008876982566609834,0.0004059534706936101,0.0005919361555625591,0.017823541136969014,0.0009012888092411319,0.0007072339603687321
2026-03-25,251.1917266845703,0.0038868965936841777,0.0004293838548225033,0.0013757885564505495,0.0001938735618158857,0.0,0.0008876250376581535,0.0008885203757420344,0.0012715598468970616,0.017823541136969014,0.0008482498866210842,0.0005310256594698434
2026-03-26,252.16998291015625,0.0010682766662048293,0.0033816620880806124,0.0015929698638753073,0.002041143765803154,0.0,0.0008883782449801088,0.0007701793062476713,0.0004715808704548068,-0.017823541136969014,0.00115147240117408,0.0014726792094707426
2026-03-27,252.43951416015625,-0.016305265287713342,-0.001425839809848978,0.002227931583374003,0.0002935423344240988,0.0,0.0008884234115433086,0.0008715438186396453,0.0008319363043987549,-0.017823541136969014,0.0007800895739237041,0.0002543411005780658
2026-03-30,248.35679626464844,-0.008760136268298902,-0.00020409340115183972,0.004169235837962021,0.00017383495178602173,0.0,0.0008841077266288365,0.001496339163166749,0.0013733391350255813,-0.017823541136969014,0.0009257819164155486,0.0005350243085235314
2026-03-31,246.19065856933597,0.02861792340799197,0.0007769571078641495,0.003410706098369562,-1.7566123038949256e-05,0.0,0.0008816875901181897,0.0012249977465638249,0.0009876308163738854,0.017823541136969014,0.0009409400515066909,0.0006379072548118977
2026-04-01,253.33790588378903,0.00722396712094499,-0.0017241119049040143,0.0019109399430931042,0.002305650549809595,0.0,0.0008886460035195629,-0.00011920930892010109,0.00020459033962058062,-0.017823541136969014,0.0009007153951693603,0.0006198953724277146
2026-04-02,255.1746368408203,0.0011337741969299291,0.005133175625343887,0.0024867637402561874,0.0024026341927619885,0.0,0.0008902349980310818,0.0006501700337964112,0.0013689662664904392,-0.017823541136969014,0.0012870824903711013,0.0019067783976379543
2026-04-06,255.464111328125,0.011422443192801985,0.004630834277653392,0.0035895617614101734,0.002831235863262901,0.0,0.0008902960660348176,0.0008691883661715415,0.0003455761005296895,0.017823541136969014,0.0013112586485482505,0.0019567554109040162
2026-04-07,258.3988647460937,-0.02092353994916775,0.001167033330965882,0.0028174994729761567,0.00045257099743022464,0.0,0.0008929363636349096,0.0004991824970717483,0.00015874618338708143,-0.017823541136969014,0.0009052359601009733,0.0007836588053286566
2026-04-08,253.0484161376953,0.021078124305621625,0.005014318107740879,0.0014566454859804546,-8.773658180759021e-05,0.0,0.0008874685750853351,0.001662423690770716,0.0016368153513651724,0.017823541136969014,0.0010612084816879388,0.0013034428998300804
2026-04-09,258.4388122558594,0.006122549550145178,0.00531203339137241,0.0012523262417576777,0.004893220096413784,0.0,0.000892527621873242,0.0001519404307429856,-0.0004160502173233668,0.017823541136969014,0.001437900245576973,0.0024213628436565316
2026-04-10,260.0259704589844,-3.837862627880075e-05,0.002104942046312979,0.00148859666974449,0.0037884902957789277,0.0,0.0008938377476067769,0.0006897797214721517,0.0014289373035790485,0.017823541136969014,0.0011525118089762284,0.0016135271906224293
2026-04-13,260.0159912109375,-0.00492608008275582,-0.0022592677691670644,0.0011886809667624296,0.003999877725514101,0.0,0.0008936042849536627,0.0009113418676830712,0.000567819618286622,0.017823541136969014,0.0009221104651483173,0.0008562765152220922
2026-04-14,258.73828125,-0.0014285405616683605,-0.0015312631149912435,0.0010851544782045845,0.0008244343644323518,0.0,0.0008921471782016072,0.0010871156461989987,0.0008601214800229504,0.017823541136969014,0.0006859903715765528,0.0002993490139751086
2026-04-15,258.3689270019531,0.02894004962395038,0.00264686118919274,0.0010961770549578803,0.002087848555143922,0.0,0.0008915662801440678,0.0009613355136347133,0.0008033291146266782,0.017823541136969014,0.0010130571885044995,0.0013279358136645786
2026-04-16,265.95538330078125,-0.011437735816536928,-0.0006994137538561622,0.00134633366681461,0.004200147496753467,0.0,0.0008985854201199954,-0.00013079376076157248,-1.757106993527716e-05,0.017823541136969014,0.0010140488673099544,0.0011885738106399044
2026-04-17,262.9307861328125,0.02559968620376182,-0.003124997332901511,0.0011334097904860724,0.001793965230982102,0.0,0.000895499025014502,0.001321290818908218,0.001768125119702024,-0.017823541136969014,0.000667498081821568,0.00022199312194308202
2026-04-20,269.7486267089844,0.01038135123703852,0.003300187769820467,0.0013388996290667153,0.006444059622153042,0.0,0.0009016781613773702,-1.066606777311047e-05,-0.0008636044236859572,-0.017823541136969014,0.0014159435932471136,0.002395277900458398
2026-04-21,272.5635681152344,-0.025519586387523795,0.0046460800229797105,0.0011196880077296023,0.0015282234466888595,0.0,0.0009040486722740096,0.000536622727101465,0.0009577880723873593,0.017823541136969014,0.0010816105712724274,0.0015701178349921399
2026-04-22,265.69586181640625,0.025959176283094874,-0.0009808976700385402,0.0010408283259753413,-2.736027289406708e-05,0.0,0.0008974427635090602,0.0018277088367433607,0.001283097774793217,-0.017823541136969014,0.000647094348479329,0.00021347087977828267
2026-04-23,272.68341064453125,0.0009511674218491973,0.002834630667364538,0.0016996011165950247,0.0031604116445453374,0.0,0.0009037066309221034,-2.3594216136105478e-05,-0.0007386528571344283,0.017823541136969014,0.001135611843796074,0.001619524059379692
2026-04-24,272.9429016113281,-0.008705470074050698,0.00015697601041311825,0.0014261627573961448,0.0017930287554958093,0.0,0.0009037184901902011,0.0008757553554044893,0.001717613805864623,0.017823541136969014,0.0008711866130231094,0.0008284630796744508
2026-04-27,270.5771179199219,-0.012809478192957056,-2.0479920406986363e-05,0.001226348741101327,0.0027675130355614705,0.0,0.0009013179934217172,0.0012230318156235544,0.0007257791551695673,0.017823541136969014,0.0009328584217311406,0.0009974971448708599
2026-04-28,267.1332702636719,0.011517458457321562,-0.0024705236081158637,0.0006887972044390255,0.0001443847763984889,0.0,0.0008978937186498943,0.0013706220521680287,0.0011537643656601962,-0.017823541136969014,0.0005533497591272785,-3.4531036364738015e-05
2026-04-29,270.2277526855469,-0.001996724264136533,-0.002784870155311616,0.0006492506361154329,0.0007167687657735059,0.0,0.0009005452953636701,0.00049576551421999,0.0004929400135980202,-0.017823541136969014,0.0005818895596835435,3.0164390394136673e-05
2026-04-30,269.688720703125,0.0043581821011512215,0.0002514468292240381,0.0006100822700302069,0.0003752105794649945,0.0,0.0008998220628226066,0.000981768798515821,0.0015424404173023302,-0.017823541136969014,0.0007306825187614061,0.0005042026499698162
2026-05-01,270.8666381835937,0.0318800165037191,0.0007660580692553792,0.0003555843001760464,0.0032647402193109543,0.0,0.0009006851424428533,0.0007532307190344522,0.0005727263672500021,0.017823541136969014,0.0009758822781068771,0.0012086002316337254
2026-05-04,279.6409912109375,-0.011886113152468937,0.006850659418131097,0.0011289138582591968,0.004796222908296954,0.0,0.0009084145165349881,-0.00023652220832946216,-0.00015091700802979122,0.017823541136969014,0.0014578724936717255,0.0026734108684119988
2026-05-05,276.3368225097656,0.026204377379577502,0.004737788003591737,0.0010631763865415235,0.0001249504533369141,0.0,0.0009052230653828295,0.0013374155718702129,0.0016048662336131387,0.017823541136969014,0.0009574757004960997,0.001281916214671794
2026-05-06,283.6737670898437,0.011649901959170013,0.0022311760735601828,0.001112975980364432,0.0025582073116860713,0.0,0.000911532081421282,-3.241225128182521e-05,-0.0010221195532657274,0.017823541136969014,0.0010181408188743488,0.001354796846132783
2026-05-07,286.99786376953125,-0.00024353409135020537,-0.0015514718311328104,0.0009610481042223593,0.0036022968718945,0.0,0.0009142093115079808,0.0004910025198008169,0.0008890469696401366,0.017823541136969014,0.0008976663285177221,0.0008886661358252236
2026-05-08,286.927978515625,0.020249955441262655,0.0005169165849368648,0.0016110701874335422,0.0011727360506939874,0.0,0.0009139207413676871,0.0009187197633258188,0.00036762182918030596,0.017823541136969014,0.0008123669850081509,0.0007680924294173521
2026-05-11,292.7974853515625,-0.001263410870084823,-0.0002081955538633212,0.0015411970583038418,0.004531119605872416,0.0,0.0009187390904082789,0.0001817234221621354,-0.0002628001494816661,-0.017823541136969014,0.001060603997126407,0.001357323514376351
2026-05-12,292.42779541015625,0.007217267345543894,0.0027058263159454895,0.0020412021959242497,0.0003451263708657054,0.0,0.0009181954556398451,0.0009553970433551211,0.0010492868003345976,0.017823541136969014,0.0008874333255410379,0.0010047558208846077
2026-05-13,294.54595947265625,0.013711552929013165,0.0020502105454529955,0.0017632559528828157,0.0011443489715210766,0.0,0.0009197643402948649,0.0006504109742155315,8.284773934285586e-05,-0.017823541136969014,0.0009090086091428392,0.0010460842584800836
2026-05-14,298.6124572753906,-0.002210734971933149,-0.0019855360823171453,0.0017531427612869409,0.001990326027120148,0.0,0.0009229495466167569,0.0004168604748790393,0.00040755797470195924,0.017823541136969014,0.000759046880980093,0.0004977230831822086
2026-05-15,297.9530334472656,0.006750980136725528,-0.002440467544196667,0.0017477470051951874,0.002136680200892584,0.0,0.0009221694409362615,0.0009894651504896983,0.000924995131615541,0.017823541136969014,0.0007385875048664008,0.0004467065215629816
2026-05-18,299.9713134765625,-0.007992516349121775,0.0020083436291999587,0.0019180527479707007,0.0013166750685292131,0.0,0.0009236201155743375,0.0006671798103028988,0.00024958207829211697,-0.017823541136969014,0.0009306009775008945,0.0010824456226290165
2026-05-19,297.5833435058594,0.003786811276571553,0.0015689522871454242,0.0016853266380112784,6.693067104591055e-05,0.0,0.0009214016193153934,0.0011973922442925981,0.0012297173042750769,0.017823541136969014,0.0007864043496688686,0.0007234754402231281
2026-05-20,298.7123718261719,0.010911313869409937,0.0004533659358981998,0.001291055053977386,0.00031713130468705684,0.0,0.0009221144077873476,0.0007737786206737883,0.00048803075610710057,-0.017823541136969014,0.000741527964790513,0.000558189269696849
2026-05-21,301.98956298828125,0.009024403912911677,-0.0011640939284470208,0.0008373834088373277,0.0020310664290543153,0.0,0.0009245986653008077,0.0005175639660061597,0.0007524367340609297,0.017823541136969014,0.0007821326258506765,0.0006148202435628655
2026-05-22,304.7271728515625,0.012479664098423927,0.0023311526666164534,0.0008128876429336792,0.0016306485274640455,0.0,0.0009266125403002137,0.0005854218938535134,0.0006756578533604364,-0.017823541136969014,0.0009294856544769599,0.0011598555847655997
2026-05-26,308.55389404296875,-0.0015879959853538459,0.0016388054367744592,0.0008175077391678837,0.0029615538903005473,0.0,0.000929484290625375,0.00046116223029360015,0.0003035374768513674,-0.017823541136969014,0.001005046328029551,0.0013215132605830353
2026-05-27,308.0643005371094,0.008139921177528297,-0.0010511505643134237,0.0009497631231070507,0.0007426259534986906,0.0,0.0009288586742546047,0.0009670699232699241,0.0008059131363611255,0.017823541136969014,0.000674604898512104,0.00036263113063256095
2026-05-28,310.5821533203125,0.0053259869555545925,0.0004706910982612716,0.0005959274403989777,0.0017148718287434573,0.0,0.0009306502425783994,0.0006172300707265951,0.0001836019014501329,-0.017823541136969014,0.0008241275075333227,0.0008318495242902982
2026-05-29,312.24072265625,-0.0014410019964428765,-0.0007870363147128248,0.000581500512317463,0.0029136082576608673,0.0,0.0009317419804604104,0.0007184260736117848,0.0007546563426960153,0.017823541136969014,0.0008505910914959786,0.0008619048277853343
2026-06-01,311.7911071777344,-0.018597851122449393,0.0007329713275963237,0.0007221881595051574,0.0021983348678986762,0.0,0.0009311527716258181,0.0009617836575108381,0.0008006861534495229,0.017823541136969014,0.0008698943005324268,0.0009890109857775707
2026-06-02,306.0460510253906,0.028609745520348374,0.001914277238842738,0.0009724111692267688,-1.4757227762990117e-05,0.0,0.0009263044588417875,0.001578786194421008,0.0013850121689618618,-0.017823541136969014,0.0007597126738545361,0.0007369829208721474
2026-06-03,314.92840576171875,-0.015796757454885936,0.0020797997396189817,0.0004944336560766238,0.0006812540086012652,0.0,0.0009331755040295529,-0.00011891521194544073,-0.00035373493293577103,-0.017823541136969014,0.0008144901101978556,0.0008958379906036433
2026-06-04,309.9926452636719,0.003121575198772482,-0.0005442728709850199,0.0009783444824326055,-3.741886701622097e-07,0.0,0.0009290241559007898,0.0014780519694874844,0.002328700007900768,-0.017823541136969014,0.0006267544861190669,0.00029553092450950965
2026-06-05,310.9618225097656,-0.012577593355441377,-0.0028343114315828874,0.00014060315240201158,0.000714899400285624,0.0,0.000929568078263199,0.0007977021479270548,1.6657748664085045e-05,-0.017823541136969014,0.0005361731304570049,-1.5667446511372389e-06
