Date,Open,High,Low,Close,Volume,SP500,VIX,TNX_Yield,SMA_20,SMA_50,EMA_12,EMA_26,MACD,MACD_Signal,MACD_Hist,RSI_14,BB_Upper,BB_Lower,BB_Width,ATR_14,Log_Return,Volatility_20,OBV,Volume_Ratio,Close_Lag_1,Close_Lag_3,Close_Lag_5,Return_1d,Return_5d,Corr_SP500_20,SP500_Return_1d,VIX_Change,DayOfWeek
2020-03-13,63.94537376560975,67.57366791219874,61.06301183278901,67.1029281616211,370732000,2711.02001953125,57.83000183105469,0.9509999752044678,70.64275169372559,73.73338760375977,67.94753950246795,70.59021150864415,-2.6426720061761984,-2.022674910362275,-0.6199970958139231,45.06856997258929,80.59346690554727,60.6920364819039,0.28171935473191656,4.686499359997342,0.11315740423547227,0.05482802177060356,-1355084000.0,1.5239439141679691,59.92359161376953,68.88207244873047,69.77285766601562,0.1198081816277825,-0.038266019104087445,0.9447859514013238,0.09287124972971839,-17.639999389648438,4
2020-03-16,58.40757727472599,62.5428168089279,57.93684117686896,58.47034454345703,322423600,2386.1298828125,82.69000244140625,0.7279999852180481,69.64406547546386,73.45611694335938,66.48950950877395,69.69244358529696,-3.2029340765230074,-2.258726743594422,-0.9442073329285856,40.052903765068685,80.28350496524774,59.00462598567997,0.3055375764509969,5.058433002829111,-0.13770798697395378,0.061975003073335026,-1677507600.0,1.2624906553554114,67.1029281616211,66.4897689819336,64.25438690185547,-0.12864689894563186,-0.09001785928224948,0.9553336956311681,-0.11984055240393443,24.860000610351562,0
2020-03-17,59.74978379495811,62.187957132183904,57.55059758461941,61.04129409790039,324056000,2529.18994140625,75.91000366210938,0.996999979019165,68.84574375152587,73.2443302154541,65.65132252248571,69.05161769734165,-3.400295174855941,-2.4870404298467257,-0.9132547450092154,41.5930617031675,79.55458647958699,58.136901023464766,0.31109672565121393,5.193446317745088,0.04303089274513518,0.0632895114272785,-1353451600.0,1.2276561623220452,58.47034454345703,59.92359161376953,68.88207244873047,0.04397014545608746,-0.11382901344418805,0.956534716893212,0.05995484974402432,-6.779998779296875,1
2020-03-18,57.88131450093201,60.350871115595204,57.24159305699179,59.5469970703125,300233600,2398.10009765625,76.44999694824219,1.2660000324249268,67.91694316864013,72.99124214172363,64.71219552984368,68.34757172496913,-3.6353761951254455,-2.71670758290247,-0.9186686122229757,43.99890230283304,78.45881325810446,57.375073079175806,0.31043417437938853,5.125337836912617,-0.024784720070003343,0.06304824374812522,-1653685200.0,1.0946418719504218,61.04129409790039,67.1029281616211,66.4897689819336,-0.02448010071987139,-0.10441864993556471,0.958357804390261,-0.051830762729157875,0.5399932861328125,2
2020-03-19,59.72081496454535,61.03646337436918,58.56690646649194,59.09075164794922,271857200,2409.389892578125,72.0,1.11899995803833,67.00540294647217,72.73582038879394,63.847358009552224,67.66188134889357,-3.814523339341349,-2.936270734190246,-0.8782526051511033,43.66128618472241,77.27245981653269,56.73834607641166,0.30645459675132286,4.921696564425133,-0.00769144183052544,0.0630581057803637,-1925542400.0,0.9611688861767175,59.5469970703125,58.47034454345703,59.92359161376953,-0.007661938381620659,-0.013898365291391102,0.9587496909888066,0.0047078080405855705,-4.4499969482421875,3
2020-03-20,59.67011183513416,60.7926402539027,55.03999474688709,55.33933639526367,401693200,2304.919921875,66.04000091552734,0.9380000233650208,65.99380149841309,72.38225036621094,62.538431607353985,66.74910024121728,-4.210668633863293,-3.1911503141248554,-1.0195183197384372,33.86071306680607,76.68530148323495,55.30230151359124,0.32401527846759814,4.848414138003439,-0.06559044279349162,0.06410881834564057,-2327235600.0,1.3550246188899229,59.09075164794922,61.04129409790039,67.1029281616211,-0.0634856580440154,-0.17530668316029618,0.9578975047821562,-0.04335951230846191,-5.959999084472656,4
2020-03-23,55.05931255400759,55.16070158535809,51.32479999006741,54.16370391845703,336752800,2237.39990234375,61.59000015258789,0.7639999985694885,65.10290260314942,71.9741488647461,61.250011962908296,65.81684866175355,-4.566836698845258,-3.466287591068936,-1.1005491077763216,34.60242510354844,76.6303188725225,53.57548633377633,0.35412910357134925,4.821342000476392,-0.02147296815922108,0.06365695037834235,-2663988400.0,1.114429570357631,55.33933639526367,59.5469970703125,58.47034454345703,-0.021244065313859806,-0.07365512651972095,0.9629548422167287,-0.02929386782180443,-4.450000762939453,0
2020-03-24,57.05813231967632,59.79323446043245,56.56084169108887,59.59769821166992,287531200,2447.330078125,61.66999816894531,0.8159999847412109,64.6056116104126,71.67135566711426,60.99580984733316,65.35617085063625,-4.360361003303083,-3.6451022735157657,-0.7152587297873176,37.304542342757394,76.18443566528913,53.02678755553607,0.35844638774413684,4.9806685507831725,0.09560593800021513,0.06797763777214103,-2376457200.0,0.9426698601839525,54.16370391845703,59.09075164794922,61.04129409790039,0.10032538213032338,-0.02364949674748329,0.9677290076255987,0.09382773976227554,0.07999801635742188,1
2020-03-25,60.53192552123785,62.34245170831376,58.97487373705756,59.269386291503906,303602000,2475.56005859375,63.95000076293945,0.8579999804496765,64.03674411773682,71.33006156921387,60.73020622335943,64.90529792033014,-4.175091696970711,-3.7511001582067545,-0.4239915387639561,38.79644102189297,75.48306231569721,52.59042591977642,0.3574921978205325,5.025845250778199,-0.00552403142393174,0.06775740173813052,-2680059200.0,0.9784293206135781,59.59769821166992,55.33933639526367,59.5469970703125,-0.005508802017822334,-0.0046620449807198705,0.9679772891242338,0.011535011448221999,2.2800025939941406,2
2020-03-26,59.51079529315195,62.44625922344338,59.472169846872056,62.38832473754883,252087200,2630.070068359375,61.0,0.8109999895095825,63.85472526550293,71.07176177978516,60.98530137938857,64.71885546234634,-3.733554082957774,-3.7475909431569585,0.014036860199184709,43.06568987468234,75.28343542191945,52.42601510908641,0.3579597315279909,5.051193800358448,0.051285233012391296,0.06753996007116243,-2427972000.0,0.8214805153567629,59.269386291503906,54.16370391845703,59.09075164794922,0.05262309332350901,0.05580523174330021,0.9781609660582371,0.062414163303876835,-2.950000762939453,3
2020-03-27,61.01472792774082,61.767905586340525,59.63872886548187,59.8052978515625,204216800,2541.469970703125,65.54000091552734,0.7490000128746033,63.545487594604495,70.7682551574707,60.80376237510763,64.35488823191791,-3.5511258568102804,-3.708297925887623,0.1571720690773426,45.57840423999333,75.06525469506715,52.02572049414183,0.3625675885581144,4.798756129207743,-0.04228390443643786,0.06810805993978636,-2632188800.0,0.6904938450682272,62.38832473754883,59.59769821166992,55.33933639526367,-0.0414024081725618,0.08070139158157774,0.9865858496331111,-0.033687352562252526,4.540000915527344,4
2020-03-30,60.529517371062305,61.68342585318123,60.206033868463194,61.512027740478516,167976400,2626.64990234375,57.08000183105469,0.6700000166893005,63.014401054382326,70.4800984954834,60.91272627747239,64.14430597329277,-3.231579695820386,-3.6129542798741756,0.38137458405378943,42.22404125126409,73.82457574044795,52.2042263683167,0.3431017197715263,4.583391638962449,0.028138478838507872,0.06497714481856508,-2464212400.0,0.5851130642545104,59.8052978515625,59.269386291503906,54.16370391845703,0.0285381053222431,0.13566878352862122,0.9830544601010935,0.03351600948370015,-8.459999084472656,0
2020-03-31,61.70274302705608,63.3660094986333,60.8336888557072,61.38650131225586,197002000,2584.590087890625,53.540000915527344,0.6980000138282776,62.591583251953125,70.17262100219726,60.98561474436215,63.940024146549305,-2.954409402187153,-3.4812453043367713,0.5268359021496183,44.345179848415306,72.92834604247442,52.254820461431834,0.33029242123217073,4.53183484264346,-0.0020427660581598664,0.06473303786805554,-2661214400.0,0.7011745943319045,61.512027740478516,62.38832473754883,59.59769821166992,-0.002040681031557856,0.030014634025507858,0.9817094287404164,-0.016012721914555605,-3.5400009155273438,1
2020-04-01,59.505973395261975,60.04188955581618,57.726830460711994,58.15652847290039,176218400,2470.5,57.060001373291016,0.6349999904632568,61.84528522491455,69.81094856262207,60.550370702598805,63.51161705961235,-2.961246357013543,-3.3772455148721257,0.41599915785858244,47.88562853648569,71.09051216960395,52.60005828022515,0.29897919982313986,4.3202613932193055,-0.05405182046001985,0.06436166944961207,-2837432800.0,0.6320330998689511,61.38650131225586,59.8052978515625,59.269386291503906,-0.05261698859372199,-0.01877626694378376,0.9746330686926775,-0.04414243033166543,3.520000457763672,2
2020-04-02,58.018923255417455,59.18007364013517,57.1884945265853,59.1269645690918,165934000,2526.89990234375,50.90999984741211,0.6269999742507935,61.26603813171387,69.46324172973632,60.33138514359773,63.18682798624046,-2.8554428426427307,-3.2728849804262468,0.417442137783516,38.790895907661714,69.57664394430189,52.95543231912585,0.27129568243735036,3.916083022870781,0.016548931456002065,0.06444146133091379,-2671498800.0,0.5974650779584376,58.15652847290039,61.512027740478516,62.38832473754883,0.01668662352574235,-0.05227516818534095,0.9651730765707368,0.02282934723487151,-6.150001525878906,3
2020-04-03,58.61277240805976,59.31284110700112,57.68819653151743,58.2772216796875,129880000,2488.64990234375,46.79999923706055,0.5870000123977661,60.69125633239746,69.0911703491211,60.015359995303854,62.82315344501431,-2.8077934497104593,-3.1798666742830894,0.37207322457263015,49.65259697928318,68.06152184894964,53.320990815845285,0.24287734220515295,3.3774085650658923,-0.014475765387617356,0.06444593456176861,-2801378800.0,0.4758987407077363,59.1269645690918,61.38650131225586,59.8052978515625,-0.014371495232286868,-0.025550849619839777,0.9514905327107751,-0.015137125124949469,-4.1100006103515625,4
2020-04-06,60.568135335844495,63.51566994282337,60.201204676104986,63.361175537109375,201820400,2663.679931640625,45.2400016784668,0.6759999990463257,60.64659576416015,68.82520950317382,60.53010084788932,62.86300693331765,-2.332906085428327,-3.010474556512137,0.6775684710838101,53.827148466876324,67.93633683607396,53.356854692246344,0.24040066816814706,3.4203434733209908,0.0836399923777185,0.06518386977944451,-2599558400.0,0.751186087802172,58.2772216796875,58.15652847290039,61.512027740478516,0.08723740958972104,0.030061564616801206,0.9536041344266043,0.07033131865275055,-1.55999755859375,0
2020-04-07,65.37207245676143,65.58934152567265,62.52351377225885,62.627315521240234,202887200,2659.409912109375,46.70000076293945,0.7360000014305115,60.33385791778564,68.58965507507324,60.852749259174075,62.8455483102008,-1.9927990510267222,-2.806939455415054,0.8141404043883318,55.21243516626806,66.60090823674474,54.06680759882655,0.2077457180841622,3.367923952785648,-0.011649767521842904,0.06307288112892856,-2802445600.0,0.766917745698677,63.361175537109375,59.1269645690918,61.38650131225586,-0.01158217172658571,0.020213144298169006,0.934404757330377,-0.0016030527844311804,1.4599990844726562,1
2020-04-08,63.42635444288139,64.54405384793799,63.06184016051964,64.23023223876953,168895200,2749.97998046875,43.349998474121094,0.7639999985694885,60.22088108062744,68.34406181335449,61.37236202526569,62.94811749009477,-1.5757554648290863,-2.5607026572978606,0.9849471924687743,58.37200088288281,66.08947429646399,54.352287864790895,0.1949022701271777,3.328436911272828,0.025272473887329908,0.06298209246072826,-2633550400.0,0.6490635426287766,62.627315521240234,58.2772216796875,58.15652847290039,0.025594530185245823,0.10443717885773296,0.9283503414403145,0.03405645287963033,-3.3500022888183594,2
2020-04-09,64.86511208653789,65.19583364514321,63.899498254908295,64.69371032714844,161834800,2789.820068359375,41.66999816894531,0.7289999723434448,60.45938701629639,68.07570747375489,61.8833386870938,63.07742066320986,-1.1940819761160597,-2.2873785210615005,1.0932965449454408,67.06596394576903,66.65568393922189,54.2630900933709,0.20497385860876582,3.0101290457884926,0.007189976908980337,0.05820783322806277,-2471715600.0,0.6541906697221338,64.23023223876953,63.361175537109375,59.1269645690918,0.00721588685303165,0.09414901980215329,0.9338179798482693,0.014487410153376512,-1.6800003051757812,3
2020-04-13,64.77098966919036,66.07215841536981,64.17230617831575,65.9635238647461,131022800,2761.6298828125,41.16999816894531,0.7490000128746033,60.40241680145264,67.83501335144042,62.51105948365569,63.29120608554588,-0.7801466018901877,-1.985932137227238,1.2057855353370504,71.45367050512516,66.35779341308454,54.44704018982073,0.19719001083045004,2.8590801766354788,0.019437936623944843,0.052428791601737315,-2340692800.0,0.5566053221580769,64.69371032714844,62.627315521240234,58.2772216796875,0.019628083335711644,0.1318920491320823,0.957088662662684,-0.010104660822607414,-0.5,0
2020-04-14,67.59299170512948,69.58457092501276,67.12225185179103,69.29488372802734,194994800,2846.06005859375,37.7599983215332,0.7519999742507935,60.943643760681155,67.730112991333,63.55472475202056,63.73592294795191,-0.18119819593135134,-1.6249853489680608,1.4437871530367095,69.0904003348778,68.02141411562773,53.86587340573458,0.2322726347883033,2.7156170707991385,0.0492691550592427,0.0424654259113932,-2145698000.0,0.8514134713795187,65.9635238647461,64.23023223876953,63.361175537109375,0.0505030609054784,0.09364895996038958,0.9570340641112887,0.030572589146256046,-3.4099998474121094,1
2020-04-15,68.17235803124424,69.12107217268907,67.74507641878203,68.66240692138672,131154400,2783.360107421875,40.84000015258789,0.6380000114440918,61.32469940185547,67.61665794372558,64.34052200884612,64.10084768672486,0.23967432212126027,-1.2520534147501967,1.491727736871457,68.27277198729652,69.20025998403165,53.44913881967929,0.25684791475513996,2.585776309226932,-0.009169232520274963,0.0418303191067173,-2276852400.0,0.5978419518449564,69.29488372802734,64.69371032714844,62.627315521240234,-0.009127323297388079,0.09636516190925781,0.9525431021267434,-0.022030438529415775,3.0800018310546875,2
2020-04-16,69.37457690786023,69.57252965409329,68.16031693419549,69.2080078125,157125200,2799.550048828125,40.11000061035156,0.609000027179718,61.80774993896485,67.46503303527832,65.08936597863902,64.47915584418969,0.610210134449332,-0.8796007049102911,1.489810839359623,64.74277766443277,70.37863981828723,53.23686005964246,0.2773402975447622,2.459729151223955,0.007914732690638134,0.04120291322208413,-2119727200.0,0.7403732748794554,68.66240692138672,65.9635238647461,64.23023223876953,0.00794613698494362,0.07749895026420073,0.9572788156788248,0.005816689462164515,-0.7299995422363281,3
2020-04-17,68.72516178272222,69.27073604048029,66.83496828577375,68.26890563964844,215250000,2874.56005859375,38.150001525878906,0.6539999842643738,62.2666576385498,67.28210243225098,65.57852592648662,64.75987805126071,0.8186478752259063,-0.5399509888830516,1.358598864108958,69.69657800671715,71.20019299138643,53.33312228571317,0.28694443195248054,2.437312857126782,-0.013662174347209493,0.04134031149536396,-2334977200.0,1.0279667119306317,69.2080078125,69.29488372802734,64.69371032714844,-0.01356927041442657,0.05526341423950898,0.9644874201140472,0.026793594848223412,-1.9599990844726562,4
2020-04-20,67.09811926901436,67.99854979022932,66.83257389218826,66.85188293457031,130015200,2823.159912109375,43.83000183105469,0.6259999871253967,62.842284965515134,67.05272102355957,65.77442700465335,64.91484137595032,0.8595856287030301,-0.2600436653658353,1.1196292940688655,62.59681282802255,71.37084788565728,54.313722045372984,0.27142752447089474,2.4057559818297425,-0.020974931703410606,0.038296324873732066,-2464992400.0,0.6639863819036042,68.26890563964844,68.66240692138672,65.9635238647461,-0.02075648777142791,0.013467428933083392,0.9611579674522087,-0.01788104803401469,5.680000305175781,0
2020-04-21,66.69498771411664,66.92914950571688,64.07575712569414,64.78548431396484,180991600,2736.56005859375,45.40999984741211,0.5709999799728394,63.37337398529053,66.80330375671387,65.62228197531665,64.9052593713588,0.717022603957858,-0.06463041150109664,0.7816530154589546,57.34561539086817,70.88918153474889,55.85756643583217,0.23719133373592632,2.4286896773366458,-0.03139789894753646,0.038779370990980076,-2645984000.0,0.9626087332980963,66.85188293457031,69.2080078125,69.29488372802734,-0.030910103498923203,-0.06507550300194254,0.9533805951234391,-0.030674795694063395,1.5799980163574219,1
2020-04-22,66.05038970065308,67.08601248995713,65.71001734346707,66.6514892578125,116862400,2799.31005859375,41.97999954223633,0.6190000176429749,63.72606353759765,66.58386756896972,65.7806215572391,65.03460973331833,0.7460118239207674,0.09749803558327616,0.6485137883374912,69.50876250538113,71.15739817169452,56.294728903500776,0.23322748092583723,2.33160805765439,0.02839582006412605,0.033416396237333966,-2529121600.0,0.651085579057025,64.78548431396484,68.26890563964844,68.66240692138672,0.028802824638997526,-0.029287025517130028,0.9600992974926547,0.022930247703843776,-3.4300003051757812,2
2020-04-23,66.59598178954948,68.01543553598502,66.35457829164004,66.39320373535156,124814400,2797.800048828125,41.380001068115234,0.6129999756813049,64.08225440979004,66.36863243103028,65.87486496925641,65.13524632606153,0.7396186431948735,0.22592215710559566,0.5136964860892779,67.25126644769911,71.29381989599443,56.87068892358564,0.22507215305155256,2.307985066996898,-0.003882692967721316,0.03338966181820829,-2653936000.0,0.7318382570749689,66.6514892578125,66.85188293457031,69.2080078125,-0.0038751650613817468,-0.040671652979440975,0.9602188846211664,-0.0005394221197431159,-0.5999984741210938,3
2020-04-24,66.91704122865521,68.31959472449138,66.86875759043463,68.3099365234375,126161200,2836.739990234375,35.93000030517578,0.5960000157356262,64.37833499908447,66.15508674621582,66.24949136220735,65.3704085629042,0.8790827993031485,0.35655428554510626,0.5225285137580422,72.67074588196596,71.7807860672821,56.97588393088685,0.22996714867829035,2.32953838225805,0.02846054164005532,0.032114404122637184,-2527774800.0,0.7680913440411327,66.39320373535156,64.78548431396484,68.26890563964844,0.02886941253394215,0.0006010186248721627,0.9620834678323473,0.013918057304545428,-5.450000762939453,4
2020-04-27,68.02749402346188,68.68894453234053,67.58090350335026,68.35822296142578,117087600,2878.47998046875,33.290000915527344,0.656000018119812,64.80598125457763,65.95375587463379,66.57391160824095,65.59172814797988,0.9821834602610693,0.4816801204882989,0.5005033397727704,64.61865390349773,72.0832212124978,57.52874129665745,0.22458544156080168,2.034509294104793,0.0007066231107445741,0.03019733343654318,-2410687200.0,0.7322716458907143,68.3099365234375,66.6514892578125,66.85188293457031,0.0007068728276700131,0.02253249962053827,0.9596750603396936,0.014714069804799612,-2.6399993896484375,0
2020-04-28,68.81931364694016,69.00036629064134,67.1584635837108,67.25019073486328,112004800,2863.389892578125,33.56999969482422,0.6100000143051147,65.09288940429687,65.72987831115722,66.67795455079823,65.71457722848976,0.9633773223084745,0.5780195608523341,0.3853577614561404,63.2342968046812,72.27516665901695,57.9106121495768,0.22067778279468914,1.9470860764988456,-0.016342007927391607,0.030171982107361116,-2522692000.0,0.7129621531349066,68.35822296142578,66.39320373535156,64.78548431396484,-0.016209201739895374,0.03804411508222927,0.9557950456162984,-0.005242380698498916,0.279998779296875,1
2020-04-29,68.73482721743544,69.92736120107678,68.53204914375017,69.45903778076172,137280800,2939.510009765625,31.229999542236328,0.6269999742507935,65.49651622772217,65.57890449523926,67.10581350925415,65.9919446768062,1.1138688324479489,0.685189415171457,0.42867941727649184,64.46704043636487,72.70903316751283,58.2839992879315,0.22024123892983125,2.0014026578928275,0.03231733968191244,0.030754871570594457,-2385411200.0,0.8907873091579773,67.25019073486328,68.3099365234375,66.6514892578125,0.03284521607688684,0.042122817572604054,0.9544097253551802,0.026583916282167053,-2.3400001525878906,2
2020-04-30,69.99737340670072,71.1005894315717,69.6087172156617,70.92436218261719,183064000,2912.429931640625,34.150001525878906,0.621999979019165,66.13490791320801,65.43493156433105,67.69328253592538,66.3573089364959,1.3359735994294795,0.8153462520230614,0.520627347406418,66.33344986787863,72.8553733649666,59.41444246144943,0.2032350437556568,2.026060962219618,0.020876793445592935,0.02741415735781353,-2202347200.0,1.1852328369008671,69.45903778076172,68.35822296142578,66.39320373535156,0.021096238137944923,0.06824732340567818,0.9439794173335798,-0.009212446303987654,2.920001983642578,3
2020-05-01,69.10176434791705,72.1796595284793,69.00520440389795,69.78252410888672,240616800,2830.7099609375,37.189998626708984,0.6420000195503235,66.66768589019776,65.28415092468262,68.01470431638097,66.61102857889522,1.4036757374857558,0.9330121491156003,0.47066358837015554,60.079010953608254,72.70352450564454,60.63184727475098,0.18107239016479004,2.1171040256144247,-0.0162303803241402,0.027971422033251765,-2442964000.0,1.5210795142848221,70.92436218261719,67.25019073486328,68.3099365234375,-0.016099377401385007,0.021557443329550896,0.9162977337596685,-0.028059034078492195,3.039997100830078,4
2020-05-04,69.80666159250394,70.89780288941466,69.11866006272429,70.76985931396484,133568000,2842.739990234375,35.970001220703125,0.6370000243186951,67.29231777191163,65.188120803833,68.43857431600927,66.9190901148263,1.5194842011829621,1.0503065595290728,0.4691776416538893,54.442352906573824,72.14105150543537,62.44358403838788,0.14410957726136298,1.985539437501833,0.014049586665043573,0.02747258124109244,-2309396000.0,0.8433783171304022,69.78252410888672,69.45903778076172,68.35822296142578,0.014148745945869123,0.03527938919506335,0.8304331455449759,0.004249827591976452,-1.2199974060058594,0
2020-05-05,71.2285148811078,72.66245223551824,71.08367131021836,71.83202362060547,147751200,2868.43994140625,33.61000061035156,0.6570000052452087,67.71586017608642,65.18512763977051,68.9606434397933,67.28301111525438,1.6776323245389193,1.175771712531042,0.5018606120078772,59.305446797988076,72.59850022874429,62.83322012342857,0.14420964423877003,2.010024124095268,0.014897193897210425,0.021355692845239034,-2161644800.0,0.9491362191807855,70.76985931396484,70.92436218261719,67.25019073486328,0.01500871016188432,0.06813115079191756,0.79125980397239,0.009040556385797371,-2.3600006103515625,1
2020-05-06,72.53210878963873,73.20321036598678,72.14827802802382,72.57315063476562,142333600,2848.419921875,34.119998931884766,0.7110000252723694,68.2131519317627,65.2457202911377,69.51641377748135,67.67487330188484,1.8415404755965028,1.3089254651441342,0.5326150104523686,59.76734257136681,72.93699577334763,63.48930809017775,0.13850243560979142,2.0070936973440903,0.010264639411155215,0.0209459208692421,-2019311200.0,0.9324702387503682,71.83202362060547,69.78252410888672,69.45903778076172,0.010317501537678408,0.04483380354091859,0.6777392563293789,-0.006979410390386298,0.5099983215332031,2
2020-05-07,73.19836352852457,73.66910326152602,72.89660917840814,73.32389068603516,115215200,2881.18994140625,31.440000534057617,0.6309999823570251,68.66783485412597,65.29926338195801,70.10217945572039,68.09331903404413,2.0088604216762604,1.4489124564505595,0.5599479652257009,64.83432241204753,73.52616677869895,63.80950292955299,0.14150240603606457,1.911392616776509,0.01029145856044284,0.020535855013848497,-1904096000.0,0.7683193311382216,72.57315063476562,70.76985931396484,70.92436218261719,0.010344597756927199,0.033832218289670646,0.6416235536686691,0.011504630788313985,-2.6799983978271484,3
2020-05-08,73.98229650289032,75.1223827731926,73.65551811313698,75.06912994384766,133838400,2929.800048828125,27.979999542236328,0.6819999814033508,69.18660583496094,65.48007194519043,70.86632568466304,68.61004576810365,2.256279916559393,1.6103859484723262,0.6458939680870668,73.65852415581288,74.45651134960251,63.91670032031938,0.15233889424240576,1.937261212469171,0.023522935565029456,0.020881534502027604,-1770257600.0,0.9009191181172665,73.32389068603516,71.83202362060547,69.78252410888672,0.023801781949698064,0.07575830628757219,0.6889588342906785,0.016871538638701944,-3.460000991821289,4
2020-05-11,74.57775917368724,76.74416477518758,74.36958632362644,76.25037384033203,145946400,2930.18994140625,27.56999969482422,0.7260000109672546,69.70094833374023,65.68527839660645,71.6946407855352,69.17599599567612,2.5186447898590814,1.7920377167496773,0.7266070731094041,84.78171708119159,75.61496632062895,63.78693034685151,0.1696969159894748,1.9030602175790574,0.015612896713210282,0.020783121340795744,-1624311200.0,0.9775129635012638,75.06912994384766,72.57315063476562,70.76985931396484,0.015735414775260637,0.07744136528593781,0.7059377375203104,0.00013307822091168653,-0.4099998474121094,0
2020-05-12,76.93296900656856,77.38319884408511,75.25793879153254,75.37896728515625,162301200,2870.1201171875,33.040000915527344,0.6779999732971191,70.00515251159668,65.75018257141113,72.26146024701536,69.63547535045242,2.62598489656294,1.9588271527123298,0.6671577438506104,78.17750977899954,76.43466258004015,63.5756424431532,0.18368676698128467,1.8905410659047928,-0.01149403067170918,0.018648355210454735,-1786612400.0,1.0990869316482688,76.25037384033203,73.32389068603516,71.83202362060547,-0.011428226660245677,0.049378306300886576,0.6776515159481373,-0.020500317528877154,5.470001220703125,1
2020-05-13,75.55809041384309,76.47791143801962,73.39410026175051,74.46883392333984,200622400,2820.0,35.279998779296875,0.6489999890327454,70.29547386169433,65.84270210266114,72.60105619721912,69.99350191140704,2.6075542858120855,2.088572579332281,0.5189817064798046,75.01984353039452,76.98866136400378,63.60228635938489,0.19043011262654616,1.9921806324708018,-0.012147586368937686,0.018772281336116817,-1987234800.0,1.3273723370498256,75.37896728515625,75.06912994384766,72.57315063476562,-0.012074102293991418,0.026121000287206764,0.5993916888683775,-0.01746272460422804,2.2399978637695312,2
2020-05-14,73.70877656980059,74.98683718466037,72.98744407851115,74.92632293701172,158929200,2852.5,32.61000061035156,0.6190000176429749,70.58138961791992,65.87957878112793,72.9587895418026,70.35889606145183,2.5998934803507723,2.190836759535979,0.4090567208147933,72.5365937070726,77.56138101177898,63.60139822406087,0.19778560415554358,1.9973950694000453,0.006124568604938247,0.01875719068431624,-1828305600.0,1.0508916324456772,74.46883392333984,76.25037384033203,73.32389068603516,0.006143362123043561,0.02185416289266473,0.5685480024875638,0.01152482269503552,-2.6699981689453125,3
2020-05-15,72.70182424718615,74.52935171327063,72.6679327201148,74.48336029052734,166348400,2863.699951171875,31.889999389648438,0.6399999856948853,70.89211235046386,65.95500785827636,73.19333888776025,70.66441193027224,2.528926957488011,2.2584547991263855,0.2704721583616254,70.31705203657927,77.99093582565853,63.7932888752692,0.20027117939724404,2.0795628685362337,-0.005929521230037733,0.018451840358376822,-1994654000.0,1.1180256639597215,74.92632293701172,75.37896728515625,75.06912994384766,-0.005911976313808465,-0.007803069700667575,0.5818733066493086,0.0039263632504382695,-0.720001220703125,4
2020-05-18,75.80498930633232,76.61103581678174,75.11512542110488,76.23826599121094,135178400,2953.909912109375,29.299999237060547,0.7440000176429749,71.3614315032959,66.08431602478028,73.66178921136805,71.07729000886029,2.5844992025077573,2.32366367980266,0.26083552270509713,78.58664988151227,78.57575710040152,64.14710590619029,0.2021911681178204,2.099975212773652,0.023287766371810036,0.017899909190310048,-1859475600.0,0.9069588005834448,74.48336029052734,74.46883392333984,76.25037384033203,0.023561043618849364,-0.0001587906853603993,0.6202871466485489,0.03150119163168075,-2.5900001525878906,0
2020-05-19,76.25520568719914,77.09998213452099,75.76625327530091,75.79772186279297,101729600,2922.93994140625,30.530000686645508,0.7110000252723694,71.9120433807373,66.31518272399903,73.99039423466418,71.4269516276701,2.563442606994073,2.3716194652409426,0.19182314175313042,72.71530247553555,78.680312499054,65.1437742624206,0.18823743006389596,2.0040150979884075,-0.005795277389482411,0.015838549080499323,-1961205200.0,0.7011835318752684,76.23826599121094,74.92632293701172,75.37896728515625,-0.005778517161824648,0.005555323888327912,0.5431185542088712,-0.010484399194493177,1.230001449584961,1
2020-05-20,76.65459330065981,77.3420341535439,76.61586330214624,77.27184295654297,111504800,2971.610107421875,27.989999771118164,0.6800000071525574,72.44306106567383,66.48297813415527,74.49523249956862,71.85990654091995,2.6353259586486644,2.424360763922487,0.21096519472617725,72.73249399293634,79.13963353937199,65.74648859197568,0.18487823057690297,1.997069429412761,0.01926139491260022,0.015338699335975047,-1849700400.0,0.7699819673152237,75.79772186279297,74.48336029052734,74.46883392333984,0.019448092337371436,0.03764002852641157,0.5483160465801772,0.01665110025908012,-2.5400009155273438,2
2020-05-21,77.1338698714014,77.67365953830173,76.45852890117943,76.69574737548828,102688800,2948.510009765625,29.530000686645508,0.6769999861717224,72.95818824768067,66.68709770202636,74.8337732497101,72.2181169731102,2.615656276599907,2.4626198664579713,0.1530364101419357,75.80425976889991,79.26919518398971,66.64718131137163,0.17300338969175727,1.8571176803085427,-0.007483370601513989,0.015498306124687371,-1952389200.0,0.7145629619506259,77.27184295654297,76.23826599121094,74.92632293701172,-0.0074554398990933635,0.023615524813142885,0.5006635108276108,-0.007773596407737116,1.5400009155273438,3
2020-05-22,76.43432078527125,77.27184315466477,76.33266100253039,77.18954467773438,81803200,2955.449951171875,28.15999984741211,0.6570000052452087,73.40216865539551,67.03241676330566,75.1961996232523,72.58637087715643,2.6098287460958716,2.4920616423855515,0.11776710371032006,74.87870227847532,79.58436042668427,67.21997688410676,0.16844711497047377,1.7971204892688288,0.006417754296276794,0.014669362869773012,-1870586000.0,0.5781527315163745,76.69574737548828,75.79772186279297,74.48336029052734,0.0064383922074395805,0.03633273762960454,0.5010670180233073,0.002353711326488428,-1.3700008392333984,4
2020-05-26,78.30543299444078,78.48455279572174,76.61103413521022,76.66670989990234,125522000,2991.77001953125,28.010000228881836,0.6980000138282776,73.81759300231934,67.2236923980713,75.42243197350615,72.88861821217463,2.5338137613315155,2.500412066174744,0.03340169515677127,69.55361528910217,79.68107311361184,67.95411289102684,0.1588640288259812,1.7957580420515515,-0.006796432056776938,0.014908819772389843,-1996108000.0,0.8845036471805556,77.18954467773438,77.27184295654297,76.23826599121094,-0.006773388546529979,0.005619801331011365,0.5478655775294884,0.012289184036080147,-0.14999961853027344,1
2020-05-27,76.52390248864035,77.14598335609439,75.78562421645006,77.00074768066406,112945200,3036.1298828125,27.6200008392334,0.6800000071525574,74.30512084960938,67.59430046081543,75.66524977460736,73.1932203950257,2.472029379581656,2.4947355288561264,-0.022706149274470455,68.51690897093752,79.44638689171775,69.16385480750101,0.13838254977107403,1.7949846416417674,0.00434754777833878,0.01398552118656842,-1883162800.0,0.7956163234863382,76.66670989990234,76.69574737548828,75.79772186279297,0.004357012074704292,0.0158715300183927,0.583396422182878,0.014827297215913804,-0.3899993896484375,2
2020-05-28,76.67638285095582,78.29090607267398,76.4004417495467,77.03462982177734,133560800,3029.72998046875,28.59000015258789,0.7049999833106995,74.68390045166015,67.91416717529297,75.87592362801813,73.47776924145175,2.3981543865663753,2.475419300398176,-0.0772649138318009,66.50876599881337,79.42234671777618,69.94545418554412,0.1268933796296039,1.8517354770965448,0.0004399267520111688,0.012675880513827077,-1749602000.0,0.9420724821542662,77.00074768066406,77.18954467773438,77.27184295654297,0.00044002353397654126,-0.0030698521698133696,0.7310527445264557,-0.0021079145460738413,0.9699993133544922,3
2020-05-29,77.27668877080987,77.73659554294788,76.60377068012559,76.9595947265625,153532400,3044.31005859375,27.510000228881836,0.6480000019073486,74.98566207885742,68.26241912841797,76.04264225856342,73.73568224034885,2.3069600182145678,2.4417274439614545,-0.13476742574688672,59.8785961292051,79.47833685766365,70.49298730005118,0.11982756847786678,1.8041878182154625,-0.0009745183804553065,0.012183501122851586,-1903134400.0,1.0943399992016924,77.03462982177734,76.66670989990234,76.69574737548828,-0.0009740436916285677,0.003440182280022297,0.78678046607046,0.004812335824971425,-1.0799999237060547,4
2020-06-01,76.91360886615988,78.02707250180976,76.78289602270274,77.90604400634766,80791200,3055.72998046875,28.229999542236328,0.6620000004768372,75.39183807373047,68.63872497558594,76.32931945053022,74.04459792671913,2.2847215238110863,2.410326259931381,-0.12560473612029455,58.86931843261243,79.33968248929692,71.44399365816402,0.10472869521248714,1.7234448201830241,0.012222996281452387,0.011317066840946613,-1822343200.0,0.6106411886669582,76.9595947265625,77.00074768066406,77.18954467773438,0.012298002388758666,0.009282336508197542,0.80328860499861,0.003751234813537785,0.7199993133544922,0
2020-06-02,77.63975136630202,78.29088502405892,77.19920603150173,78.26667785644531,87642800,3080.820068359375,26.84000015258789,0.6800000071525574,75.7666790008545,69.09727180480957,76.62737458990176,74.35734458818034,2.270030001721423,2.3822670082893893,-0.11223700656796609,66.36482024976695,79.26473591931735,72.26862208239164,0.0923376071009632,1.6496176016119253,0.004618405657692778,0.011137399206852696,-1734700400.0,0.6741273660045446,77.90604400634766,77.03462982177734,76.66670989990234,0.004629086930254989,0.020869135490904966,0.8334819627480575,0.008210832780053412,-1.3899993896484375,1
2020-06-03,78.58621141173712,78.95898118849432,78.01495316022684,78.69755554199219,104491200,3122.8701171875,25.65999984741211,0.7609999775886536,76.10995559692383,69.58794883728028,76.94586396714644,74.6788416958701,2.267022271276332,2.3592180608867777,-0.09219578961044572,75.34090877918402,79.31766533516115,72.9022458586865,0.08429146261036512,1.4967759481832377,0.005490152227702982,0.01089495452876364,-1630209200.0,0.8173191769551961,78.26667785644531,76.9595947265625,77.00074768066406,0.0055052507318271715,0.02203625175647761,0.8848484634818358,0.013648979133831007,-1.1800003051757812,2
2020-06-04,78.52085794063949,78.81858326292213,77.64702850562604,78.0197982788086,87560400,3112.35009765625,25.809999465942383,0.8199999928474426,76.38228797912598,69.95639083862305,77.11108463047907,74.92631996127297,2.1847646692061033,2.324327382550643,-0.13956271334453962,68.06106413230562,79.23036654043159,73.53420941782036,0.07457431916896613,1.437644637550871,-0.00864947591444128,0.01119096286055286,-1717769600.0,0.6998807426567211,78.69755554199219,77.90604400634766,77.03462982177734,-0.008612176814335126,0.01278864400738322,0.9007208060520094,-0.0033687022311144066,0.14999961853027344,3
2020-06-05,78.26913445919533,80.3024118345787,78.24008880036028,80.24189758300781,137250400,3193.929931640625,24.520000457763672,0.9039999842643738,76.7281883239746,70.37584106445313,77.59274816163733,75.32006645177185,2.2726817098654806,2.3139982480136103,-0.041316538148129744,77.83765721733704,79.69039663622961,73.7659800117196,0.07721303935256411,1.4393748760418137,0.028083173646127394,0.01239202684111752,-1580519200.0,1.0874819427021893,78.0197982788086,78.26667785644531,76.9595947265625,0.028481223397404998,0.04264968998482055,0.9493546218124927,0.026211650818398713,-1.289999008178711,4
2020-06-08,79.93931540745123,80.75020774515244,79.23009024878114,80.71631622314453,95654400,3232.389892578125,25.809999465942383,0.8840000033378601,77.01054763793945,70.74240089416504,78.07329709417691,75.71978865705871,2.353508437118194,2.321900285834527,0.031608151283666786,74.70625524581787,80.35837881938653,73.66271645649238,0.08694474417158304,1.395977873907307,0.005894946306500307,0.011567881072398046,-1484864800.0,0.7695436594771882,80.24189758300781,78.69755554199219,77.90604400634766,0.005912355694803306,0.036072582719870905,0.9670484314211555,0.012041579421169235,1.289999008178711,0
2020-06-09,80.3968056767083,83.65730597576551,80.36533708864444,83.26517486572266,147712400,3207.179931640625,27.56999969482422,0.8289999961853027,77.36128768920898,71.21159843444825,78.87204752056856,76.27870615399678,2.593341366571778,2.3761885019819773,0.21715286458980065,83.42369033569368,81.6976698965127,73.02490548190525,0.11210729130375126,1.535852161614521,0.031089654397166343,0.012857670619158445,-1337152400.0,1.1875088734115689,80.71631622314453,78.0197982788086,78.26667785644531,0.031577985243177675,0.06386494413938792,0.9299335181242365,-0.007799170822611612,1.760000228881836,1
2020-06-10,84.21161714524366,85.87454732273147,83.77349462695621,85.40737915039062,166651600,3190.139892578125,27.56999969482422,0.7480000257492065,77.8627082824707,71.68950546264648,79.87748315592579,76.95490415372966,2.92257900219613,2.485466602024808,0.43711240017132225,84.35910473211369,83.38970502987405,72.33571153506736,0.14196774988489946,1.611927887775798,0.025402111056109355,0.01310172062451686,-1170500800.0,1.3374285889007895,83.26517486572266,80.24189758300781,78.69755554199219,0.025727493974793125,0.08526088977208635,0.8754055828771842,-0.0053130910724373814,0.0,2
2020-06-11,84.55292316229209,84.97652287764004,81.20527837641917,81.30693817138672,201662400,3002.10009765625,40.790000915527344,0.652999997138977,78.20461349487304,72.0879141998291,80.09739931215054,77.27727704392647,2.8201222682240683,2.5523977352646603,0.267724532959408,65.00713611050692,83.69350936398654,72.71571762575955,0.14037268707870626,1.8252828975507376,-0.04920115070095743,0.017664716943123472,-1372163200.0,1.617725555957188,85.40737915039062,80.71631622314453,78.0197982788086,-0.048010382941075846,0.04213212498744645,0.812318189460107,-0.05894405927443824,13.220001220703125,3
2020-06-12,83.44188410385023,84.18741636682982,80.90028576320306,82.00890350341797,200146000,3041.31005859375,36.09000015258789,0.6990000009536743,78.55874252319336,72.56496170043945,80.39147688003783,77.6277678927777,2.763708987260131,2.5946599856637547,0.16904900159637615,65.47493933082376,84.07093343268485,73.04655161370187,0.14033297205245102,1.9929935012287652,0.008596467405978062,0.01768610794987121,-1172017200.0,1.5794496823755146,81.30693817138672,83.26517486572266,80.24189758300781,0.008633523138598331,0.022020988705834688,0.7554656085728559,0.013060843963234703,-4.700000762939453,4
2020-06-15,80.66547714891838,83.67424321088224,80.5032957450343,83.02310943603516,138808800,3066.590087890625,34.400001525878906,0.7020000219345093,78.98572998046875,73.04288459777833,80.79634342711434,78.02742282190788,2.7689206052064606,2.629512109572296,0.13940849563416435,69.7860065963963,84.49171995836832,73.47974000256917,0.13941733473276938,2.085666987324224,0.012291175303271397,0.01758873738658728,-1033208400.0,1.1074418566059028,82.00890350341797,85.40737915039062,80.71631622314453,0.012367022229176738,0.028579019965596197,0.6793899830870087,0.008312217041285264,-1.6899986267089844,0
2020-06-16,85.07335265810912,85.4945368687229,83.4418908130573,85.22342681884766,165428800,3124.739990234375,33.66999816894531,0.7559999823570251,79.43498802185059,73.58180870056152,81.47743317968869,78.56046015501452,2.9169730246741636,2.6870042925926696,0.22996873208149404,72.93103983857083,85.44067470408942,73.42930133961175,0.15121011110587232,2.1650290082558965,0.026157362719303252,0.017753040178930583,-867779600.0,1.3040844634744915,83.02310943603516,81.30693817138672,83.26517486572266,0.026502468984346272,0.023518259059480462,0.6485879371197855,0.01896239819380252,-0.7300033569335938,1
2020-06-17,85.96654258564811,86.02705683600927,84.98379175074255,85.10482025146484,114406400,3113.489990234375,33.470001220703125,0.7329999804496765,79.90034294128418,74.01668159484863,82.03549272919271,79.0452275695664,2.990265159626304,2.7476564659993965,0.24260869362690762,72.39993494596195,86.15646386611704,73.64422201645132,0.156598099445712,2.104514776980142,-0.001392682524399787,0.017631569917650174,-982186000.0,0.8973881504327459,85.22342681884766,82.00890350341797,85.40737915039062,-0.001391713192135824,-0.003542538149929886,0.5987343964251822,-0.0036002995561740248,-0.1999969482421875,2
2020-06-18,85.06123476532262,85.55503301794639,84.53112944713651,85.1386947631836,96820400,3115.340087890625,32.939998626708984,0.6940000057220459,80.2936855316162,74.4669091796875,82.51290842672977,79.49659550983435,3.0163129168954157,2.8013877561786007,0.214925160716815,72.75422068591372,86.83661956921826,73.75075149401415,0.16297505823233696,2.096734684693541,0.00039795362734235156,0.01737573358123795,-885365600.0,0.7638450484947297,85.10482025146484,83.02310943603516,81.30693817138672,0.00039803282139194707,0.04712705554992036,0.5708742270411691,0.0005942198825281686,-0.5300025939941406,3
2020-06-19,85.8430918789263,86.30783714893171,83.54596609025744,84.65216827392578,264476000,3097.739990234375,35.119998931884766,0.6970000267028809,80.69150657653809,74.87534790039062,82.84202532629838,79.87848978865594,2.963535537642443,2.8338173124713695,0.12971822517107334,69.26056749131754,87.2807068923817,74.10230626069448,0.1633183118124973,2.205141440376917,-0.005730906977546376,0.01731458869243417,-1149841600.0,1.9613575279283353,85.1386947631836,85.22342681884766,82.00890350341797,-0.005714516655571322,0.032231436558564086,0.512900686441886,-0.005649494809462974,2.1800003051757812,4
2020-06-22,85.04430780115948,87.0098095125726,84.99831637895207,86.86699676513672,135445200,3117.860107421875,31.770000457763672,0.7039999961853027,81.17537918090821,75.31881362915038,83.46125170150428,80.39615697209895,3.065094729405331,2.880072795858162,0.18502193354716923,72.2035604925646,88.09482092587726,74.25593743593916,0.17048129161302264,2.2955673150976046,0.025827453246655595,0.017934904535708552,-1014396400.0,0.9848737804438219,84.65216827392578,85.10482025146484,83.02310943603516,0.02616387195238734,0.046299004641148445,0.45228697571130244,0.006495095537691675,-3.3499984741210938,0
2020-06-23,88.10875691220691,90.1371959593026,87.68999560053155,88.72116088867188,212155600,3131.2900390625,31.3700008392334,0.7089999914169312,81.77810173034668,75.77396636962891,84.27046849953005,81.01282392888213,3.2576445706479262,2.9555871508161147,0.30205741983181156,74.10648427792509,89.13042231293254,74.42578114776082,0.17981147586010843,2.461722398376062,0.021120251740747577,0.017980583286767028,-802240800.0,1.4955583477233994,86.86699676513672,85.1386947631836,85.22342681884766,0.02134486275090497,0.041041931783135865,0.38364692755563484,0.004307419569164139,-0.39999961853027344,1
2020-06-24,88.35079901624333,89.26819705246864,86.78226710315806,87.15503692626953,192623200,3050.330078125,33.84000015258789,0.6840000152587891,82.28581619262695,76.13116943359375,84.71424825748997,81.46780266942935,3.2464455880606238,3.0137588382650167,0.2326867497956071,71.06968173426216,89.65148014796749,74.92015223728642,0.17902633275455124,2.5556063406628104,-0.017809861463518303,0.018834507946613278,-994864000.0,1.3207751838268822,88.72116088867188,84.65216827392578,85.10482025146484,-0.0176522032254236,0.024090488279591815,0.24238424343794218,-0.025855145939064572,2.469999313354492,2
2020-06-25,87.30996818337783,88.3508103921037,86.55232854521968,88.31208038330078,137522400,3083.760009765625,32.220001220703125,0.6740000247955322,82.84968872070313,76.52416290283203,85.2677608922301,81.97478620379019,3.2929746884399123,3.069602008299996,0.2233726801399163,69.57491923165608,90.24931365252493,75.45006378888132,0.1786277062975308,2.521025504313804,0.013188342583316795,0.018845254653625982,-857341600.0,0.9416820563807912,87.15503692626953,86.86699676513672,85.1386947631836,0.01327569235051862,0.03727312979067943,0.11649150275042083,0.010959447267809841,-1.6199989318847656,3
2020-06-26,88.20798383985682,88.42825657527817,85.45095132716905,85.5986099243164,205256800,3009.050048828125,34.72999954223633,0.6359999775886536,83.28163948059083,76.85197494506836,85.3186607433203,82.24321759049585,3.075443152824448,3.070770237204887,0.004672915619561291,60.682126236086724,90.22828372488601,76.33499523629564,0.16682294651305787,2.625110343723648,-0.031207865121166415,0.020632193558777746,-1062598400.0,1.3810352098821386,88.31208038330078,88.72116088867188,84.65216827392578,-0.03072592613838454,0.011180359223972092,-0.03533852898889077,-0.024226905044785974,2.509998321533203,4
2020-06-29,85.50661981464565,87.66577111516035,85.02976731524565,87.57136535644531,130646000,3053.239990234375,31.780000686645508,0.6359999775886536,83.7649055480957,77.2380241394043,85.66523068380107,82.63789520278839,3.0273354810126847,3.062083285966447,-0.034747804953762174,59.665309167077936,90.4778022366315,77.05200885955989,0.16027945461435353,2.578255694637479,0.02278502119903767,0.020950908461434055,-931952400.0,0.8645293620100735,85.5986099243164,87.15503692626953,86.86699676513672,0.02304658257737069,0.008108586891901082,-0.1631304693488412,0.014685678433118632,-2.9499988555908203,0
2020-06-30,87.1598666501381,88.58800861953088,87.1405053436716,88.30237579345703,140223200,3100.2900390625,30.43000030517578,0.652999997138977,84.26669044494629,77.66703399658203,86.07094531605584,83.05748635765273,3.013458958403106,3.052358420453779,-0.03889946205067263,56.93733612055603,90.74534415647744,77.78803673341514,0.15376547191594836,2.495265038841083,0.008312948163156227,0.020955787827722516,-791729200.0,0.912038134317738,87.57136535644531,88.31208038330078,88.72116088867188,0.008347596660577938,-0.004720239129200943,-0.218279089550928,0.015409875731554612,-1.3500003814697266,1
2020-07-01,88.37984062385425,88.92204587845694,88.08695375546539,88.13536071777344,110737200,3115.860107421875,28.6200008392334,0.6819999814033508,84.73858070373535,78.1340315246582,86.38854768555086,83.43362519914315,2.9549224864077104,3.032871233644565,-0.07794874723685474,70.16436271092809,90.87508526126823,78.60207614620248,0.14483378188708254,2.2547644209139475,-0.0018931905256806723,0.021030740568727842,-902466400.0,0.7187955709025962,88.30237579345703,85.5986099243164,87.15503692626953,-0.0018913995708819131,0.011248045162705056,-0.1996008674212723,0.005022132820864389,-1.8099994659423828,2
2020-07-02,89.04065881814572,89.67484690422407,88.02160103220285,88.13536071777344,114041600,3130.010009765625,27.68000030517578,0.6690000295639038,85.24435882568359,78.56370895385743,86.65728815204665,83.78190190422687,2.875386247819776,3.001374236479607,-0.12598798865983118,68.87393403159228,90.67621642970798,79.8125012216592,0.12744204259033742,2.1380583686564085,0.0,0.02080868918234133,-902466400.0,0.7339366408672636,88.13536071777344,87.57136535644531,88.31208038330078,0.0,-0.002001081446165953,-0.19538029903710186,0.004541250844364075,-0.9400005340576172,3
2020-07-06,89.56109054157537,90.96017971455592,89.52962194946613,90.49301147460938,118655600,3179.719970703125,27.940000534057617,0.6840000152587891,85.75691452026368,79.04570510864258,87.24739943244091,84.27902113166262,2.968378300778298,2.9947750493393457,-0.0263967485610479,71.25344982306429,91.13559730242986,80.3782317380975,0.12544021230836705,2.1133349065803038,0.026398803798688295,0.02071822750083965,-783810800.0,0.7682276306750826,88.13536071777344,88.30237579345703,85.5986099243164,0.026750338770219484,0.05717851673783536,0.05388799617454966,0.01588172586745884,0.26000022888183594,0
2020-07-07,90.87059916943323,91.64759989931855,90.10085985246303,90.21220397949219,112424400,3145.320068359375,29.43000030517578,0.6499999761581421,86.23170890808106,79.48375045776368,87.70352320891034,84.71851615742776,2.985007051482583,2.9928214497679937,-0.00781439828541064,65.93463740109223,91.40963704477407,81.05378077138805,0.12009336709799964,2.0472858075922877,-0.003107909425198298,0.020818449165654163,-896235200.0,0.7239539397342558,90.49301147460938,88.13536071777344,87.57136535644531,-0.003103084874084172,0.030156417138156533,0.36770294483014526,-0.010818532028197159,1.489999771118164,1
2020-07-08,91.18770707353977,92.34473915860562,91.10056271828748,92.31327056884766,117092000,3169.93994140625,28.079999923706055,0.652999997138977,86.68411369323731,79.9628514099121,88.41271511043915,85.28109055827368,3.1316245521654764,3.0205820702474906,0.11104248191798582,70.43635875983614,92.330605481823,81.03762190465162,0.13027743026981436,2.125090814295625,0.0230231906272506,0.02037117986289891,-779143200.0,0.7615186095736258,90.21220397949219,88.13536071777344,88.30237579345703,0.023290270015275283,0.04542227476157912,0.6155244760845461,0.007827461915415501,-1.3500003814697266,2
2020-07-09,93.20404179945581,93.25729463316677,91.66456287634601,92.71025085449219,125642800,3152.050048828125,29.260000228881836,0.6050000190734863,87.04925727844238,80.4720526123047,89.07387445567807,85.83139872836394,3.2424757273141296,3.0649608016608183,0.17751492565331128,71.03275103709993,93.26403273613347,80.8344818207513,0.14278755849259084,2.1657213990106876,0.004291139761612527,0.019806103423007634,-653500400.0,0.8281734042032884,92.31327056884766,90.49301147460938,88.13536071777344,0.004300359885401894,0.0519075442530772,0.7365552386760891,-0.005643606159361103,1.1800003051757812,3
2020-07-10,92.30601639495103,92.93052759776583,91.69603540831204,92.87242889404297,90257200,3185.0400390625,27.290000915527344,0.6330000162124634,87.62753181457519,80.94032043457031,89.65826744619574,86.35295651841425,3.305310927781491,3.113030826884953,0.19228010089653802,73.25379525275066,93.74409055819817,81.51097307095222,0.1396035838728394,2.0566229083520815,0.0017477717323016694,0.015368879126296604,-563243200.0,0.6176057448285376,92.71025085449219,90.21220397949219,88.13536071777344,0.0017492999755261973,0.05374764609449478,0.7201455634899366,0.01046620127324438,-1.9699993133544922,4
2020-07-13,94.17467542417103,96.77921054368312,92.2309584307968,92.4439697265625,191649200,3155.219970703125,32.189998626708984,0.6399999856948853,88.14928512573242,81.37071258544921,90.08683702779062,86.80414268198078,3.282694345809844,3.1469635306699315,0.1357308151399126,67.5500956271755,94.02327670882994,82.2752935426349,0.13327372025125575,2.2130951136549024,-0.004624090842688085,0.015563820568279617,-754892400.0,1.315227383965098,92.87242889404297,92.31327056884766,90.49301147460938,-0.004613416194479969,0.021559214575376684,0.6931242122399542,-0.009362541127788226,4.899997711181641,0
2020-07-14,91.82675611607858,94.16502803355267,90.89484241185615,93.97380828857422,170989200,3197.52001953125,29.520000457763672,0.6150000095367432,88.69682006835937,81.85453826904296,90.68483260637272,87.33522902320992,3.3496035831628035,3.187491541168506,0.1621120419942974,66.87391577784346,94.60033274110127,82.79330739561748,0.13311667020738763,2.2130941441928056,0.016413379913654477,0.015678547960125615,-583903200.0,1.1606285057776478,92.4439697265625,92.71025085449219,90.21220397949219,0.01654881942582942,0.04169728864996092,0.7206482879158863,0.013406370782667931,-2.6699981689453125,1
2020-07-15,95.84487913129125,96.09419752364778,93.42430934647335,94.62007141113281,153198000,3226.56005859375,27.760000228881836,0.6299999952316284,89.16665229797363,82.33154251098632,91.2902539609512,87.87484697787087,3.415406983080331,3.233074629550871,0.18233235352945965,75.48743441613888,95.39308226674459,82.94022232920267,0.13965826479531201,2.2262340176116524,0.006853516701649584,0.014962797158770462,-430705200.0,1.044201091218018,93.97380828857422,92.87242889404297,92.31327056884766,0.006877055791695286,0.024988832353900037,0.7991530292603396,0.009082050740923053,-1.760000228881836,2
2020-07-16,93.49451003316076,94.31024088700049,92.85789898357274,93.45578002929688,110577600,3215.570068359375,28.0,0.6119999885559082,89.58420028686524,82.76401763916016,91.62341181761977,88.28824942612465,3.3351623914951176,3.2534921819397207,0.08167020955539694,67.55314800418029,95.7837122184536,83.38468835527688,0.1384063687957558,2.2236404876599423,-0.012381241358009632,0.015413718693194512,-541282800.0,0.7546842214749381,94.62007141113281,92.4439697265625,92.71025085449219,-0.012304909143187825,0.008041496683843352,0.8393707888101896,-0.0034061012455366413,0.23999977111816406,3
2020-07-17,93.90598633783999,94.06089892749817,92.79493855947327,93.26695251464844,92186800,3224.72998046875,25.68000030517578,0.628000020980835,89.99061317443848,83.17789367675782,91.87626423254726,88.65704224749679,3.219221985050467,3.24663814256187,-0.02741615751140314,81.61644109670223,96.02660992740232,83.95461642147464,0.1341472524754025,2.101401567653927,-0.0020225451550045168,0.015458549234419404,-633469600.0,0.6301647412673457,93.45578002929688,93.97380828857422,92.87242889404297,-0.002020501188789381,0.004248016610565619,0.8773097248729106,0.002848612194617406,-2.3199996948242188,4
2020-07-20,93.35412562962276,95.37045717183655,93.01040144233045,95.23248291015625,90318000,3251.840087890625,24.459999084472656,0.6200000047683716,90.51962890625,83.61606552124023,92.39260556756402,89.1441119262123,3.2484936413517147,3.2470092423198396,0.0014843990318751388,81.60548212179164,96.43907093701155,84.60018687548846,0.1307880313316846,2.0816909911961696,0.020855252234194217,0.015668777894388256,-543151600.0,0.6564662118109841,93.26695251464844,94.62007141113281,92.4439697265625,0.02107424272492553,0.030164360010088487,0.919027116752243,0.0084069387471426,-1.220001220703125,0
2020-07-21,96.02158177786353,96.09661884897764,93.66878769091768,93.91810607910156,103433200,3257.300048828125,24.84000015258789,0.6069999933242798,90.87218437194824,83.99304504394532,92.62729795395441,89.49774112272263,3.129556831231781,3.223518760102228,-0.09396192887044696,72.10345666333342,96.71505748814843,85.02931125574804,0.12859541468233615,2.1517144113533613,-0.013897900019012043,0.015525424748910988,-646584800.0,0.760641704937804,95.23248291015625,93.45578002929688,93.97380828857422,-0.013801770056701024,-0.0005927418552795771,0.9341213885689998,0.0016790373419135474,0.3800010681152344,1
2020-07-22,93.62038702393836,94.86214066616996,93.53325004616464,94.18196105957031,89001600,3276.02001953125,24.31999969482422,0.5950000286102295,91.14522438049316,84.35167678833008,92.86647689327994,89.84472037730393,3.0217565159760085,3.1831663112769846,-0.1614097953009761,73.61930170264964,97.07459361060201,85.21585515038431,0.13010817122696877,2.1869857325686306,0.0028054764417968004,0.014987203777448107,-557583200.0,0.6855568855633559,93.91810607910156,93.26695251464844,94.62007141113281,0.0028094154735884835,-0.004630205251683561,0.9351402100428399,0.005747082068739751,-0.5200004577636719,2
2020-07-23,93.91568143989768,93.99314144318696,89.08664931990235,89.8951187133789,197004400,3235.659912109375,26.079999923706055,0.5820000171661377,91.28222846984863,84.64199981689453,92.40934486560286,89.84845358738356,2.5608912782193016,3.058711304665448,-0.49782002644614654,55.149415772208094,96.94398397809819,85.62047296159908,0.12404945854536595,2.432847580257684,-0.04658502390607253,0.018138584617028466,-754587600.0,1.5149190043959353,94.18196105957031,95.23248291015625,93.45578002929688,-0.045516596787361085,-0.038099958234811826,0.8727012328286212,-0.012319859824193036,1.760000228881836,3
2020-07-24,88.0966309470678,90.016140810345,86.31266499943915,89.67241668701172,185438800,3215.6298828125,25.84000015258789,0.5889999866485596,91.35024528503418,84.94607147216797,91.98827899197344,89.83541381698565,2.152865174987795,2.8775420787299177,-0.7246769037421226,47.25590636960778,96.89320092628874,85.80728964377961,0.12135611949282116,2.4956087812664953,-0.0024804276569501595,0.017946710896602155,-940026400.0,1.4001861087712442,89.8951187133789,93.91810607910156,93.26695251464844,-0.002477353938173721,-0.03854029461370212,0.8269161581244844,-0.006190400054688405,-0.23999977111816406,4
2020-07-27,90.73264205708286,91.88967418415685,90.50995376100627,91.79769134521484,121214000,3239.409912109375,24.739999771118164,0.609000027179718,91.6601993560791,85.28349884033203,91.95895781554904,89.98076770796558,1.9781901075834583,2.6976716845006257,-0.7194815769171674,54.71969962966984,96.49729646347546,86.82310224868274,0.10554411056003346,2.5435028848586105,0.02342393306661945,0.016954444368153545,-818812400.0,0.945237605443815,89.67241668701172,94.18196105957031,95.23248291015625,0.023700428032636722,-0.03606743686586267,0.7503903656150313,0.007395138795039502,-1.1000003814697266,0
2020-07-28,91.36923715007886,91.54594138277622,90.28481935549645,90.28966522216797,103625600,3218.43994140625,25.440000534057617,0.5809999704360962,91.79611434936524,85.59962493896484,91.7021435704135,90.0036490053139,1.698494565099594,2.49783626062042,-0.7993416955208259,43.755632544784916,96.29005196523869,87.30217673349179,0.09791128192572618,2.49924122847325,-0.01656414405907288,0.016881207607879947,-922438000.0,0.8166857810095274,91.79769134521484,89.8951187133789,93.91810607910156,-0.016427712951688322,-0.03863409313085564,0.6625923411632013,-0.006473392152297919,0.7000007629394531,1
2020-07-29,90.7713632677891,92.20434377285328,90.73505619988047,92.02037811279297,90329200,3258.43994140625,24.100000381469727,0.5789999961853027,91.98201446533203,85.91526718139649,91.75110273077956,90.15303634660864,1.5980663841709202,2.31788228533052,-0.7198159011595999,48.03311359403611,96.16421775594809,87.79981117471597,0.09093524021899584,2.5222374280350044,0.018987049241075585,0.01727121845385614,-832108800.0,0.7261725583929747,90.28966522216797,89.67241668701172,94.18196105957031,0.019168449527045883,-0.022951135466484307,0.5759761333665555,0.01242838167815008,-1.3400001525878906,2
2020-07-30,91.1949712384762,93.23793283077006,90.7883172670131,93.13385009765625,158130000,3246.219970703125,24.760000228881836,0.5410000085830688,92.23193893432617,86.26198974609375,91.96383309491445,90.37383736520476,1.5899957297096847,2.1723049742063534,-0.5823092444966687,50.70698434091067,96.02562208274773,88.4382557859046,0.08226397909997013,2.6090319547709453,0.012027653042650065,0.017383570180509688,-673978800.0,1.2474710173819186,92.02037811279297,91.79769134521484,89.8951187133789,0.012100276131211452,0.036027889285108916,0.4861079713549516,-0.003750251937389204,0.6599998474121094,3
2020-07-31,99.61613418906329,103.03397765297315,97.62157959922047,102.88390350341797,374336800,3271.1201171875,24.459999084472656,0.5360000133514404,92.9693660736084,86.77423095703125,93.6438439269919,91.30050893099833,2.3433349959935725,2.2065109785637973,0.13682401742977524,68.77006277706556,98.66643035134761,87.27230179586918,0.12255788155484616,2.9913087720874154,0.0995634952756456,0.027729516795314497,-299642000.0,2.678134221502209,93.13385009765625,90.28966522216797,89.67241668701172,0.10468861102100058,0.14733055385937677,0.4477832768505312,0.007670504990141325,-0.3000011444091797,4
2020-08-03,104.76224738585148,108.09053052398437,104.46452205826068,105.476318359375,308151200,3294.610107421875,24.280000686645508,0.5630000233650208,93.71853141784668,87.34984237670898,95.464224608897,92.35056888865586,3.113655720241141,2.387939926899266,0.725715793341875,69.91939266382076,101.57561164017642,85.86145119551693,0.16767399368004887,3.129626014863835,0.02488525512601848,0.027677921291652263,8509200.0,2.0646646566164155,102.88390350341797,92.02037811279297,91.79769134521484,0.02519747761972213,0.1490083989445905,0.5557139225833654,0.00718102343932614,-0.17999839782714844,0
2020-08-04,105.6651273181697,107.26996618839969,104.94379489849536,106.18070983886719,173071600,3306.510009765625,23.760000228881836,0.5149999856948853,94.51695671081544,87.92966567993165,97.11291464427703,93.3750237738567,3.7378908704203297,2.657930115603479,1.0799607548168506,69.9798312980912,103.95926932472125,85.07464409690962,0.1998014524059542,3.105074808630257,0.006655995182379935,0.02756385807722944,181580800.0,1.1365177161688327,105.476318359375,93.13385009765625,90.28966522216797,0.00667819554615301,0.17600070370841991,0.6328263285418695,0.0036119303819721615,-0.5200004577636719,1
2020-08-05,105.90234853375506,106.8850992523654,105.43759589570149,106.56558227539062,121776800,3327.77001953125,22.989999771118164,0.5429999828338623,95.22957229614258,88.52764312744141,98.56717120290989,94.35210218137773,4.215069021532159,2.969357896789215,1.245711124742944,73.28449851945362,106.02580698629417,84.43333760599099,0.2267412197668541,3.082598446423389,0.0036181392640038217,0.02735345078455569,303357600.0,0.798449480253297,106.18070983886719,102.88390350341797,92.02037811279297,0.00362469263115206,0.1580650336468845,0.7183685423863582,0.006429743053199433,-0.7700004577636719,2
2020-08-06,106.89719478834881,110.77736760867772,106.30899814130089,110.2835693359375,202428800,3349.159912109375,22.649999618530273,0.5360000133514404,96.10823822021484,89.19329956054688,100.36969399260644,95.53221085949328,4.837483133113167,3.3429829440540053,1.494500189059162,76.8566005238381,108.74476436492505,83.47171207550464,0.26296447377915433,3.3113419535199546,0.03429436011588047,0.02800181331807941,505786400.0,1.2946668465980498,106.56558227539062,105.476318359375,93.13385009765625,0.03488919199952112,0.18414055920912498,0.8164738344285412,0.00642769555966427,-0.3400001525878906,3
2020-08-07,109.80588355038324,110.26177241107233,106.98083639595373,107.77621459960938,198045600,3351.280029296875,22.209999084472656,0.5619999766349792,96.85342750549316,89.80813125610352,101.50915870137612,96.43917409950188,5.069984601874239,3.688383275618052,1.3816013262561873,69.46434262448247,110.41074121360023,83.29611379738608,0.27995526967464635,3.3786760399826457,-0.02299796141278996,0.028857809023871493,307740800.0,1.224428626435683,110.2835693359375,106.18070983886719,102.88390350341797,-0.02273552398989198,0.04755176397471028,0.8527420424980469,0.0006330295486443038,-0.4400005340576172,4
2020-08-10,109.21904600684799,110.35876815700075,106.69711566216836,109.34272003173828,212403600,3360.469970703125,22.1299991607666,0.5740000009536743,97.69836502075195,90.45579376220704,102.71432198297029,97.39499231670459,5.319329666265702,4.014572553747582,1.3047571125181197,73.74883501511691,112.17385652563884,83.22287351586506,0.2963302712755157,3.466806135466391,0.014430179638555694,0.02875284815625246,520144400.0,1.304826350460097,107.77621459960938,106.56558227539062,105.476318359375,0.014534797292227175,0.036656585407065734,0.9102188234657642,0.002742218294476073,-0.07999992370605469,0
2020-08-11,108.60793322925056,109.10504168444446,105.8313811445449,106.09085083007812,187902400,3333.68994140625,24.030000686645508,0.6579999923706055,98.30421714782715,91.01948989868164,103.23378795944842,98.03912998436189,5.194657975086528,4.250589638015372,0.9440683370711564,66.79083108117703,113.13331136138443,83.47512293426986,0.3016980276900574,3.6226952974083946,-0.030191359651089367,0.029933029989649772,332242000.0,1.1483462253259973,109.34272003173828,110.2835693359375,106.18070983886719,-0.029740152803188535,-0.0008462837451871374,0.9318534870813812,-0.007969132154236114,1.9000015258789062,1
2020-08-12,107.17965145918507,109.87375687982836,106.98565970661953,109.61671447753906,165598000,3380.35009765625,22.280000686645508,0.6700000166893005,99.05404930114746,91.64649063110352,104.2157766545393,98.89672883570834,5.319047818830953,4.464281274178488,0.854766544652465,78.4160566529512,114.59814188719122,83.5099567151037,0.31385072484590887,3.5289520338428426,0.03269405691488503,0.030520821272115455,497840000.0,1.0082149813057881,106.09085083007812,107.77621459960938,106.56558227539062,0.03323437996654577,0.028631497496664382,0.9368100226438255,0.013996549490237653,-1.75,2
2020-08-13,110.99408465160128,112.55817011651827,110.50667052619417,111.55667114257812,210082000,3373.429931640625,22.1299991607666,0.7160000205039978,99.95909385681152,92.30367294311523,105.3451450373145,99.83450233992093,5.510642697393564,4.673553558821503,0.8370891385720611,80.04530867319203,116.22194910655203,83.69623860707101,0.32539020957986226,3.4745220215623687,0.017542855904111383,0.030234461100891633,707922000.0,1.2414438809832558,109.61671447753906,109.34272003173828,110.2835693359375,0.017697635568493242,0.011543893748692469,0.9475861667108129,-0.002047174350497949,-0.15000152587890625,3
2020-08-14,111.38208013380518,111.54697388434195,109.65067355223327,111.4572525024414,165565200,3372.85009765625,22.049999237060547,0.7089999914169312,100.86860885620118,92.9724220275879,106.28546926271864,100.69544679640393,5.590022466314707,4.856847340320144,0.7331751259945634,78.58084369244884,117.58393894545787,84.15327876694448,0.33142779064369093,3.452289171076635,-0.0008915913867415793,0.030214102249690407,542356800.0,0.9576174467375282,111.55667114257812,106.09085083007812,107.77621459960938,-0.0008911940372410276,0.034154455289667984,0.9527094476676554,-0.00017188262276812694,-0.07999992370605469,4
2020-08-17,112.57756555807367,112.60181637912858,110.54062239475888,111.16625213623047,119561600,3381.989990234375,21.350000381469727,0.6830000281333923,101.66529731750488,93.59090911865235,107.0363589355666,101.47106200676146,5.5652969288051395,4.998537258017143,0.566759670787996,81.46350819192591,118.76403242813383,84.56656220687593,0.33637309016524886,3.4914550278374423,-0.002614283989640632,0.03018144136019599,422795200.0,0.6857364932767637,111.4572525024414,109.61671447753906,109.34272003173828,-0.0026108697251850943,0.016677215492379105,0.9537895740622635,0.0027098425110787527,-0.6999988555908203,0
2020-08-18,110.91890034610189,112.5169308684593,110.58425829007268,112.09256744384766,105633600,3389.780029296875,21.510000228881836,0.6690000295639038,102.57402038574219,94.2184341430664,107.81423716760983,102.25784018728635,5.556396980323484,5.110109202478412,0.4462877778450718,81.00289559683563,119.86980912921692,85.27823164226746,0.33723527026496175,3.492740315530393,0.008298177199357087,0.029749088781760184,528428800.0,0.6054714457406482,111.16625213623047,111.55667114257812,106.09085083007812,0.008332702504731504,0.05657148158216074,0.9545807208329254,0.002303389154016955,0.15999984741210938,1
2020-08-19,112.49995190044544,113.64452094897047,112.13863913268811,112.23320770263672,145538000,3374.85009765625,22.540000915527344,0.675000011920929,103.47658271789551,94.79779479980469,108.49407878838319,102.99675629953452,5.497322488848667,5.187551859752463,0.3097706290962039,80.41430374029002,120.81237671304194,86.14078872274908,0.33506699853837235,3.4286215970565244,0.001253893157163924,0.029767685018565037,673966800.0,0.8208949920205022,112.09256744384766,111.4572525024414,109.61671447753906,0.0012546796098635848,0.023869473169019217,0.9604694168129787,-0.0044043954214108005,1.0300006866455078,2
2020-08-20,112.27444791147464,114.83760501028006,112.25747159683876,114.7236328125,126907200,3385.510009765625,22.719999313354492,0.6439999938011169,104.71800842285157,95.38411987304687,109.45247171517039,103.86541381901345,5.587057896156935,5.267453067033357,0.3196048291235778,74.5240520627861,121.50605896361475,87.92995788208839,0.3206334954914916,2.9074980079369843,0.021947124997889787,0.026863350572813076,800874000.0,0.730245645531599,112.23320770263672,111.16625213623047,111.55667114257812,0.022189734757129154,0.028388814738602663,0.9607126274408726,0.0031586327691348615,0.17999839782714844,3
2020-08-21,115.6814742972318,121.11817961837231,115.6693525872738,120.6356201171875,338054800,3397.159912109375,22.540000915527344,0.6399999856948853,106.26616859436035,96.1706935119629,111.17295608471149,105.1076513225819,6.0653047621295855,5.427023406052603,0.6382813560769822,77.60393570306849,122.922433908956,89.60990327976471,0.31348199591491827,2.9923494211731207,0.050248555080367116,0.0279142793825008,1138928800.0,1.863404803718268,114.7236328125,112.09256744384766,111.4572525024414,0.05153242762413068,0.08234876967333316,0.9483662262237113,0.0034411070444764214,-0.17999839782714844,4
2020-08-24,124.83319799639226,124.91807958440302,120.21612802925294,122.07847595214844,345937600,3431.280029296875,22.3700008392334,0.6460000276565552,107.78020782470703,96.9720849609375,112.85072837200948,106.36474944329053,6.48597892871895,5.638814510585873,0.8471644181330769,78.1904755720209,124.40386890631,91.15654674310407,0.308473353635383,3.1620480115478165,0.011889485243028715,0.027846463228056787,1484866400.0,1.7956421144271195,120.6356201171875,112.23320770263672,111.16625213623047,0.01196044612328695,0.09816129991092448,0.9483719932020832,0.010043718303008653,-0.1700000762939453,0
2020-08-25,120.95327585147248,121.42128630177416,119.35766525675145,121.07694244384766,211495600,3443.6201171875,22.030000686645508,0.6819999814033508,109.31957168579102,97.73316162109376,114.1162997676769,107.45454151740587,6.661758250271035,5.843403258522906,0.8183549917481292,75.1813435695087,124.78522300466298,93.85392036691906,0.28294386961785245,3.252998535743036,-0.008237851977613203,0.027420455646306366,1273370800.0,1.0679035148541147,122.07847595214844,114.7236328125,112.09256744384766,-0.008204013856573322,0.08015138920339826,0.9401352123841947,0.0035963511532906,-0.3400001525878906,1
2020-08-26,122.39125785191554,123.17936132920332,121.3267083719839,122.72347259521484,163022400,3478.72998046875,23.270000457763672,0.6869999766349792,110.8547264099121,98.4831625366211,115.44048020268275,108.58557344909542,6.854906753587329,6.045703957535791,0.8092027960515384,73.2588888213694,125.14055834360502,96.56889447621919,0.2577396994489456,3.084002065598667,0.01350740264437988,0.027402421646302376,1436393200.0,0.8083135174983764,121.07694244384766,120.6356201171875,112.23320770263672,0.013599039735668894,0.09346845828707151,0.9420717751173393,0.010195626139483993,1.239999771118164,2
2020-08-27,123.32488497435537,123.65709978806709,120.11426694187719,121.25641632080078,155552400,3484.550048828125,24.469999313354492,0.7459999918937683,112.26085472106934,99.20619445800781,116.33523960547014,109.52415440255508,6.811085202915052,6.198780206611643,0.6123049963034095,76.22407576331918,124.60696410916513,99.91474533297354,0.21995395311699253,3.101152058899104,-0.01202618758854268,0.028032465866818443,1280840800.0,0.7717682165001946,122.72347259521484,122.07847595214844,114.7236328125,-0.01195416201473476,0.05694365971636994,0.9310507474969654,0.0016730440109038458,1.1999988555908203,3
2020-08-28,122.22880256231407,122.64589153107447,120.83689273182479,121.05998992919922,187630000,3508.010009765625,22.959999084472656,0.7289999723434448,113.1696590423584,99.92462036132812,117.06212427065924,110.37866073786205,6.683463532797191,6.295716871848752,0.387746660948439,74.07802138950241,125.2831968474954,101.0561212372214,0.21407748167913115,2.9688196520717676,-0.001621239252146222,0.019437272883183945,1093210800.0,0.9761316738834755,121.25641632080078,121.07694244384766,120.6356201171875,-0.0016199257537174994,0.003517781991749125,0.9142881386900764,0.00673256535528588,-1.510000228881836,4
2020-08-31,123.74922172483744,127.06652934071126,122.21666180862303,125.16537475585938,225702700,3500.31005859375,26.40999984741211,0.6930000185966492,114.15411186218262,100.73488449096679,118.30877819145925,111.47397288734334,6.834805304115918,6.403534558302185,0.43127074581373215,87.86822574293417,126.8226082110315,101.48561551333374,0.22195427115483066,3.1470482609516717,0.03334965368335707,0.01990765796740725,1318913500.0,1.1999367661623155,121.05998992919922,122.72347259521484,122.07847595214844,0.0339119871814062,0.025286183986445998,0.922566393493879,-0.0021949627140287475,3.450000762939453,0
2020-09-01,128.77367095981276,130.75242510254097,126.61063429258002,130.15103149414062,151948100,3526.64990234375,26.1200008392334,0.671999990940094,115.35262794494629,101.60056518554687,120.13066331494869,112.85745871006905,7.273204604879638,6.577468567617677,0.6957360372619608,88.5328816145054,129.31444641074674,101.39080947914586,0.24207196168021278,3.275915710732483,0.03905969587637228,0.02103162060851567,1470861600.0,0.812385866244595,125.16537475585938,121.25641632080078,121.07694244384766,0.03983255551310405,0.0749448149840859,0.9336735343991666,0.007525003016613407,-0.28999900817871094,1
2020-09-02,133.45865994566697,133.8369490459464,123.18664339139957,127.45452117919922,200119000,3580.840087890625,26.56999969482422,0.6510000228881836,116.39707489013672,102.37523239135743,121.25741067867955,113.93872259667128,7.318688082008265,6.725712470495795,0.59297561151247,79.00883199442254,130.71199195679273,102.0821578234807,0.24596695544398145,3.8265478547015985,-0.02093595250138596,0.02212302492865236,1270742600.0,1.0479825162211087,130.15103149414062,121.05998992919922,122.72347259521484,-0.020718316896803146,0.03855047843690862,0.9229494082950269,0.015365910154807594,0.4499988555908203,2
2020-09-03,123.09935129507485,124.97139321089942,116.88181705951085,117.25040435791016,257599600,3455.06005859375,33.599998474121094,0.621999979019165,116.74541664123535,102.97713973999024,120.64094816779195,114.18403235676305,6.4569158110288924,6.671953138602414,-0.21503732757352179,57.722876361562264,130.77006728499802,102.72076599747268,0.24026040674232443,4.445598321083279,-0.08344774833139454,0.029469852467882956,1013143000.0,1.329786748024688,127.45452117919922,125.16537475585938,121.25641632080078,-0.08006084622876752,-0.033037525637341636,0.9166005996280627,-0.03512584371534122,7.029998779296875,3
2020-09-04,116.46473461185484,119.98573625952378,107.56037630423063,117.32801055908203,332607200,3426.9599609375,30.75,0.7210000157356262,117.22300643920899,103.55745834350586,120.13126545875966,114.41691963100891,5.714345827750748,6.480431676432081,-0.7660858486813336,58.26127018535316,130.5970772841419,103.84893559427607,0.22818167271402673,5.185895890434954,0.0006616653457282501,0.028836730060422307,1345750200.0,1.6593601025328641,117.25040435791016,130.15103149414062,121.05998992919922,0.0006618842945307346,-0.030827520903477734,0.9106106643111115,-0.008133027264274895,-2.8499984741210938,4
2020-09-08,110.52850171438395,115.41717011939836,109.2966383541402,109.43243408203125,231366600,3331.840087890625,31.459999084472656,0.6840000152587891,117.22749214172363,104.03413482666015,118.48529140080144,114.04769847923279,4.437592921568651,6.071863925459395,-1.6342710038907438,46.99503529143683,130.5904898627931,103.86449442065414,0.22798402451387634,5.621517292331754,-0.06966620288563932,0.03309097506222816,1114383600.0,1.1488416574309106,117.32801055908203,127.45452117919922,125.16537475585938,-0.06729489777784026,-0.1256972282032145,0.9115686801910959,-0.027756342102360998,0.7099990844726562,1
2020-09-09,113.7391214492864,115.56266939432574,111.799173992742,113.79731750488281,176940500,3398.9599609375,28.809999465942383,0.703000009059906,117.61281547546386,104.55865386962891,117.7640646475832,114.02915174039205,3.734912907191145,5.604473721805745,-1.8695608146146006,51.61293165045666,130.03501928322763,105.1906116677001,0.2112389497274684,5.948537421415446,0.03911163093900672,0.033385793037762616,1291324100.0,0.8809886702359038,109.43243408203125,117.25040435791016,130.15103149414062,0.039886560684372796,-0.12565182005487263,0.902378972029464,0.02014498633677464,-2.6499996185302734,2
2020-09-10,116.74601936225844,116.88181506989982,109.12202651754133,110.0822982788086,182274400,3339.18994140625,29.709999084472656,0.6850000023841858,117.63609466552734,104.99425231933594,116.58225443700249,113.73679222471921,2.8454622122832802,5.052671419901253,-2.2072092076179723,45.33169606701558,129.99679784782418,105.2753914832305,0.21015153924383187,6.316779653180814,-0.033190697174462776,0.03360396116697936,1109049700.0,0.9037940260146271,113.79731750488281,117.32801055908203,127.45452117919922,-0.032645929689114284,-0.13630134686211348,0.9119489975024737,-0.01758479659017942,0.8999996185302734,3
2020-09-11,111.12988655734183,111.77007275174712,106.6971070425851,108.63705444335938,180860300,3340.969970703125,26.8700008392334,0.6690000295639038,117.4901138305664,105.40428619384765,115.35991597644201,113.35903387054441,2.0008821058976025,4.442313557100523,-2.44143145120292,36.74027540717343,130.2166736789539,104.7635539821789,0.21664052290800548,6.2223810034157925,-0.01321570178674081,0.033472638562130924,928189400.0,0.9033266299010109,110.0822982788086,109.43243408203125,117.25040435791016,-0.013128757829790283,-0.07346115317656632,0.916823791817367,0.0005330721905940639,-2.839998245239258,4
2020-09-14,111.27538137934282,112.44904864015743,109.41303369608222,111.89616394042969,140150100,3383.5400390625,25.850000381469727,0.6710000038146973,117.51205940246582,105.87950225830077,114.82703104782473,113.25067313498036,1.5763579128443723,3.869122428249293,-2.2927645154049205,39.18171421975529,130.1962602995267,104.82785850540495,0.21587913549568372,6.158812620676363,0.029558783150358654,0.03417852010419181,1068339500.0,0.7044662601239935,108.63705444335938,113.79731750488281,117.32801055908203,0.02999998033607887,-0.046296247526647294,0.9151596217925795,0.012741829089357504,-1.0200004577636719,0
2020-09-15,114.7769823425134,115.26196916143692,110.1987055878256,112.07075500488281,184642000,3401.199951171875,25.59000015258789,0.6790000200271606,117.55728454589844,106.31105712890626,114.40298857967983,113.16327179201016,1.2397167876696642,3.3432413001333674,-2.103524512463703,40.260150875956796,130.15235577321616,104.96221331858072,0.2142797237273742,6.326130683405958,0.0015590793554742031,0.03417319561885994,1252981500.0,0.9131692249577464,111.89616394042969,110.0822982788086,109.43243408203125,0.0015602953515552187,0.024109131309953957,0.9109490256192191,0.005219359577689042,-0.26000022888183594,1
2020-09-16,111.77005407703663,112.51693044540818,108.67583612168845,108.76313018798828,154679000,3385.489990234375,26.040000915527344,0.6869999766349792,117.39081268310547,106.68207565307617,113.53531805788113,112.83733537689743,0.6979826809836993,2.814189576303434,-2.116206895319735,35.426037184508644,130.37209395588232,104.40953141032861,0.2211634961216191,6.450321786146248,-0.029958012904266886,0.03477354243686007,1098302500.0,0.7558170571783356,112.07075500488281,108.63705444335938,113.79731750488281,-0.029513719406551897,-0.04423818968033688,0.902102749280807,-0.004618946596211537,0.4500007629394531,2
2020-09-17,106.42549948987329,108.83102975873638,105.44582412860575,107.0268783569336,178011000,3357.010009765625,26.459999084472656,0.6840000152587891,117.13049621582032,106.97634780883789,112.53401964235074,112.4069311531964,0.127088489154346,2.2767693588736164,-2.1496808697192704,35.22803594895066,130.74082398064925,103.52016845099136,0.23239597209169266,6.4390626992848725,-0.01609239752735654,0.034917067549571364,920291500.0,0.862978928253675,108.76313018798828,111.89616394042969,110.0822982788086,-0.015963606674924802,-0.02775577880956348,0.901601061972954,-0.008412365876402483,0.4199981689453125,3
2020-09-18,107.08507634439113,107.55065948223604,102.90448550905262,103.63196563720703,287104900,3319.469970703125,25.829999923706055,0.6940000057220459,116.57591285705567,107.19478210449219,111.16447287232863,111.75693370756755,-0.5924608352389242,1.7029233200511085,-2.2953841552900327,33.03428723873263,131.4448910626104,101.70693465150096,0.2550952051953807,6.641718068851568,-0.032234171658344704,0.035032361067006725,633186600.0,1.3398278954873677,107.0268783569336,112.07075500488281,108.63705444335938,-0.03172018816062783,-0.04607165420489079,0.9135283206168396,-0.011182581807410497,-0.6299991607666016,4
2020-09-21,101.4010416835348,106.88139403880808,100.00427732246104,106.77469635009766,195713800,3281.06005859375,27.780000686645508,0.6710000038146973,115.88286666870117,107.47282745361328,110.48912263813925,111.38787908849571,-0.8987564503564585,1.1825873659695951,-2.0813438163260534,31.755219151296686,131.23924574959426,100.52648758780806,0.2650327787419278,6.703902162054069,0.029875142038181014,0.033605885955761916,828900400.0,0.94471121147846,103.63196563720703,108.76313018798828,111.89616394042969,0.03032588153246696,-0.04576982275333896,0.9345510415551886,-0.011571097930805796,1.9500007629394531,0
2020-09-22,109.29662320835186,109.47121874863322,105.88231946545223,108.45274353027344,183055400,3315.570068359375,26.860000610351562,0.6639999747276306,115.20158004760742,107.7930029296875,110.17583354462144,111.1704616397385,-0.994628095117065,0.7471442737522631,-1.741772368869328,26.96192060490513,130.60954397620696,99.79361611900788,0.26749570487196705,6.5611770860897405,0.01559356171019402,0.033720272475820975,1011955800.0,0.9197666107688153,106.77469635009766,107.0268783569336,112.07075500488281,0.015715775717813463,-0.03228327920563878,0.9457704205078709,0.010517945160813724,-0.9200000762939453,1
2020-09-23,108.26845317272523,108.74373815268274,103.56407541081022,103.90357208251953,150718700,3236.919921875,28.579999923706055,0.6759999990463257,114.34291152954101,107.9915982055664,109.2108702427596,110.63217352438895,-1.4213032816293492,0.31345476267594063,-1.73475804430529,25.94135835184116,130.2773448983746,98.40847816070745,0.2787130947722429,6.170416878041576,-0.04285125708490741,0.034719094011858465,861237100.0,0.7690321864329296,108.45274353027344,103.63196563720703,108.76313018798828,-0.04194611680325133,-0.044680197205334116,0.9475923586668265,-0.023721455093028143,1.7199993133544922,2
2020-09-24,102.01212791770884,106.93959588038079,101.84723417179123,104.97055053710938,167743300,3246.590087890625,28.510000228881836,0.6660000085830688,113.45526542663575,108.19860778808594,108.55851336496727,110.21279404384971,-1.6542806788824436,-0.08009232563573626,-1.5741883532467074,34.57605016481459,129.40190887447497,97.50862197879653,0.28110891791357,5.778963848677376,0.010216562223803457,0.03462121600820665,1028980400.0,0.8548694723983347,103.90357208251953,106.77469635009766,107.0268783569336,0.0102689294814855,-0.019213190661941826,0.9450430854529894,0.0029874591429570607,-0.06999969482421875,3
2020-09-25,105.17423363698332,109.06382969318265,104.43705165768294,108.90863037109375,149981400,3298.4599609375,26.3799991607666,0.6589999794960022,112.83787612915039,108.50766479492188,108.61237751975595,110.11618932734926,-1.5038118075933085,-0.36483622202725075,-1.1389755855660577,40.35983137425024,128.46574510271776,97.21000715558301,0.2769968650540754,5.221922282977844,0.03682943747902593,0.03600421445451433,1178961800.0,0.765436168996603,104.97055053710938,108.45274353027344,103.63196563720703,0.03751604439372902,0.050917346799723706,0.9395529623084805,0.0159767237756141,-2.1300010681152344,4
2020-09-28,111.55667272467461,111.85736219121794,109.39362820642745,111.50817108154297,137672400,3351.60009765625,26.190000534057617,0.6629999876022339,112.36028518676758,108.87248916625977,109.05788422156934,110.21929908691916,-1.1614148653498262,-0.5241519506917658,-0.6372629146580604,52.70474174568185,127.50656817090498,97.21400220263018,0.26960207441554523,4.858876541205156,0.023588594235593008,0.03657906453569795,1316634200.0,0.7116893257043415,108.90863037109375,103.90357208251953,106.77469635009766,0.023869005620505757,0.04433142770010767,0.9365257094914812,0.016110590199083896,-0.18999862670898438,0
2020-09-29,111.11047045765872,111.84764500982021,110.15989314523581,110.66427612304688,99382200,3335.469970703125,26.270000457763672,0.6449999809265137,111.63523025512696,109.18112503051758,109.30502143718127,110.25226034885455,-0.9472389116732813,-0.6087693428880689,-0.3384695687852124,45.50511644442577,125.53781618583017,97.73264432442375,0.24907165773619608,4.54155629494015,-0.007596792740327433,0.03550217231330745,1217252000.0,0.5310906818333574,111.50817108154297,104.97055053710938,108.45274353027344,-0.007568010041873796,0.020391670332951195,0.9286759859749276,-0.0048126645432444715,0.07999992370605469,1
2020-09-30,110.37329816208843,113.73910777869786,110.2084044241761,112.3326416015625,142675200,3363.0,26.3700008392334,0.6769999861717224,110.74431076049805,109.5494157409668,109.77080915477839,110.40636266386996,-0.6355535090915652,-0.6141261761287682,-0.021427332962796974,53.42992638886337,121.6009433687782,99.8876781522179,0.19606664276884295,4.2394787808089545,0.014963405098402263,0.03427457510754855,1359927200.0,0.7643388672264757,110.66427612304688,108.90863037109375,103.90357208251953,0.015075917332713518,0.08112396282534595,0.9300254205512167,0.008253718228220741,0.10000038146972656,2
2020-10-01,114.10770215411938,114.18530182393523,112.35205217632898,113.2832260131836,116120400,3380.800048828125,26.700000762939453,0.6769999861717224,110.03574600219727,109.93144104003906,110.31118097914842,110.619463652708,-0.3082826735595887,-0.5529574756149324,0.24467480205534364,57.19001605933145,117.67276688935915,102.39872511503539,0.13880981707543255,4.009456960324006,0.00842662394793758,0.03429138120977884,1476047600.0,0.6363984923786994,112.3326416015625,111.50817108154297,104.97055053710938,0.008462227880234208,0.0791905485256601,0.8646105934519919,0.005292907769290922,0.3299999237060547,3
2020-10-02,109.50032515653433,111.90586307346008,108.85044458473479,109.62641906738281,144712000,3348.419921875,27.6299991607666,0.6959999799728394,109.6545467376709,110.32606704711914,110.20583299272295,110.54590479453577,-0.3400718018128259,-0.5103803408545111,0.1703085390416852,46.530246453970186,116.49482087670478,102.81427259863702,0.12476042886571818,4.053798905441917,-0.03281271241269873,0.029845088890836355,1331335600.0,0.8184117071466923,113.2832260131836,110.66427612304688,108.90863037109375,-0.03228021547846116,0.00659074210963162,0.8299950928570065,-0.009577652178616392,0.9299983978271484,4
2020-10-05,110.4897020352033,113.14742776439395,110.14051092914185,113.0019302368164,106243800,3408.60009765625,27.959999084472656,0.7620000243186951,109.43824272155761,110.79265731811523,110.63600179950654,110.72783260507508,-0.0918308055685344,-0.4266704337973158,0.3348396282287814,51.29659441987729,115.48432182746113,103.3921636156541,0.11049298591693364,3.9436378428276178,0.030326504957248115,0.030778122130948448,1437579400.0,0.6419473026277509,109.62641906738281,112.3326416015625,111.50817108154297,0.030791037399103605,0.013395961397134615,0.8121720247366397,0.01797270867614209,0.3299999237060547,0
2020-10-06,112.22594886007512,112.63334341918222,108.87954271233731,109.76222229003906,161498200,3360.969970703125,29.479999542236328,0.7419999837875366,109.45473213195801,111.15194793701171,110.5015741826654,110.65630591507241,-0.154731732407015,-0.37228269351925564,0.21755096111224065,51.393799983268394,115.50254314339709,103.40692112051893,0.11050798615354288,3.96373021431043,-0.029088489723995855,0.027204334966803134,1276081200.0,0.9968473963938412,113.0019302368164,113.2832260131836,110.66427612304688,-0.028669492105028116,-0.008151264930381208,0.811670210774353,-0.013973515692226712,1.5200004577636719,1
2020-10-07,111.17837055181317,112.0804462459722,110.70307818585619,111.62455749511719,96849000,3419.43994140625,28.059999465942383,0.7850000262260437,109.34609413146973,111.5786457824707,110.67434084611952,110.72802825433499,-0.0536874082154668,-0.3085636364584979,0.2548762282430311,56.39158351227763,115.13810561236421,103.55408265057524,0.10593906489116287,3.8875172375820375,0.016824664395137624,0.0259520423551773,1372930200.0,0.6129513818842042,109.76222229003906,109.62641906738281,112.3326416015625,0.016966996168837012,-0.006303458160957787,0.7952727669052088,0.01739675486921799,-1.4200000762939453,2
2020-10-08,112.75944851761336,112.90494606027923,111.14928853931941,111.51788330078125,83477200,3446.830078125,26.360000610351562,0.7649999856948853,109.41787338256836,111.96859588623047,110.80411660837517,110.78653603555323,0.017580572821941587,-0.24333479460240998,0.26091536742435156,62.065937668024596,115.28341525921816,103.55233150591856,0.10721359674285635,3.6810517767089226,-0.0009561085921777171,0.024821617605400352,1289453000.0,0.545372648912127,111.62455749511719,113.0019302368164,113.2832260131836,-0.0009556516659929848,-0.015583443149799536,0.7849010427330523,0.008010123642494982,-1.6999988555908203,3
2020-10-09,111.8185743074938,113.48693036528995,111.46938316049868,113.45783233642578,100506900,3477.139892578125,25.0,0.7749999761581421,109.65891227722167,112.37507553100586,111.21238056653681,110.98440983561787,0.2279707309189405,-0.1490736894981399,0.3770444204170804,60.61635999433776,115.77999503859978,103.53782951584357,0.11163858247843618,3.3339396687406526,0.017246280238211502,0.024860722966510474,1389959900.0,0.6743309460861114,111.51788330078125,109.76222229003906,109.62641906738281,0.01739585596699489,0.034949725637648976,0.800615210246046,0.00879353312061526,-1.3600006103515625,4
2020-10-12,116.45503667336371,121.42130453731181,115.6984583933761,120.66472625732422,240226800,3534.219970703125,25.06999969482422,0.7770000100135803,110.0973403930664,112.73069198608398,112.66658759588873,111.70147031129983,0.9651172845888993,0.07376450531926797,0.8913527792696314,66.5006753255964,117.91432082260665,102.28035996352615,0.14200125818902237,3.646409162862441,0.06158459566259505,0.027598304303191646,1630186700.0,1.5594011009883242,113.45783233642578,111.62455749511719,113.0019302368164,0.06352046194156546,0.06781119583045192,0.8639792723145744,0.01641581296364758,0.06999969482421875,0
2020-10-13,121.50861023337559,121.62500974923826,116.05736241261016,117.46382141113281,262330500,3511.929931640625,26.06999969482422,0.7269999980926514,110.3669937133789,112.97044204711914,113.40462356746474,112.12831113350968,1.2763124339550558,0.31427409104642556,0.9620383429086302,69.01526104555163,118.81704557888668,101.91694184787113,0.15312642994430756,3.6741223482021255,-0.02688545899954569,0.028438486356770907,1367856200.0,1.6610018399645854,120.66472625732422,111.51788330078125,109.76222229003906,-0.02652726231993685,0.07016620983440736,0.8845700662181109,-0.006306918994084421,1.0,1
2020-10-14,117.36680433445795,119.33584953717633,116.02824344500344,117.55110168457031,150712000,3488.669921875,26.399999618530273,0.722000002861023,110.806392288208,113.1978498840332,114.04254327778867,112.52999932247714,1.5125439553115285,0.5539280638994462,0.9586158914120824,68.13986511253164,119.80163834843145,101.81114622798455,0.16235969558194385,3.546639804172363,0.0007427637045384998,0.027412877627455184,1518568200.0,0.9554653257574621,117.46382141113281,113.45783233642578,111.62455749511719,0.000743039621808439,0.053093551476899536,0.9049037173514702,-0.006623141753502759,0.3299999237060547,2
2020-10-15,115.15524988960917,117.56077991650847,114.60236531565721,117.08549499511719,112559200,3483.340087890625,26.969999313354492,0.7310000061988831,111.30932312011718,113.40824813842774,114.5106896958392,112.8674434463764,1.6432462494628055,0.771791701012118,0.8714545484506875,63.102246515751425,120.53659690707309,102.08204933316128,0.16579516483086473,3.427470987411759,-0.0039687525917881305,0.02707988796373673,1406009000.0,0.7287075290246123,117.55110168457031,120.66472625732422,111.51788330078125,-0.003960887501526789,0.04992572966363795,0.9213312289666954,-0.0015277553060997207,0.5699996948242188,3
2020-10-16,117.63840880188037,117.90030584427576,115.24257258596,115.4462661743164,115393800,3483.81005859375,27.40999984741211,0.7440000176429749,111.90003814697266,113.51150207519531,114.65462453868184,113.05846735214973,1.5961571865321105,0.9366647981161166,0.6594923884159939,56.51059456503204,120.55264173891436,103.24743455503096,0.1546488050446797,3.4066853758540137,-0.014099200619399165,0.026070240962257372,1290615200.0,0.7910261826596785,117.08549499511719,117.46382141113281,113.45783233642578,-0.014000272372501343,0.01752575205204443,0.945594496009993,0.00013491955745537076,0.4400005340576172,4
2020-10-19,116.358026294525,116.80421323996534,112.18714446524658,112.4975357055664,120639300,3426.919921875,29.18000030517578,0.7609999775886536,112.1861801147461,113.60592849731445,114.32276471820255,113.01691685981022,1.305847858392326,1.0105014101713585,0.29534644822096756,52.833601376228685,120.49687313353883,103.87548709595336,0.1481589445383095,3.615922298006468,-0.025873877216612766,0.026294776773752714,1169975900.0,0.8488260166402245,115.4462661743164,117.55110168457031,120.66472625732422,-0.025542016788118627,-0.06768498802492473,0.938923984571975,-0.016329861778318078,1.7700004577636719,0
2020-10-20,112.71092747344602,115.40746025257594,112.15804282671203,113.98159790039062,124423700,3443.1201171875,29.350000381469727,0.796999990940094,112.46262283325196,113.6987060546875,114.27027751546225,113.08837471466803,1.1819028007942194,1.0447816882959309,0.1371211124982885,52.56333500639019,120.61676614444278,104.30847952206113,0.14501072633315604,3.5958304459594785,0.013105696873025494,0.026235943909884426,1294399600.0,0.8938914444876298,112.4975357055664,117.08549499511719,117.46382141113281,0.013191952921603356,-0.02964507257561566,0.9363093963720179,0.004727334073110212,0.1700000762939453,1
2020-10-21,113.16682541230045,115.14557257156684,112.9534300225298,113.36082458496094,89946000,3435.56005859375,28.649999618530273,0.8159999847412109,112.93548545837402,113.84410552978515,114.13036168000052,113.10855618654158,1.0218054934589418,1.040186449328533,-0.01838095586959132,50.121878240629904,120.02744069023238,105.84353022651565,0.12559303575973613,3.620079183578358,-0.005461144044089735,0.024078763548465283,1204453600.0,0.6606163659541154,113.98159790039062,115.4462661743164,117.55110168457031,-0.00544625910554597,-0.03564642984676836,0.9177666895934603,-0.0021956999281005363,-0.7000007629394531,2
2020-10-22,113.92339674553574,114.49568501963495,111.14927164811971,112.27444458007812,101988000,3453.489990234375,28.110000610351562,0.8479999899864197,113.30068016052246,113.89726013183594,113.84483597232014,113.04677014161835,0.7980658307017876,0.991762325603184,-0.1936964949013964,54.5243679373965,119.33975696577912,107.2616033552658,0.10660265757805858,3.5424814652259604,-0.00962959739241276,0.024232962290865554,1102465600.0,0.7675952400484997,113.36082458496094,112.4975357055664,117.08549499511719,-0.009583381285909742,-0.041090063421089895,0.8696016506247781,0.005218925396392127,-0.5399990081787109,3
2020-10-23,112.89523260157101,113.05043193781697,110.84858760677534,111.58576965332031,82572600,3465.389892578125,27.549999237060547,0.8410000205039978,113.43453712463379,113.89784210205079,113.49728730785863,112.93854788322591,0.5587394246327193,0.9051577454090911,-0.3464183207763718,47.33576056680485,119.175013798259,107.69406045100858,0.10121214965276375,3.4482554390852806,-0.0061527422518400324,0.02298248067094244,1019893000.0,0.6376436853949521,112.27444458007812,113.98159790039062,115.4462661743164,-0.006133852893537406,-0.03343976941763538,0.813810765545003,0.003445761353703114,-0.5600013732910156,4
2020-10-26,110.58671585421544,113.05045021305911,109.49064071564872,111.59548950195312,111850700,3400.969970703125,32.459999084472656,0.8009999990463257,113.4389030456543,113.90060684204101,113.20470303002702,112.8390620772057,0.36564095282132314,0.7972543868915376,-0.43161343407021446,53.92609420534702,119.17334052815292,107.70446556315568,0.10110177952251098,3.4080712942946585,8.710273143683434e-05,0.022370957861512372,1131743700.0,0.8724337805649724,111.58576965332031,113.36082458496094,112.4975357055664,8.710652498988836e-05,-0.008018364117540866,0.8194056792395371,-0.018589516294535646,4.909999847412109,0
2020-10-27,112.02225141814819,113.75850508779021,111.10077943831497,113.09892272949219,92276800,3390.679931640625,33.349998474121094,0.777999997138977,113.56063537597656,113.93926025390626,113.18842913763706,112.8583110144121,0.33011812322496326,0.7038271341582228,-0.3737090109332596,53.206771443856944,119.14856559714471,107.97270515480841,0.09841315527458315,3.432321415261952,0.013382225657265056,0.022485621071387202,1224020500.0,0.7217577177586205,111.59548950195312,112.27444458007812,113.98159790039062,0.013472168402583584,-0.007744014710776459,0.8076539383286229,-0.0030256189119989285,0.8899993896484375,1
2020-10-28,111.59547326085323,111.96406058991157,107.76407283902445,107.86106872558594,143937800,3271.030029296875,40.279998779296875,0.781000018119812,113.33705673217773,113.85463027954101,112.36883522809073,112.4881449189435,-0.11930969085277354,0.5391997691560236,-0.6585094600087972,43.49772280703848,119.46371844596345,107.210395018392,0.10811400772941178,3.687978013083946,-0.04741885982697643,0.024679292704565845,1080082700.0,1.1252768331596024,113.09892272949219,111.58576965332031,113.36082458496094,-0.04631214760934588,-0.04851548918694637,0.8490974584193941,-0.035287878760604796,6.930000305175781,2
2020-10-29,108.99595640558233,113.41903447764516,108.83105523861934,111.85737609863281,146129200,3310.110107421875,37.59000015258789,0.8349999785423279,113.2657642364502,113.84711364746094,112.29014920817413,112.44142130262419,-0.1512720944500643,0.4011053964348061,-0.5523774908848704,47.348117381407654,119.42814292053991,107.10338555236048,0.1088127330554239,3.9408650521745137,0.03638063379471961,0.026055915598201418,1226211900.0,1.1291635138249494,107.86106872558594,111.59548950195312,112.27444458007812,0.03705050784555142,-0.003714723176811985,0.8267480272187465,0.011947330894238384,-2.6899986267089844,3
2020-10-30,107.72527832227131,108.6273541724171,104.4855696692542,105.59133911132812,190272600,3269.9599609375,38.02000045776367,0.8600000143051147,113.06401023864746,113.6644677734375,111.2595630394286,111.93400780697263,-0.6744447675440313,0.18599536363903862,-0.8604401311830698,24.220299700748114,119.94982634970981,106.1781941275851,0.12180385423315986,3.898603211352555,-0.057648280188823495,0.02817581638064116,1035939300.0,1.4448335982892773,111.85737609863281,113.09892272949219,111.58576965332031,-0.05601809380705891,-0.05372038531988399,0.8590970066970428,-0.012129550130175693,0.43000030517578125,4
2020-11-02,105.83383085542181,107.356689266343,104.09757704674024,105.50403594970703,122866900,3310.239990234375,37.130001068115234,0.8489999771118164,112.68911552429199,113.36183609008789,110.3740973333176,111.45771359532333,-1.0836162620057337,-0.06792696148991587,-1.0156893005158179,27.107296227593864,120.36076035010507,105.01747069847892,0.13615591514975245,3.733707845850745,-0.0008271442855946711,0.027144140752447324,913072400.0,0.9271374010491473,105.59133911132812,107.86106872558594,111.59548950195312,-0.0008268022960581378,-0.05458512328259901,0.8738472134892757,0.01231820260127181,-0.8899993896484375,0
2020-11-03,106.36731546450528,108.14236164402186,105.46523966166725,107.12389373779297,107624400,3369.159912109375,35.54999923706055,0.8820000290870667,112.55719909667968,113.06274444580077,109.8740660109292,111.13668990217293,-1.2626238912437344,-0.30686634744067964,-0.9557575438030548,31.146995539720805,120.5257436872227,104.58865450613666,0.14159102490989547,3.6886732665780104,0.015236842397690024,0.026745768167989695,1020696800.0,0.8289693294657895,105.50403594970703,111.85737609863281,113.09892272949219,0.015353514901156107,-0.05283011409392624,0.8630722955510483,0.01779929009643455,-1.5800018310546875,1
2020-11-04,110.71280536595152,112.1192643704232,108.97655143196363,111.49848175048828,138235500,3443.43994140625,29.56999969482422,0.7680000066757202,112.55089530944824,112.87117523193359,110.12397612470753,111.16348929834443,-1.0395131736369052,-0.45339571267992473,-0.5861174609569805,41.149412173354776,120.522745204277,104.57904541461947,0.14165768957965022,3.834170125990794,0.040024924190367545,0.028041178248112978,1158932300.0,1.0480445588101668,107.12389373779297,105.59133911132812,107.86106872558594,0.04083671588154725,0.03372313169041963,0.8564215541045846,0.02204704770168342,-5.979999542236328,2
2020-11-05,114.40839736997158,116.0282591074031,113.3608313760952,115.45597076416016,126387100,3510.449951171875,27.579999923706055,0.7760000228881836,112.74779968261718,112.7258251953125,110.94428299231562,111.48145088840485,-0.5371678960892297,-0.4701501493617858,-0.06701774672744387,50.01432149228148,120.80628692456534,104.68931244066903,0.14294713093528455,3.967887561605013,0.03487827755953432,0.029105317347742424,1285319400.0,0.9428777821370432,111.49848175048828,105.50403594970703,111.85737609863281,0.035493658313015874,0.03217127730900993,0.8667994396034115,0.01946019413896294,-1.989999771118164,3
2020-11-06,114.96529408792372,115.82034093796346,112.83738439067113,115.3248062133789,114457900,3509.43994140625,24.860000610351562,0.8199999928474426,112.84114837646484,112.60719299316406,111.61820964170997,111.76614387543997,-0.14793423372999825,-0.4057069662354283,0.25777273250543004,54.55077078299449,120.97714785510814,104.70514889782154,0.14420270611744707,3.851165259645982,-0.0011367026892112396,0.028879084123848337,1170861500.0,0.8494626081904659,115.45597076416016,107.12389373779297,105.59133911132812,-0.0011360568874274612,0.09218054419963839,0.8718521913561653,-0.00028771518741854685,-2.719999313354492,4
2020-11-09,117.083465097586,118.53121707167843,112.75963885381937,113.02198028564453,154515300,3550.5,25.75,0.9580000042915344,112.45901107788086,112.44643280029297,111.83417435616144,111.85916879471438,-0.02499443855293748,-0.32956446069893014,0.30457002214599266,48.49506723195221,119.71852486072105,105.19949729504067,0.12910506171555752,4.03131960193135,-0.02017023349148209,0.0254014569805373,1016346200.0,1.1844249513619405,115.3248062133789,111.49848175048828,105.50403594970703,-0.0199681751337486,0.07125740990156282,0.8193995894860897,0.01169988923568721,0.8899993896484375,0
2020-11-10,112.27385568772299,114.2560097834577,110.89411079920815,112.68194580078125,138023400,3545.530029296875,24.799999237060547,0.972000002861023,112.21991729736328,112.1967642211914,111.9646007322568,111.92011523960822,0.04448549264857604,-0.2547544700294289,0.29923996267800496,48.92588145030026,119.08992570043216,105.3499088942944,0.12243830807439558,4.114873633017957,-0.0030131043621432593,0.02478688955228032,878322800.0,1.1109362711596473,113.02198028564453,115.45597076416016,107.12389373779297,-0.0030085695189899786,0.051884335688849426,0.7733142288932111,-0.0013997945931910616,-0.9500007629394531,1
2020-11-11,113.86732041488949,116.23813418126791,113.13858512576901,116.10210418701172,112295000,3572.659912109375,23.450000762939453,0.9580000042915344,112.14746742248535,111.91578567504882,112.60113972529602,112.22989219867515,0.371247526620877,-0.12955407069936775,0.5008015973202448,55.63961855104343,118.8081247602844,105.4868100846863,0.118783909987139,4.129857562230201,0.02990080122213021,0.025798397399704746,990617800.0,0.9180446397213337,112.68194580078125,115.3248062133789,111.49848175048828,0.030352319192971766,0.0412886558117036,0.7956256959060295,0.007651855318760337,-1.3499984741210938,2
2020-11-12,116.22842646880996,117.1126214574974,115.20819406878398,115.83004760742188,103162300,3537.010009765625,25.350000381469727,0.8849999904632568,112.08469505310059,111.68329620361328,113.09789478408462,112.49657037710082,0.6013244069837924,0.016621624837264287,0.5847027821465282,56.331184645990106,118.57077999530755,105.59861011089363,0.1157354255928367,4.108613494921044,-0.0023460025034224394,0.025789861985053123,887455500.0,0.8466341564538638,116.10210418701172,113.02198028564453,115.45597076416016,-0.0023432527902477185,0.0032399956518995854,0.8201584930215164,-0.009978532303877019,1.8999996185302734,3
2020-11-13,116.0535360017511,116.27701069114,114.52805029862242,115.8786392211914,81581900,3585.14990234375,23.100000381469727,0.8930000066757202,112.10631370544434,111.6558609008789,113.52570162056259,112.74709399518161,0.7786076253809711,0.16901882494600565,0.6095888004349654,56.38176868119064,118.64226560798033,105.57036180290834,0.1166027440650488,3.979267130285844,0.0004194198771476968,0.02559165490204552,969037400.0,0.678947750370092,115.83004760742188,112.68194580078125,115.3248062133789,0.0004195078459625634,0.004802375360490663,0.8351090407131556,0.013610335409063534,-2.25,4
2020-11-16,115.54827474511946,117.55958400464418,114.80010971790968,116.88915252685547,91183000,3626.909912109375,22.450000762939453,0.906000018119812,112.32589454650879,111.64708374023438,114.04315560614612,113.05391314567598,0.9892424604701375,0.33306355205083205,0.6561789084193055,55.73152106421355,119.20334583645045,105.44844325656713,0.12245531304616562,3.986534890090077,0.00868264158431023,0.024896658265005506,1060220400.0,0.7682676307639188,115.8786392211914,116.10210418701172,113.02198028564453,0.008720445048851388,0.0342161076229357,0.8537232270686252,0.011648051240012336,-0.6499996185302734,0
2020-11-17,116.16041093814378,117.24865091924097,115.5871353083196,116.00494384765625,74271000,3609.530029296875,22.709999084472656,0.871999979019165,112.42706184387207,111.77853393554688,114.34496918176306,113.27250801248934,1.0724611692737227,0.48094307549541016,0.5915180937783125,64.18243283820848,119.46472295189912,105.38940073584502,0.12519514416911973,3.7241538701224792,-0.007593261842249407,0.024837122479080338,985949400.0,0.6392814803586917,116.88915252685547,115.83004760742188,112.68194580078125,-0.00756450585948143,0.029490066250275504,0.8688212644506905,-0.004791925698091615,0.2599983215332031,1
2020-11-18,115.24705927558566,116.42275133775613,114.65435397133162,114.68350219726562,76322100,3567.7900390625,23.84000015258789,0.8820000290870667,112.49319572448731,111.79625762939453,114.39705118414807,113.37702610025053,1.0200250838975364,0.5887594771758354,0.431265606721701,55.42728678735964,119.5923926738508,105.39399877512382,0.12621557959381802,3.4534704140057144,-0.011456630158681319,0.024953591588926564,909627300.0,0.6608107046310673,116.00494384765625,115.8786392211914,116.10210418701172,-0.011391252877342994,-0.012218572606238709,0.8764045175110708,-0.011563829610944043,1.1300010681152344,2
2020-11-19,114.25598971249795,115.68431227037438,113.49810608907285,115.2762222290039,74113000,3581.8701171875,23.110000610351562,0.8539999723434448,112.64328460693359,111.90013610839844,114.53230826797204,113.51770729497301,1.014600972999034,0.6739277763404752,0.3406731966585588,73.78064475519602,119.84913293796639,105.4374362759008,0.12794101940790267,3.083070396285923,0.005155001344665159,0.024854013773692417,983740300.0,0.649521916095349,114.68350219726562,116.88915252685547,115.83004760742188,0.005168311225085764,-0.004781361916512572,0.8799965808355116,0.003946442467421596,-0.7299995422363281,3
2020-11-20,115.27622108410968,115.40253254906611,113.9644988709724,114.01307678222656,73604300,3557.5400390625,23.700000762939453,0.8289999961853027,112.7646499633789,112.00765655517579,114.45242650093428,113.55440133106586,0.8980251698684185,0.7187472550460638,0.17927791482235467,69.75282425588875,119.97726449828276,105.55203542847504,0.12792332592255126,2.952993357606705,-0.01101803032852796,0.02495460324004494,910136000.0,0.6476087257010241,115.2762222290039,116.00494384765625,115.8786392211914,-0.010957554145624382,-0.0160992781025312,0.8800529436322418,-0.006792562915180156,0.5900001525878906,4
2020-11-23,113.85761911856477,114.28514625847261,110.52486892820643,110.62203216552734,127959300,3577.590087890625,22.65999984741211,0.8569999933242798,112.71597709655762,111.98217391967773,113.86313506471784,113.33718880028522,0.5259462644326192,0.6801870569233749,-0.15424079249075573,57.50352012872117,119.97480234473616,105.45715184837908,0.12879851526213182,3.0303615967432456,-0.030193875346006902,0.025917776251427715,782176700.0,1.1179298370256263,114.01307678222656,114.68350219726562,116.88915252685547,-0.029742593677884566,-0.053615927790119255,0.8334749754784782,0.005635930617216234,-1.0400009155273438,0
2020-11-24,110.68031687022992,112.56530706965945,109.39773567263003,111.90458679199219,113874200,3635.409912109375,21.639999389648438,0.8820000290870667,112.65626029968261,111.97885055541992,113.56181994583696,113.23107013300425,0.3307498128327069,0.6102996081052413,-0.27954979527253443,51.004318101801246,119.92146894121957,105.39105165814566,0.12898011388289313,2.8998045084860453,0.011527329490059744,0.02586899137392307,896050900.0,0.9855755728214126,110.62203216552734,115.2762222290039,116.00494384765625,0.011594025180677425,-0.03534639921078597,0.8082103948158369,0.016161668273416252,-1.0200004577636719,1
2020-11-25,112.27380983588145,113.43978322932423,111.90457924459807,112.74019622802734,76499200,3629.64990234375,21.25,0.878000020980835,112.90021667480468,112.0583918762207,113.43541629694317,113.19470910300596,0.24070719393721163,0.5363811252716354,-0.29567393133442377,42.05731305024598,119.80625305226884,105.99418029734052,0.12233876215412691,2.68590641047257,0.007439418611861998,0.023429012227417733,972550100.0,0.6820002125366679,111.90458679199219,114.01307678222656,114.68350219726562,0.007467159836695325,-0.016944947895780382,0.7611140150222159,-0.001584418237524976,-0.3899993896484375,2
2020-11-27,113.26490259506915,114.158816151439,112.92482759135008,113.28433227539062,46691300,3638.35009765625,20.84000015258789,0.8420000076293945,112.97156448364258,112.18354095458984,113.4121726013197,113.20134785651594,0.2108247448037588,0.47126984917806014,-0.26044510437430135,44.17308475802252,119.86170352056165,106.08142544672351,0.12198005875924124,2.5741680801953786,0.004814849982710393,0.02202739850615438,1019241400.0,0.43556542191928255,112.74019622802734,110.62203216552734,115.2762222290039,0.004826459998904964,-0.017279278545893506,0.7913789880320544,0.002396979198154181,-0.4099998474121094,4
2020-11-30,113.65356330256418,117.54015173092947,113.49809620715159,115.67459106445312,169410200,3621.6298828125,20.56999969482422,0.843999981880188,113.47572708129883,112.42439346313476,113.7602369802633,113.38455105710388,0.3756859231594234,0.4521530639743328,-0.0764671408149094,57.53733624406815,119.51518685857357,107.43626730402408,0.10644496285884678,2.465899597172506,0.020880126405076287,0.01765710659173434,1188651600.0,1.5958929050769843,113.28433227539062,111.90458679199219,114.01307678222656,0.02109964141600673,0.014573015035811876,0.7184362346539097,-0.004595548640170977,-0.2700004577636719,0
2020-12-01,117.57902381222483,119.9692749139944,116.60737666127397,119.24053955078125,127728200,3662.449951171875,20.770000457763672,0.9340000152587891,114.16255226135254,112.67371032714844,114.60336045265068,113.81832798256147,0.785032470089206,0.5187289451973075,0.26630352489189846,65.74889932405893,119.46413554339307,108.86096897931202,0.09287779884078977,2.5325270875504864,0.03036179413824488,0.01851280370345587,1316379800.0,1.2004876456491742,115.67459106445312,112.74019622802734,110.62203216552734,0.030827413812435367,0.07790950153905829,0.593416895308802,0.011271187194776155,0.20000076293945312,1
2020-12-02,118.56035832864589,119.87208764992158,117.46239993689542,119.5903091430664,89004200,3669.010009765625,21.170000076293945,0.9480000138282776,114.7858730316162,112.8964616394043,115.37058332809926,114.24588214259887,1.1247011855003848,0.639923393257923,0.48477779224246176,59.82482303946639,119.50212679606751,110.0696192671649,0.08217481193268934,2.450634182731879,0.002929017287827454,0.018397994243611687,1405384000.0,0.843914318483165,119.24053955078125,113.28433227539062,111.90458679199219,0.0029333110501081894,0.06868103061191233,0.4264218203663482,0.0017911667548251575,0.39999961853027344,2
2020-12-03,120.0178419599632,120.27047227200518,118.74498667961886,119.45429229736328,78967600,3666.719970703125,21.280000686645508,0.9200000166893005,115.18366355895996,113.20747604370118,115.99884624644757,114.63169030221104,1.3671559442365293,0.7853699034536443,0.581786040782885,60.28682189679419,120.07139118496383,110.2959359329561,0.08486841753391437,2.4235669115656577,-0.001138004034080746,0.016541755846232634,1326416400.0,0.7703966316927314,119.5903091430664,115.67459106445312,112.74019622802734,-0.0011373567530493789,0.05955370217518574,0.4068936174783162,-0.000624157213091503,0.1100006103515625,3
2020-12-04,119.12392660773527,119.37655691588907,118.07454601670749,118.78385162353516,78260400,3699.1201171875,20.790000915527344,0.968999981880188,115.35005760192871,113.48374206542968,116.42730861215335,114.93925780749431,1.4880508046590393,0.9259060836947233,0.562144720964316,57.964806861925666,120.49655154858493,110.20356365527249,0.08923262031505338,2.397194475004101,-0.005628338373154918,0.014887811625919855,1248156000.0,0.7818519366221631,119.45429229736328,119.24053955078125,113.28433227539062,-0.005612528950899143,0.04854616024725611,0.5247770765084832,0.008836275129611826,-0.48999977111816406,4
2020-12-07,118.84215876062711,121.038083362331,118.7838623046875,120.2413330078125,86712000,3691.9599609375,21.299999237060547,0.9279999732971191,115.59588394165038,113.71039611816406,117.01408159610091,115.332004118629,1.682077477471907,1.07714036245016,0.6049371150217469,58.97035218948074,121.1877149270991,110.00405295620168,0.09674792552771708,2.3611057215799107,0.012195363014726896,0.0150646932392574,1334868000.0,0.8784618650629206,118.78385162353516,119.5903091430664,115.67459106445312,0.012270029674543492,0.039479214072300595,0.6411945893307578,-0.0019356376714373402,0.5099983215332031,0
2020-12-08,120.84375871454999,121.43646406909802,119.60004413555974,120.85346984863281,82225500,3702.25,20.68000030517578,0.9129999876022339,115.98745841979981,113.89730209350586,117.60475671187504,115.74100158011078,1.8637551317642647,1.234463316312981,0.6292918154512837,63.166251621163596,121.90756409998752,110.06735273961209,0.1020818243772659,2.3735988874811187,0.005077987156462338,0.01413026181967787,1417093500.0,0.8646723222044451,120.2413330078125,119.45429229736328,119.24053955078125,0.0050909019844327386,0.01352669405831275,0.6748722410166755,0.002787148065356293,-0.6199989318847656,1
2020-12-09,120.99920839659741,122.37894545635208,117.5692954268489,118.32717895507812,115089200,3672.820068359375,22.270000457763672,0.9409999847412109,116.26972007751465,114.05056015014648,117.71589859544474,115.9325702745528,1.7833283208919397,1.3442363172287728,0.4390920036631669,59.28677655609276,122.06319715631359,110.4762429987157,0.09965581881398787,2.5908312205581674,-0.021125328141240938,0.015106229644203266,1302004300.0,1.2250348451869948,120.85346984863281,118.78385162353516,119.5903091430664,-0.020903751433192896,-0.010562145018600089,0.6577695643350723,-0.007949201604598555,1.5900001525878906,2
2020-12-10,117.08347755039478,120.35793100204793,116.74340254220034,119.74578857421875,81312200,3668.10009765625,22.520000457763672,0.9079999923706055,116.451904296875,114.19882308959961,118.02818936140997,116.21503088934287,1.8131584720671015,1.4380207481964384,0.375137723870663,60.9315399563287,122.44877935079491,110.45502924295509,0.10299316426173435,2.6928542404543143,0.0119175765656091,0.013870597270304458,1383316500.0,0.8800159266559958,118.32717895507812,120.2413330078125,119.45429229736328,0.011988873829901658,0.0024402327555532732,0.6884163911237042,-0.0012851080682624305,0.25,3
2020-12-11,118.95873784398792,119.27938312055916,117.13204422429256,118.9393081665039,86939800,3663.4599609375,23.309999465942383,0.8930000066757202,116.6073673248291,114.31194473266602,118.16836148527058,116.41682920616961,1.7515322791009709,1.500723054377345,0.25080922472362577,62.32372551586876,122.69685821471934,110.51787643493886,0.10444435938471983,2.7768335741566355,-0.006757719588180108,0.013970454649345019,1296376700.0,0.9492547175960718,119.74578857421875,120.85346984863281,118.78385162353516,-0.00673493754826282,0.0013087346541131861,0.7505418979602776,-0.0012649972997506032,0.7899990081787109,4
2020-12-14,119.12392925566253,119.85266455789507,118.09398573402578,118.32717895507812,79184500,3647.489990234375,24.719999313354492,0.8920000195503235,116.72979431152343,114.48595993041992,118.19279494216406,116.55833659497765,1.6344583471864098,1.5274701129391581,0.10698823424725168,72.38844781284956,122.85594123690304,110.60364738614383,0.10496286679012565,2.6338622522711432,-0.005159856977429056,0.014044982974646987,1217192200.0,0.8657112969887903,118.9393081665039,118.32717895507812,120.2413330078125,-0.005146567782022604,-0.0159192683984134,0.763601479521623,-0.004359258971957769,1.4099998474121094,0
2020-12-15,120.81460252887871,124.27367140820184,120.61055751786674,124.25423431396484,157243700,3694.6201171875,22.889999389648438,0.9229999780654907,117.09804840087891,114.7110060119629,119.12532407628726,117.1284030926804,1.9969209836068558,1.6213602870726977,0.375560696534158,78.25700632595183,124.08895290589733,110.10714389586049,0.11940257929979213,2.8323566134207354,0.04887625275722092,0.017616750107791367,1374435900.0,1.659203469177333,118.32717895507812,119.74578857421875,120.85346984863281,0.05009039690819361,0.028139568268841897,0.7772138040182738,0.012921249154708825,-1.8299999237060547,1
2020-12-16,123.79757294273104,124.73034594931227,122.97166689471923,124.18622589111328,98208600,3701.169921875,22.5,0.9200000166893005,117.50711250305176,114.99948608398438,119.90392435549126,117.6512047814532,2.2527195740380535,1.747632144465769,0.5050874295722845,77.1428943610957,125.15524617724311,109.8589788288604,0.13017311907809373,2.8483191184112258,-0.0005474826805114643,0.017462373786100143,1276227300.0,1.023352964116228,124.25423431396484,118.9393081665039,118.32717895507812,-0.0005473328392151533,0.04951564794982133,0.7954473251063925,0.0017727951669590514,-0.3899993896484375,2
2020-12-17,125.24529078778322,125.90601844904018,124.40967378529018,125.05096435546875,94359800,3722.47998046875,21.93000030517578,0.9300000071525574,118.02548561096191,115.26801422119141,120.69577666318011,118.19933512026917,2.4964415429109437,1.8973940241548042,0.5990475187561395,77.48524046529067,126.25136221885202,109.7996090030718,0.13939153167315782,2.8698314494480286,0.006939108351755084,0.017119343028414377,1370587100.0,0.9740933562480437,124.18622589111328,118.32717895507812,119.74578857421875,0.006963239748614791,0.04430365229890176,0.832527342327453,0.005757654753379748,-0.5699996948242188,3
2020-12-18,125.3036238225863,125.43965383144652,122.54414204339464,123.06883239746094,192541500,3709.409912109375,21.56999969482422,0.9480000138282776,118.41511611938476,115.499033203125,121.06086216076177,118.56003862228337,2.5008235384784,2.0180799270195235,0.48274361145887656,67.60765219918972,126.82875951758972,110.00147272117981,0.1421042122649682,2.7726666160561027,-0.015977557217989158,0.017707621585096412,1178045600.0,1.873139698271591,125.05096435546875,124.25423431396484,118.9393081665039,-0.01585059314195625,0.034719591820528084,0.8575651786540177,-0.0035111185091528663,-0.3600006103515625,4
2020-12-21,121.47532055765235,124.672040495101,119.94983486476208,124.59430694580078,121251600,3694.919921875,25.15999984741211,0.9409999847412109,118.94417762756348,115.7217626953125,121.60446905076778,119.00702146106244,2.5974475897053395,2.133953459556687,0.4634941301486526,64.120994840023,127.52145427433443,110.36690098079252,0.14422356466456082,2.8032038861130775,0.012319102830900396,0.017484000606091128,1299297200.0,1.1528759954418024,123.06883239746094,124.18622589111328,118.32717895507812,0.012395295531960615,0.05296439960849497,0.898074827480288,-0.0039062790518439305,3.5900001525878906,0
2020-12-22,127.87848972538272,130.5991048748753,125.97405467288996,128.14083862304688,168904800,3687.260009765625,24.229999542236328,0.9179999828338623,119.82011795043945,115.87128494262696,122.61006436957994,119.68360051009832,2.926463859481629,2.2924555395416752,0.6340083199399538,69.29834862815015,128.39708826692817,111.24314763395076,0.14316411072197993,3.059997472973675,0.02806704610802415,0.016217961424814954,1468202000.0,1.5753043321736506,124.59430694580078,125.05096435546875,124.25423431396484,0.028464636661038156,0.031279451606143205,0.825275211097266,-0.002073092860288006,-0.9300003051757812,1
2020-12-23,128.4128836440795,128.67521768491736,127.07200590849821,127.24691009521484,88223700,3690.010009765625,23.309999465942383,0.9549999833106995,120.58723411560058,116.06694671630859,123.32342525044685,120.24384566455139,3.079579585895459,2.449880348812432,0.629699237083027,67.00595528276604,128.92438316664067,112.25008506456048,0.13827581521685306,3.065549343261734,-0.007000587797470455,0.016493648033532222,1379978300.0,0.8327869440492968,128.14083862304688,123.06883239746094,124.18622589111328,-0.006976140763849004,0.024645923347289544,0.7842907119446928,0.000745811250824957,-0.9200000762939453,2
2020-12-24,127.59666123656527,129.6759847359409,127.38289776059788,128.2282257080078,54930100,3703.06005859375,21.530000686645508,0.9279999732971191,121.36163558959962,116.28048919677734,124.07800993622546,120.83528122332594,3.2427287128995204,2.60845002162985,0.6342786912696705,70.3346973104299,129.50480261825908,113.21846856094014,0.13419672516933875,3.1405013689810377,0.0076823166056901706,0.01649452437395029,1434908400.0,0.5238450384703066,127.24691009521484,124.59430694580078,125.05096435546875,0.00771190131107069,0.02540773171094801,0.7454758350483229,0.0035365890047962534,-1.779998779296875,3
2020-12-28,130.19102370668213,133.446033182036,129.72462233987497,132.81446838378906,124486200,3735.360107421875,21.700000762939453,0.9330000281333923,122.33814239501953,116.59506866455078,125.42208046661985,121.72262842039729,3.699452046222561,2.826650426548392,0.8728016196741688,73.85696930531621,131.0659719718493,113.61031281818975,0.14268370282504947,3.3521853500690617,0.035141490198874185,0.01768837256014488,1559394600.0,1.1447092157651932,128.2282257080078,128.14083862304688,123.06883239746094,0.03576624920495042,0.07918849798504457,0.7640027170600031,0.008722529021144565,0.1700000762939453,0
2020-12-29,134.1358655444837,134.85487480481046,130.53104880605997,131.0460205078125,121047300,3727.0400390625,23.079999923706055,0.9350000023841858,123.1067138671875,116.9070637512207,126.28730201141872,122.41325005650211,3.8740519549166095,3.036130732222036,0.8379212226945736,68.52693479423361,132.0679341326123,114.1454936017627,0.14558459053813305,3.5298572118699343,-0.013404616685416131,0.018027655055298533,1438347300.0,1.1384003608729698,132.81446838378906,127.24691009521484,124.59430694580078,-0.013315174901474935,0.05178176852669725,0.7690075810515401,-0.00222738052560012,1.3799991607666016,1
2020-12-30,131.73592955161843,132.13430846309575,129.61773093964035,129.9286651611328,96452100,3732.0400390625,22.770000457763672,0.9259999990463257,123.64112014770508,117.25568634033203,126.84751172675934,122.96994747165994,3.8775642550994007,3.204417436797509,0.6731468183018916,72.2263895677472,132.9013507942009,114.38088950120925,0.14979208592470372,3.366066318580806,-0.008562992776863296,0.017375595440975763,1341895200.0,0.9206322510739045,131.0460205078125,128.2282257080078,128.14083862304688,-0.00852643477726267,0.013952043371162848,0.7851859579003845,0.0013415471654707467,-0.3099994659423828,2
2020-12-31,130.27844532518537,130.91973597132423,127.98535756948488,128.9278564453125,99116600,3756.070068359375,22.75,0.9169999957084656,124.10799751281738,117.55461151123046,127.1675647603829,123.41127406230088,3.756290698082026,3.3147920890544125,0.4414986090276134,67.87740633283165,133.44949983343486,114.76649519219991,0.15053828130057,3.317484171580218,-0.007732574758866504,0.017581939269352503,1242778600.0,0.9415209200168021,129.9286651611328,132.81446838378906,127.24691009521484,-0.007702755312533616,0.013210115269910006,0.7719881611554132,0.006438845522919845,-0.020000457763671875,3
2021-01-04,129.7343224533574,129.82176713240116,123.16598610776015,125.74085235595703,143301900,3700.64990234375,26.969999313354492,0.9169999957084656,124.42232551574708,117.80221206665038,126.94807054431739,123.58383541738652,3.364235126930865,3.324680696629703,0.03955443030116168,62.11913756099046,133.52450122403837,115.32014980745579,0.14631097225616968,3.606201076916991,-0.025029933910234923,0.018707795817460873,1099476700.0,1.3208817529241865,128.9278564453125,131.0460205078125,128.2282257080078,-0.024719282374071727,-0.01939801738904856,0.7556713895511467,-0.014754827521051062,4.219999313354492,0
2021-01-05,125.23562177595956,128.0048225528177,124.78865748776747,127.2955093383789,97664900,3726.860107421875,25.34000015258789,0.9549999833106995,124.84790840148926,118.1026333618164,127.0015226664807,123.85877422634893,3.1427484401317685,3.2882942453301163,-0.1455458051983478,65.46066588751552,133.6303789094432,116.06543789353532,0.14069071112847226,3.710307237001344,0.012288167080861334,0.018723794656538943,1197141600.0,0.8922444586962519,125.74085235595703,129.9286651611328,132.81446838378906,0.012363976808593913,-0.04155389930457143,0.7904599578180586,0.007082595157549276,-1.6299991607666016,1
2021-01-06,124.0987683518539,127.33435496235823,122.7967573877346,123.0105209350586,155088000,3748.139892578125,25.06999969482422,1.0420000553131104,124.98636779785156,118.33112838745117,126.38752240010807,123.7959406492163,2.5915817508917627,3.148951746442446,-0.5573699955506832,47.72726765753647,133.54757811335674,116.42515748234639,0.13699430532058926,3.609671888537053,-0.03424134095864422,0.02038875097220152,1042053600.0,1.373936246551605,127.2955093383789,128.9278564453125,131.0460205078125,-0.03366174050908499,-0.06131815023161924,0.700026224694597,0.005709842747752214,-0.2700004577636719,2
2021-01-07,124.7206540123521,127.8979449873073,124.23483033901421,127.20806884765625,109578200,3803.7900390625,22.3700008392334,1.0709999799728394,125.30409774780273,118.64337997436523,126.51376031511549,124.04869088613779,2.4650694289776993,3.0121752829494968,-0.5471058539717975,54.79792063738565,133.6893491295175,116.91884636608796,0.13383842240485397,3.8331536740838863,0.03355419545926513,0.021634570138773096,1151631800.0,0.9591405791184279,123.0105209350586,125.74085235595703,129.9286651611328,0.03412348700493428,-0.02093915388188261,0.6273118332379787,0.014847403800101189,-2.6999988555908203,3
2021-01-08,128.67521556411702,128.86955684085643,126.53759495540402,128.30599975585938,105158200,3824.679931640625,21.559999465942383,1.1050000190734863,125.8030387878418,118.94752151489257,126.78948945984533,124.36404709870976,2.425442361135566,2.8948286985867107,-0.46938633745114444,55.130182079834995,133.60775086097067,117.99832671471293,0.12407827582433809,3.8768800546214237,0.008593950787863226,0.02093115955990521,1256790000.0,0.9244702523791605,127.20806884765625,127.2955093383789,128.9278564453125,0.00863098479639679,-0.00482329192928832,0.5681117836174354,0.005491862685268911,-0.8100013732910156,4
2021-01-11,125.5271038877366,126.47931399049689,124.85666494889938,125.32305145263672,100384500,3799.610107421875,24.079999923706055,1.1319999694824219,126.0819019317627,119.2967611694336,126.56388361258246,124.43508445825991,2.12879915432255,2.7416227897338787,-0.6128236354113286,53.444165847778976,133.35585090220553,118.80795296131988,0.1153845057695844,3.9164388416862894,-0.023523218944461702,0.021715396977012382,1156405500.0,0.8751666255460828,128.30599975585938,123.0105209350586,125.74085235595703,-0.023248704728528802,-0.0033227141019973594,0.4630589182232062,-0.006554750898592476,2.520000457763672,0
2021-01-12,124.85662004561762,126.0128821676411,123.26311980695318,125.14811706542969,91951100,3801.18994140625,23.329999923706055,1.1380000114440918,126.39234237670898,119.56257598876954,126.34607337455896,124.48790168842064,1.85817168613832,2.5649325690147675,-0.7067608828764476,50.882576014563014,132.86905251950915,119.91563223390882,0.10248579970923404,3.775550036711217,-0.0013968427319274049,0.021630939800522903,1064454400.0,0.7998956798886231,125.32305145263672,127.20806884765625,127.2955093383789,-0.0013958676012061355,-0.016869348212755764,0.32021762895419426,0.0004157884466327033,-0.75,1
2021-01-13,125.10930339828236,127.72303705735104,124.8469692971118,127.17891693115234,88636800,3809.840087890625,22.209999084472656,1.0880000591278076,126.83492927551269,119.99432754516602,126.47420315249639,124.68723615084521,1.7869670016511776,2.40933945554205,-0.6223724538908724,48.389221668578344,132.08461303647488,121.58524551455052,0.08277977984374853,3.5520693103658396,0.01609691742925936,0.02175435029854346,1153091200.0,0.7679069828690955,125.14811706542969,128.30599975585938,123.0105209350586,0.01622717075847757,0.03388649982463199,0.10517823619836113,0.0022756417379066196,-1.1200008392333984,2
2021-01-14,127.09146337014927,127.28578985507761,125.1092946758631,125.25505065917969,90221800,3795.5400390625,23.25,1.128999948501587,126.88497009277344,120.38934783935547,126.28664123044767,124.72929648479591,1.5573447456517613,2.238940513563992,-0.6815957679122309,46.77576276415202,132.04946530615547,121.72047487939142,0.08140436506555417,3.593018124851223,-0.01524282599565551,0.01932034683462006,1062869400.0,0.8050099493300871,127.17891693115234,125.32305145263672,127.20806884765625,-0.01512724214355543,-0.015352942672335446,0.01323532320693575,-0.0037534511943366766,1.0400009155273438,3
2021-01-15,125.12871800814145,126.52789226757409,123.39918727805356,123.53521728515625,111598500,3768.25,24.34000015258789,1.097000002861023,126.85241966247558,120.71757431030274,125.86334523886437,124.6408461737115,1.2224990651528742,2.0356522238817685,-0.8131531587288943,42.580778692459376,132.0961323756882,121.60870694926297,0.08267422453848182,3.642991721193686,-0.013825788154864429,0.019581045517319654,951270900.0,0.9898320881622297,125.25505065917969,125.14811706542969,128.30599975585938,-0.01373065089968406,-0.037182847877581526,-0.07358567425803426,-0.007190027975370938,1.0900001525878906,4
2021-01-19,124.15704975663279,125.06068915645737,123.34086985277312,124.20563507080078,90757300,3798.909912109375,23.239999771118164,1.0920000076293945,126.81015319824219,120.97171737670898,125.60831290531613,124.60860831423662,0.9997045910795066,1.8284626973213163,-0.8287581062418097,34.46706093567906,132.1281065582338,121.49219983825057,0.083872674637938,3.393135423311977,0.005412263789290277,0.019554447376953926,1042028200.0,0.8062674680009742,123.53521728515625,127.17891693115234,125.32305145263672,0.005426936547956229,-0.00891628769714603,-0.14749922457732081,0.008136379515524483,-1.1000003814697266,1
2021-01-20,125.01215882093759,128.73357016525654,124.90527701322534,128.28660583496094,104319500,3851.85009765625,21.579999923706055,1.090000033378601,127.07104187011718,121.228330078125,126.02035797141532,124.881052575031,1.1393053963843158,1.6906312371339163,-0.5513258407496004,45.40466148317516,132.12140206117664,122.02068167905773,0.07948876654716605,3.4077146444337814,0.03232832952789481,0.020482447572815976,1146347700.0,0.964549002065626,124.20563507080078,125.25505065917969,125.14811706542969,0.03285656694910721,0.025078194088133055,-0.15999667534218404,0.013935625421946263,-1.6599998474121094,2
2021-01-21,130.00637029637122,135.70993338633443,129.80231790485385,132.98931884765625,120150900,3853.070068359375,21.31999969482422,1.1089999675750732,127.49079246520996,121.58162033081055,127.09250579852932,125.48166489152176,1.6108409070075567,1.6746731711086444,-0.06383226410108778,54.5532675300902,133.04477881999216,121.93680611042777,0.08712764659138476,3.7581967892850736,0.036001946642193285,0.0217510799710273,1266498600.0,1.1114933752160758,128.28660583496094,123.53521728515625,127.17891693115234,0.036657864490898584,0.04568683282347297,-0.015795503325681245,0.0003167233075522802,-0.26000022888183594,3
2021-01-22,132.4160646907934,135.88485193048166,131.19179469063414,135.12696838378906,114459400,3841.469970703125,21.90999984741211,1.090999960899353,127.84009895324706,122.02372009277343,128.32857696549235,126.1961318168749,2.1324451486174496,1.7662275666104057,0.3662175820070439,58.92054519480873,134.36084242456076,121.31935548193339,0.10201405544434715,3.883816706285657,0.01594602740518522,0.021185008441577016,1380958000.0,1.08619628597878,132.98931884765625,124.20563507080078,125.25505065917969,0.016073843784263353,0.07881452821787582,0.16713935348236666,-0.0030106116552376383,0.5900001525878906,4
2021-01-25,139.0135690829673,140.97628571065687,132.6686993609781,138.86781311035156,157611700,3855.360107421875,23.190000534057617,1.0399999618530273,128.4211441040039,122.54743743896485,129.9499979108553,127.13477487565095,2.8152230352043546,1.9760266603291954,0.8391963748751592,68.59337498149391,136.58366165170978,120.25862655629803,0.1271210843768115,4.00180280093121,0.027307652854282806,0.021743733622893047,1538569700.0,1.4480280580546323,135.12696838378906,128.28660583496094,123.53521728515625,0.02768392402571873,0.124115180773132,0.32901855620321474,0.0036158389430824833,1.2800006866455078,0
2021-01-26,139.52854031294,140.20869037046396,137.3617564370404,139.10101318359375,98390600,3849.6201171875,23.020000457763672,1.0399999618530273,128.96478347778321,123.00741561889649,131.35784641435353,128.02116289846154,3.336683515891991,2.2481580314417546,1.0885254844502366,67.37194601550326,138.41925388883698,119.51031306672945,0.14662096358549676,3.9754291486721605,0.0016778869131629929,0.02173703888328387,1636960300.0,0.8862518974831058,138.86781311035156,132.98931884765625,124.20563507080078,0.001679295353033794,0.11992513950194117,0.43483401995803195,-0.0014888337468982327,-0.1700000762939453,1
2021-01-27,139.36330171958025,140.208644567784,136.42893888339475,138.0321502685547,140843800,3750.77001953125,37.209999084472656,1.0140000581741333,129.22566757202148,123.45145767211915,132.38466239192294,128.76271751846843,3.6219448734545097,2.522915399844306,1.0990294736102038,74.41547281134791,139.38880174991021,119.06253339413274,0.15729280983941532,3.9212940136554195,-0.0077137517695325146,0.020595120254366817,1496116500.0,1.2593706419420359,139.10101318359375,135.12696838378906,128.28660583496094,-0.0076840771362917115,0.07596696763597643,0.3801490948962301,-0.025677883699462,14.189998626708984,2
2021-01-28,135.56422012291074,137.9641898687069,132.82416793009364,133.20310974121094,142621100,3787.3798828125,30.209999084472656,1.0570000410079956,129.3335220336914,123.79794708251953,132.51057736873648,129.0916354608938,3.4189419078426795,2.702120701443981,0.7168212063986985,59.54806414579686,139.62299409021873,119.04404997716406,0.15911531511292057,3.9441910340991586,-0.03561152674450678,0.02201486486078107,1353495400.0,1.2630798763445306,138.0321502685547,138.86781311035156,132.98931884765625,-0.03498489676461891,0.0016075794312442326,0.4158365783072783,0.009760625975629766,-7.0,3
2021-01-29,131.9788209864335,132.86302336292994,126.51816929301403,128.2185516357422,177523800,3714.239990234375,33.09000015258789,1.093000054359436,129.24801635742188,124.02453506469726,131.85026571750657,129.02696258495664,2.8233031325499383,2.726357187665173,0.09694594488476538,49.87606783637062,139.54508396700396,118.95094874783979,0.15933811442191304,4.255118074295194,-0.038138861674824415,0.023613365650426658,1175971600.0,1.517700469688831,133.20310974121094,139.10101318359375,135.12696838378906,-0.03742073375879007,-0.051125373644330674,0.42970630154037787,-0.019311475173124593,2.8800010681152344,4
2021-02-01,129.95780442586786,131.5415940017464,127.21775238608966,130.3367462158203,106239800,3773.860107421875,30.239999771118164,1.0770000219345093,129.31846084594727,124.31117111206055,131.61741656340098,129.12398359465024,2.4934329687507386,2.6797723438822865,-0.18633937513154786,57.2839832949047,139.6255783485422,119.01134334335232,0.15940674572168723,4.317582846344962,0.016385214209118107,0.023847965050106307,1282211400.0,0.9055164585852864,128.2185516357422,138.0321502685547,138.86781311035156,0.01652018801534849,-0.061433003828986754,0.42721219294326634,0.016051767614439383,-2.8500003814697266,0
2021-02-02,131.8816374338767,132.44519444855226,130.7933975854858,131.16262817382812,83305400,3826.31005859375,25.559999465942383,1.1050000190734863,129.58954963684081,124.64075363159179,131.54744911885132,129.27499430421898,2.27245481463234,2.5983088380322976,-0.3258540233999576,58.57578302453289,139.78507059596825,119.3940286777134,0.15735097448365482,4.271774694348108,0.006316532923980954,0.02309703269295912,1365516800.0,0.7286700800562326,130.3367462158203,133.20310974121094,139.10101318359375,0.006336524287941403,-0.05706921055483671,0.4072685793032261,0.013898223484416938,-4.680000305175781,1
2021-02-03,131.9108002272906,131.92052618668296,129.82176496768204,130.1424102783203,89880900,3830.169921875,22.90999984741211,1.13100004196167,129.73189468383788,124.93807739257812,131.33128929723117,129.3392473393376,1.9920419578935764,2.4770554620045537,-0.4850135041109773,54.350880109215844,139.8719026562511,119.59188671142464,0.1563225141685453,4.21625279854537,-0.007808675145054249,0.02306809866457157,1275635900.0,0.7888713727299604,131.16262817382812,128.2185516357422,138.0321502685547,-0.007778266642810228,-0.0571587124802746,0.39856932360922626,0.0010087690809532646,-2.6499996185302734,2
2021-02-04,132.43549143917588,133.5042942626405,130.7739685158837,133.4945831298828,84183100,3871.739990234375,21.770000457763672,1.1390000581741333,130.2560977935791,125.32770751953124,131.66410373302372,129.64704999048908,2.0170537425346424,2.3850551181105715,-0.36800137557592905,61.61002547391632,140.00968336099015,120.50251222616805,0.14976013764619084,4.300923427481491,0.025431586658489137,0.022094146051723836,1359819000.0,0.7625914908504168,130.1424102783203,130.3367462158203,133.20310974121094,0.02575772835614165,0.0021881875673785967,0.35860843086403515,0.010853322230420792,-1.1399993896484375,3
2021-02-05,133.6552098828253,133.72331912038942,132.20528641674758,133.08106994628906,75693800,3886.830078125,20.8700008392334,1.1699999570846558,130.54974784851075,125.77688827514649,131.88209853506456,129.90142183906684,1.9806766959977153,2.3041794336880006,-0.32350273769028526,63.9648110076097,140.27052786228612,120.82896783473538,0.14892070147933661,4.185875407061585,-0.003102410220079739,0.021015342988268855,1284125200.0,0.6963768875935402,133.4945831298828,131.16262817382812,128.2185516357422,-0.0030976027183921007,0.03792367210917247,0.37389478065550374,0.003897495164625342,-0.8999996185302734,4
2021-02-08,132.37067302189544,133.27566293088242,131.29053239728702,133.2270050048828,71297200,3915.590087890625,21.239999771118164,1.159999966621399,130.79579811096193,126.2033366394043,132.08900722272892,130.14776133283098,1.9412458898979423,2.231592724929989,-0.2903468350320466,63.40321441647312,140.52656229480087,121.06503392712298,0.14879322309090925,4.204826209198095,0.0010959868432713665,0.020963155670230573,1355422400.0,0.6663068655198823,133.08106994628906,130.1424102783203,130.3367462158203,0.0010965876563260313,0.022175317958886387,0.39101414498757064,0.007399348360373592,0.3699989318847656,0
2021-02-09,132.94478730279516,134.17090160726997,132.19551172596402,132.3511962890625,76774200,3911.22998046875,21.6299991607666,1.156999945640564,131.1472053527832,126.595556640625,132.12934400216486,130.31097873699628,1.8183652651685804,2.1489472329777075,-0.3305819678091271,56.67451273603982,140.54782662700237,121.74658407856404,0.14335984131620175,4.022501551115965,-0.0065955103725587605,0.020211702842222873,1278648200.0,0.7254961077236162,133.2270050048828,133.4945831298828,131.16262817382812,-0.00657380773356131,0.009061789411989984,0.37415895709730146,-0.0011135249921484514,0.3899993896484375,1
2021-02-10,132.80855342312873,133.3048434386966,130.78450562896475,131.7478790283203,73046600,3909.8798828125,21.989999771118164,1.1330000162124634,131.47719345092773,126.9648275756836,132.07065708311185,130.41741579561287,1.653241287498986,2.049806043881963,-0.3965647563829773,47.6442549633112,140.44449530773667,122.50989159411878,0.1364084769600118,3.672287998141562,-0.004568878626477037,0.020258167996036056,1205601600.0,0.6964924229443769,132.3511962890625,133.08106994628906,130.1424102783203,-0.004558457178010733,0.012336245706273452,0.34459440886497433,-0.00034518493235935477,0.3600006103515625,2
2021-02-11,132.24411789704274,132.72094164331565,130.17142759822354,131.49484252929688,64280000,3916.3798828125,21.25,1.1579999923706055,131.69298973083497,127.28123260498047,131.9820702286788,130.49722518329315,1.48484504538564,1.9368138441826985,-0.4519687987970584,42.57676770133804,140.42952110407268,122.95645835759726,0.13268027996166168,3.519177769944747,-0.0019224582959649916,0.020024234825114427,1141321600.0,0.6201043662273875,131.7478790283203,133.2270050048828,133.4945831298828,-0.0019206115566311466,-0.014979938164534357,0.31325860195587824,0.0016624551635393559,-0.7399997711181641,3
2021-02-12,130.7358433658653,131.88409294253404,130.09359452723146,131.7283935546875,60145100,3934.830078125,19.969999313354492,1.2000000476837158,132.01665687561035,127.5309896850586,131.94304304806474,130.58842284043348,1.3546202076312568,1.8203751168724103,-0.4657549092411535,32.9667401309251,140.21180489581684,123.82150885540385,0.12415324269161254,3.0536714889178773,0.001774547643690319,0.019625391328476967,1201466700.0,0.5887566126106866,131.49484252929688,132.3511962890625,133.08106994628906,0.0017761230851209842,-0.010164303549313969,0.2544534415741478,0.0047110331133788375,-1.2800006866455078,4
2021-02-16,131.84515524560578,132.3511559058319,129.21777673672364,129.60702514648438,80576300,3932.590087890625,21.459999084472656,1.2990000247955322,132.32024726867675,127.73132400512695,131.58365567859084,130.51572671495578,1.0679289636350688,1.669885886224942,-0.6019569225898731,29.22127972214801,139.59008846878766,125.05040606856583,0.10988252138540024,3.0741318628953564,-0.016235189356587614,0.019738078888514865,1120890400.0,0.8009172504057327,131.7283935546875,131.7478790283203,133.2270050048828,-0.0161041090000269,-0.027171517203030793,0.07579706929717193,-0.0005692724183511411,1.489999771118164,1
2021-02-17,127.71924852152779,128.6631557746567,125.98713342468182,127.32027435302734,97918500,3931.330078125,21.5,1.3009999990463257,132.4759792327881,127.88864364624024,130.92775085927337,130.2790265399981,0.6487243192752601,1.4656535728350057,-0.8169292535597457,27.74233988188449,139.12045547839926,125.83150298717692,0.10031216653904379,3.0627165798534497,-0.017801231584122033,0.020228004741458996,1022971900.0,0.9698445723999024,129.60702514648438,131.49484252929688,132.3511962890625,-0.017643725645832053,-0.038011911316973235,-0.1293100964484084,-0.0003204020092266724,0.04000091552734375,2
2021-02-18,125.72436743621753,126.50284947960014,123.98252704202405,126.22065734863281,96856700,3913.969970703125,22.489999771118164,1.2869999408721924,132.37268180847167,128.0373797607422,130.20358262686713,129.97840659989697,0.2251760269701606,1.217558063662037,-0.9923820366918763,32.83053330171603,139.34741594033565,125.39794767660769,0.10538026481862225,2.929128363606467,-0.008674133140222917,0.018948521163613237,926115200.0,0.9628864992420465,127.32027435302734,131.7283935546875,131.7478790283203,-0.008636621386359677,-0.041953022093808245,-0.20740359029729102,-0.004415835627354592,0.9899997711181641,3
2021-02-19,126.73642239782728,127.19378012757379,125.33515742569439,126.3763656616211,87668800,3906.7099609375,22.049999237060547,1.3450000286102295,132.04203414916992,128.16008041381835,129.6147800168293,129.71158875261727,-0.0968087357879881,0.954684703772032,-1.0514934395600202,44.059409107303566,139.50368149940095,124.58038679893887,0.11301927296578151,2.5843913817266446,0.0012328596026586333,0.016874723354428557,1013784000.0,0.8858490970217603,126.22065734863281,129.60702514648438,131.49484252929688,0.0012336198864675296,-0.03892530512392822,-0.24665553937306794,-0.0018548966445751658,-0.4400005340576172,4
2021-02-22,124.56638952046134,126.23039523519333,122.22122494397281,122.61046600341797,103916400,3876.5,23.450000762939453,1.3700000047683716,131.41620903015138,128.19522033691408,128.53719324553524,129.185579660084,-0.648386414548753,0.6340704801078749,-1.282456894656628,27.47805069634191,139.82755947514556,123.0048585851572,0.12801085204130844,2.572341317583183,-0.030252096770832775,0.017364421076146292,909867600.0,1.0556459050806142,126.3763656616211,127.32027435302734,131.7283935546875,-0.029799081802103,-0.06921763262439085,-0.2267037929058108,-0.0077328394581538396,1.4000015258789062,0
2021-02-23,120.43074421044315,123.30138352656303,115.20519947854247,122.47425079345703,158273000,3881.3701171875,23.110000610351562,1.3619999885559082,130.59653091430664,128.27816177368163,127.60443286829243,128.68844418848198,-1.0840113201895463,0.29045412004839066,-1.374465440237937,23.612590848403485,139.1443671678454,122.04869466076791,0.1309044917762412,3.000036732960941,-0.0011115766480003337,0.015674052383294088,751594600.0,1.6072933807262804,122.61046600341797,126.22065734863281,129.60702514648438,-0.0011109590755257193,-0.05503385595777499,-0.23362147658445673,0.0012563181187927874,-0.3400001525878906,1
2021-02-24,121.57898434363891,122.18230093698557,118.94188709836797,121.97795104980469,111039900,3925.429931640625,21.34000015258789,1.3890000581741333,129.7403778076172,128.32280502319335,126.73882028083278,128.19137062265403,-1.4525503418212509,-0.058146772325537666,-1.3944035694957133,24.388732049194374,138.1302825721796,121.35047304305479,0.12933374954408097,3.10243690982438,-0.0040605109859133785,0.015572887551218915,640554700.0,1.120435638361313,122.47425079345703,126.3763656616211,127.32027435302734,-0.004052278257976938,-0.04195972189322905,-0.29161069601934436,0.01135161376597904,-1.7700004577636719,2
2021-02-25,121.32598240071049,123.05809741548158,117.29735317502876,117.73524475097656,148199500,3829.340087890625,28.889999389648438,1.5180000066757202,128.72553253173828,128.29872375488281,125.35365481470106,127.41684278030755,-2.063187965606488,-0.4591550109817278,-1.6040329546247605,3.1800539098220924,137.7765737022828,119.67449136119374,0.140625422051572,3.27378407097671,-0.035401884225721485,0.01685781089363802,492355200.0,1.489861393665484,121.97795104980469,122.61046600341797,126.22065734863281,-0.03478256736002883,-0.06722681354937632,0.001101359762640452,-0.02447880752512621,7.549999237060547,3
2021-02-26,119.29222499597206,121.49143122307309,117.93961772875939,117.99800872802734,164560400,3811.14990234375,27.950000762939453,1.4600000381469727,127.9652774810791,128.2921403503418,124.2220169552128,126.71915136902753,-2.4971344138147344,-0.8667508915483291,-1.6303835222664054,4.784216248953072,137.9399581564911,117.99059680566711,0.15589667559446885,3.433652197294902,0.0022293340629664796,0.015671923722874,656915600.0,1.6362939781525057,117.73524475097656,122.47425079345703,126.3763656616211,0.0022318208757841074,-0.06629686563409498,0.19121601952075473,-0.004750214169902844,-0.9399986267089844,4
2021-03-01,120.42098970661608,124.48854343367245,119.48681564706342,124.35231018066406,116307900,3901.820068359375,23.350000381469727,1.4459999799728394,127.7719654083252,128.29410186767578,124.24206206682068,126.54382979951912,-2.301767732698437,-1.1537542597783506,-1.1480134729200864,30.61222244815643,137.87501031677343,117.66892049987698,0.15814180953015136,3.7554667810127387,0.05245099899095425,0.01870941051407429,773223500.0,1.1928015266412277,117.99800872802734,121.97795104980469,122.61046600341797,0.05385092105480105,0.014206325398009145,0.23845250427628056,0.023790763506800205,-4.600000381469727,0
2021-03-02,124.95564701355688,125.25730532990295,121.64710890595583,121.754150390625,102260900,3870.2900390625,24.100000381469727,1.4149999618530273,127.34283561706543,128.24546035766602,123.85930642432905,126.18903873219362,-2.3297323078645746,-1.3889498693955955,-0.9407824384689791,28.46977438909836,137.7127582422339,116.97291299189698,0.16286621190613357,3.8722386769156794,-0.021114897295636703,0.018698485124885783,670962600.0,1.0508859231544634,124.35231018066406,117.73524475097656,122.47425079345703,-0.020893538578128146,-0.00587960651456787,0.385906857693499,-0.008080851690870694,0.75,1
2021-03-03,121.45248092660913,122.32827149061751,118.56237577745944,118.77645874023438,112966300,3819.719970703125,26.670000076293945,1.4700000286102295,126.72352714538575,128.11997024536132,123.07732985754525,125.63995873278924,-2.5626288752439876,-1.623685670565274,-0.9389432046787136,25.96467031736661,137.59999900371835,115.84705528705315,0.17165670974189948,3.961207098588982,-0.024760622292116678,0.01913421265053852,557996300.0,1.14347300940281,121.754150390625,117.99800872802734,121.97795104980469,-0.02445659257476862,-0.026246483745764104,0.5670516555969879,-0.01306622187199813,2.5699996948242188,2
2021-03-04,118.47479946720621,120.2750310748952,115.42900236715201,116.89837646484375,178155000,3768.469970703125,28.56999969482422,1.5499999523162842,126.06132545471192,127.99656112670898,122.12672164328349,124.99243412034883,-2.865712477065344,-1.8720910318652881,-0.9936214452000558,24.489833470849803,137.65068893426138,114.47196197516247,0.18386865976136327,4.125243860206916,-0.015938248397835475,0.019283686219538868,379841300.0,1.7262081131345297,118.77645874023438,124.35231018066406,117.73524475097656,-0.01581190662956211,-0.007108052375504714,0.7197272706320679,-0.013417213930100202,1.8999996185302734,3
2021-03-05,117.72552798386944,118.65970219404976,114.40725661331615,118.1536865234375,153766600,3841.93994140625,24.65999984741211,1.5540000200271606,125.29428062438964,127.86774871826172,121.5154854709995,124.48586022428132,-2.970374753281831,-2.0917477761485967,-0.8786269771332345,27.093644384411263,136.8427931392935,113.7457681094858,0.18434221350492877,4.301097229166275,0.010681225064119561,0.018300830534159717,533607900.0,1.4413120550839524,116.89837646484375,121.754150390625,117.99800872802734,0.010738472993004011,0.0013193256147989718,0.7907023286827497,0.01949596819778221,-3.9099998474121094,4
2021-03-08,117.67686731260757,117.74498394850409,113.08383865170997,113.22980499267578,154376600,3821.35009765625,25.469999313354492,1.5959999561309814,124.30171737670898,127.5695280456543,120.24076539741124,123.65207835527352,-3.411312957862279,-2.355660812491333,-1.0556521453709458,24.752529281182873,136.43008794040773,112.17334681301021,0.19514405463832007,4.439416422210509,-0.04256677910521105,0.020008105458509458,379231300.0,1.3955666595054688,118.1536865234375,118.77645874023438,124.35231018066406,-0.04167353279988428,-0.08944349463093249,0.8407956243880125,-0.005359231030161227,0.8099994659423828,0
2021-03-09,115.827968557669,118.77645723226702,115.59442688495044,117.83255004882812,129525800,3875.43994140625,24.030000686645508,1.5460000038146973,123.53199462890625,127.38124084472656,119.87027072839845,123.22100218442571,-3.350731456027262,-2.554674941198519,-0.7960565148287428,36.348355347729836,135.22141786460065,111.84257139321184,0.1892533714979634,4.5770421734811295,0.03984512315182657,0.02264540059585084,508757100.0,1.140887631960423,113.22980499267578,116.89837646484375,121.754150390625,0.040649589182371715,-0.032209171754845056,0.827941291234371,0.01415464230382213,-1.4399986267089844,1
2021-03-10,118.41640913957764,118.88349246045178,116.2366622283132,116.75241088867188,111943300,3898.81005859375,22.559999465942383,1.5199999809265137,122.75205535888672,127.15172454833984,119.39059998382513,122.74184727362913,-3.3512472898040073,-2.7139894109196168,-0.6372578788843906,36.368740880618645,134.03847716368466,111.46563355408877,0.1838897405310266,4.527690953562221,-0.00920900290733316,0.02265570870190599,396813800.0,0.9709783693491445,117.83255004882812,118.1536865234375,118.77645874023438,-0.009166729903652748,-0.017040816614924625,0.7806045544447971,0.006030313342701321,-1.470001220703125,2
2021-03-11,119.24356031125248,119.89553490297892,117.99799469596714,118.67916107177734,103026500,3939.340087890625,21.90999984741211,1.5269999504089355,122.09861946105957,126.86901840209961,119.28114784351008,122.44090755497345,-3.1597597114633658,-2.8031434710283665,-0.3566162404349993,39.45615740976855,132.68356220680812,111.51367671531102,0.17338349593910624,4.6194410473070535,0.016368180226197328,0.023215267356331733,499840300.0,0.8821655103352716,116.75241088867188,113.22980499267578,116.89837646484375,0.01650287277530138,0.01523361282497504,0.7047941672728577,0.010395487004435822,-0.6499996185302734,3
2021-03-12,117.16112781873039,117.91041082516712,115.9544870681418,117.77417755126953,88105100,3943.340087890625,20.690000534057617,1.6349999904632568,121.4125862121582,126.60358154296875,119.04930626008846,122.09522385099538,-3.0459175909069245,-2.851698295004078,-0.1942192959028466,42.811706075342244,131.18035026090863,111.64482216340778,0.1609020012419813,4.517264853449,-0.007654685230268331,0.023207754011987373,411735200.0,0.746783570661428,118.67916107177734,117.83255004882812,118.1536865234375,-0.007625462737813615,-0.003211994338345847,0.6156436231701897,0.0010153984958789497,-1.2199993133544922,4
2021-03-15,118.14395874848536,120.6642817142442,117.18058534747087,120.65454864501953,92403800,3968.93994140625,20.030000686645508,1.6069999933242798,120.8588939666748,126.41809921264648,119.29626662700093,121.98850716907124,-2.6922405420703086,-2.819806744417324,0.12756620234701543,47.499322701778254,129.33450612221768,112.38328181113192,0.1402563249979751,4.187801447645627,0.02416245117914832,0.024100363323551158,504139000.0,0.772656348087104,117.77417755126953,116.75241088867188,113.22980499267578,0.024456728576993214,0.06557234336687245,0.5371501227201889,0.006491921301497117,-0.6599998474121094,0
2021-03-16,122.31854732264155,123.79766203262986,121.36491441345117,122.19204711914062,115227900,3962.7099609375,19.790000915527344,1.621000051498413,120.48814506530762,126.28338302612305,119.74177131809935,122.00358420240971,-2.261812884310359,-2.708207972395931,0.44639508808557204,50.28603055395868,127.93931113349498,113.03697899712026,0.12368297419050882,4.159997854254288,0.012662471240634665,0.024218824929553677,619366900.0,0.9497461548406224,120.65454864501953,118.67916107177734,117.83255004882812,0.012742979783088026,0.036997392218924174,0.5089127557661202,-0.0015696837343783798,-0.23999977111816406,1
2021-03-17,120.71293967926185,122.47424657756945,119.04893377660937,121.40383911132812,111932600,3974.1201171875,19.229999542236328,1.6410000324249268,120.19232330322265,126.19664276123046,119.99747405551918,121.95915864010738,-1.9616845845881983,-2.558903294834385,0.5972187102461866,55.39961532864158,126.93776550117256,113.44688110527274,0.11224414359530151,3.9931813228619495,-0.006471461984370178,0.023984428093841298,507434300.0,0.9172874719372526,122.19204711914062,117.77417755126953,116.75241088867188,-0.0064505671718878554,0.03984010426210016,0.4750669816640053,0.00287938213053085,-0.5600013732910156,2
2021-03-18,119.57439391707281,119.86632656590932,117.08326303051578,117.28761291503906,121229700,3915.4599609375,21.579999923706055,1.7300000190734863,119.74567108154297,125.99648483276367,119.58057234159915,121.61311821602824,-2.03254587442909,-2.453631810753326,0.4210859363242361,49.060927891549994,125.97355864351161,113.51778351957432,0.10401858381548759,4.03349486634165,-0.0344933534413274,0.025013855121008288,386204600.0,0.9836536050754477,121.40383911132812,120.65454864501953,118.67916107177734,-0.033905239129336406,-0.011725294855232993,0.44150881189963326,-0.014760539319459198,2.3500003814697266,3
2021-03-19,116.67456302671786,118.16340319964601,116.46048007455593,116.76213836669922,185549500,3913.10009765625,20.950000762939453,1.7319999933242798,119.26495971679688,125.87151718139648,119.14696711469146,121.2537863753372,-2.106819260645736,-2.384269300731808,0.2774500400860722,38.13869653102486,124.78144143450967,113.74847799908409,0.0925080045440349,3.6915226105877204,-0.004490288311582133,0.024987535539999307,200655100.0,1.4480405102813299,117.28761291503906,122.19204711914062,117.77417755126953,-0.004480222039479065,-0.00859304820133222,0.4284113205260614,-0.0006027039747036333,-0.6299991607666016,4
2021-03-22,117.09302062360135,120.53779245026008,117.02490398115997,120.0707015991211,111912300,3940.590087890625,18.8799991607666,1.684000015258789,119.13797149658203,125.72876983642578,119.28908011229602,121.16615046598785,-1.8770703536918347,-2.2828295113238135,0.4057591576319788,47.42638559812598,124.44306830267284,113.83287469049121,0.08905803480535196,3.703341014845845,0.027941889252066435,0.025152019981895306,312567400.0,0.8706544898389295,116.76213836669922,121.40383911132812,120.65454864501953,0.028335925315371657,-0.004838997389283617,0.4657503926520825,0.007025118077311765,-2.0700016021728516,0
2021-03-23,120.01229458916613,120.89781076796868,118.8543044696532,119.24354553222656,95467100,3910.52001953125,20.299999237060547,1.6380000114440918,118.9764362335205,125.54752075195313,119.28207479228533,121.02373528570924,-1.7416604934239075,-2.1745957077438325,0.432935214319925,50.764327997610955,124.04528352458183,113.90758894245917,0.08520758314045435,3.5803131994999453,-0.006912746488642166,0.025186235859367474,217100300.0,0.7613137818527728,120.0707015991211,117.28761291503906,122.19204711914062,-0.006888908417110318,-0.024130061296372185,0.4990314137437434,-0.007630854183940605,1.4200000762939453,1
2021-03-24,119.51602254128295,119.59387224546333,116.84000020937296,116.85945892333984,88530500,3889.139892578125,21.200000762939453,1.6139999628067017,118.72051162719727,125.37824890136719,118.9093646586014,120.71527036997817,-1.8059057113767665,-2.1008577084704196,0.29495199709365316,49.93735383892875,123.66664918976988,113.77437406462465,0.08332406076726379,3.43087343723903,-0.020195995799282322,0.025534106376950968,128569800.0,0.7123908843289496,119.24354553222656,116.76213836669922,121.40383911132812,-0.019993422690055773,-0.03743193148794133,0.47779476996426695,-0.00546733601831495,0.9000015258789062,2
2021-03-25,116.32425877519718,118.38723138862223,115.79878440882977,117.34600830078125,98844700,3909.52001953125,19.809999465942383,1.6139999628067017,118.7010498046875,125.22220672607422,118.66884829585985,120.4656954018895,-1.7968471060296594,-2.0400555879822675,0.24320848195260814,48.66687352475094,123.66653590626865,113.73556370310635,0.0836637268120448,3.3120163943146617,0.004154899398015309,0.024325779246447656,227414500.0,0.8115020262982625,116.85945892333984,120.0707015991211,117.28761291503906,0.004163542959415789,0.0004978819526704203,0.45790520644286165,0.005240265846959469,-1.3900012969970703,3
2021-03-26,117.11246742653448,118.21207408800578,115.72093550893463,117.94933319091797,94071200,3974.5400390625,18.860000610351562,1.659999966621399,118.69861602783203,125.03761505126953,118.55815366433032,120.2792982010768,-1.721144536746479,-1.97627337773511,0.255128840988631,59.08577374147085,123.66560051416045,113.73163154150362,0.08369068911744974,3.127822873410634,0.005128246131380254,0.02434942553488772,321485700.0,0.795325234793171,117.34600830078125,119.24354553222656,116.76213836669922,0.005141418092299066,0.010167635166892008,0.419408499700034,0.016631202604519668,-0.9499988555908203,4
2021-03-29,118.3775042989523,119.28248673827066,117.48225492917581,118.12449645996094,80819200,3971.090087890625,20.739999771118164,1.7209999561309814,118.38722534179688,124.89500396728516,118.49143717135041,120.11968325729043,-1.6282460859400203,-1.9066679193760923,0.27842183343607196,50.67754295508307,122.5827872383662,114.19166344522756,0.0708786253661452,2.8602214140894637,0.001483970514198366,0.021006397578241506,402304900.0,0.6936929196529648,117.94933319091797,116.85945892333984,120.0707015991211,0.0014850721433028458,-0.016208826243540475,0.47136528200530536,-0.0008680126852336212,1.8799991607666016,0
2021-03-30,116.8789257121579,117.16112532326552,115.66255191815422,116.67457580566406,85671900,3958.550048828125,19.610000610351562,1.7259999513626099,118.13324661254883,124.7577911376953,118.21192003816789,119.86449011272552,-1.6525700745576302,-1.8558483504124,0.20327827585476976,49.822410097940775,122.07812719866003,114.18836602643763,0.06678696639989148,2.847015293351473,-0.01235046689449221,0.02068815036198359,316633000.0,0.7406176962122226,118.12449645996094,117.34600830078125,119.24354553222656,-0.012274512888936107,-0.021543889148014417,0.5192510889755065,-0.0031578329337678124,-1.1299991607666016,1
2021-03-31,118.37750988637804,120.19720049628938,117.8909603245139,118.86405944824219,118323800,3972.889892578125,19.399999618530273,1.746000051498413,118.13762664794922,124.65095962524414,118.31224917817933,119.79038413757861,-1.4781349593992843,-1.780305672209777,0.3021707128104927,50.416869496712,122.08570747016695,114.18954582573149,0.06683866832678188,2.874122484517064,0.018591826408459026,0.02046220508166839,434956800.0,1.0205240617778446,116.67457580566406,117.94933319091797,116.85945892333984,0.01876573047263519,0.017153943235501012,0.5898606685702472,0.0036224990395776757,-0.21000099182128906,2
2021-04-01,120.33343394406754,120.8394421912494,119.19490239563412,119.6911849975586,75089100,4019.8701171875,17.329999923706055,1.6790000200271606,118.27726707458496,124.47905120849609,118.52439315039152,119.78303605313268,-1.2586429027411583,-1.6759731183160533,0.417330215574895,54.33728742171803,122.23833255866131,114.3162015905086,0.06697932040615265,2.8206016801864697,0.006934484846389986,0.0201592995644441,510045900.0,0.6777553671846216,118.86405944824219,118.12449645996094,117.34600830078125,0.006958584059436168,0.019985142492160435,0.643909927283327,0.011825201774944727,-2.0699996948242188,3
2021-04-05,120.53778601486208,122.76618380455446,119.75930377924526,122.51317596435547,88651200,4077.909912109375,17.90999984741211,1.7200000286102295,118.49524154663087,124.26952835083007,119.13805204484751,119.98526863914918,-0.8472165943016705,-1.5102218135131769,0.6630052192115063,54.21633907110181,122.8843448830398,114.10613821022193,0.07408066820441417,2.791408997345222,0.02330361570107589,0.02066366257601693,598697100.0,0.8243932282941318,119.6911849975586,116.67457580566406,117.94933319091797,0.023577266503413963,0.03869324776978833,0.7671119771799066,0.014438226417743616,0.5799999237060547,0
2021-04-06,123.09703422020135,123.71008397089403,122.26990148299974,122.81483459472656,80171300,4073.93994140625,18.1200008392334,1.656000018119812,118.9744930267334,124.02328567504883,119.70371089867506,120.1948661173401,-0.4911552186650425,-1.3064084945435501,0.8152532758785076,51.49673040590493,123.0227676647485,114.9262183887183,0.06805281594443037,2.6697710759369335,0.0024592282121770137,0.01783308898490685,678868400.0,0.7721785228147507,122.51317596435547,118.86405944824219,118.12449645996094,0.002462254594223001,0.039706735481030764,0.7456650029610616,-0.0009735307519511682,0.21000099182128906,1
2021-04-07,122.44505868103397,124.47883218903853,121.77361794195266,124.4593734741211,83466700,4079.949951171875,17.15999984741211,1.652999997138977,119.30583419799805,123.73511688232422,120.43535129489752,120.51075555117572,-0.07540425627820468,-1.060207646890481,0.9848033906122764,57.05299231997914,123.9946707983911,114.616997597605,0.07860196665003871,2.6183354649459187,0.013301533869076643,0.01591444224939639,762335100.0,0.8221548716547479,122.81483459472656,119.6911849975586,116.67457580566406,0.01339039282038934,0.06672231387773442,0.8102572727462075,0.001475232784985625,-0.9600009918212891,2
2021-04-08,125.48112193995918,126.88238697462579,125.0626964676061,126.85319519042969,88844600,4097.169921875,16.950000762939453,1.6319999694824219,119.81087341308594,123.49016052246094,121.42271189421015,120.98056589482417,0.44214599938598553,-0.7597369176351878,1.2018829170211733,73.9872871854799,125.42609785604022,114.19564897013167,0.09373480524750048,2.4827952806382294,0.01905112928360006,0.016052058848739607,851179700.0,0.8851978990889778,124.4593734741211,122.51317596435547,118.86405944824219,0.01923375997715704,0.0672123750381104,0.8417004914534446,0.0042206328286402695,-0.20999908447265625,3
2021-04-09,126.3082809200934,129.46111286986317,125.98715639774359,129.4221954345703,106686700,4128.7998046875,16.690000534057617,1.6660000085830688,120.34802513122558,123.31796142578125,122.65340166965018,121.6058717866572,1.0475298829929756,-0.39828355750955513,1.4458134405025307,78.7959150029067,127.38323193473606,113.3128183277151,0.11691437056552276,2.6092976625689084,0.020049418669123936,0.0162197775831606,957866400.0,1.0610319080731472,126.85319519042969,122.81483459472656,119.6911849975586,0.020251758265009245,0.0813009783235934,0.8768367690382795,0.007719934348738189,-0.26000022888183594,4
2021-04-12,128.955060856529,129.27618525159716,127.11590466536393,127.7094955444336,91420000,4127.990234375,16.90999984741211,1.6749999523162842,120.84479103088378,123.2080891418457,123.4312622657707,122.057992065011,1.3732702007596913,-0.04397280585570584,1.4172430066153971,68.73491356243137,128.49129925699847,113.19828280476911,0.12655089492703905,2.5043431401150165,-0.013321774635395047,0.01648750885204623,866446400.0,0.9077036557064744,129.4221954345703,124.4593734741211,122.51317596435547,-0.013233432522032684,0.042414373304549446,0.8962026361432709,-0.00019607884876882142,0.2199993133544922,0
2021-04-13,128.87723269707828,131.0375136441806,128.38094270892825,130.81369018554688,91266500,4141.58984375,16.649999618530273,1.6230000257492065,121.35274810791016,123.2599919128418,124.56702040727473,122.7065622961618,1.8604581111129193,0.3369133775380192,1.5235447335749002,75.52587762972479,130.201304559857,112.50419165596333,0.14583199128013907,2.596093983074411,0.024015980081194186,0.016478134555687432,957712900.0,0.9066914897923753,127.7094955444336,126.85319519042969,122.81483459472656,0.024306686263851462,0.0651293926927925,0.9110889393126302,0.0032944868090414303,-0.26000022888183594,1
2021-04-14,131.3099778007929,131.36836136344672,128.11821435701262,128.47825622558594,87222800,4124.66015625,16.989999771118164,1.6380000114440918,121.66705856323242,123.22282211303711,125.16874899470722,123.13409517982285,2.034653814884365,0.6764614650072884,1.3581923498770765,75.68836046111893,131.07034063811335,112.26377648835148,0.15457400196773707,2.6315421952418205,-0.01801442080819671,0.017051280294574634,870490100.0,0.8787432661985761,130.81369018554688,129.4221954345703,124.4593734741211,-0.017853131095440733,0.032290719768893084,0.9301335011013447,-0.004087726727828533,0.3400001525878906,2
2021-04-15,130.22010527807376,131.36835488244947,130.04493975044198,130.88180541992188,89347100,4170.419921875,16.56999969482422,1.5299999713897705,122.14095687866211,123.21720565795898,126.04768075243254,123.70799964205241,2.339681110380127,1.0091053940818562,1.3305757162982708,77.58814795832367,132.4043699083937,111.8775438489305,0.1680585004738015,2.6530887436040405,0.018534989461895707,0.017273542696228345,959837200.0,0.9105038408764682,128.47825622558594,127.7094955444336,126.85319519042969,0.01870782858475062,0.03175805089847761,0.9430592030097331,0.01109419052516647,-0.4200000762939453,3
2021-04-16,130.6871670710185,131.04720886250462,129.69460217348174,130.55093383789062,84922400,4185.47021484375,16.25,1.5729999542236328,122.80412292480469,123.22537612915039,126.74048891942608,124.21488365655895,2.5256052628671313,1.3124053678389114,1.21319989502822,75.97255746154947,133.45386524014535,112.15438060946403,0.17344274869112825,2.571765037172021,-0.002531219002106029,0.014857924907504151,874914800.0,0.881725000734577,130.88180541992188,130.81369018554688,129.4221954345703,-0.002528018168527546,0.008721366528594787,0.9475112798206332,0.0036088195555097347,-0.31999969482421875,4
2021-04-19,129.91846854593953,131.82574950678435,129.75304346412022,131.2126922607422,94264200,4163.259765625,17.290000915527344,1.6009999513626099,123.52665061950684,123.17973831176758,127.42852020270549,124.73323984946141,2.6952803532440726,1.5889803649199437,1.106299988324129,76.44502228138988,134.40868157889025,112.64461966012342,0.17618920135546792,2.591227482426969,0.005056163398432632,0.014677176766244093,969179000.0,1.0274064760890407,130.55093383789062,128.47825622558594,127.7094955444336,0.005068967363138777,0.027430980769082458,0.9474902153219329,-0.005306560094486046,1.0400009155273438,0
2021-04-20,131.38782793049364,131.88410306298763,128.26417368348118,129.52920532226562,94812300,4134.93994140625,18.68000030517578,1.562000036239624,123.99957580566407,123.10870101928711,127.75170252879167,125.08849655115063,2.6632059776410415,1.8038254874641635,0.859380490176878,75.73024023495722,135.06970873168308,112.92944287964504,0.1785511418743637,2.6739406851198075,-0.012913232186239918,0.014275884725955965,874366700.0,1.0431008244543285,131.2126922607422,130.88180541992188,130.81369018554688,-0.012830214131504758,-0.009819192941192378,0.9525039381745748,-0.006802319771775922,1.3899993896484375,1
2021-04-21,128.7993896114448,130.15199668398512,127.76790700410929,129.90872192382812,68847100,4173.419921875,17.5,1.5640000104904175,124.53283462524413,123.04233535766602,128.0835516664896,125.44555028246008,2.638001384029522,1.9706606667772353,0.6673407172522867,73.83433457627073,135.6656513469858,113.40001790350247,0.17879327576929543,2.592616755780558,0.002925685356040867,0.014055435572934769,943213800.0,0.7686945370089534,129.52920532226562,130.55093383789062,128.47825622558594,0.0029299693502964352,0.01113391277455178,0.9636225715400609,0.009306055472153574,-1.1800003051757812,2
2021-04-22,129.46110142550572,130.54124205126504,127.87495994409139,128.3907012939453,84566500,4134.97998046875,18.709999084472656,1.5540000200271606,125.10939674377441,122.96312545776367,128.13080545532893,125.66370961664417,2.467095838684756,2.0699477011587395,0.3971481375260164,68.22992157506006,135.75257693530799,114.46621655224084,0.17014197923647476,2.6419667103638753,-0.011754095988708003,0.013392752583390665,858647300.0,0.9462995576646974,129.90872192382812,131.2126922607422,130.88180541992188,-0.011685286464236833,-0.019033234741712923,0.9692936926574709,-0.009210657476561801,1.2099990844726562,3
2021-04-23,128.60476763173878,131.4851323617936,128.60476763173878,130.7066650390625,78657500,4180.169921875,17.329999923706055,1.5670000314712524,125.77742958068848,122.94230117797852,128.52709154513408,126.03726187015664,2.489829674977443,2.1539240959224806,0.33590557905496254,67.54155256093924,136.03927466592512,115.51558449545183,0.1631746668610919,2.6433547289961914,0.017877645468741203,0.01371081540470609,937304800.0,0.8902327688618686,128.3907012939453,129.52920532226562,130.55093383789062,0.018038407157032976,0.001192876960690592,0.9772856704871336,0.010928696540176919,-1.3799991607666016,4
2021-04-26,131.20292770440926,131.42673629598994,129.96708793224363,131.09588623046875,66905100,4187.6201171875,17.639999389648438,1.5700000524520874,126.43475723266602,122.93432205200196,128.92229072749325,126.41197478573532,2.5103159417579235,2.225202465089569,0.2851134766683545,67.66279372518389,136.26024773158446,116.60926673374759,0.15542388365309243,2.6447451486999074,0.0029733971367387224,0.013721454951805562,1004209900.0,0.7690435850101957,130.7066650390625,129.90872192382812,131.2126922607422,0.002977822066609459,-0.0008902037467635182,0.974561685042556,0.001782270924804541,0.3099994659423828,0
2021-04-27,131.3781122600293,131.76736083305914,130.5023289552631,130.77479553222656,66015800,4186.72021484375,17.559999465942383,1.621999979019165,127.0672721862793,122.91525009155274,129.207291466683,126.73514669288284,2.472144773800153,2.274590926831686,0.197553846968467,64.2762508653449,136.24780361036537,117.88674076219323,0.14449875669995507,2.5418749794649207,-0.002452285662472123,0.013806788876873735,938194100.0,0.765332875480117,131.09588623046875,128.3907012939453,129.52920532226562,-0.0024492812663678976,0.00961628851857732,0.9699607657891672,-0.00021489588801437698,-0.07999992370605469,1
2021-04-28,130.69696109558785,131.38786811328342,129.50005314627617,129.98660278320312,107760100,4183.18017578125,17.280000686645508,1.6200000047683716,127.73287353515624,122.9228416442871,129.3271855153784,126.97599529216582,2.3511902232125834,2.289910786107866,0.061279437104717616,57.63761399645923,135.57330983877782,119.89243723153467,0.12276301451033479,2.5036465127865313,-0.006045336116163763,0.0134551856492115,830434000.0,1.2334888242078597,130.77479553222656,130.7066650390625,129.90872192382812,-0.006027099838433303,0.0005995044691506912,0.9552565485161824,-0.0008455399168898481,-0.279998779296875,2
2021-04-29,132.79882309453924,133.38268843991688,128.886960916459,129.88925170898438,151101000,4211.47021484375,17.610000610351562,1.6399999856948853,128.28413314819335,122.97422119140624,129.41365723747163,127.19179206378202,2.221865173689608,2.2763016636242144,-0.05443648993460659,51.294404909511336,134.9634091426635,121.6048571537232,0.1041325350307239,2.576630159310695,-0.0007492121879712809,0.013148875847682458,679333000.0,1.697746876716977,129.98660278320312,131.09588623046875,128.3907012939453,-0.0007489315985980127,0.011671798657818533,0.9165135648978628,0.006762806734045723,0.3299999237060547,3
2021-04-30,128.23498319758693,129.96709820494203,127.54409123252586,127.92359924316406,109839500,4181.169921875,18.610000610351562,1.63100004196167,128.69575386047364,123.00828002929687,129.1844175460397,127.2460000029955,1.9384175430441957,2.2087248395082106,-0.27030729646401497,50.58516492338412,134.0232011935249,123.36830652742239,0.08279134584078106,2.5849670309685373,-0.015248972640695,0.013844200020764688,569493500.0,1.210507081785202,129.88925170898438,130.77479553222656,130.7066650390625,-0.015133295788202217,-0.021292455094517937,0.8424501134539042,-0.007194706699326425,1.0,4
2021-05-03,128.48796838679135,130.4633727552625,128.283625938946,128.97451782226562,75135100,4192.66015625,18.309999465942383,1.6069999933242798,129.01882095336913,123.06024307250976,129.15212528084368,127.37403835997847,1.7780869208652064,2.12259725577961,-0.3445103349144034,44.33788186836933,133.48103764666484,124.55660426007341,0.06917156210733752,2.5286638461364968,0.0081816437847987,0.013087984426129589,644628600.0,0.8342540353730569,127.92359924316406,129.98660278320312,131.09588623046875,0.008215204898229356,-0.016181807600535447,0.7900202248254864,0.002748090747253684,-0.3000011444091797,0
2021-05-04,127.66088357051092,127.9528162936493,123.2916629147694,124.41072845458984,137564700,4164.66015625,19.479999542236328,1.5920000076293945,129.0986156463623,123.09624832153321,128.42267961526616,127.15453392254227,1.2681456927238912,1.9517069431684662,-0.6835612504445749,38.98845803837462,133.12998659023262,125.067244702492,0.062454131265255,2.7024286962123623,-0.03602643040444053,0.015678030037971018,507063900.0,1.4802681328668503,128.97451782226562,129.88925170898438,130.77479553222656,-0.03538520201304374,-0.048664324434507966,0.5752849006421743,-0.006678337608227225,1.1700000762939453,1
2021-05-05,125.72439941828402,126.94077328039651,124.52749169549318,124.65399932861328,84000900,4167.58984375,19.149999618530273,1.5839999914169312,129.1083469390869,123.13984329223632,127.8428826480888,126.96930913780679,0.8735735102820144,1.736080256591176,-0.8625067463091616,30.906965397323333,133.09323742379422,125.12345645437962,0.06172940137770278,2.6767105654225865,0.0019534757374130456,0.015398751258861032,591064800.0,0.9036339086927521,124.41072845458984,127.92359924316406,129.98660278320312,0.0019553850141809104,-0.041024254349379174,0.31974631465158143,0.0007034637617677753,-0.3299999237060547,2
2021-05-06,124.44964624226809,126.25961120491856,123.71008883004946,126.24988555908203,78128300,4201.6201171875,18.389999389648438,1.5609999895095825,129.07818145751952,123.22528198242188,127.59780617285699,126.9160185023457,0.681787670511298,1.5252217393752003,-0.8434340688639024,37.76311876621192,133.14327848511067,125.01308442992836,0.06298658660494079,2.762204542983031,0.012721267772061043,0.015049357579294565,669193100.0,0.8453323073280967,124.65399932861328,128.97451782226562,129.88925170898438,0.012802527308102496,-0.028018993889165733,0.09685159925267943,0.008165456466051824,-0.7600002288818359,3
2021-05-07,127.54628013792039,127.9459170756659,126.21086004578889,126.92243957519531,78973300,4232.60009765625,16.690000534057617,1.5770000219345093,128.95319366455078,123.40902587890625,127.49390361937057,126.91649413737159,0.5774094819989841,1.3356592878999571,-0.758249805900973,37.80132674444333,133.12604462072719,124.78034270837438,0.06471884623550073,2.73808675635538,0.005313026199375723,0.014348199600096088,748166400.0,0.8674808878230523,126.24988555908203,124.41072845458984,127.92359924316406,0.0053271653525464036,-0.007826231234048464,-0.014619416339339726,0.007373341616968343,-1.6999988555908203,4
2021-05-10,126.14263998590019,126.26934761190338,123.6082792363769,123.64727020263672,88071200,4188.43017578125,19.65999984741211,1.6019999980926514,128.75008239746094,123.52201110839843,126.90211386294997,126.6743294014653,0.22778446148467424,1.1140843226169006,-0.8862998611322264,34.66376767196536,133.52923029046062,123.97093450446125,0.07423914305928134,2.7162461105919484,-0.026143270976425884,0.015190579723661798,660095200.0,0.9691992093766407,126.92243957519531,124.65399932861328,128.97451782226562,-0.025804494331502448,-0.041304652342024406,-0.11945050017181023,-0.010435647322188157,2.969999313354492,0
2021-05-11,120.38185488141869,123.0819142652862,119.67028275042819,122.73101043701172,126142800,4152.10009765625,21.84000015258789,1.6239999532699585,128.34594841003417,123.4895851135254,126.26040564357487,126.38223170039466,-0.12182605681978487,0.8669022467295635,-0.9887283035493484,31.79478665117051,133.72026303142735,122.97163378864097,0.08374732023832272,2.8300245229014274,-0.007437863332255487,0.013976922050336404,533952400.0,1.362029030528198,123.64727020263672,126.24988555908203,124.41072845458984,-0.007410270878794201,-0.01350139202979772,0.051598393910047086,-0.00867391280271812,2.1800003051757812,1
2021-05-12,120.28437887697672,121.49306907963458,119.1634127705143,119.67028045654297,112172300,4063.0400390625,27.59000015258789,1.6950000524520874,127.90554962158203,123.44790771484375,125.24654023018535,125.88505012677601,-0.6385098965906622,0.5658198180655184,-1.2043297146561804,29.487202955557876,134.53191102783694,121.2791882153271,0.10361335260056347,2.8944042057102672,-0.025254755417646685,0.014466325105732057,421780100.0,1.1950849636101586,122.73101043701172,126.92243957519531,124.65399932861328,-0.0249385218093644,-0.03998041698551702,0.47025885102948,-0.021449400664502738,5.75,2
2021-05-13,121.43459801116457,122.96495825371117,121.12267768901388,121.81475067138672,105861300,4112.5,23.1299991607666,1.6679999828338623,127.45219688415527,123.50867355346679,124.71857260575479,125.58354646341384,-0.8649738576590522,0.2796610829206043,-1.1446349405796565,28.913679464610397,134.45137458388467,120.45301918442588,0.10983220173271921,2.9087075435188328,0.017761155454116752,0.014405049965887366,527641400.0,1.1180122058904136,119.67028045654297,123.64727020263672,126.24988555908203,0.01791982275517845,-0.0351298131325416,0.555463676709035,0.012173141406923493,-4.460000991821289,3
2021-05-14,123.06242504546209,124.66101753625983,122.67252280548946,124.23212432861328,81918000,4173.85009765625,18.809999465942383,1.6349999904632568,127.13625640869141,123.65534851074219,124.64373440927147,125.48344112009528,-0.8397067108238048,0.0557875241717225,-0.8954942349955273,35.1515417591896,134.11691614402832,120.15559667335451,0.10981383175066792,3.0077517221707475,0.01965033242456544,0.015315935535838052,609559400.0,0.8665192461987046,121.81475067138672,122.73101043701172,126.92243957519531,0.019844671059154217,-0.02119652959387175,0.5330800323201976,0.014917956876899785,-4.319999694824219,4
2021-05-17,123.61804864388507,123.72527195908786,122.00970635261075,123.0819320678711,74244600,4163.2900390625,19.719999313354492,1.6399999856948853,126.72971839904785,123.75391342163086,124.4034571259791,125.30555156067126,-0.9020944346921596,-0.1357888676010539,-0.7663055670911056,33.93424877019574,133.65762387209654,119.80181292599917,0.10933355744126284,3.0761364434712104,-0.009301538054426312,0.01528052672748744,535314800.0,0.7937553796206739,124.23212432861328,119.67028045654297,123.64727020263672,-0.009258412564046248,-0.00457218452003938,0.5572270856431482,-0.0025300521932207776,0.9099998474121094,0
2021-05-18,123.36458623209384,123.78372980629568,121.62952920667057,121.69776153564453,63342900,4127.830078125,21.34000015258789,1.6419999599456787,126.3381462097168,123.92327255249023,123.98719626592762,125.03830785511373,-1.0511115891861067,-0.3188534119180645,-0.7322581772680422,33.11004823368572,133.48174533074592,119.19454708868768,0.11308697072649777,3.095163988658201,-0.011309641463231143,0.015230995684870637,471971900.0,0.6887912886136073,123.0819320678711,121.81475067138672,122.73101043701172,-0.011245927886989082,-0.008418808723957172,0.6538113691007406,-0.008517292959364653,1.6200008392333984,1
2021-05-19,120.05045503106065,121.76601312715728,119.75802646818856,121.54182434082031,92612000,4115.68017578125,22.18000030517578,1.6829999685287476,125.9198013305664,123.99745803833008,123.6109852005265,124.77930907627719,-1.168323875750687,-0.48874750468458905,-0.679576371066098,33.031183388049726,133.16225996647427,118.67734269465853,0.1150328790131246,2.9174682126232616,-0.0012821697227052894,0.015172061876751106,379359900.0,0.9942174850211719,121.69776153564453,124.23212432861328,119.67028045654297,-0.0012813480942995836,0.015639170202805586,0.6947321966536468,-0.002943411456817757,0.8400001525878906,2
2021-05-20,122.06817912472063,124.49530918227134,121.94145662294912,124.09565734863281,76857100,4159.1201171875,20.670000076293945,1.6339999437332153,125.70504913330078,124.14432296752929,123.685550146389,124.72866820756279,-1.0431180611737858,-0.5996216159824284,-0.44349644519135745,42.40021932814095,132.89352702217064,118.51657124443089,0.1143705513570427,2.955359488982894,0.020794261632875802,0.015946616140959723,456217000.0,0.8285124239780716,121.54182434082031,123.0819320678711,121.81475067138672,0.02101196869195565,0.01872438817692257,0.7474230676919638,0.010554741756143349,-1.510000228881836,3
2021-05-21,124.59278661639331,124.76824225453443,122.04868358173061,122.26313018798828,79295400,4155.85986328125,20.149999618530273,1.6319999694824219,125.28287239074707,124.21600234985351,123.46671630663505,124.54603576166838,-1.0793194550333283,-0.6955611837926083,-0.38375827124071993,37.07666691053779,132.2219834899317,118.34376129156244,0.11077509585735071,2.9682012861761353,-0.014877171448320917,0.015505896555289668,376921600.0,0.8545032725709982,124.09565734863281,121.69776153564453,124.23212432861328,-0.014767053092730298,-0.015849315555586108,0.7612060181856124,-0.0007838806801412357,-0.5200004577636719,4
2021-05-24,122.82849985689472,124.70977148763245,122.76026751533502,123.89097595214844,63092900,4197.0498046875,18.399999618530273,1.6080000400543213,124.92262687683106,124.33833831787109,123.53198702132941,124.49751281281506,-0.9655257914856463,-0.7495541053312159,-0.2159716861544304,48.871585895130124,131.31784232049196,118.52741143317017,0.10238682300471208,2.73704317132956,0.013226425678364902,0.015890305819581445,440014500.0,0.6813012828694672,122.26313018798828,121.54182434082031,123.0819320678711,0.013314281759817748,0.006573214042750131,0.7490058413038762,0.009911292190138532,-1.75,0
2021-05-25,124.59279202902988,125.08017543327662,123.1306641265909,123.6960220336914,72009500,4188.1298828125,18.84000015258789,1.5640000104904175,124.5686882019043,124.39916778564454,123.55722317707742,124.43814312547256,-0.880919948395146,-0.775827273944002,-0.10509267445114401,47.91580076778949,130.35470469303596,118.78267171077265,0.09289680375783556,2.6955764913923494,-0.0015748319607656468,0.015892604112299143,368005000.0,0.7750779025434754,123.89097595214844,124.09565734863281,121.69776153564453,-0.00157359256361278,0.016419862393784346,0.7596641043532488,-0.0021252837802967495,0.4400005340576172,1
2021-05-26,123.75449350065962,124.17363709199465,123.22812661130169,123.64727020263672,56575900,4195.990234375,17.360000610351562,1.5740000009536743,124.25172157287598,124.42827224731445,123.571076565625,124.37955994600324,-0.8084833803782345,-0.7823584952308484,-0.02612488514738609,43.928986601876915,129.45306336959885,119.05037977615312,0.08372265157987657,2.5810042132369113,-0.0003942037905716303,0.01588177259623808,311429100.0,0.6262071867739619,123.6960220336914,122.26313018798828,121.54182434082031,-0.0003941261024660303,0.017322809438111042,0.7785899764242924,0.0018768165702687245,-1.4799995422363281,2
2021-05-27,123.24763627844212,124.41733561849655,121.92197306010468,122.1169204711914,94625600,4200.8798828125,16.739999771118164,1.6100000143051147,123.86310501098633,124.44253387451172,123.34736024340445,124.2119570219431,-0.8645967785386546,-0.7988061518924097,-0.06579062664624491,39.22169962261258,128.41136011596475,119.31484990600791,0.07344003050101167,2.635311750987973,-0.01245396660215071,0.016028841164044984,216803500.0,1.081149202042682,123.64727020263672,123.89097595214844,124.09565734863281,-0.012376736897930174,-0.01594525481163589,0.7090822969047675,0.0011653145418315525,-0.6200008392333984,3
2021-05-28,122.39959761550023,122.62379382802953,121.4053539348129,121.46383666992188,71311100,4204.10986328125,16.760000228881836,1.5809999704360962,123.54011688232421,124.52605834960937,123.0575873859456,124.00839255142301,-0.9508051654774192,-0.8292059546094116,-0.12159921086800762,44.44997360611795,127.78136582728997,119.29886793735845,0.06866188978930111,2.485617433444989,-0.0053623724130601545,0.015784555033017986,145492400.0,0.833105277542972,122.1169204711914,123.6960220336914,122.26313018798828,-0.005348020558900379,-0.00653748613206151,0.6568800139681278,0.0007688818911402162,0.020000457763671875,4
2021-06-01,121.92195528308666,122.18513499335711,120.81073884102746,121.14215087890625,67637100,4202.0400390625,17.899999618530273,1.6150000095367432,123.14849853515625,124.61365859985352,122.76290484640109,123.79607835345882,-1.0331735070577395,-0.8699994650990772,-0.16317404195866225,45.83542806772102,126.66070712785003,119.63628994246247,0.057040217858460064,2.299718054882212,-0.002651921189514063,0.015579981385129754,77855300.0,0.7936591844497147,121.46383666992188,123.64727020263672,123.89097595214844,-0.0026484079528115156,-0.022187451927926483,0.6260159882487477,-0.0004923335226864056,1.1399993896484375,1
2021-06-02,121.14216813753484,122.07792909380578,120.91797935921073,121.90247344970703,59278900,4208.1201171875,17.479999542236328,1.590999960899353,123.02308578491211,124.65029403686523,122.63053078537123,123.65581132355129,-1.0252805381800556,-0.9010556797152729,-0.1242248584647827,56.653135031048784,126.52463223060515,119.52153933921907,0.05692503034454817,2.127743202603471,0.006256670380541275,0.013628017238021043,137134200.0,0.7290700107757514,121.14215087890625,122.1169204711914,123.6960220336914,0.0062762842271208985,-0.014499646427561408,0.5840974616309312,0.0014469348384307246,-0.4200000762939453,2
2021-06-03,121.53206155124437,121.69776758173275,120.02119320163122,120.42084503173828,76229200,4192.85009765625,18.040000915527344,1.625,122.81142807006836,124.67384002685547,122.29057913096617,123.4161841908244,-1.1256050598582306,-0.9459655557438645,-0.17963950411436602,45.67450061981573,126.4083486496251,119.21450749051162,0.05857631714052807,2.026786234811157,-0.012228677709071671,0.013832678925913259,60905000.0,0.9420436271000484,121.90247344970703,121.46383666992188,123.64727020263672,-0.012154211280873017,-0.026093784081208438,0.5303586766303371,-0.0036287033416374515,0.5600013732910156,3
2021-06-04,120.93746163646239,122.97469686847107,120.72301503974921,122.71150970458984,75169300,4229.89013671875,16.420000076293945,1.559999942779541,122.63450927734375,124.79088104248046,122.35533768075442,123.36398608073296,-1.00864839997854,-0.9585021245907996,-0.05014627538774041,45.24390185700445,125.84684462904193,119.42217392564558,0.052388766761129586,2.005899447086848,0.018843501558933797,0.014231251349072339,136074300.0,0.9306469077646908,120.42084503173828,121.14215087890625,122.1169204711914,0.019022160758362272,0.004869015948848032,0.4931176853400916,0.008834095710505974,-1.6200008392333984,4
2021-06-07,122.98444744531308,123.1306617200527,121.67828344764422,122.72126770019531,71057600,4226.52001953125,16.420000076293945,1.569000005722046,122.42445068359375,124.89838623046874,122.41163460682225,123.31637731180425,-0.9047427049819987,-0.9477502406690396,0.043007535687040854,48.785274774633564,124.92726619225779,119.9216351749297,0.040887510537132396,1.9508966111158443,7.95166457699781e-05,0.014148782866387695,207131900.0,0.8840733093968559,122.71150970458984,121.90247344970703,121.46383666992188,7.951980730225294e-05,0.010352307853493059,0.38919272557813245,-0.0007967387044511831,0.0,0
2021-06-08,123.40358202860334,125.21662849111421,123.0234294041827,123.54004669189453,74403800,4227.259765625,17.06999969482422,1.527999997138977,122.41908950805664,125.01020050048828,122.58523646606413,123.33294541403315,-0.7477089479690164,-0.907741982129035,0.16003303416001857,56.45052368832157,124.91131311963285,119.92686589648044,0.04071625792335581,1.9752651962082572,0.006649700630549231,0.01302009555275704,281535700.0,0.9336436033966579,122.72126770019531,120.42084503173828,121.14215087890625,0.006671858978017253,0.01979406668604744,0.4167567697577635,0.00017502486450582388,0.6499996185302734,1
2021-06-09,123.99818609803275,124.52455300706954,123.32560491924683,123.92020416259766,56877900,4219.5498046875,17.889999389648438,1.4889999628067017,122.47854919433594,125.12611465454101,122.79061611168467,123.37644606207496,-0.5858299503902913,-0.8433595757812863,0.257529625390995,58.19885509172785,125.05734693429864,119.89975145437324,0.04211019410216777,1.9174767268406856,0.003072475425454549,0.012917637131531797,338413600.0,0.7461488873863911,123.54004669189453,122.71150970458984,121.90247344970703,0.0030772003158718864,0.016552007976467165,0.4602215638432752,-0.0018238673194856947,0.8199996948242188,2
2021-06-10,123.81297704481983,124.95344236430199,122.7602506959565,122.92595672607422,71186400,4239.18017578125,16.100000381469727,1.4589999914169312,122.6413330078125,125.25114227294922,122.81143774466769,123.34307648163046,-0.5316387369627762,-0.7810154080175843,0.2493766710548081,45.481951676641934,124.85954795015104,120.42311806547397,0.03617401879017784,1.8631700716188615,-0.008055647368526585,0.011621570712755819,267227200.0,0.959652841273495,123.92020416259766,122.72126770019531,120.42084503173828,-0.008023287592545225,0.020802973884427534,0.2258556134606521,0.004652243012262192,-1.789999008178711,3
2021-06-11,123.33534735483208,124.22237508614661,122.91620377217826,124.1346435546875,53522400,4247.43994140625,15.649999618530273,1.4620000123977661,122.75732765197753,125.35655395507813,123.01500786928611,123.40171107963468,-0.38670321034857125,-0.7021529684837817,0.3154497581352105,57.59486342107104,125.03536517999353,120.47929012396153,0.03711448549082687,1.7622138317020426,0.009784615356714705,0.011155990964199976,320749600.0,0.747912520517065,122.92595672607422,123.54004669189453,122.71150970458984,0.009832641215937077,0.011597395008207778,0.24939581568017846,0.0019484346695590737,-0.4500007629394531,4
2021-06-14,124.5927795199969,127.24409827001125,123.86171564217574,127.18561553955078,96906500,4255.14990234375,16.389999389648438,1.5010000467300415,122.90500221252441,125.50644256591796,123.6566398185576,123.68200029888771,-0.025360480330121504,-0.5667944708530497,0.5414339905229282,61.98570158965594,125.8660995913118,119.94390483373702,0.04818514015673873,1.829052498001424,0.02428074749956609,0.01160371584589495,417656100.0,1.3401200537035411,124.1346435546875,123.92020416259766,122.72126770019531,0.024577925206827445,0.03637794754745971,0.4533298024772228,0.0018152018730952513,0.7399997711181641,0
2021-06-15,126.65926509447159,127.30260492232891,126.12314857125716,126.36683654785156,62746300,4246.58984375,17.020000457763672,1.4989999532699585,123.06924743652344,125.58351577758789,124.07359316152589,123.88087705807023,0.19271610345566614,-0.4148923559913065,0.6076084594469726,59.294401890374225,126.41154185585339,119.7269530171935,0.05431567168806865,1.774048572600426,-0.006458480925983109,0.01148543114168783,354909800.0,0.8746727102331868,127.18561553955078,122.92595672607422,123.54004669189453,-0.006437669764979059,0.022881567003183667,0.528142279918713,-0.0020116937805257917,0.6300010681152344,1
2021-06-16,127.07840688486591,127.58528206314801,125.21664196538165,126.86396026611328,91815000,4223.7001953125,18.149999618530273,1.569000005722046,123.32755737304687,125.66449829101562,124.5028804083855,124.10184618459193,0.4010342237935589,-0.2517070400343334,0.6527412638278923,60.85528585567206,127.00526599456249,119.64984875153125,0.059641311315217535,1.8757006881056688,0.003926255124833601,0.011102770480224863,446724800.0,1.2549805738739193,126.36683654785156,124.1346435546875,123.92020416259766,0.0039339729619130015,0.023755255435611522,0.498865294902991,-0.005390124612855707,1.1299991607666016,2
2021-06-17,126.52283809699388,129.2034066377203,126.37661634337682,128.46258544921875,96721700,4221.85986328125,17.75,1.5110000371932983,123.6735954284668,125.74456253051758,125.11206579928292,124.42486390789763,0.6872018913852855,-0.06392525375040964,0.7511271451356951,71.3163326657929,127.90458741150096,119.44260344543264,0.06842191283233741,1.8993740978164968,0.012522364790202323,0.011309995954622789,543446500.0,1.318345369338759,126.86396026611328,127.18561553955078,122.92595672607422,0.012601097898506053,0.04504035494702108,0.44048117202237635,-0.00043571559205179966,-0.39999961853027344,3
2021-06-18,127.40985624306948,128.18964604081222,126.95172155645028,127.16616821289062,108953300,4166.4501953125,20.700000762939453,1.4500000476837158,123.82712097167969,125.7508219909668,125.42808155522256,124.62792348604526,0.8001580691773,0.10889141083513232,0.6912666583421677,68.36162938898404,128.33628518537978,119.3179567579796,0.07282999359617467,1.9202615263559133,-0.010143055759764052,0.010819955060526512,434493200.0,1.4532766694868762,128.46258544921875,126.36683654785156,124.1346435546875,-0.0100917884518259,0.02442126203768069,0.3016214758563459,-0.013124468779900589,2.950000762939453,4
2021-06-21,127.01016734634604,129.066894317528,125.94769141357571,128.9596710205078,79663300,4224.7900390625,17.889999389648438,1.4839999675750732,124.16194801330566,125.74157150268555,125.97140301142029,124.94879367378323,1.0226093376370642,0.2916349961955187,0.7309743414415455,72.99316033713613,129.15108334457594,119.1728126820354,0.08036496545198557,2.044890580043245,0.014005085375642438,0.010480222528452541,514156500.0,1.0623305213945184,127.16616821289062,126.86396026611328,127.18561553955078,0.01410361602320731,0.013948554429139559,0.2703592889820814,0.014002289962720793,-2.8100013732910156,0
2021-06-22,128.79396232556323,130.6947253937975,128.29682937988724,130.5972442626953,74783600,4246.43994140625,16.65999984741211,1.472000002861023,124.49726142883301,125.79932647705078,126.68307089623184,125.36719742111005,1.3158734751217906,0.4964826919807731,0.8193907831410175,74.31843196568057,130.2523580105283,118.74216484713774,0.09245338436597003,2.133315314280047,0.012618388292361707,0.010448811145755096,588940100.0,0.9895450429064495,128.9596710205078,128.46258544921875,126.36683654785156,0.012698336070716909,0.03347719884751421,0.3670936883823997,0.005124491902218642,-1.2299995422363281,1
2021-06-23,130.39256533356104,130.92868185123652,129.8661909803765,130.32432556152344,60214200,4241.83984375,16.31999969482422,1.4869999885559082,124.82867660522462,125.78953918457032,127.24326392166131,125.73439209817771,1.5088718234836023,0.698960518281339,0.8099113052022633,79.70769910309488,131.1272373533112,118.53011585713804,0.10091528516329637,2.074830358764633,-0.0020919604376661407,0.010460412509313871,528725900.0,0.803027794412818,130.5972442626953,127.16616821289062,126.86396026611328,-0.0020897738134726396,0.027276188510524157,0.4141622620801494,-0.0010832833431588806,-0.3400001525878906,2
2021-06-24,131.0553458077365,131.24055098607798,129.5737192545333,130.04161071777344,68711000,4266.490234375,15.970000267028809,1.4869999885559082,125.14839363098145,125.82080627441407,127.67377881337086,126.05344532925888,1.6203334841119812,0.8832351114474675,0.7370983726645137,74.99990892764119,131.83185242753558,118.46493483442732,0.10680854308464069,2.011471779822625,-0.002171673905587982,0.010494774115099685,460014900.0,0.9089873610130134,130.32432556152344,128.9596710205078,128.46258544921875,-0.0021693175278818533,0.012291713287826411,0.48990281072994973,0.005811249724885448,-0.34999942779541016,3
2021-06-25,130.0904215029444,130.50955776565635,129.45682371531962,129.74925231933594,70783700,4280.7001953125,15.619999885559082,1.5360000133514404,125.53001022338867,125.79815521240235,127.99308242967318,126.32720881000533,1.665873619667849,1.039762813091544,0.626110806576305,73.516202982758,132.35475465638348,118.70526579039387,0.10873486620210955,1.9829257639603577,-0.0022507221265407667,0.00996303217337389,389231200.0,0.9514115282925629,130.04161071777344,130.5972442626953,127.16616821289062,-0.0022481911506925245,0.020312667612355284,0.5278328816963741,0.0033305973193167304,-0.35000038146972656,4
2021-06-28,130.04166969629122,131.8352098315601,129.98318695524438,131.3770751953125,62111300,4290.60986328125,15.760000228881836,1.4780000448226929,126.0256721496582,125.81467803955078,128.51369670130998,126.70127298669475,1.8124237146152353,1.1942949933962823,0.618128721218953,74.87645504067794,133.0441767924686,119.00716750684782,0.11138214179847038,1.9536826726250192,0.01246786548249025,0.009970164643014985,451342500.0,0.8400386131064785,129.74925231933594,130.32432556152344,128.9596710205078,0.012545913343455783,0.018745427587359975,0.5787797192164383,0.0023149642620619026,0.1400003433227539,0
2021-06-29,131.3965550234282,133.0438880631515,130.9579196567259,132.88792419433594,64556100,4291.7998046875,16.020000457763672,1.4800000190734863,126.61296081542969,125.84818267822266,129.18665477716013,127.15954344652002,2.0271113306401105,1.3608582608450481,0.6662530697950624,76.55907467117973,133.87244823875,119.35347339210938,0.11467210586604702,2.017041266810941,0.011434472700351207,0.00997881377508735,515898600.0,0.8749267716185937,131.3770751953125,130.04161071777344,130.5972442626953,0.011500096168051588,0.017540032675061212,0.6202085610657365,0.00027733619326086867,0.26000022888183594,1
2021-06-30,132.7319822442512,133.94068011687085,132.439553660315,133.50204467773438,63261400,4297.5,15.829999923706055,1.4429999589920044,127.19293937683105,125.92763946533204,129.85056091571002,127.6293583525359,2.221202563174117,1.532927121310862,0.6882754418632551,82.04396556466888,134.71650280242474,119.66937595123734,0.11830158910478268,1.9676080373973954,0.0046106959202646056,0.009971451297703804,579160000.0,0.8550721307531254,132.88792419433594,129.74925231933594,130.32432556152344,0.004621341533639578,0.024383161796688535,0.658603025848726,0.0013281596467464851,-0.1900005340576172,2
2021-07-01,133.15111722207564,133.86268195374564,132.3323143115352,133.80419921875,52485800,4319.93994140625,15.479999542236328,1.4800000190734863,127.86210708618164,126.00554901123047,130.45881296233156,128.08675397225548,2.3720589900760842,1.7007534950639065,0.6713054950121777,81.00024948757209,135.2286147619818,120.49559941038149,0.11522581386579177,1.9836220608432578,0.0022607378361400705,0.009183904624669703,631645800.0,0.7209931572287855,133.50204467773438,131.3770751953125,130.04161071777344,0.002263295230758411,0.028933727290893385,0.670284013590765,0.0052216268542757405,-0.35000038146972656,3
2021-07-02,134.41828334809892,136.46526832234767,134.27207651002422,136.42628479003906,78852600,4352.33984375,15.069999694824219,1.430999994277954,128.5478458404541,126.16626068115234,131.37688555120965,128.704496995795,2.672388555414642,1.8950805071340537,0.7773080482805883,80.46298368943272,136.4308395467947,120.66485213411353,0.12264684257913552,1.9320996662548404,0.019406899086428592,0.009228488303686354,710498400.0,1.0804583321657872,133.80419921875,132.88792419433594,129.74925231933594,0.019596437081935925,0.0514610477621078,0.7542833060075289,0.007500081663913916,-0.4099998474121094,4
2021-07-06,136.53348691022637,139.53570925876045,136.53348691022637,138.4342498779297,108181800,4343.5400390625,16.440000534057617,1.3700000047683716,129.33349494934083,126.32081237792968,132.46263390916658,129.42521943150868,3.0374144776579044,2.123547301238824,0.9138671764190804,86.8893445605184,137.87589240585777,120.7910974928239,0.13209876466823917,2.069954531801243,0.01461105220045064,0.009367058907694664,818680200.0,1.4455675311532459,136.42628479003906,133.50204467773438,131.3770751953125,0.014718315396339499,0.053716941651544614,0.8058616187220885,-0.0020218560598241897,1.3700008392333984,1
2021-07-07,139.91589835234652,141.2318195282519,139.0581266890823,140.91990661621094,104911600,4358.1298828125,16.200000762939453,1.3209999799728394,130.20248794555664,126.51729278564453,133.76375278717342,130.27667774148662,3.487075045686794,2.396252850128418,1.090822195558376,88.31051139849075,139.7413011675824,120.66367472353089,0.14652274887426658,2.100592356983803,0.01779620801633567,0.0097307851524247,923591800.0,1.373866513571914,138.4342498779297,133.80419921875,132.88792419433594,0.017955504078456697,0.06044177806652318,0.8443836433469412,0.003358975310182588,-0.23999977111816406,2
2021-07-08,138.0053823208354,140.42276298269945,137.11835448019005,139.62347412109375,105575500,4320.81982421875,19.0,1.2879999876022339,130.98765144348144,126.69426635742188,134.66524837700732,130.96903302886494,3.696215348142374,2.6562453497312095,1.0399699984111646,80.92931722424348,140.9259432126449,121.04935967431797,0.15174394929054277,2.1702182028179045,-0.009242361878372303,0.010335349345256501,818016300.0,1.339838642692457,140.91990661621094,136.42628479003906,133.50204467773438,-0.009199782530710632,0.045852701792965966,0.8371915288777045,-0.008561024934316985,2.799999237060547,3
2021-07-09,139.1458132863032,141.97258743167365,139.04833216120844,141.44622802734375,99890800,4369.5498046875,16.18000030517578,1.3559999465942383,131.9136650085449,126.92345886230468,135.7084760155206,131.74512154727077,3.9633544682498325,2.917667173434934,1.0456872948148983,88.45153221379667,142.1364124568694,121.69091756022041,0.15499148549412683,2.2711747297962432,0.012970301996578787,0.009894008029548675,917907100.0,1.2450182996531514,139.62347412109375,138.4342498779297,133.80419921875,0.013054781208703847,0.05711352000321135,0.8775180957102878,0.011277947808795874,-2.8199996948242188,4
2021-07-12,142.5184400812916,142.62566335381342,140.36423246918253,140.8516082763672,76299700,4384.6298828125,16.170000076293945,1.3630000352859497,132.7495132446289,127.14270599365234,136.49972713257392,132.41967611979643,4.0800510127774885,3.150143941303445,0.9299070714740436,84.23120237674834,143.02772213238865,122.47130435686914,0.15485117250590918,2.2099052998447144,-0.004212718298906182,0.010178882998664863,841607400.0,0.937673817512473,141.44622802734375,140.91990661621094,136.42628479003906,-0.004203857248576526,0.032437469752538695,0.9113336467918224,0.0034511743312370946,-0.010000228881835938,0
2021-07-13,140.39352411006757,143.7369310790402,140.00362927408963,141.96287536621094,100827100,4369.2099609375,17.1200008392334,1.4149999618530273,133.4883762359619,127.42349151611329,137.34021147621038,133.12657976767898,4.213631708531409,3.3628414947490377,0.8507902137823713,83.73848369826158,144.19801978724303,122.77873268468079,0.16045806913330224,2.3052914277761647,0.007858669716804385,0.009275831578855849,942434500.0,1.236121734582576,140.8516082763672,139.62347412109375,138.4342498779297,0.007889630111026502,0.025489541001542326,0.924185023407863,-0.0035168126585656267,0.9500007629394531,1
2021-07-14,144.3607540301203,145.79364043052715,143.95134516697595,145.3842315673828,127050800,4374.2998046875,16.329999923706055,1.3559999465942383,134.4392459869385,127.75168579101563,138.57775302869845,134.03455397506445,4.543199053633998,3.59891300652603,0.9442860471079682,87.66453519522884,145.84118663061318,123.0373053432638,0.16962220458722974,2.503025298737321,0.02381452823939425,0.009683469557931194,1069485300.0,1.4985495535252757,141.96287536621094,141.44622802734375,140.91990661621094,0.024100358578579506,0.031679874464650704,0.9253344883936792,0.0011649345752446916,-0.7900009155273438,2
2021-07-15,145.47197634550716,146.21278242197315,143.37625087333885,144.7311553955078,106820300,4360.02978515625,17.010000228881836,1.2970000505447388,135.3326057434082,128.15809432983397,139.52443031589988,134.82689482102322,4.697535494876661,3.818637504196156,0.8788979906805046,86.07005885447343,147.03142981415095,123.63378167266546,0.17288995518085,2.586575285672294,-0.004502189848324502,0.010002851201446492,962665000.0,1.2488814230053087,145.3842315673828,140.8516082763672,139.62347412109375,-0.0044920701841885124,0.03658182341161509,0.911973936841184,-0.0032622408541723713,0.6800003051757812,3
2021-07-16,144.71171385995527,145.97887978350332,142.1968514737954,142.6939697265625,93251400,4327.16015625,18.450000762939453,1.2999999523162842,136.0441749572754,128.51889373779298,140.01205176369413,135.4096411103224,4.60241065337172,3.975392134031269,0.6270185193404512,79.27695991308832,147.71476496589233,124.37358494865848,0.17157059480543094,2.781524875627379,-0.01417565553605235,0.010909590204417433,869413600.0,1.092457860315456,144.7311553955078,141.96287536621094,141.44622802734375,-0.014075654017811745,0.008821314761235932,0.8882315365027755,-0.007538854211077806,1.4400005340576172,4
2021-07-19,140.1205738932986,140.43250161447835,138.09308832622733,138.8533935546875,121434600,4258.490234375,22.5,1.180999994277954,136.62853622436523,128.7709638977051,139.8337966546162,135.66473388397907,4.16906277063714,4.014126261352444,0.15493650928469638,65.37065781928196,147.57535341643717,125.6817190322933,0.16024203280778127,2.961162296206737,-0.027283611300360493,0.01270779795429032,747979000.0,1.4123039896221745,142.6939697265625,145.3842315673828,140.8516082763672,-0.026914775580457295,-0.014186665996450354,0.8325755494876903,-0.015869512427409305,4.049999237060547,0
2021-07-20,139.83792120496685,143.38601770583355,139.35054523026795,142.45999145507812,96350000,4323.06005859375,19.729999542236328,1.2089999914169312,137.30355224609374,129.08171493530273,140.23782662391804,136.16808629665306,4.069740327264981,4.025249074534951,0.04449125273002963,68.11803910491575,147.91920380430196,126.68790068788553,0.1546303993531271,3.135923420829625,0.025642544677786858,0.01341754428023489,844329000.0,1.1097971824052166,138.8533935546875,144.7311553955078,141.96287536621094,0.025974143001194827,0.0035017330241080558,0.7935719708906701,0.015162609437855634,-2.770000457763672,1
2021-07-21,141.85565012536404,142.4405072449087,140.97837931958148,141.7289276123047,74993500,4358.68994140625,17.90999984741211,1.2799999713897705,137.86013641357422,129.4433480834961,140.4672267759775,136.58000046818282,3.887226307794691,3.997644521186899,-0.11041821339220803,65.50323690386709,148.1578207437525,127.56245208339595,0.14939321254239413,3.1345295407539675,-0.005144925831681219,0.013472981415292042,769335500.0,0.863700209701553,142.45999145507812,142.6939697265625,145.3842315673828,-0.005131713369531998,-0.025142368712689156,0.7782448721365052,0.008241819990835397,-1.8199996948242188,2
2021-07-22,142.2553100922622,144.4582442706814,142.12858757198936,143.09359741210938,77338200,4367.47998046875,17.690000534057617,1.2649999856948853,138.49860000610352,129.85059982299805,140.87128379692086,137.0624891306959,3.808794666224969,3.959874550194513,-0.15107988396954397,66.83148224536988,148.40499231585233,128.5922076963547,0.14305404255800772,3.2201687561944174,0.009582670770382728,0.013443925325000647,846673700.0,0.8820067797723562,141.7289276123047,138.8533935546875,144.7311553955078,0.009628731570859639,-0.011314481522126107,0.7559758603231524,0.0020166699583279435,-0.2199993133544922,3
2021-07-23,143.82464898024415,144.9651069434816,143.2105505102186,144.80914306640625,71447400,4411.7900390625,17.200000762939453,1.2860000133514404,139.23697662353516,130.3533770751953,141.47710829991863,137.63631534815593,3.840792951762694,3.9360582305081495,-0.09526527874545554,65.70484398896559,148.67984835593566,129.79410489113465,0.1356374141609217,3.1637716438926,0.01191767717429149,0.013435490536530672,918121100.0,0.8135554543903873,143.09359741210938,142.45999145507812,142.6939697265625,0.01198897564477397,0.014823144551216583,0.7354093237471977,0.010145452020822843,-0.48999977111816406,4
2021-07-26,144.5264642055409,146.04707474588002,143.97084849928373,145.22828674316406,72434100,4422.2998046875,17.579999923706055,1.2760000228881836,140.01092834472655,130.82164779663086,142.05421267580255,138.198683599638,3.8555290761645438,3.9199523996394285,-0.06442332347488477,63.533967597799325,148.68570770217025,131.33614898728285,0.12391574657779816,3.0899717708836647,0.0028902750159935254,0.013330622631765071,990555200.0,0.8240165089751625,144.80914306640625,141.7289276123047,138.8533935546875,0.002894455887813674,0.045910964257174,0.7219654931700187,0.0023821998626283314,0.37999916076660156,0
2021-07-27,145.35498894389306,145.44272791296905,141.87513262554674,143.0643310546875,104818600,4401.4599609375,19.360000610351562,1.2339999675750732,140.5952911376953,131.19829193115234,142.2096155033233,138.55910192964166,3.65051357368165,3.866064634447873,-0.2155510607662232,54.32723246423506,148.34664125037008,132.84394102502054,0.11026471868226802,3.1449736021051007,-0.015012499082839945,0.013989254822577134,885736600.0,1.1641458071560384,145.22828674316406,143.09359741210938,142.45999145507812,-0.0149003733157268,0.004242170685514468,0.6935486621556834,-0.0047124448070912095,1.7800006866455078,1
2021-07-28,141.15382825419624,143.25929604709813,138.94113715127986,141.3195343017578,118931200,4400.64013671875,18.309999465942383,1.2610000371932983,141.0168716430664,131.56304397583008,142.0726799338517,138.76357840165028,3.3091015322014243,3.7546720139985834,-0.4455704817971591,53.36164925954982,147.86811365440118,134.1656296317316,0.09716911078096031,3.181874084947771,-0.012270869475251092,0.014349104437160918,766805400.0,1.282168985860168,143.0643310546875,144.80914306640625,141.7289276123047,-0.01219588936016991,-0.002888565640366325,0.6274764009858123,-0.0001862618826539153,-1.0500011444091797,2
2021-07-29,141.03686397561236,142.84990322262558,140.92964066468824,141.96287536621094,56699500,4419.14990234375,17.700000762939453,1.2690000534057617,141.43991317749024,131.9683462524414,142.05578692344542,139.0005633619881,3.055223561457325,3.614782323490332,-0.5595587620330069,51.07423616253489,147.31234156684178,135.5674847881387,0.08303778272236836,3.1101603197672096,0.004542055196660633,0.014348726218676609,823504900.0,0.6134336113193023,141.3195343017578,145.22828674316406,143.09359741210938,0.004552385964415873,-0.007901975115224502,0.5414579308882242,0.004206152980007483,-0.6099987030029297,3
2021-07-30,140.73469364228038,142.63545700170118,140.47150644681145,142.1773223876953,70440600,4395.259765625,18.239999771118164,1.2389999628067017,141.8585693359375,132.3810562133789,142.07448468717618,139.2358788453738,2.8386058418023765,3.459547027152741,-0.6209411853503646,52.800762326229716,146.5047881097424,137.21235056213257,0.06550494334680812,3.1031974390714123,0.0015094454350094702,0.014351946148272173,893945500.0,0.7547681703344241,141.96287536621094,143.0643310546875,144.80914306640625,0.001510585221179639,-0.01817440959169303,0.5065403239959275,-0.0054060480514769305,0.5399990081787109,4
2021-08-02,142.66467417357075,143.23977416644965,141.5826990796388,141.84588623046875,62880000,4387.16015625,19.459999084472656,1.1740000247955322,142.129549407959,132.73606079101563,142.03931569383658,139.4292127257512,2.6101029680853856,3.28965821533927,-0.6795552472538846,49.74442225829786,146.01099647212612,138.24810234379186,0.0546184390274269,2.9548955306328617,-0.0023338677799026476,0.013861601596664986,831065500.0,0.679571941006282,142.1773223876953,141.3195343017578,145.22828674316406,-0.0023311464279991423,-0.02329023214793602,0.5471860190976761,-0.001842805614891363,1.2199993133544922,0
2021-08-03,142.12856645538005,144.30225894055675,141.51446802349406,143.63943481445312,64786600,4423.14990234375,18.040000915527344,1.1759999990463257,142.38980865478516,133.16358688354492,142.28548786623912,139.74108102861803,2.5444068376210964,3.1406079397956357,-0.5962011021745393,45.89640805164884,145.90912576990294,138.87049153966737,0.0494321489489482,2.880397377257611,0.012565074622000402,0.013770478319479914,895852100.0,0.7169905181078934,141.84588623046875,141.96287536621094,143.0643310546875,0.012644346844646881,0.004019896193033556,0.563637542853301,0.0082034265474622,-1.4199981689453125,1
2021-08-04,143.55168904021573,144.05854922239413,142.58667948918819,143.23976135253906,56368300,4402.66015625,17.969999313354492,1.184000015258789,142.50580139160155,133.55056259155273,142.43229917182373,140.00024253409367,2.4320566377300565,2.9988976793825204,-0.5668410416524639,46.45007293077098,145.97367766664053,139.03792511656258,0.048669966291538656,2.7829215332984427,-0.0027863555519911823,0.01327590583833005,839483800.0,0.6410448721061558,143.63943481445312,142.1773223876953,141.3195343017578,-0.0027824772662906616,0.013587838795739327,0.5670139965333352,-0.004632387901412294,-0.07000160217285156,2
2021-08-05,143.2690181917266,144.10730535100612,142.47947159810346,143.3470001220703,46397700,4429.10009765625,17.280000686645508,1.2170000076293945,142.69197769165038,133.9435821533203,142.5730223949386,140.2481505035734,2.324871891365177,2.864092521779052,-0.5392206304138747,51.7116513233832,145.8982498456431,139.48570553765765,0.044939767544904426,2.629050493526638,0.0007483861011909391,0.013063768368547031,885881500.0,0.5460286100223342,143.23976135253906,141.84588623046875,141.96287536621094,0.0007486662119418064,0.009749906461734126,0.5158971428155046,0.006005446813494242,-0.6899986267089844,3
2021-08-06,142.86866162914254,143.6105775396916,142.16578765248929,142.6636505126953,54126800,4436.52001953125,16.149999618530273,1.2899999618530273,142.75284881591796,134.32390975952148,142.58696518228578,140.42707643017505,2.1598887521107315,2.723251767845388,-0.5633630157346565,61.96778352368309,145.90531367188584,139.60038395995008,0.04416675228713692,2.4036153854457205,-0.004778499738815375,0.012831183482347443,831754700.0,0.6546159258736972,143.3470001220703,143.63943481445312,142.1773223876953,-0.004767100872659191,0.003420574510988983,0.4884582945662118,0.001675266241764728,-1.1300010681152344,4
2021-08-09,142.72222158501236,143.210327688173,142.0584044347056,142.61483764648438,48908700,4432.35009765625,16.719999313354492,1.3170000314712524,142.84101028442382,134.73386810302733,142.59125325370096,140.58913281656834,2.002120437132618,2.579025501702834,-0.5769050645702163,50.62634861225639,145.86563021797647,139.81639035087116,0.04234946151010917,2.1621367498972455,-0.0003422120399072597,0.012786609192824722,782846000.0,0.6014700559931733,142.6636505126953,143.23976135253906,141.84588623046875,-0.0003421534920459157,0.005421034310196582,0.48727878581057077,-0.0009399082741974318,0.5699996948242188,0
2021-08-10,142.95653516321173,144.19632898598317,141.84365370926938,142.1365203857422,69023100,4436.75,16.790000915527344,1.3420000076293945,142.84969253540038,135.14732177734376,142.52129435093806,140.70375411798864,1.8175402329494261,2.4267284479521525,-0.6091882150027264,51.68311641177122,145.86468052454393,139.83470454625683,0.04221203330061614,2.22435554569847,-0.0033595464754017004,0.012698200747376574,713822900.0,0.8657640564003267,142.61483764648438,143.3470001220703,143.63943481445312,-0.0033539095134536012,-0.010463104583030014,0.4363617671331206,0.0009926793341701323,0.07000160217285156,1
2021-08-11,142.57584837162412,143.22990900393347,142.06821366601775,142.39036560058594,48493500,4442.41015625,16.170000076293945,1.3289999961853027,142.69999923706055,135.57228607177734,142.5011514662685,140.82868830188474,1.672463164383771,2.2758753912384764,-0.6034122268547053,46.8027511033967,145.47269149461647,139.92730697950464,0.03886043829544496,2.11238259423697,0.0017843324810170274,0.01142048109028045,762316400.0,0.6397795274904926,142.1365203857422,142.6636505126953,143.23976135253906,0.0017859253494798555,-0.005929888069714173,0.47726507506699506,0.0012757437876824707,-0.6200008392333984,2
2021-08-12,142.7124810649403,145.50444888855472,142.37080079552103,145.34825134277344,72282600,4460.830078125,15.59000015258789,1.3669999837875366,142.73085403442383,136.04120162963866,142.93916683188465,141.16347074935797,1.7756960825266788,2.175839529496117,-0.40014344696943827,52.202277138728945,145.61039199779236,139.8513160710553,0.040349201058855116,2.20253534864136,0.020560256877281365,0.01235722222587734,834599000.0,0.9758645568157395,142.39036560058594,142.61483764648438,143.3470001220703,0.02077307498798442,0.013960886652660376,0.6250773379637501,0.004146380281677686,-0.5799999237060547,3
2021-08-13,145.42631032305218,145.8851311783526,144.7429648670134,145.55322265625,59375000,4468.0,15.449999809265137,1.2970000505447388,142.8738166809082,136.5438491821289,143.3413292664024,141.4886375572759,1.8526917091265034,2.1112099654221943,-0.2585182562956909,51.35101527576698,146.01744507435117,139.7301882874652,0.04400566130971225,2.1358167818372817,0.0014092149110118209,0.011884486332572696,893974000.0,0.8203629631164812,145.34825134277344,142.1365203857422,142.6636505126953,0.0014102083209324157,0.020254438556495113,0.7003217116557879,0.001607306655808216,-0.1400003433227539,4
2021-08-16,145.00657783567002,147.59354953492934,142.98582599022765,147.52520751953125,103296000,4479.7099609375,16.1200008392334,1.2569999694824219,143.3074073791504,137.04012313842773,143.98500284380683,141.93579088781334,2.049211955993485,2.098810363536453,-0.04959840754296785,68.84827150464844,146.50783545114405,140.10697930715673,0.044665214876523994,2.2101116573572375,0.013457248437845659,0.010147497704725823,997270000.0,1.4453144184301094,145.55322265625,142.39036560058594,142.61483764648438,0.013548204754891824,0.03443098876723316,0.6005216054024276,0.002620850702215849,0.6700010299682617,0
2021-08-17,146.65636676617194,148.07187159409528,145.5434853619502,146.61732482910156,92229700,4448.080078125,17.90999984741211,1.2580000162124634,143.51527404785156,137.51804428100587,144.38997545692908,142.28257117976062,2.107404277168456,2.1005291462628537,0.006875130905602322,74.08801662869338,147.01042205306064,140.0201260426425,0.04870767976994149,2.0822707528091535,-0.006173099593913403,0.00882328930054458,905040300.0,1.2942057128640299,147.52520751953125,145.34825134277344,142.1365203857422,-0.006154085160730904,0.03152465271556526,0.6631452104126915,-0.00706069881494753,1.789999008178711,1
2021-08-18,146.2365903149313,147.13470375005627,142.6734068529053,142.87841796875,86326000,4400.27001953125,21.56999969482422,1.2730000019073486,143.57274856567383,137.90481170654297,144.15742815105537,142.32670797894502,1.8307201721103468,2.0465673514323526,-0.2158471793220058,53.248378815292675,146.98093588047686,140.1645612508708,0.047476799724900966,2.2637732056101276,-0.025831915402256236,0.010657549570782264,818714300.0,1.2018068171345249,146.61732482910156,145.55322265625,142.39036560058594,-0.025501125905207034,0.003427565945950839,0.645281718510424,-0.010748470745585936,3.6599998474121094,2
2021-08-19,141.5800696426097,144.4794213850425,141.0626783117476,143.21034240722656,86960300,4405.7998046875,21.670000076293945,1.2419999837875366,143.57858581542968,138.29061447143556,144.01172265200478,142.39216238103995,1.6195602709648256,1.9611659353388473,-0.34160566437402173,53.63489152238063,146.9837162974106,140.17345533344874,0.047432288911916566,2.353258385496212,0.0023204308129742487,0.010450056609258334,905674600.0,1.202582695080028,142.87841796875,147.52520751953125,145.34825134277344,0.0023231250961159855,-0.014708872764523817,0.6916960468753208,0.0012566922329095842,0.10000038146972656,3
2021-08-20,143.93275769698107,144.96754045087513,143.28845394220284,144.6649169921875,60549600,4441.669921875,18.559999465942383,1.2599999904632568,143.57137451171874,138.72539367675782,144.11221408895597,142.5605145744583,1.5516995144976704,1.8792726511706122,-0.32757313667294174,59.19274166101081,146.96612723711843,140.17662178631906,0.04729010552340423,2.360410025270334,0.010105675402401499,0.010349033091661249,966224200.0,0.843704076260205,143.21034240722656,146.61732482910156,145.55322265625,0.01015691018198095,-0.006102961156417619,0.73427163584886,0.008141567655737925,-3.1100006103515625,4
2021-08-23,144.78206681885666,146.61735100093347,144.37205937525184,146.14877319335938,60131800,4479.52978515625,17.149999618530273,1.2549999952316284,143.6173988342285,139.16567626953125,144.4255308742488,142.8263115091917,1.5992193650571096,1.8232619939479118,-0.22404262889080218,58.351530934567855,147.1296602102039,140.10513745825313,0.04891136317027214,2.3216600758859727,0.010204946525845795,0.010584964859937407,1026356000.0,0.8451260469242436,144.6649169921875,142.87841796875,147.52520751953125,0.010257194570899353,-0.009330163633151645,0.7951397106823573,0.00852379036424833,-1.4099998474121094,0
2021-08-24,145.8949130199866,147.27137582254224,145.6020463753851,146.0608673095703,48606400,4486.22998046875,17.219999313354492,1.2899999618530273,143.76722564697266,139.54318130493164,144.6771210950675,143.06590823514566,1.6112128599218352,1.7808521671426967,-0.1696393072208615,59.58812608258222,147.43247059800095,140.10198069594438,0.05098860236794817,2.3357643411682005,-0.0006016631503983794,0.009958562420300682,977749600.0,0.7112368081846432,146.14877319335938,143.21034240722656,146.61732482910156,-0.0006014821874198439,-0.003795305365036916,0.819984825661165,0.0014957363013194946,0.06999969482421875,1
2021-08-25,146.24639198416384,146.7442698916124,144.28421022511418,144.8308868408203,58991300,4496.18994140625,16.790000915527344,1.3420000076293945,143.9427932739258,139.91246231079103,144.70077736364485,143.19664739112156,1.5041299725232875,1.725507728218815,-0.22137775569552742,54.6857021711268,147.44723556752706,140.43835098032451,0.04869215351312871,2.3952090492821685,-0.00845667009387998,0.009724070788826932,918758300.0,0.9027851586247636,146.0608673095703,144.6649169921875,142.87841796875,-0.008421013043439673,0.013665246996907188,0.775076982188558,0.002220118224179668,-0.42999839782714844,2
2021-08-26,144.82109417148567,145.57276688380205,144.00106455542348,144.0303497314453,48597200,4470.0,18.84000015258789,1.3420000076293945,144.0461669921875,140.25579010009767,144.59763465099877,143.25840312003444,1.3392315309643266,1.6482524887679173,-0.30902095780359073,54.28395144395871,147.42439975030322,140.66793423407177,0.04690486152677636,2.4042742236519,-0.005542724723942579,0.00980427191643028,870161100.0,0.7483566004543372,144.8308868408203,146.14877319335938,143.21034240722656,-0.005527392166388201,0.005725894585790536,0.7549954980234794,-0.005824918819612557,2.049999237060547,3
2021-08-27,143.97180225819312,145.2115961914639,143.33727014912955,145.06517028808594,55802400,4509.3701171875,16.389999389648438,1.312000036239624,144.19055938720703,140.587841796875,144.66956321055062,143.3922377250753,1.2773254854753304,1.5740670881093999,-0.29674160263406946,57.233499908559295,147.47811080316046,140.9030079712536,0.04560009240445614,2.455874422856683,0.007159052317988975,0.009908955147633427,925963500.0,0.8691062374380224,144.0303497314453,146.0608673095703,144.6649169921875,0.007184739595301304,0.0027667613144937153,0.7105780779860008,0.008807632480425154,-2.450000762939453,4
2021-08-30,145.45562564226032,149.83882401907485,145.07490345956626,149.4776153564453,90956700,4528.7900390625,16.190000534057617,1.284999966621399,144.57214584350587,141.03407073974608,145.40926354068827,143.84300643851012,1.566257102178156,1.572505090923151,-0.006247988744995103,67.58639193587535,148.43509473404526,140.70919695296647,0.05343973928035768,2.6288014553049055,0.029963559852134638,0.011789443013638934,1016920200.0,1.3863134832793875,145.06517028808594,144.8308868408203,146.14877319335938,0.030416984722084983,0.02277707907052884,0.7603147078279352,0.004306570844779589,-0.1999988555908203,0
2021-08-31,149.0285807911714,149.16524992421503,147.6911597437249,148.21832275390625,86453100,4522.68017578125,16.479999542236328,1.3040000200271606,144.80109024047852,141.41924377441407,145.84142649656795,144.16710394335428,1.6743225532136705,1.592868583381255,0.08145396983241548,63.319846358691215,148.962507574487,140.63967290647003,0.05747770720645008,2.673427189219526,-0.008460311026577972,0.011793408846582004,930467100.0,1.2962687241889466,149.4776153564453,144.0303497314453,146.0608673095703,-0.008424623309223556,0.01477093409121899,0.7948344695851245,-0.0013491160395050494,0.28999900817871094,1
2021-09-01,149.19453621732464,151.29338682527435,148.71618680019012,148.88214111328125,80313700,4524.08984375,16.110000610351562,1.3020000457763672,145.0832092285156,141.78494171142577,146.30922874529307,144.51636595594147,1.7928627893516023,1.6328674245753245,0.15999536477627774,59.02289648079104,149.55259111074858,140.61382734628265,0.06161129059660371,2.669242616243413,0.004468653164491605,0.011763933249107014,1010780800.0,1.1829786770220772,148.21832275390625,145.06517028808594,144.8308868408203,0.004478652483992596,0.027972308675521473,0.8241192352793202,0.0003116886257619189,-0.3699989318847656,2
2021-09-02,150.20979354918074,151.0395800272227,148.77476016459727,149.99502563476562,71115500,4536.9501953125,16.40999984741211,1.2940000295639038,145.41561050415038,142.17835571289064,146.87627442059653,144.9221925988173,1.9540818217792264,1.697110304016105,0.2569715177631213,60.83852240622063,150.30996245050832,140.52125855779244,0.06731535808830169,2.749432155621002,0.007447137410705467,0.011823677832444647,1081896300.0,1.0287663411256127,148.88214111328125,149.4776153564453,144.0303497314453,0.007474936303055957,0.041412632229539614,0.8471871234354932,0.002842638410522902,0.2999992370605469,3
2021-09-03,150.10241459437898,150.95172951907767,149.44835406806936,150.62957763671875,57808700,4535.43017578125,16.40999984741211,1.3220000267028809,145.81390686035155,142.59011505126952,147.45370568461533,145.3449618608841,2.1087438237312313,1.7794370079591304,0.32930681577210086,58.10397407340134,151.04989778045257,140.57791594025053,0.0718174422843716,2.5276930060714755,0.00422156362081987,0.011712172049585733,1139705000.0,0.8340472044398684,149.99502563476562,148.21832275390625,145.06517028808594,0.004230486972936376,0.03835798308844507,0.8595159083528136,-0.0003350311257153127,0.0,4
2021-09-07,151.2836513561049,153.5191714127496,150.7174463222015,152.96273803710938,82278300,4520.02978515625,18.139999389648438,1.3700000047683716,146.3313018798828,143.054384765625,148.30124912346056,145.90924157764152,2.392007545819041,1.9019511155311126,0.49005643028792845,65.41746036571575,152.2383341845892,140.4242695751764,0.08073504750959215,2.553493544920459,0.015370654757798629,0.012019163510464339,1221983300.0,1.1591832548377141,150.62957763671875,148.88214111328125,149.4776153564453,0.015489390842067019,0.023315348404197023,0.8227396915255007,-0.003395574405981705,1.7299995422363281,1
2021-09-08,153.24578484904103,153.30435519689405,150.31714828986404,151.42027282714844,74420200,4514.06982421875,17.959999084472656,1.3339999914169312,146.7954895019531,143.4552487182617,148.78109892402793,146.31746611464203,2.4636328093858992,2.01428745430207,0.4493453550838291,73.23401652033665,152.7732364130239,140.81774259088232,0.08144319599126731,2.448201402768961,-0.010135115025851122,0.012314614366288425,1147563100.0,1.0445028309010322,152.96273803710938,149.99502563476562,148.21832275390625,-0.010083927822910232,0.021602930148916455,0.8075556269456029,-0.001318566739775151,-0.18000030517578125,2
2021-09-09,151.79123351222952,152.39648028234163,150.28785845020124,150.40501403808594,57305700,4493.27978515625,18.799999237060547,1.2990000247955322,147.19622192382812,143.8055905151367,149.0309320184984,146.62024744230453,2.4106845761938587,2.093566878680428,0.31711769751343066,68.86824919166374,153.00267473070085,141.3897691169554,0.07889404674907323,2.3547641712579224,-0.006727485485013102,0.012510317418362336,1090257400.0,0.7993540522591641,151.42027282714844,150.62957763671875,148.88214111328125,-0.006704906615915607,0.01022871456184915,0.7795037034460517,-0.004605608657393345,0.8400001525878906,3
2021-09-10,151.31292061025323,151.7814983871202,145.1627795675759,145.42636108398438,140893200,4458.580078125,20.950000762939453,1.340999960899353,147.20012741088868,144.0440768432617,148.47638264395778,146.5318114157623,1.9445712281954854,2.0637677485834396,-0.11919652038795414,51.68538415086387,153.00144948362123,141.39880533815614,0.07882224254519783,2.7020156552504733,-0.033661899872690484,0.01420520169984691,949364200.0,1.8755615974006576,150.40501403808594,152.96273803710938,149.99502563476562,-0.03310164216228095,-0.030458773758976765,0.779607999532388,-0.007722578759925436,2.1500015258789062,4
2021-09-13,147.04684942260073,147.8180505115286,145.21156570783384,145.99253845214844,102404300,4468.72998046875,19.3700008392334,1.3240000009536743,147.2220932006836,144.28784362792967,148.0942527682948,146.4918652703094,1.6023874979854043,1.9714916984638327,-0.3691042004784284,49.63954620631095,153.0004408139536,141.4437455874136,0.07849837599297453,2.7278151679656975,0.0038856648036833027,0.014228659306331243,1051768500.0,1.3252445047854007,145.42636108398438,151.42027282714844,150.62957763671875,0.0038932237865534347,-0.030784386820453702,0.779067127763308,0.0022764876184568905,-1.5799999237060547,0
2021-09-14,146.77353720711707,147.4764113119793,143.41536423851278,144.59657287597656,109296300,4443.0498046875,19.459999084472656,1.2769999504089355,147.07566146850587,144.45124938964844,147.55614816947661,146.35147324109957,1.2046749283770453,1.8181283444464753,-0.61345341606943,46.81398230300036,152.96895496384278,141.18236797316897,0.0801396157119969,2.8986521412735096,-0.009607905185810933,0.014026676764508634,942472200.0,1.4089655007050224,145.99253845214844,150.40501403808594,152.96273803710938,-0.009561896730971853,-0.05469413837965653,0.7903526512188378,-0.00574663850657553,0.08999824523925781,1
2021-09-15,145.02608811276684,145.88515965134906,142.88818092204215,145.4849090576172,83281300,4480.7001953125,18.18000030517578,1.3040000200271606,147.01904067993163,144.59226257324218,147.2374959984213,146.28728330158236,0.9502126968389462,1.6445452149249697,-0.6943325180860236,51.44449956458088,152.95249829513304,141.08558306473023,0.08071685936407191,2.937003502902702,0.0061247546910081245,0.014057603566488766,1025753500.0,1.079827966692858,144.59657287597656,145.42636108398438,151.42027282714844,0.006143549352324973,-0.03919794660723319,0.797635363741247,0.008473996979569742,-1.279998779296875,2
2021-09-16,144.90897545621797,145.42636685232276,143.71799510025087,145.25064086914062,68034100,4473.75,18.690000534057617,1.3309999704360962,147.13765182495118,144.6788772583008,146.93182597853198,146.21049497325333,0.7213310052786426,1.4599023729957044,-0.7385713677170618,52.76432976591358,152.81177083227604,141.46353281762632,0.07712667610157771,2.950947190687541,-0.001611555513161595,0.012730951919607927,957719400.0,0.8927187447369935,145.4849090576172,145.99253845214844,150.40501403808594,-0.0016102576548594483,-0.034269955705333754,0.7765077674541688,-0.0015511404489350067,0.5100002288818359,3
2021-09-17,145.27991132028194,145.27991132028194,142.29268938190515,142.58555603027344,129868800,4432.990234375,20.809999465942383,1.3700000047683716,147.1064125061035,144.73811889648437,146.26316906341526,145.94198097747704,0.3211880859382177,1.232159515584207,-0.9109714296459894,44.76926761248856,152.87762098813582,141.3352040240712,0.07846304431892603,3.030439754690572,-0.018518595162535397,0.013435266724168426,827850600.0,1.657432037575443,145.25064086914062,144.59657287597656,145.42636108398438,-0.018348179553081767,-0.019534319861516436,0.7939067798690186,-0.009110872450405094,2.1199989318847656,4
2021-09-20,140.37932278347847,141.39457695669392,137.90950701335717,139.53977966308594,123478900,4357.72998046875,25.709999084472656,1.309000015258789,146.85015563964845,144.6999899291992,145.2288014633646,145.4677438430777,-0.23894237971310872,0.937939136524744,-1.1768815162378528,27.753464973165592,153.47049440477758,140.22981687451932,0.09016454543466199,3.023467989399669,-0.021592493253197554,0.0140105872933016,704371700.0,1.5150433005269386,142.58555603027344,145.4849090576172,145.99253845214844,-0.02136104421783669,-0.044199236875229087,0.8444729849105092,-0.01697731100841482,4.899999618530273,0
2021-09-21,140.50626423071614,141.16033974315945,139.38362576406158,140.01815795898438,75834000,4354.18994140625,24.360000610351562,1.3240000009536743,146.5436248779297,144.68332092285155,144.42716400115225,145.06407081462635,-0.6369068134740985,0.6229699465249756,-1.2598767599990741,30.97831396262532,153.83445889706312,139.25279085879626,0.09950393987055617,3.022772158426631,0.0034223944195318394,0.013784891254487914,780205700.0,0.9215792943247844,139.53977966308594,145.25064086914062,144.59657287597656,0.003428257497994247,-0.031663370894130294,0.8692852667702844,-0.0008123585165593639,-1.3499984741210938,1
2021-09-22,141.01386330488788,142.94675948187773,140.28170408222925,142.3805694580078,76404300,4395.64013671875,20.8700008392334,1.3359999656677246,146.35960998535157,144.6916748046875,144.11230330220695,144.86529293635832,-0.752989634151362,0.3477780303897081,-1.10076766454107,36.02015311696774,153.88378833524607,138.83543163545707,0.10281768789418826,3.0123105478212926,0.016731425326273735,0.014417233042675587,856610000.0,0.9130871244035093,140.01815795898438,142.58555603027344,145.4849090576172,0.016872179533425014,-0.02133788046965024,0.8777977130400735,0.009519611195260236,-3.489999771118164,2
2021-09-23,143.16153904107028,143.581318108749,142.1755699033987,143.33726501464844,64838200,4448.97998046875,18.6299991607666,1.409999966621399,146.28492889404296,144.6507354736328,143.99306664258256,144.7521056828983,-0.7590390403157414,0.12641461624861822,-0.8854536565643596,35.58750529333149,153.90207041627568,138.66778737181025,0.10414116587157053,2.950948286587354,0.006696810745720736,0.014418186055514282,921448200.0,0.7721660472235995,142.3805694580078,139.53977966308594,145.25064086914062,0.006719284522336277,-0.013172925386373935,0.8927150926668093,0.012134715784494876,-2.240001678466797,3
2021-09-24,142.19507259526048,143.96201429353556,142.09744541695585,143.4250946044922,53477900,4455.47998046875,17.75,1.4600000381469727,146.25466613769532,144.6246142578125,143.90568632903017,144.65380856597935,-0.7481222369491718,-0.04849275439093978,-0.699629482558232,34.0258629497783,153.91421431567161,138.59511795971903,0.10474261615373018,2.9767478169853114,0.0006125601191645598,0.014370909161875717,974926100.0,0.6350292970419867,143.33726501464844,140.01815795898438,142.58555603027344,0.0006127477724287012,0.005887963673126162,0.8961633910670418,0.001461009046688222,-0.8799991607666016,4
2021-09-27,142.00961449990794,142.48796392317834,140.39887004950094,141.9119873046875,74150700,4443.10986328125,18.760000228881836,1.4839999675750732,146.09700698852538,144.608974609375,143.59896340220823,144.45071069477257,-0.8517472925643403,-0.2091436620256199,-0.6426036305387204,24.57307088427693,153.98601403437675,138.207999942674,0.10799683317908057,2.986507158339624,-0.01060585236962891,0.014440274498136741,900775400.0,0.8710219034391766,143.4250946044922,142.3805694580078,139.53977966308594,-0.010549808622941637,0.017000224934632824,0.9142101241413724,-0.0027763826213396126,1.010000228881836,0
2021-09-28,139.8424227657557,141.30674132874793,138.31953384357482,138.5343017578125,108972300,4352.6298828125,23.25,1.534000039100647,145.54984130859376,144.6025927734375,142.8197846876858,144.0124581809237,-1.1926734932378906,-0.4058496282680741,-0.7868238649698165,22.659393925266627,153.95286388068482,137.1468187365027,0.11546591183531463,3.0297390550598147,-0.024089096642993784,0.013336747604786295,791803100.0,1.2666561860063426,141.9119873046875,143.33726501464844,140.01815795898438,-0.023801270146566633,-0.010597598360110871,0.9252246440787874,-0.020364110556098214,4.489999771118164,1
2021-09-29,139.08098176355122,141.013878143942,138.65144592439347,139.4324188232422,74602000,4359.4599609375,22.559999465942383,1.5410000085830688,145.11054611206055,144.5420413208008,142.2986514777714,143.67319600628062,-1.374544528509233,-0.5995886083163059,-0.7749559201929271,26.60276432922069,153.83852536688363,136.38256685723746,0.12029421001672705,3.0562358089161807,0.0064620699116342325,0.013479044978643993,866405100.0,0.8731617862210805,138.5343017578125,143.4250946044922,142.3805694580078,0.00648299413238318,-0.02070613037992608,0.9337402835444019,0.0015691842194003325,-0.6900005340576172,2
2021-09-30,140.24268621892764,140.9455603850025,137.91929578685694,138.13406372070312,89056700,4307.5400390625,23.139999389648438,1.5290000438690186,144.57314224243163,144.47014404296874,141.65794566899166,143.26288991105264,-1.6049442420609807,-0.8006597350652409,-0.8042845069957398,31.555473907163716,153.64030710097245,135.5059773838908,0.12543360015425664,2.799631935959129,-0.009355341179688986,0.0134272572265773,777348400.0,1.0370374424446764,139.4324188232422,141.9119873046875,143.33726501464844,-0.009311716123816094,-0.03630040864400175,0.932687315821305,-0.011909714125195148,0.5799999237060547,3
2021-10-01,138.52452409983053,139.5202648503588,135.80089824481317,139.25668334960938,94639600,4357.0400390625,21.100000381469727,1.4789999723434448,144.03622512817384,144.39340576171875,141.28852069677902,142.96613386946424,-1.677613172685227,-0.9760504225892382,-0.7015627500959888,33.42932968967601,153.02295615498446,135.04949410136322,0.12478431753975187,2.8791234932341916,0.008094183168448368,0.013456395156618157,871988000.0,1.0871582620902212,138.13406372070312,138.5343017578125,143.4250946044922,0.008127029630982996,-0.029063332789687757,0.9320148390206054,0.01149147763018199,-2.039999008178711,4
2021-10-04,138.38782541869764,138.82713279141288,134.980854637217,135.8301544189453,98322000,4300.4599609375,22.959999084472656,1.4809999465942383,143.29625396728517,144.21382598876954,140.44877203865076,142.43754279905542,-1.9887707604046625,-1.178594490152323,-0.8101762702523394,30.392882251360007,152.43302170058325,134.15948623398708,0.12752277160551634,2.8944650388717537,-0.024913632296743,0.014113106276145941,773666000.0,1.1037749638125893,139.25668334960938,139.4324188232422,141.9119873046875,-0.024605849056893225,-0.04285637176431323,0.9342540799251805,-0.012985898136748442,1.8599987030029297,0
2021-10-05,136.17186716291496,138.8564511470798,136.0449547897289,137.75332641601562,80861100,4345.72021484375,21.299999237060547,1.5290000438690186,142.53578338623046,144.06432678222657,140.03408809670688,142.09056380771915,-2.0564757110122684,-1.3541707343243123,-0.7023049766879561,33.472482351951115,150.77240652389517,134.29916024856576,0.1155727066142522,2.896559181645153,0.014059355263857674,0.014015361529525157,854527100.0,0.908479415345386,135.8301544189453,138.13406372070312,138.5343017578125,0.014158652806494088,-0.005637414935415697,0.9398880285683462,0.010524514660609219,-1.6599998474121094,1
2021-10-06,136.15239062669528,138.76863359275248,135.07855066550817,138.62220764160156,83221100,4363.5498046875,21.0,1.5240000486373901,141.89588012695313,143.97548431396484,139.81687571899838,141.8336485361549,-2.0167728171565216,-1.486691150890754,-0.5300816662657675,36.2049287415075,149.1570488343935,134.63471141951277,0.10234502511198847,3.0339283937792954,0.006287706262904103,0.014193219026531416,937748200.0,0.9303943530884866,137.75332641601562,139.25668334960938,139.4324188232422,0.006307515384143425,-0.005810780509142077,0.9403723737622117,0.004102792854185466,-0.2999992370605469,2
2021-10-07,139.6569450430087,140.78935501402486,139.32503639848235,139.8814697265625,61732700,4399.759765625,19.540000915527344,1.5709999799728394,141.36970291137695,143.94672302246093,139.82681325862362,141.6890426984073,-1.8622294397836754,-1.5617988086693384,-0.300430631114337,44.02248596313819,147.46641388559317,135.27299193716073,0.08625201650226542,2.975351639068332,0.009043116977892455,0.01449292117827029,999480900.0,0.6884548889673879,138.62220764160156,135.8301544189453,138.13406372070312,0.00908412949400339,0.01265007311587163,0.9530594680207471,0.008298280656405366,-1.4599990844726562,3
2021-10-08,140.60387247260306,140.75029837603776,139.16883903566588,139.50074768066406,58773200,4391.33984375,18.770000457763672,1.6050000190734863,141.07342224121095,143.89748046875,139.77664932355293,141.52694677116705,-1.7502974476141162,-1.599498536458294,-0.1507989111558221,49.90219394504814,146.91046954370012,135.23637493872178,0.0827519062025565,2.754309519315161,-0.0027254582278177656,0.012652654315032649,940707700.0,0.6869039260493575,139.8814697265625,137.75332641601562,139.25668334960938,-0.002721747538417141,0.001752622029938422,0.9471113105048492,-0.0019137230947889883,-0.7700004577636719,4
2021-10-11,138.88572424122802,141.36529686032225,138.43666004151856,139.41287231445312,64452200,4361.18994140625,20.0,1.6139999628067017,140.74443893432618,143.84219146728515,139.72068362984527,141.3703486632623,-1.6496650334170226,-1.60953183585004,-0.04013319756698275,48.45300437252066,146.13903559146914,135.34984227718323,0.07665804344369398,2.8365897221512903,-0.0006301260520738992,0.012580680621647146,876255500.0,0.7703615627443156,139.50074768066406,138.62220764160156,135.8301544189453,-0.0006299275643461,0.026376454557045736,0.9458125137183756,-0.006865763848056816,1.2299995422363281,0
2021-10-12,139.82290063970592,139.84242905892054,137.68499305819657,138.14381408691406,73035900,4350.64990234375,19.850000381469727,1.5800000429153442,140.42180099487305,143.76815002441407,139.47808831554815,141.1313461020513,-1.6532577865031612,-1.6182770259806643,-0.03498076052249699,38.53065486713966,145.61441429264715,135.22918769709895,0.07395736646282851,2.781506470567763,-0.009144561332813949,0.012566945239389856,803219600.0,0.8922938210926203,139.41287231445312,139.8814697265625,137.75332641601562,-0.00910287699027268,0.002834687778930034,0.9485624789873669,-0.0024167805585421087,-0.14999961853027344,1
2021-10-13,137.8802114942071,138.03639411972742,135.88873033671427,137.5580596923828,78762700,4363.7998046875,18.639999389648438,1.5490000247955322,140.02545852661132,143.64652252197266,139.18269929659965,140.86665821985363,-1.6839589232539822,-1.631413405435328,-0.05254551781865424,34.03443455798417,144.7827147025278,135.26820235069482,0.06794844631788721,2.8421732951998684,-0.004249193288744951,0.012414839866060049,724456900.0,0.964922661821147,138.14381408691406,139.50074768066406,138.62220764160156,-0.00424017824035694,-0.007676605122102997,0.9262071552424501,0.00302251448379387,-1.210000991821289,2
2021-10-14,138.72949653674615,140.45739605494873,138.14376334202237,140.34024047851562,69907100,4438.259765625,16.860000610351562,1.5190000534057617,139.7799385070801,143.58853210449217,139.36078255535597,140.82766431308787,-1.4668817577318976,-1.5985070758946418,0.13162531816274425,42.582102881682175,143.86045745241577,135.6994195617444,0.05838490113699682,2.9160852584845975,0.020023683073451728,0.013425422711306933,794364000.0,0.8554511483601785,137.5580596923828,139.41287231445312,139.8814697265625,0.020225501816138802,0.003279710692559279,0.8804357182230799,0.01706310194558336,-1.779998779296875,3
2021-10-15,140.35006796929892,141.45317790755652,140.09624319922384,141.3946075439453,67940300,4471.3701171875,16.299999237060547,1.5759999752044678,139.72039108276368,143.5494842529297,139.67367870744664,140.86966010796618,-1.1959814005195426,-1.518001940819622,0.3220205403000793,48.72783265185755,143.66087633468015,135.7799058308472,0.05640529948964021,2.796850269437558,0.0074848531889383585,0.012964124168691929,862304300.0,0.8641259517156176,140.34024047851562,138.14381408691406,139.50074768066406,0.007512934720894204,0.013575983604163566,0.8526973256087694,0.007460210377712606,-0.5600013732910156,4
2021-10-18,140.03765490452832,143.34701408719482,139.7545598847163,143.0639190673828,85589200,4486.4599609375,16.309999465942383,1.5839999914169312,139.8965980529785,143.55748962402345,140.19525414743683,141.0321978086637,-0.8369436612268828,-1.3817902849010744,0.5448466236741916,62.15925949895428,144.10888197077696,135.68431413518005,0.06021996212092701,2.796850322392262,0.011736900322565434,0.0122199874745681,947893500.0,1.1154788836400897,141.3946075439453,137.5580596923828,139.41287231445312,0.011806047998815572,0.026188734887367948,0.8747066641200101,0.00337476955709759,0.010000228881835938,0
2021-10-19,143.5130025382052,145.62162523479623,143.06395310397025,145.22137451171875,76378900,4519.6298828125,15.699999809265137,1.6349999904632568,140.15675888061523,143.60962036132813,140.96850343424944,141.3425071940752,-0.3740037598257686,-1.1802329798860132,0.8062292200602446,64.5556886448095,144.99662924577248,135.31688851545798,0.06906367418612795,2.8024310210553978,0.014967782061333786,0.012595100194418235,1024272400.0,0.9950882606361034,143.0639190673828,140.34024047851562,138.14381408691406,0.015080360292099693,0.051233277954464196,0.9133707857610938,0.007393339551406308,-0.6099996566772461,1
2021-10-20,145.16278083703227,146.18780683574556,144.59657585778285,145.70945739746094,58418800,4536.18994140625,15.489999771118164,1.6360000371932983,140.32320327758788,143.6810791015625,141.69788096705122,141.6659849869186,0.031895980132617296,-0.9378071878822871,0.9697031680149044,69.85658142397872,145.68581638882662,134.96059016634914,0.07643230750128192,2.6999286196137655,0.003355322228653922,0.012107569731412563,1082691200.0,0.7701212141905065,145.22137451171875,141.3946075439453,137.5580596923828,0.0033609576233752936,0.05925787062791432,0.9495184894430444,0.0036640298040166996,-0.21000003814697266,2
2021-10-21,145.27016433537898,146.0804224119474,144.35252229936606,145.92422485351562,61421000,4549.77978515625,15.010000228881836,1.6759999990463257,140.45255126953126,143.7517562866211,142.34808771881498,141.9814101622221,0.36667755659289014,-0.6769102389872517,1.0435877955801418,68.35027128722851,146.23002018425308,134.67508235480943,0.08226933384264049,2.557681012973459,0.0014728579581190107,0.012037883892491823,1144112200.0,0.8115263939311181,145.70945739746094,143.0639190673828,140.34024047851562,0.0014739431461119334,0.039788904137262326,0.9622949116273171,0.002995871849622578,-0.4799995422363281,3
2021-10-22,146.12924283758312,146.60757740087539,145.1042167942401,145.1530303955078,58883400,4544.89990234375,15.430000305175781,1.6549999713897705,140.53894805908203,143.7478518676758,142.77961736138312,142.21634499431732,0.5632723670657924,-0.42887371777664285,0.9921460848424353,80.05036395829235,146.55051849175808,134.52737762640598,0.08555024092180925,2.359647576847952,-0.005298911190042923,0.01211747803337437,1085228800.0,0.7752299372617413,145.92422485351562,145.22137451171875,141.3946075439453,-0.005284896724871868,0.026581090445011446,0.969757259222547,-0.0010725536274130976,0.4200000762939453,4
2021-10-25,145.14324421012236,145.8168331110648,144.10846150842693,145.1042022705078,50720600,4566.47998046875,15.239999771118164,1.6349999904632568,140.69855880737305,143.73887145996093,143.13724580894078,142.43026034810921,0.7069854608315609,-0.2017018820550021,0.9086873428865629,76.95048911176676,147.02489387336064,134.37222374138545,0.08992750344584301,2.265510067883907,-0.0003364472610181874,0.011831914855767406,1034508200.0,0.6782230658903565,145.1530303955078,145.70945739746094,143.0639190673828,-0.00033639066898538683,0.01426134008089086,0.9707443867617361,0.004748196569493546,-0.1900005340576172,0
2021-10-26,145.77779264971988,147.2518679421637,145.46539754636262,145.76803588867188,60893400,4574.7900390625,15.979999542236328,1.61899995803833,141.06024551391602,143.70372802734374,143.541982744284,142.67750298074347,0.8644797635405439,0.011534447064107084,0.8529453164764368,76.59864254678669,147.6856542094946,134.43483681833743,0.09393729142382598,2.1553374067704487,0.004564442278149234,0.010248615536374697,1095401600.0,0.8412945486286759,145.1042022705078,145.92422485351562,145.22137451171875,0.004574875212273399,0.003764331378842689,0.9730399403000652,0.0018197952535197182,0.7399997711181641,1
2021-10-27,145.80709762491546,146.1682914783705,144.95779752805828,145.30923461914062,56094900,4551.68017578125,16.979999542236328,1.5290000438690186,141.35408630371094,143.67756622314454,143.8138676481081,142.8724460650692,0.9414215830389026,0.1975118742590662,0.7439097087798363,71.48379085504176,148.19334499403976,134.51482761338212,0.09676775350709149,2.0870050194767993,-0.0031524388605797694,0.01028064706526595,1039306700.0,0.7850354991460389,145.76803588867188,145.1530303955078,145.70945739746094,-0.0031474751425041303,-0.0027467179239341055,0.9763584159151072,-0.005051568068462853,1.0,2
2021-10-28,146.25615073002083,149.5264533730465,146.15852353048365,148.94073486328125,100077900,4596.419921875,16.530000686645508,1.5679999589920044,141.89441986083983,143.79881256103516,144.60261645044244,143.32194893901084,1.2806675114316022,0.4141430016935734,0.8665245097380287,79.71724713687748,149.34295085242738,134.4458888692523,0.10498694732171353,2.2752735490149427,0.024684350134468864,0.011077412539302466,1139384600.0,1.3898492215264497,145.30923461914062,145.1042022705078,145.92422485351562,0.02499153101768714,0.020671756267979013,0.9786124188165589,0.009829281576461124,-0.4499988555908203,3
2021-10-29,143.7179883048137,146.373287179863,142.92725865743117,146.2366180419922,124953200,4605.3798828125,16.260000228881836,1.5570000410079956,142.243416595459,143.85933807373047,144.85400131068087,143.5378503540465,1.3161509566343739,0.5945445926817335,0.7216063639526403,68.44330140955668,149.82447294327017,134.66236024764783,0.10659272013089693,2.495619219518257,-0.018322492867526876,0.012065083612339662,1014431400.0,1.6995352954313798,148.94073486328125,145.76803588867188,145.1530303955078,-0.0181556565017037,0.007465139677290011,0.978134190570813,0.001949334719149265,-0.2700004577636719,4
2021-11-01,145.44586537540286,146.13896771640327,144.28417043944881,145.4165802001953,74588300,4613.669921875,16.40999984741211,1.5750000476837158,142.72273788452148,143.87437133789064,144.94055190906772,143.6770155278353,1.2635363812324272,0.7283429503918724,0.5351934308405548,70.14590765381169,149.79139413233042,135.65408163671253,0.0990543812791522,2.4809771910767853,-0.005623391121445697,0.010421999506533412,939843100.0,1.0311466898697241,146.2366180419922,145.30923461914062,145.1042022705078,-0.005607609453614382,0.002152783481109255,0.9646391207846161,0.0018000771431341267,0.14999961853027344,0
2021-11-02,145.12375118515345,147.96453308347574,145.113979527006,146.45140075683594,69122000,4630.64990234375,16.030000686645508,1.5490000247955322,143.1576416015625,143.88042388916017,145.17299019333976,143.8825255447983,1.2904646485414446,0.8407672900217869,0.44969735851965775,74.03696891213079,150.00581588105837,136.3094673220666,0.09567319219403982,2.523510748667497,0.007091047736014318,0.010160436773304452,1008965100.0,0.9633951113015298,145.4165802001953,148.94073486328125,145.76803588867188,0.00711624874698602,0.004688029608123312,0.9575012606875621,0.0036803630854131963,-0.37999916076660156,1
2021-11-03,146.8125891838913,148.35500663634056,146.25615583539988,147.8864288330078,54511500,4660.56982421875,15.100000381469727,1.5789999961853027,143.6208526611328,143.9169351196289,145.59044229175024,144.17911097355457,1.4113313181956642,0.9548800956565624,0.45645122253910175,71.99779731567864,150.4304907198676,136.811214602398,0.09482798538735669,2.4663332085514083,0.00975096846045984,0.010247454721245889,1063476600.0,0.7752706972806966,146.45140075683594,146.2366180419922,145.30923461914062,0.009798664053439543,0.017735928625748354,0.9553857958577423,0.006461279195357994,-0.9300003051757812,2
2021-11-04,147.9742807485948,148.80405236999567,147.05663868837075,147.36903381347656,60394600,4680.06005859375,15.4399995803833,1.5240000486373901,143.9952308654785,143.96769805908204,145.8640717566312,144.41540155428953,1.448670202341674,1.0536381169935847,0.3950320853480893,67.9788261829456,150.76242349266312,137.2280382382939,0.09399189940542654,2.4942245637865676,-0.0035047314247573583,0.010257228291711077,1003082000.0,0.8597591135318753,147.8864288330078,145.4165802001953,148.94073486328125,-0.0034985970221479423,-0.010552526488118996,0.9474813373515169,0.004181942361150437,0.3399991989135742,3
2021-11-05,148.49330137784227,148.79636649786093,146.70422366033108,147.89694213867188,65463900,4697.52978515625,16.479999542236328,1.4529999494552612,144.4150405883789,144.04502990722656,146.17682104617592,144.67329344942897,1.5035275967469488,1.1436160129442576,0.35991158380269117,65.6168245587912,151.04866980775407,137.78141136900373,0.09186895204749158,2.387059466290233,0.0035758192998732283,0.010181302004848522,1068545900.0,0.9275070207078472,147.36903381347656,146.45140075683594,146.2366180419922,0.003582220168882211,0.011353682264471754,0.9401579804937014,0.003732799652949259,1.0399999618530273,4
2021-11-08,148.02405391839477,148.18047945260236,146.80200740282297,147.07574462890625,55020900,4701.7001953125,17.219999313354492,1.496999979019165,144.79818420410157,144.08524139404298,146.3151169819806,144.8512527960569,1.4638641859236827,1.2076656475401428,0.2561985383835399,56.55833250586067,151.09180004859755,138.5045683596056,0.08692948574030117,2.3028284578878027,-0.005567970650758537,0.010330753825598615,1013525000.0,0.7847916652551725,147.89694213867188,147.8864288330078,145.4165802001953,-0.005552498232151759,0.01140973351475294,0.9211096731143574,0.0008877879113036169,0.7399997711181641,0
2021-11-09,146.84111017051336,148.04359979638906,146.7042415538898,147.43746948242188,56787900,4685.25,17.780000686645508,1.4320000410079956,145.26286697387695,144.0444384765625,146.4877865974331,145.0428244024543,1.4449621949787854,1.2551249570278715,0.1898372379509139,56.16655866962161,150.8166648301428,139.7090691176111,0.07646548594231727,2.284837548211842,0.002456426523986965,0.009950859428834707,1070312900.0,0.8194913092683941,147.07574462890625,147.36903381347656,146.45140075683594,0.0024594460114977235,0.0067330781439447485,0.8961394573731941,-0.003498775895770745,0.5600013732910156,1
2021-11-10,146.66515060177312,146.77269130050686,144.54367946999045,144.6121063232422,65187100,4646.7099609375,18.729999542236328,1.559999942779541,145.6155693054199,143.97231414794922,146.19922040140372,145.0109193595497,1.1883010418540323,1.2417601739931037,-0.053459132139071386,46.05300723476875,149.84786719987474,141.38327141096508,0.05812974415637988,2.368115398201133,-0.01934912111723036,0.011061119319076506,1005125800.0,0.9500035304278799,147.43746948242188,147.89694213867188,147.8864288330078,-0.019163128403506313,-0.022140790981320935,0.8117589451499883,-0.008225823395229703,0.9499988555908203,2
2021-11-11,145.62883774477925,146.0883134852804,144.37744845730748,144.56320190429688,41000000,4649.27001953125,17.65999984741211,1.559999942779541,145.82671737670898,143.88593536376953,145.94752524800268,144.97775510360503,0.9697701443976428,1.1873621680740116,-0.21759202367636887,48.145130409496474,149.30508219898365,142.3483525544343,0.04770545322348763,2.382937142582392,-0.0003382337151210364,0.01027229998342541,964125800.0,0.6103698260550205,144.6121063232422,147.07574462890625,147.36903381347656,-0.00033817652054657366,-0.019039494502834264,0.7037146171419199,0.0005509400447352153,-1.0699996948242188,3
2021-11-12,145.11067671997742,147.03662312152338,144.18192440007093,146.63580322265625,63804000,4682.85009765625,16.290000915527344,1.5820000171661377,146.08877716064453,143.81875091552735,146.05341416718016,145.100573482794,0.9528406843861603,1.1404578713364413,-0.18761718695028096,54.27266930412211,148.88380543295366,143.2937488883354,0.03826479113088371,2.464817651069148,0.014235188178378296,0.010586011764282519,1027929800.0,0.9527880556539685,144.56320190429688,147.43746948242188,147.89694213867188,0.014336990956602236,-0.008527146658875107,0.617606972567603,0.007222656026415475,-1.3699989318847656,4
2021-11-15,147.00727451410145,148.48351596746593,146.08829332480207,146.6455535888672,59222800,4682.7998046875,16.489999771118164,1.6230000257492065,146.26785888671876,143.73907043457032,146.14451253974738,145.21501645361425,0.9294960861331276,1.0982655142957787,-0.16876942816265106,52.54070904289017,148.6795277855549,143.8561899878826,0.03297606073120875,2.4825002918554326,6.649155146114641e-05,0.010329126272150756,1087152600.0,0.9021367306218668,146.63580322265625,144.6121063232422,147.07574462890625,6.649376207334967e-05,-0.0029249625159096793,0.5098317409912213,-1.0739820344718431e-05,0.1999988555908203,0
2021-11-16,146.58690654221206,148.102247003654,146.00031832566742,147.62319946289062,59256200,4700.89990234375,16.3700008392334,1.6339999437332153,146.38795013427733,143.63227966308594,146.37200283561558,145.39340038022732,0.9786024553882555,1.074332902514274,-0.09573044712601853,56.50428821174965,148.8193273937165,143.95657287483817,0.03321827045475982,2.546174200975031,0.006644602669258666,0.009905764699368035,1146408800.0,0.9145728612192535,146.6455535888672,144.56320190429688,147.43746948242188,0.006666727016929164,0.0012597203487061392,0.5132187064149704,0.003865229864862485,-0.11999893188476562,1
2021-11-17,147.62318884522813,151.53373689410836,147.61341784542643,150.05751037597656,88807000,4688.669921875,17.110000610351562,1.6039999723434448,146.60535278320313,143.6050244140625,146.9390039956711,145.73889000954208,1.2001139861290255,1.0994891192372243,0.10062486689180128,53.36564593785496,149.51233601899239,143.69836954741388,0.03965725917372253,2.52496707917332,0.016355545374727738,0.010490169382914845,1235215800.0,1.3392593906277028,147.62319946289062,146.63580322265625,144.6121063232422,0.016490029493622105,0.03765524333462511,0.532910817655857,-0.002601625374463401,0.7399997711181641,2
2021-11-18,150.27259510761894,155.12166644396783,149.62735108476016,154.3395538330078,137827700,4704.5400390625,17.59000015258789,1.5889999866485596,147.02611923217773,143.68371520996095,148.07755012449212,146.3759762186877,1.7015739058044232,1.219906076550664,0.4816678292537593,72.29912337722325,151.52063430614479,142.53160415821068,0.06113900166091568,2.4878841615560043,0.028136447096510385,0.01206641880463141,1373043500.0,1.9652930275421527,150.05751037597656,146.6455535888672,144.56320190429688,0.02853601560030139,0.06762683587475493,0.5342538628381736,0.0033847802152713324,0.4799995422363281,3
2021-11-19,154.12446895909494,157.41911583313842,153.02952027938457,156.95962524414062,117305600,4697.9599609375,17.90999984741211,1.5360000133514404,147.61644897460937,143.91438049316406,149.44402321982267,147.15995022057308,2.284072999249588,1.432739461090449,0.8513335381591391,78.9027511074195,153.84286905134206,141.39002889787668,0.08435943446659747,2.6619661580710385,0.016833538006587455,0.012296933203692337,1490349100.0,1.6057827320890365,154.3395538330078,147.62319946289062,146.63580322265625,0.016976020378856926,0.07040451100341683,0.5071539805874274,-0.001398665559303236,0.31999969482421875,4
2021-11-22,158.06434223873075,161.9944471367291,157.39955624235793,157.4191131591797,117467900,4682.93994140625,19.170000076293945,1.625,148.23219451904296,144.1429119873047,150.6709601335699,147.9198882160254,2.7510719175444933,1.6964059523812578,1.0546659651632355,78.27687243109189,155.72039503677132,140.7439940013146,0.10103338943371537,2.8179853249366613,0.0029231508756548522,0.012259232939052279,1607817000.0,1.5377525188723977,156.95962524414062,150.05751037597656,146.6455535888672,0.002927427447181774,0.07346666371158483,0.4646025176900772,-0.0031971365563219223,1.260000228881836,0
2021-11-23,157.51692237613375,158.18172351994562,155.50299185623751,157.80044555664062,96041900,4690.7001953125,19.3799991607666,1.6670000553131104,148.8338150024414,144.40698944091798,151.76780404481156,148.65178135236727,3.1160226924442895,1.9803293003938642,1.1356933920504253,77.02878660934692,157.35113919631797,140.31649080856485,0.11445415403397201,2.859405386562906,0.002419472859084515,0.01226408871262468,1703858900.0,1.228993932122462,157.4191131591797,154.3395538330078,147.62319946289062,0.0024224021455090394,0.0689406958444112,0.45927957366856437,0.001657132912945114,0.20999908447265625,1
2021-11-24,157.15516717862224,158.51408217991857,156.06998937776268,158.3185577392578,69463600,4701.4599609375,18.579999923706055,1.6449999809265137,149.48428115844726,144.66366241455077,152.7756123054956,149.3678388625073,3.4077734429882867,2.265818128912749,1.1419553140755379,79.85074378515093,158.81632451527506,140.15223780161946,0.1248565171469261,2.909168180886547,0.003277959509819231,0.01215142773039925,1773322500.0,0.8813477603304947,157.80044555664062,156.95962524414062,150.05751037597656,0.0032833378941963254,0.05505254180602348,0.4788320610747857,0.0022938506357221833,-0.7999992370605469,2
2021-11-26,156.00158738073347,156.8618980401627,152.86336515925657,153.3032989501953,76959800,4594.6201171875,28.6200008392334,1.4819999933242798,149.70240936279296,144.82471557617188,152.85679486621865,149.65935442455827,3.197440441660376,2.452142591462274,0.745297850198102,61.84160482018231,159.1837068957283,140.22111182985762,0.12666860304109206,3.149386019634503,-0.03219088625349106,0.013685105637730049,1696362700.0,0.9909927716959058,158.3185577392578,157.4191131591797,154.3395538330078,-0.03167827486985042,-0.006714123872184508,0.36387319623974435,-0.022724822637582465,10.040000915527344,4
2021-11-29,155.8060160344783,157.58532267329434,155.2389847402696,156.6565704345703,88748200,4655.27001953125,22.959999084472656,1.5299999713897705,150.22340698242186,145.10613586425782,153.44137572288813,150.1776667215962,3.2637090012919145,2.614455873428202,0.6492531278637124,68.88973125509557,160.04198379163972,140.404830173204,0.1307196662150894,3.3567825677287635,0.02163765470775959,0.01356394141206979,1785110900.0,1.1700635123355871,153.3032989501953,157.80044555664062,156.95962524414062,0.021873446346803105,-0.0019307819389791092,0.2678715869782975,0.013200199537034996,-5.660001754760742,0
2021-11-30,156.41217318635103,161.8185054389282,156.34373142534065,161.60342407226562,174048100,4567.0,27.190000534057617,1.4429999589920044,151.0327491760254,145.5474087524414,154.6970754689462,151.0240191179421,3.6730563510041065,2.8261759689433834,0.8468803820607231,73.65328289365067,161.80522530907945,140.26027304297133,0.14265086468761776,3.652169408520785,0.031089374503789718,0.014708520731730993,1959159000.0,2.153473368989039,156.6565704345703,158.3185577392578,157.4191131591797,0.031577696511372544,0.0265807043955002,-0.1721965116326944,-0.01896131033450521,4.230001449584961,1
2021-12-01,163.7346542506034,166.49159798116264,160.85062784337472,161.08526611328125,152052500,4513.0400390625,31.1200008392334,1.434000015258789,151.76444244384766,145.96875091552735,155.67987402961313,151.76929667315238,3.910577356460749,3.0430562464468567,0.8675211100138922,79.80186289075462,163.1945641667255,140.3343207209698,0.15062977254513307,3.848396560331963,-0.0032115064462492062,0.014821624899882788,1807106500.0,1.7895148511402335,161.60342407226562,153.3032989501953,157.80044555664062,-0.003206355075451084,0.02081629456148515,-0.4233267738808721,-0.011815187417889228,3.9300003051757812,2
2021-12-02,155.19011206164845,160.52800204808736,154.27113083970096,160.09783935546875,136739200,4577.10009765625,27.950000762939453,1.4479999542236328,152.3750129699707,146.32309631347655,156.3595610028217,152.38622576073138,3.9733352420903145,3.2291120455755484,0.7442231965147661,77.18095791385845,164.22963302889974,140.52039291104165,0.15559795307469856,4.212915863589633,-0.006148703664243187,0.014965653133194444,1670367300.0,1.5350166639640381,161.08526611328125,156.6565704345703,158.3185577392578,-0.0061298390699376926,0.011238616884960084,-0.49357990619272873,0.01419443613158311,-3.1700000762939453,3
2021-12-03,160.35202051883033,161.27100166043388,156.14817855062066,158.22076416015625,118023100,4538.43017578125,30.670000076293945,1.343000054359436,152.9175994873047,146.6207662963867,156.64589995010394,152.8184137903184,3.8274861597855363,3.348786868417546,0.4786992913679904,70.40985739508938,164.80082124262336,141.03437773198604,0.15541993590221392,4.374924748472545,-0.011793825004698937,0.015294626697264259,1552344200.0,1.2833986705504714,160.09783935546875,161.60342407226562,153.3032989501953,-0.01172455045532994,0.03207670835288745,-0.520604288272254,-0.008448563730297565,2.719999313354492,4
2021-12-06,160.61599065605895,164.12571914002814,160.6062196554979,161.6229705810547,107497000,4591.669921875,27.18000030517578,1.434000015258789,153.60390090942383,146.98472381591796,157.41160312409636,153.47060318222478,3.9409999418715813,3.467229483108353,0.4737704587632283,73.56922083934434,165.84626350765615,141.3615383111915,0.159401714744879,4.625619915415975,0.021274981356811516,0.015799744791811173,1659841200.0,1.142818870645506,158.22076416015625,161.08526611328125,156.6565704345703,0.021502907276156336,0.03170246950196476,-0.5344004581905125,0.011730872577451423,-3.489999771118164,0
2021-12-07,165.29886939857903,167.74296195252498,164.5754126322905,167.35189819335938,120405400,4686.75,21.889999389648438,1.4800000190734863,154.6177085876465,147.49352203369142,158.94087928859835,154.49884725712363,4.442032031474724,3.6621899927816277,0.7798420386930967,77.00745966865969,167.89802908286055,141.33738809243243,0.1717826582287757,4.912624393521954,0.03483248957813689,0.016990927136947057,1780246600.0,1.2370555494196425,161.6229705810547,160.09783935546875,161.60342407226562,0.035446246234111856,0.035571487139549385,-0.3786744707689143,0.020707080374404274,-5.290000915527344,1
2021-12-08,168.2807219445421,172.02507478771778,166.88269277595091,171.1647491455078,116998900,4701.2099609375,19.899999618530273,1.5089999437332153,155.80407257080077,148.1461309814453,160.8214746511998,155.73335850811503,5.088116143084761,3.947375222842255,1.1407409202425063,77.84370148984547,170.54279608739873,141.0653490542028,0.18919561309798702,4.999914605170878,0.022527767734214128,0.01733150519328049,1897245500.0,1.1659919794942935,167.35189819335938,158.22076416015625,161.08526611328125,0.022783434148700543,0.0625723461582035,-0.2023890570982645,0.0030852853123166657,-1.989999771118164,2
2021-12-09,170.9984746601922,172.79732298545696,170.0306087537727,170.6562957763672,108923700,4667.4501953125,21.579999923706055,1.4869999885559082,157.10628204345704,148.7706085205078,162.33452405507168,156.8387612687263,5.495762786345381,4.257052735542881,1.2387100508025002,73.90417175226113,172.27727789750537,141.9352861894087,0.19313035299061931,4.805085953204921,-0.0029749703928273813,0.016357772506847897,1788321800.0,1.06236314322016,171.1647491455078,161.6229705810547,160.09783935546875,-0.00297054955345033,0.06595002445632803,-0.16713700715644417,-0.007181080169894716,1.6800003051757812,3
2021-12-10,171.29182418696914,175.61297891700764,170.78344865474102,175.43699645996094,115402700,4712.02001953125,18.690000534057617,1.4889999628067017,158.64997177124025,149.51666717529298,164.35028904043926,158.21640831992886,6.133880720510405,4.6324183325363855,1.5014623879740192,75.4578568218007,174.70436922978644,142.59557431269405,0.20238764973365725,4.845592209411107,0.027628416332156312,0.016772389550381323,1903724500.0,1.0861454611217258,170.6562957763672,167.35189819335938,158.22076416015625,0.02801362036979005,0.10881145967907124,-0.04210594806301778,0.009549073338481762,-2.8899993896484375,4
2021-12-13,177.0696450374433,178.05706815750167,171.6046566651188,171.80996704101562,153237000,4668.97021484375,20.309999465942383,1.4240000247955322,159.9086799621582,150.16773284912108,165.49793180975868,159.2233385955649,6.2745932141937715,4.960853308867863,1.3137399053259085,68.23581913742117,175.94443456987403,143.87292535444237,0.20056140306468206,4.9468486093964215,-0.020890960681875344,0.01805978412469737,1750487500.0,1.3839870091978141,175.43699645996094,171.1647491455078,161.6229705810547,-0.02067425624088981,0.0630293851383712,0.022230705473942576,-0.009136167611567658,1.6199989318847656,0
2021-12-14,171.3309277742781,173.76524989300478,168.35891710300444,170.43150329589844,139380400,4634.08984375,21.889999389648438,1.437999963760376,161.09797744750978,150.85975982666017,166.25694280762633,160.05357301781183,6.203369789814502,5.209356605057191,0.9940131847573115,65.61132599967185,176.50796390387615,145.6879909911434,0.1913119792132384,5.141677261274438,-0.008055547435596833,0.018334942881417626,1611107100.0,1.2148632134451798,171.80996704101562,170.6562957763672,167.35189819335938,-0.008023188461401154,0.01840197294315038,0.05597738109548027,-0.0074706775774360246,1.5799999237060547,1
2021-12-15,171.19407199132428,175.4858992366776,168.45668450718412,175.29037475585938,131063300,4709.85009765625,19.290000915527344,1.4630000591278076,162.4813362121582,151.61050079345702,167.64670156889295,161.18222499840795,6.4644765704850045,5.460380598142754,1.0040959723422507,68.94364280529382,177.76498666112388,147.1976857631925,0.18812807434091053,5.469185970369979,0.028110407347037267,0.018900813756251307,1742170400.0,1.107705271271509,170.43150329589844,175.43699645996094,171.1647491455078,0.02850923312883702,0.02410324340115344,0.22754046558967733,0.016348464630746795,-2.5999984741210938,2
2021-12-16,175.27077720416733,177.08918279763162,166.93153397693786,168.4077606201172,150185800,4668.669921875,20.56999969482422,1.4220000505447388,163.39884872436522,152.20621185302736,167.7637875767736,161.71744985927532,6.0463377174982895,5.577572022013862,0.4687656954844277,66.18465714005428,177.71473490296637,149.08296254576408,0.17522627962636841,5.8050757018480175,-0.04005569796251379,0.021684890434252875,1591984600.0,1.23723160471672,175.29037475585938,171.80996704101562,170.6562957763672,-0.03926407337155924,-0.013175811334827925,0.31887978688853924,-0.008743415379980468,1.279998779296875,3
2021-12-17,166.12984262332955,169.59068583995455,165.89521929851176,167.3127899169922,195432700,4620.64013671875,21.56999969482422,1.4019999504089355,164.04751052856446,152.75483825683594,167.69440332142264,162.13191949318028,5.562483828242364,5.574554383259563,-0.012070555017198892,61.99900347067111,177.79959902166541,150.2954220354635,0.1676598254833791,5.763178760301143,-0.0065231311224002,0.021182351507211414,1396551900.0,1.5726605317954203,168.4077606201172,170.43150329589844,175.43699645996094,-0.006501901688455769,-0.04630839963577971,0.3958979090667174,-0.010287680637092622,1.0,4
2021-12-20,164.51677542044033,166.76534380811088,163.71512072913166,165.9539031982422,107499100,4568.02001953125,22.8700008392334,1.4190000295639038,164.49722442626953,153.2839013671875,167.42663407170258,162.41502939725893,5.011604674443646,5.46196444149638,-0.45035976705273395,55.329296635948445,177.85600682067363,151.13844203186542,0.1624195476974961,5.629099844177783,-0.008154995850228263,0.021124624347707403,1289052800.0,0.8684794772339933,167.3127899169922,175.29037475585938,171.80996704101562,-0.008121834077503443,-0.03408454086587098,0.4396386069552564,-0.01138805785140995,1.3000011444091797,0
2021-12-21,167.72343104614094,169.3267554134747,165.33799395674112,169.1214599609375,91185900,4649.22998046875,21.010000228881836,1.4869999885559082,165.08234176635742,153.8780731201172,167.68737651620026,162.9118020316055,4.775574484594756,5.324686450116055,-0.5491119655212993,59.24422258029411,178.1578932203803,152.00679031233454,0.15841247845307188,5.511084938388188,0.01890709656081533,0.021430229046991375,1380238700.0,0.7445909899622678,165.9539031982422,168.4077606201172,170.43150329589844,0.01908696753526473,-0.00768662664839892,0.5077585046158924,0.017777934551572505,-1.8600006103515625,1
2021-12-22,169.1703261593658,171.92727008747283,168.30022969109157,171.71218872070312,92135300,4696.56005859375,18.6299991607666,1.4570000171661377,165.77792892456054,154.54944061279298,168.30657839381607,163.56368252709422,4.742895866721852,5.208328333437215,-0.4654324667153622,62.88497946956729,178.70167081395982,152.85418703516126,0.15591631495505534,5.283435304302543,0.015202599079162079,0.021583707872293596,1472374000.0,0.7535453463154648,169.1214599609375,167.3127899169922,175.29037475585938,0.015318746422624319,-0.020412906528038843,0.6175717980938528,0.010180197220578835,-2.3800010681152344,2
2021-12-23,171.9174833311616,172.89512039322665,171.35045204505695,172.33786010742188,68356600,4725.7900390625,17.959999084472656,1.4930000305175781,166.47889404296876,155.24503662109376,168.92677558052466,164.21362160711848,4.713153973406179,5.109293461431007,-0.39613948802482835,66.10881123478751,179.2185807507779,153.73920733515962,0.15304867059629776,5.027852821328005,0.0036370991870149348,0.02158302838324645,1540730600.0,0.5593201124243523,171.71218872070312,165.9539031982422,168.4077606201172,0.003643721458448379,0.023336807477476906,0.7500137750776844,0.006223699921661829,-0.6700000762939453,3
2021-12-27,173.12973764737882,176.38527073958,173.11019564746687,176.2972869873047,74919600,4791.18994140625,17.68000030517578,1.4809999465942383,167.62859344482422,155.96417755126953,170.06070041233698,165.1087079315767,4.951992480760282,5.077833265296862,-0.12584078453657987,66.53438416598755,179.4811218660026,155.77606502364583,0.14141416064652132,4.895171082205593,0.02271484762791542,0.020149222293066045,1615650200.0,0.6135332213184279,172.33786010742188,169.1214599609375,167.3127899169922,0.02297479426409743,0.05369880613890854,0.8072476583001612,0.01383893524747526,-0.279998779296875,0
2021-12-28,176.13114851029079,177.27498241938508,174.5375948565864,175.2805938720703,79144300,4786.35009765625,17.540000915527344,1.4809999465942383,168.5597946166992,156.64189727783204,170.86376094460365,165.86218096420583,5.001579980397821,5.0625826083170535,-0.06100262791923239,59.99509877280812,179.68696999508563,157.43261923831278,0.13202644680114076,4.653556524443336,-0.005783617256006407,0.020032499157302902,1536505900.0,0.6506890113114585,176.2972869873047,171.71218872070312,165.9539031982422,-0.0057669243390432445,0.05620048997996041,0.9131855401482394,-0.0010101548486260992,-0.1399993896484375,1
2021-12-29,175.31967594887476,176.5906072567406,174.15628532669507,175.36856079101562,62348900,4793.06005859375,16.950000762939453,1.5429999828338623,169.24805145263673,157.2879901123047,171.55680707482088,166.5663572476732,4.990449827147671,5.048156052083177,-0.057706224935506256,55.84869450394547,180.26584479128252,158.23025811399094,0.1301969889057076,4.460123661463241,0.0005017375323503654,0.01913283098065883,1598854800.0,0.5372748199278962,175.2805938720703,172.33786010742188,169.1214599609375,0.0005018634236799713,0.036938546010193196,0.9090024110434345,0.0014018951394270118,-0.5900001525878906,2
2021-12-30,175.4565079119385,176.53191454419968,174.10736412193012,174.21490478515625,59773000,4778.72998046875,17.329999923706055,1.5149999856948853,169.90453338623047,157.86786071777342,171.96574518410324,167.1329163245238,4.83282885957945,5.005090613582433,-0.1722617540029825,54.863715365759354,180.4279919401863,159.38107483227463,0.12387495900458044,4.4356833893621905,-0.006600198850815543,0.019215693403841445,1539081800.0,0.5364049899403311,175.36856079101562,176.2972869873047,171.71218872070312,-0.0065784653797448245,0.014575063558964318,0.8974418080336085,-0.0029897555945093135,0.37999916076660156,3
2021-12-31,174.1073747963206,175.22188041192248,173.29593427269404,173.59901428222656,64062300,4766.18017578125,17.219999313354492,1.5119999647140503,170.57959213256837,158.42565185546874,172.2170173530453,167.61188654361288,4.60513080943241,4.925098652752429,-0.31996784332001926,47.16521994526902,180.14261257325472,161.016571691882,0.1121238516416937,4.219202174975619,-0.003541497984323824,0.01915254743922117,1475019500.0,0.5942768353065319,174.21490478515625,175.2805938720703,172.33786010742188,-0.003535234276821564,0.00731791710781704,0.8896939061254101,-0.0026261799136575448,-0.1100006103515625,4
2022-01-03,173.85321176039008,178.79028222604728,173.73590007898758,177.93972778320312,104487900,4796.56005859375,16.600000381469727,1.628000020980835,171.5655403137207,159.0659619140625,173.09743434230035,168.37691182061957,4.720522521680778,4.884183426538099,-0.16366090485732165,59.25048334074809,179.72684892116706,163.40423170627435,0.09513925223588351,4.129120492935464,0.024696760879576576,0.01930148646016813,1579507400.0,0.9754103709238411,173.59901428222656,175.36856079101562,176.2972869873047,0.025004252005254468,0.009316313506382512,0.876491709882785,0.006374052530970564,-0.6199989318847656,0
2022-01-04,178.5458811499138,178.8489462858369,175.1143651356069,175.681396484375,99310400,4793.5400390625,16.90999984741211,1.6679999828338623,172.26846160888672,159.67652923583984,173.49496697954262,168.91798475867554,4.57698222086708,4.822743185403896,-0.2457609645368155,57.71771222099149,179.1446089936092,165.39231422416424,0.07983060068573539,4.0097096615232966,-0.012772777679278398,0.019372878319583817,1480197000.0,0.9306337223718348,177.93972778320312,174.21490478515625,175.2805938720703,-0.012691551948306956,0.0022866342670953,0.8795901784152171,-0.000629621957060511,0.3099994659423828,1
2022-01-05,175.5934060632604,176.14088047095728,170.7345483186125,171.00828552246094,94537600,4700.580078125,19.729999542236328,1.7050000429153442,172.4512809753418,160.1946109008789,173.11240060153006,169.07282185228925,4.039578749240803,4.666110298171278,-0.6265315489304744,43.67045810806848,178.9617365839908,165.9408253666928,0.07550486806276513,3.893789477441248,-0.026960098636095088,0.01915157607051226,1385659400.0,0.8967772210906033,175.681396484375,173.59901428222656,175.36856079101562,-0.02659991925969052,-0.024863494624619564,0.9055997915058513,-0.019392757790687165,2.8199996948242188,2
2022-01-06,168.83793801323478,171.37980064842037,167.80164498917833,168.15359497070312,96904000,4696.0498046875,19.610000610351562,1.7330000400543213,172.30072326660155,160.64232208251954,172.3495074275567,169.00473097217176,3.344776455384931,4.401843529614008,-1.057067074229077,49.57352315397768,179.07055170996884,165.53089482323426,0.07858154411682076,3.423825680194696,-0.01683419117256262,0.018851734356750312,1288755400.0,0.9280701128506785,171.00828552246094,177.93972778320312,174.21490478515625,-0.01669328794821967,-0.03479214262366359,0.8823548076925818,-0.0009637690162076495,-0.11999893188476562,3
2022-01-07,169.0236630282213,170.2457092977057,167.2052575825263,168.31976318359375,86709100,4677.02978515625,18.760000228881836,1.7710000276565552,172.18389663696288,161.1025326538086,171.72954677463932,168.95399261746226,2.775554157177055,4.0765856551266175,-1.3010314979495625,51.74400935311004,179.1509797487178,165.21681352520798,0.08092607087925867,3.37703890689017,0.0009877051027817319,0.01884946333389566,1375464500.0,0.8393602577717498,168.15359497070312,175.681396484375,173.59901428222656,0.0009881930441009157,-0.03041060527020123,0.875944694737204,-0.004050216740091761,-0.8500003814697266,4
2022-01-10,165.29888813158135,168.64240533418686,164.40923476090865,168.33934020996094,106765600,4670.2900390625,19.399999618530273,1.7799999713897705,171.8290138244629,161.4905047607422,171.20797653391958,168.90846280949918,2.299513724420393,3.7211712689853726,-1.4216575445649795,54.33240329051146,178.8214201282791,164.83660752064668,0.08138795827530633,3.422431862991433,0.00011630177940790404,0.01763915065592291,1482230100.0,1.0378495826947562,168.31976318359375,171.00828552246094,177.93972778320312,0.00011630854272204338,-0.05395303057302092,0.8964954450880489,-0.0014410312534549607,0.6399993896484375,0
2022-01-11,168.46647542797945,171.2625039300376,167.00001940197362,171.1647491455078,76138300,4713.06982421875,18.40999984741211,1.746000051498413,171.7967529296875,161.9890673828125,171.2013261664716,169.075595130685,2.1257310357866004,3.402083222345618,-1.2763521865590177,53.75769939864014,178.7954800708926,164.7980257884824,0.08147682679508533,3.4419835109436048,0.01664471359630595,0.017527176519489995,1558368400.0,0.768941658051564,168.33934020996094,168.15359497070312,175.681396484375,0.016784008610363443,-0.025709309177018635,0.9044680771237608,0.009159984668711818,-0.9899997711181641,1
2022-01-12,172.18141648353657,173.21770927349675,170.91050037060046,171.6046142578125,74805200,4726.35009765625,17.6200008392334,1.725000023841858,171.85540847778321,162.51282806396483,171.26337048821637,169.2629298808426,2.0004406073737755,3.12175469935125,-1.1213140919774744,49.78517048626432,178.82556386117793,164.8852530943885,0.08111650887374645,3.3477098328375354,0.0025665383241427345,0.01743693418468107,1633173600.0,0.7809434236946298,171.1647491455078,168.31976318359375,171.00828552246094,0.0025698347031184454,0.0034871335826194283,0.9168995878182968,0.002817754443029452,-0.7899990081787109,2
2022-01-13,171.84905393496265,172.6702655459411,167.94827640647682,168.33934020996094,84505800,4659.02978515625,20.309999465942383,1.7109999656677246,171.5078567504883,162.95058685302735,170.8135196761771,169.19451583114764,1.6190038450294537,2.821204528486891,-1.2022006834574372,42.776397943572285,178.44998538651186,164.56572811446472,0.08095405968629252,3.574661317930006,-0.019211251920448664,0.016664266523515277,1548667800.0,0.9041885881684397,171.6046142578125,168.33934020996094,168.15359497070312,-0.01902789188958487,0.0011046165221157977,0.9506431386835069,-0.0142436152864307,2.6899986267089844,3
2022-01-14,167.50833831927105,169.89377524696252,167.26392904254132,169.1996612548828,80440800,4662.85009765625,19.190000534057617,1.7719999551773071,171.54745178222657,163.37685150146484,170.56523376520875,169.19489697364654,1.3703367915622096,2.5310309811019547,-1.1606941895397451,35.56082303463913,178.42385349722016,164.67105006723298,0.08016909191659623,3.473406715948798,0.005097620744233002,0.014102151960717417,1629108600.0,0.8940536907022898,168.33934020996094,171.1647491455078,168.31976318359375,0.005110635718595713,0.005227538671910503,0.9512870876238435,0.0008199802697488323,-1.1199989318847656,4
2022-01-18,167.67449730684277,168.68146210817613,165.62146879237642,166.00274658203125,90956700,4577.10986328125,22.790000915527344,1.8650000095367432,171.48194961547853,163.74952575683594,169.86331266010453,168.95844138908242,0.9048712710221025,2.2057990390859845,-1.300927768063882,32.66334208672991,178.55046932294607,164.41342990801098,0.08244039356116017,3.5334642087850625,-0.019075111235867016,0.014685944923224574,1538151900.0,1.0732440095094569,169.1996612548828,171.6046142578125,168.33934020996094,-0.018894332584009854,-0.013880258916396881,0.9513135892036284,-0.018387945694007368,3.6000003814697266,1
2022-01-19,166.19829964047344,167.25414945182573,162.22909557704548,162.51260375976562,94815000,4532.759765625,23.850000381469727,1.8270000219345093,171.30988464355468,164.04183898925783,168.7324343677447,168.48097193505896,0.25146243268574153,1.814931717805936,-1.5634692851201946,28.68711960618647,179.07792446075416,163.5418448263552,0.09068991942131627,3.718516490551827,-0.02124877353394752,0.01532799984190171,1443336900.0,1.1272052591261392,166.00274658203125,168.33934020996094,171.1647491455078,-0.021024608894292918,-0.050548640587127935,0.9647305971752029,-0.009689541868338813,1.0599994659423828,2
2022-01-20,163.24586569234862,165.8854833139809,160.50847837757559,160.8311004638672,91420500,4482.72998046875,25.59000015258789,1.8329999446868896,170.89536666870117,164.31694610595704,167.51684453637893,167.91431478904477,-0.39747025266584046,1.372451323711581,-1.7699215763774214,28.193686936364685,179.93569519814173,161.8550381392606,0.10579957439064097,3.9294060987043804,-0.010400811472259562,0.014708289212420567,1351916400.0,1.0866983065869165,162.51260375976562,169.1996612548828,171.6046142578125,-0.010346910067259296,-0.06278102625934978,0.973915288659792,-0.01103737849414832,1.739999771118164,3
2022-01-21,160.74309086318223,162.61038131219433,158.67050497614542,158.77804565429688,122848900,4397.93994140625,28.850000381469727,1.746999979019165,170.24865951538087,164.54375762939452,166.17241393913554,167.23755411239677,-1.0651401732612271,0.8849330243170194,-1.9500731975782464,26.93239933141726,180.7718517674787,159.72546726328304,0.12362144033383272,4.073258255620128,-0.01284746118018473,0.014260643770363767,1229067500.0,1.434103185727948,160.8311004638672,166.00274658203125,168.33934020996094,-0.012765284846332103,-0.05679774284334693,0.9766744303531187,-0.018914821867908604,3.260000228881836,4
2022-01-24,156.44151145113545,158.67052310978175,151.24047430258736,158.00572204589844,162294600,4410.1298828125,29.899999618530273,1.7350000143051147,169.53205261230468,164.81162994384766,164.91599980171446,166.55371470006355,-1.6377148983490883,0.38040343978379787,-2.0181183381328864,15.09748109929464,181.33087264052025,157.7332325840891,0.13919279388656694,4.240851356183613,-0.004876039856588425,0.014149964404289539,1066772900.0,1.7961004067920971,158.77804565429688,162.51260375976562,169.1996612548828,-0.004864171272645601,-0.06615816560129983,0.9814276115984791,0.002771738943381896,1.0499992370605469,0
2022-01-25,155.42475069595457,159.1202179477596,153.50859022634555,156.2068634033203,115798400,4356.4501953125,31.15999984741211,1.7829999923706055,168.52753143310548,165.04450317382813,163.57613266349998,165.78728127067518,-2.211148607175204,-0.13790696960800247,-2.0732416375672016,15.344369627328206,181.2832834656007,155.77177940061026,0.15137885096902914,4.3749261112681905,-0.011450071569313507,0.012699662516534416,950974500.0,1.253183799096494,158.00572204589844,160.8311004638672,166.00274658203125,-0.011384768977262594,-0.05901036808370064,0.9849271856150011,-0.012171906253646725,1.260000228881836,1
2022-01-26,159.84361394509398,160.71371008485136,154.29064418069925,156.1188201904297,108275300,4349.93017578125,31.959999084472656,1.8480000495910645,167.56944274902344,165.2341635131836,162.42885382148916,165.07109896843477,-2.642245146945612,-0.6387746050755244,-2.0034705418700876,18.336651757553426,181.04755233817917,154.0913331598677,0.1608659594260575,4.447549950682999,-0.0005637910671301931,0.012758913057887506,842699200.0,1.1535840406418438,156.2068634033203,158.77804565429688,162.51260375976562,-0.0005636321668101019,-0.03934330889675208,0.9864967622429478,-0.0014966358477518371,0.7999992370605469,2
2022-01-27,158.8171416631375,160.1760566161972,154.74039680395836,155.6593780517578,121954600,4326.509765625,30.489999771118164,1.8070000410079956,166.58398361206054,165.4144400024414,161.38739601076125,164.37393445608834,-2.986538445327085,-1.1083273731258365,-1.8782110722012484,20.41654232154096,180.534898583826,152.63306864029508,0.1674940731907845,4.5802288187541995,-0.0029472392478377685,0.012692554899283578,720744600.0,1.2593385804655504,156.1188201904297,158.00572204589844,160.8311004638672,-0.0029429004018315386,-0.032156233447344196,0.9870282150510934,-0.00538408875771057,-1.4699993133544922,3
2022-01-28,162.00425626677838,166.54049197821774,159.15932862262193,166.52093505859375,179935700,4431.85009765625,27.65999984741211,1.781999945640564,166.19928512573242,165.79239471435548,162.17717124888935,164.5329715377554,-2.3558002888660496,-1.3578219562738791,-0.9979783325921705,47.172746240736736,179.6806273537094,152.71794289775542,0.16223104952320516,5.1402761195599505,0.06745089163673879,0.020743590892435333,900680300.0,1.749524676310997,155.6593780517578,156.2068634033203,158.77804565429688,0.06977772327488285,0.048765491301960395,0.9577292443664479,0.024347646888076113,-2.8299999237060547,4
2022-01-31,166.3547206203823,171.0864802658057,165.71924760028926,170.87139892578125,115541600,4515.5498046875,24.829999923706055,1.781999945640564,166.06290435791016,166.20867248535157,163.51474473764196,165.00248467760917,-1.4877399399672129,-1.383805553012546,-0.10393438695466695,53.50281739315457,179.28168649599107,152.84412221982925,0.15920210704722934,5.221280554719824,0.025790182899253927,0.021664542582175636,1016221900.0,1.095988230194181,166.52093505859375,156.1188201904297,158.00572204589844,0.026125627181091016,0.08142538582334069,0.9217092129511683,0.018885951732779516,-2.8299999237060547,0
2022-02-01,170.1186272242385,170.93006781127377,168.45664712970438,170.70521545410156,86213900,4546.5400390625,21.959999084472656,1.7999999523162842,165.70117874145507,166.53598571777343,164.6209710017127,165.42490917957156,-0.8039381778588677,-1.2678320779818102,0.4638939001229425,49.313800011301474,177.90878780063107,153.49356968227906,0.14734486684881876,5.09349027997021,-0.0009730378357036982,0.02081890912278633,930008000.0,0.824945506876946,170.87139892578125,155.6593780517578,156.2068634033203,-0.0009725645878972955,0.09281507697486413,0.8910979001712034,0.00686300355780145,-2.8700008392333984,1
2022-02-02,170.84207875406224,171.94681342176997,169.45383589849953,171.90769958496094,84914300,4589.3798828125,22.09000015258789,1.7660000324249268,165.5124938964844,166.83494720458984,165.7420061683663,165.90511587626708,-0.16310970790078727,-1.0468876039656057,0.8837778960648184,50.442504688370924,177.17508619063767,153.8499016023311,0.1409270323900425,5.106759467139791,0.0070195197882965,0.02075395576825855,1014922300.0,0.8181451571915832,170.70521545410156,166.52093505859375,156.1188201904297,0.0070442143648663524,0.10113373503125622,0.8585214959988667,0.00942251544733641,0.13000106811523438,2
2022-02-03,170.57811566132818,172.29876649074853,168.27089152715305,169.033447265625,89418100,4477.43994140625,24.350000381469727,1.8270000219345093,165.41375198364258,167.06723388671875,166.24838172179068,166.13684412733062,0.11153759446006006,-0.8152025642804726,0.9267401587405326,51.02510099123067,176.9127191506975,153.91478481658766,0.13903278329835644,5.057179883149162,-0.01686109430061089,0.02020693783356628,925504200.0,0.8636691244380285,171.90769958496094,170.87139892578125,155.6593780517578,-0.016719741618759887,0.08591881440911453,0.8193618727412103,-0.024391082077444004,2.260000228881836,3
2022-02-04,168.05455952783922,170.42346859121156,167.0756769166009,168.74957275390625,82465400,4500.52978515625,23.219999313354492,1.9299999475479126,165.44355087280275,167.28621643066407,166.63318034211613,166.33037958115102,0.30280076096511266,-0.5916018992313555,0.8944026601964682,49.32376698721079,176.97545507681053,153.91164666879496,0.13940590785401857,5.108461702448409,-0.001680810234534785,0.019846306215229932,843038800.0,0.8021076366521095,169.033447265625,170.70521545410156,166.52093505859375,-0.001679398464096038,0.013383528590734217,0.8096193186757941,0.0051569298644233985,-1.1300010681152344,4
2022-02-07,169.20964451994723,170.27662295458384,167.3399751947351,168.0349884033203,77251200,4483.8701171875,22.860000610351562,1.9160000085830688,165.42931213378907,167.4805450439453,166.84884312076292,166.4566469013117,0.39219621945122185,-0.3948422754948401,0.7870384949460619,53.29944007249676,176.94695777765142,153.91166648992672,0.1392455242097312,5.062637080830005,-0.004243575895993261,0.019869517005133116,765787600.0,0.754863333017224,168.74957275390625,171.90769958496094,170.87139892578125,-0.004234584650641082,-0.016599679877923545,0.7997078795707332,-0.0037017126347429485,-0.3599987030029297,0
2022-02-08,168.1035042386361,171.64706939744136,167.80983647215697,171.13804626464844,74829200,4521.5400390625,21.440000534057617,1.9539999961853027,165.56924743652343,167.83723999023437,167.50872052751455,166.80341722452184,0.7053033029927178,-0.1748131597973285,0.8801164627900463,64.18206569325852,177.30176194950437,153.83673292354248,0.1417233537584206,4.977792727294586,0.018298296893513557,0.020290677232351586,840616800.0,0.7427866510391605,168.0349884033203,169.033447265625,170.70521545410156,0.01846673654584441,0.0025355453223585567,0.7884214756927631,0.008401207191663262,-1.4200000762939453,1
2022-02-09,172.33228001362485,172.9196005956565,171.20655609241282,172.5574188232422,71285000,4587.18017578125,19.959999084472656,1.9290000200271606,165.63888092041014,168.1552569580078,168.28544334224188,167.2296395651678,1.0558037770740896,0.07131022757695513,0.9844935494971344,69.44820954068075,177.5267290573285,153.75103278349178,0.14353934379248193,4.720974826909069,0.008259524910084167,0.0200315591024948,911901800.0,0.7093139987846586,171.13804626464844,168.74957275390625,171.90769958496094,0.008293728890645502,0.003779465607706145,0.7887203370383661,0.014517207887505545,-1.480001449584961,2
2022-02-10,170.4626223841964,171.7743215374217,167.92731993059743,168.4852752685547,90865900,4504.080078125,23.90999984741211,2.0309998989105225,165.48291397094727,168.2928939819336,168.3161867155208,167.3226496172705,0.9935370982502718,0.2557556017116185,0.7377814965386533,65.08896987912658,177.12042054098302,153.8454074009115,0.14064904092852598,4.770276438094486,-0.023881684984635346,0.020741781514619615,821035900.0,0.8969843451054966,172.5574188232422,168.0349884033203,169.033447265625,-0.023598774149831026,-0.003242979457248496,0.787623351854015,-0.01811572566845976,3.950000762939453,3
2022-02-11,168.69087634340775,169.42503845048873,164.49146072642745,165.07879638671875,98670700,4418.64013671875,27.360000610351562,1.9550000429153442,165.31988677978515,168.37276458740234,167.81812666493587,167.15643826685928,0.661688398076592,0.33694216098461316,0.3247462370919788,60.162230538364234,176.8800041431305,153.7597694164398,0.1398515035126298,4.584276893262469,-0.020425445076771125,0.0207998405833295,722365200.0,0.9672669652589228,168.4852752685547,171.13804626464844,168.74957275390625,-0.020218258695937852,-0.02175280391696599,0.8042887302238617,-0.01896945434456343,3.450000762939453,4
2022-02-14,163.83558309476697,165.99892030677,163.04269054419584,165.31370544433594,86185500,4401.669921875,28.329999923706055,1.996000051498413,165.1255889892578,168.47708190917967,167.43283109253588,167.01993953926495,0.4128915532709243,0.3521320394418754,0.06075951382904893,63.69991874061729,176.54085895181905,153.71031902669657,0.1382616714033808,4.394605610488191,0.0014220001719115602,0.020759532651201038,808550700.0,0.8425025067933305,165.07879638671875,172.5574188232422,168.0349884033203,0.0014230116935605164,-0.01619474006480548,0.8197897606215053,-0.0038405967262932217,0.9699993133544922,0
2022-02-15,167.35955476472148,169.29773807776493,166.654758116967,169.14111328125,62527400,4471.06982421875,25.700000762939453,2.0450000762939453,165.28250732421876,168.69548889160157,167.69564373695346,167.17706352015273,0.5185802168007285,0.38542167491364604,0.13315854188708248,67.6090147498858,176.83401583478778,153.73099881364973,0.13977896024906666,4.2203889482936825,0.022888442404039665,0.020973266200147608,871078100.0,0.6198468687559207,165.31370544433594,168.4852752685547,171.13804626464844,0.02315239275912795,-0.011668550780989828,0.84387424904081,0.01576672117072042,-2.6299991607666016,1
2022-02-16,168.22100455291906,169.67953027359678,166.45901263665095,168.90621948242188,61177400,4475.009765625,24.290000915527344,2.046999931335449,165.60218811035156,168.8411538696289,167.88188615933322,167.3051491469875,0.576737012345717,0.4236847424000602,0.15305226994565674,68.02209787852229,177.18477408722123,154.0196021334819,0.1398844557434402,4.062164507201325,-0.0013897097469270452,0.020327823449329,809900700.0,0.6167469540398138,169.14111328125,165.07879638671875,172.5574188232422,-0.0013887445475041504,-0.02115932983768376,0.8892334974524221,0.0008812077558950637,-1.4099998474121094,2
2022-02-17,167.4182971510757,168.27971865617212,164.91235997613748,165.31370544433594,69589300,4380.259765625,28.110000610351562,1.972000002861023,165.826318359375,168.80039001464843,167.48678143394903,167.15763479864293,0.32914663530610255,0.4047771209812687,-0.07563048567516617,47.95264192181549,177.19161801854165,154.46101870020834,0.13707473905964715,3.5702177629030722,-0.021498732657112662,0.020827452664534882,740311400.0,0.7093557203452892,168.90621948242188,165.31370544433594,168.4852752685547,-0.02126928214422452,-0.018824017820925132,0.899636201062324,-0.021173138152195015,3.8199996948242188,3
2022-02-18,166.23389408651346,166.93867600251053,162.68054453288332,163.76710510253906,82772700,4348.8701171875,27.75,1.9320000410079956,166.0757713317871,168.65243713378905,166.91452353680904,166.90648445078338,0.00803908602566139,0.32542951399014725,-0.31739042796448586,36.6854855729662,177.00015591549592,155.1513867480783,0.13155904074513095,3.4909962489109847,-0.009399586237442572,0.020717517645992455,657538700.0,0.8613335655954824,165.31370544433594,169.14111328125,165.07879638671875,-0.009355548214468157,-0.007945849575416553,0.8813486583275733,-0.0071661613961429005,-0.3600006103515625,4
2022-02-22,161.4960113480749,163.16990679491468,158.7257724120898,160.84996032714844,91162800,4304.759765625,28.809999465942383,1.9479999542236328,166.2179832458496,168.45631042480468,165.98151381224585,166.45785303421783,-0.4763392219719833,0.16507576679772112,-0.6414149887697045,33.25628685761335,176.76765790923127,155.66830858246794,0.12693782534682613,3.6744185352595458,-0.01797332066141293,0.021134037379561446,566375900.0,0.9850994772952134,163.76710510253906,168.90621948242188,165.31370544433594,-0.017812763885422078,-0.02700166392852721,0.8958066113541987,-0.010142945264832837,1.0599994659423828,1
2022-02-23,162.04423283731927,162.6413518716535,156.37650867254357,156.68975830078125,90009200,4225.5,31.020000457763672,1.9769999980926514,166.24212799072265,168.0813656616211,164.5520129643282,165.73429046137068,-1.1822774970424632,-0.10439488597031574,-1.0778826110721476,26.50641235536807,176.6971158144053,155.78714016704,0.1257802453571347,3.943837512105225,-0.02620421845608906,0.021833458612692848,476366700.0,0.9863777620411812,160.84996032714844,165.31370544433594,169.14111328125,-0.02586386728293788,-0.07361518875522877,0.919984441668475,-0.018412122845487655,2.210000991821289,2
2022-02-24,149.35793777917277,159.411068207212,148.79018396900835,159.3033905029297,141147500,4288.7001953125,30.31999969482422,1.968999981880188,166.40135650634767,167.83123413085937,163.7445325856515,165.25792750148617,-1.5133949158346525,-0.3861948919431831,-1.1272000238914694,34.856798718381654,176.2887733055951,156.51393970710023,0.11883817544324238,4.414766746005808,0.01654271186537094,0.022136811570889932,617514200.0,1.5194163098962312,156.68975830078125,163.76710510253906,168.90621948242188,0.016680300170808238,-0.05685302180652707,0.9492420116630502,0.014956856067329216,-0.7000007629394531,3
2022-02-25,160.38012393186045,161.6330924831591,157.47284137265066,161.36880493164062,91974200,4384.64990234375,27.59000015258789,1.9859999418258667,166.68682785034179,167.6499801635742,163.379036023496,164.9698443481643,-1.5908083246682736,-0.6271175784882013,-0.9636907461800723,39.11659432152921,175.54443116807568,157.8292245326079,0.10627838362472897,4.472799562855649,0.012881958711191625,0.02227046248637433,709488400.0,1.0063169573130804,159.3033905029297,160.84996032714844,165.31370544433594,0.01296528857414958,-0.02386311831854515,0.972557472114096,0.022372677655603468,-2.729999542236328,4
2022-02-28,159.61659142915732,161.92675492011216,158.99989062280463,161.63308715820312,95056600,4373.93994140625,30.149999618530273,1.8389999866485596,166.44243545532225,167.3768344116211,163.11042850575865,164.7226771489079,-1.6122486431492575,-0.8241437914204126,-0.7881048517288449,40.43294430126779,175.58446817007018,157.30040274057433,0.1098521863098056,4.472100744102706,0.0016364132347844811,0.016054271853974383,804545000.0,1.09068780790357,161.36880493164062,156.68975830078125,163.76710510253906,0.0016377528895652471,-0.013030809471778704,0.9694595742542088,-0.002442603440647617,2.559999465942383,0
2022-03-01,161.22194003999604,163.08182569745117,158.5495950755146,159.7536163330078,83474400,4306.259765625,33.31999969482422,1.7070000171661377,165.88654632568358,167.2037515258789,162.59399586379698,164.35459856995234,-1.7606027061553675,-1.0114355743674035,-0.749167131787964,32.34121555413965,175.24416578890398,156.52892686246318,0.11281951032784383,4.52174343672072,-0.011696141941503582,0.014844418314865987,721070600.0,0.9757434683893957,161.63308715820312,159.3033905029297,160.84996032714844,-0.01162800796693142,-0.006815941961756167,0.9718008377503414,-0.015473503680411893,3.1700000762939453,1
2022-03-02,160.91855062373517,163.82583387430233,159.50895693417934,163.042724609375,79724800,4386.5400390625,30.739999771118164,1.8650000095367432,165.50342178344727,167.11835021972655,162.66303105542437,164.25742272102067,-1.594391665596305,-1.128026792613184,-0.4663648729831211,36.0505545058663,174.6555398710561,156.35130369583842,0.11059732770460683,4.702837908800357,0.020379550175051143,0.01576474739310377,800795400.0,0.9354617208924885,159.7536163330078,161.36880493164062,156.68975830078125,0.020588631117501643,0.040544872731238746,0.9696117003529335,0.018642691757321028,-2.5799999237060547,2
2022-03-03,164.91236813214016,165.34307890598984,162.0540324670775,162.71966552734375,76678400,4363.490234375,30.479999542236328,1.843999981880188,165.0440200805664,167.0536654663086,162.67174405110427,164.1435147807483,-1.471770729644021,-1.1967755800193514,-0.27499514962466964,40.50306808293953,173.75432296148716,156.33371719964566,0.10555126900894449,4.607048447819472,-0.001983403841077318,0.015612543555503249,724117000.0,0.9040847786994691,163.042724609375,161.63308715820312,159.3033905029297,-0.001981438195450047,0.021445086721812334,0.9686038447825732,-0.005254666430088317,-0.26000022888183594,3
2022-03-04,161.01639051416453,162.05400359179123,158.67686189722227,159.72425842285156,83737200,4328.8701171875,31.979999542236328,1.7239999771118164,164.57856063842775,166.86572143554687,162.21828472368077,163.81616245794112,-1.5978777342603507,-1.2769960108675513,-0.3208817233927994,41.059094084680446,173.38562505527696,155.77149622157853,0.10702565853881746,4.543421726823772,-0.018579933147137902,0.015698821819069543,640379800.0,0.9906299879189734,162.71966552734375,159.7536163330078,161.36880493164062,-0.01840839025070906,-0.010191229398307411,0.9674040886864971,-0.007934042550334475,1.5,4
2022-03-07,159.91025004561254,161.53519862355543,155.6814703637219,155.9359893798828,96418800,4201.08984375,36.45000076293945,1.7510000467300415,163.93788146972656,166.55019744873047,161.25177774771186,163.2324459336405,-1.9806681859286357,-1.4177304458797682,-0.5629377400488675,36.00232498180191,173.31330423632818,154.56245870312495,0.11437774701673109,4.750385905199441,-0.02400334508509678,0.016390908666279107,543961000.0,1.1313187348925358,159.72425842285156,163.042724609375,161.63308715820312,-0.02371755599540648,-0.03524710118754404,0.9709457915092583,-0.029518158313449172,4.470001220703125,0
2022-03-08,155.46614292973925,159.44040392728598,152.50991327214726,154.1152801513672,131148300,4170.7001953125,35.130001068115234,1.871999979019165,163.2418960571289,166.18574584960936,160.1538550405819,162.55710032013877,-2.40324527955687,-1.6148334126151886,-0.7884118669416815,26.142433162529827,173.3729054607018,153.11088665355604,0.12412266272657577,4.9608471924644215,-0.011744703770956473,0.01648357408732992,412812700.0,1.491647716580758,155.9359893798828,162.71966552734375,159.7536163330078,-0.01167600395364865,-0.035293950215733894,0.9752641563715335,-0.00723375351819977,-1.3199996948242188,1
2022-03-09,158.06995256595388,159.959203685233,156.04367342146804,159.5089111328125,91454900,4277.8798828125,32.45000076293945,1.9479999542236328,162.66043930053712,165.84997833251953,160.05463290092507,162.33130852848498,-2.2766756275599107,-1.747201855604133,-0.5294737719557776,37.17946689604465,172.20095201921356,153.11992658186068,0.11730587670489508,5.148233327958707,0.03439889505099174,0.01797245690499448,504267600.0,1.030442334094434,154.1152801513672,159.72425842285156,163.042724609375,0.03499737972865424,-0.02167415617611257,0.9731764261084374,0.02569824789143582,-2.6800003051757812,2
2022-03-10,156.81698565051138,157.00297572975708,152.68609998585092,155.17247009277344,105342000,4259.52001953125,30.229999542236328,2.010999917984009,161.79119186401368,165.4478158569336,159.30353093044022,161.80102419991374,-2.497493269473523,-1.8972601383780112,-0.6002331310955118,36.439795447014866,170.68067975415792,152.90170397386945,0.10988840353702194,5.350301302292792,-0.02756258124354677,0.0185137319344993,398925600.0,1.1645674853713246,159.5089111328125,155.9359893798828,162.71966552734375,-0.027186199248946052,-0.04638158153847771,0.9583380594120414,-0.004291813651667864,-2.220001220703125,3
2022-03-11,155.57384466842046,155.9164596416208,151.23740079888486,151.46253967285156,96970100,4204.31005859375,30.75,2.003999948501587,160.9400550842285,164.96969543457033,158.09722458311887,161.03521053124246,-2.9379859481235826,-2.1054053003271256,-0.832580647796457,34.44692692606199,170.37393415588838,151.50617601256863,0.11723469420614555,5.380367543229129,-0.02419887710251847,0.01853060700634958,301955500.0,1.0684102475168054,155.17247009277344,154.1152801513672,159.72425842285156,-0.023908431809481434,-0.05172488406944453,0.9500624118414422,-0.012961545123475138,0.5200004577636719,4
2022-03-14,148.25179027503273,150.86540543880508,146.93030751756515,147.43931579589844,108732100,4173.10986328125,31.770000457763672,2.140000104904175,160.0580810546875,164.43418365478516,156.45754630816188,160.02810721751325,-3.5705609093513715,-2.398436422131975,-1.1721244872193965,33.50992691592404,171.03484187586795,149.08132023350706,0.13715972038212787,5.344003219288926,-0.026921658698208065,0.018863164042662736,193223400.0,1.1913995173133642,151.46253967285156,159.5089111328125,155.9359893798828,-0.026562501101876412,-0.054488214156164005,0.9407490080510477,-0.007421002465963666,1.0200004577636719,0
2022-03-15,147.7134197726543,152.28481594029148,147.20441143229365,151.81494140625,92964300,4262.4501953125,29.829999923706055,2.1600000858306885,159.3831428527832,163.99850219726562,155.74329940017543,159.41972456482708,-3.676425164651647,-2.6540341706359096,-1.0223909940157374,44.03738866156475,170.6552883367575,148.1109973688089,0.14144714782523765,5.25940045563806,0.029245615562714482,0.020377439384301664,286187700.0,1.0148595375354028,147.43931579589844,155.17247009277344,154.1152801513672,0.029677468229768467,-0.014926091318510859,0.9217275821618431,0.021408574170870942,-1.9400005340576172,1
2022-03-16,153.73349374971625,156.62119402728206,151.19819175617425,156.2198486328125,102300200,4357.85986328125,26.670000076293945,2.187999963760376,158.73707962036133,163.56410461425781,155.81661466673498,159.1826967180112,-3.3660820512762086,-2.79644374676397,-0.5696383045122388,46.3867125687539,169.09876504046815,148.3753942002545,0.13055154403606303,4.888123172274072,0.028602012891691446,0.0208134476725034,388487900.0,1.0930470802130443,151.81494140625,151.46253967285156,159.5089111328125,0.029014978273944392,-0.020619929486330846,0.8710110568994838,0.02238376135718223,-3.1599998474121094,2
2022-03-17,155.26055517399735,157.6000837703935,154.30125449850178,157.2281036376953,75615400,4411.669921875,25.670000076293945,2.191999912261963,158.153173828125,163.19503875732423,156.03376681611348,159.0379120453952,-3.004145229281704,-2.8379840432675167,-0.1661611860141874,45.024669017144554,167.35303854152312,148.9533091147269,0.11634119620509399,4.826593040944307,0.006433339092094967,0.020937699642740445,464103300.0,0.8017438831236111,156.2198486328125,147.43931579589844,155.17247009277344,0.0064540774665111655,0.013247411371958284,0.7661737656855255,0.01234781757145198,-1.0,3
2022-03-18,157.12048709519416,161.0066533584347,156.38632492863587,160.5172119140625,123511700,4463.1201171875,23.8700008392334,2.1480000019073486,157.91334915161133,162.98521728515624,156.72352760041335,159.14748981344462,-2.423962213031274,-2.7551796772202684,0.33121746418899445,48.750059822106145,166.560749997179,149.26594830604367,0.10952083395135087,4.9475547646936855,0.020703535822555897,0.02116241675567364,587615000.0,1.2731881259807,157.2281036376953,151.81494140625,151.46253967285156,0.020919340755685578,0.059781595243077135,0.726412834549269,0.011662294827948783,-1.7999992370605469,4
2022-03-21,160.0571133745572,162.8371517415441,159.5676719986422,161.88763427734375,95811400,4461.18017578125,23.530000686645508,2.315000057220459,157.81937561035156,162.85989807128905,157.51800555071034,159.35046347743716,-1.8324579267268177,-2.5706353271215785,0.7381774003947608,52.417980905117226,166.23671591502335,149.40203530567976,0.10667055641449,4.857358273334065,0.008501302837562914,0.021188023579974173,683426400.0,0.9810538346577264,160.5172119140625,156.2198486328125,147.43931579589844,0.008537541531776327,0.09799501851627035,0.7427161890700766,-0.00043466036210393355,-0.3400001525878906,0
2022-03-22,162.01486028186812,165.84229498697943,161.42753966012307,165.25497436523438,81532000,4511.60986328125,22.940000534057617,2.372999906539917,158.03962631225585,162.79860229492186,158.7083084452525,159.78783465431104,-1.0795262090585425,-2.2724135035089716,1.1928872944504292,52.50218666489939,167.00363225715915,149.07562036735254,0.11343997899858556,4.864349586672162,0.020587101339784884,0.021275965451193,764958400.0,0.838977703014015,161.88763427734375,157.2281036376953,151.81494140625,0.02080047746032121,0.08852905276971024,0.7954257426350484,0.0113041136006502,-0.5900001525878906,1
2022-03-23,164.4424952526729,168.9942934206818,164.1096638130363,166.61561584472656,98062700,4456.240234375,23.56999969482422,2.321000099182129,158.53591918945312,162.7641278076172,159.9248172759408,160.29359622397146,-0.36877894803066624,-1.8916865924133106,1.5229076443826444,54.305496769928894,168.25273026120698,148.81910811769927,0.12258182399841007,4.978319813010245,0.008199877563859424,0.020299223123780265,863021100.0,1.0049173599664285,165.25497436523438,160.5172119140625,156.2198486328125,0.008233588639123157,0.0665457514067167,0.8190748735722845,-0.012272698789159042,0.6299991607666016,2
2022-03-24,167.44765777264146,170.46261801995993,166.61561651162776,170.39410400390625,90131400,4520.16015625,21.670000076293945,2.3410000801086426,159.09045486450196,162.74871490478515,161.53547677255085,161.04178198544813,0.49369478710272574,-1.4146103165101036,1.9083051036128293,61.59085672609132,170.1629938805916,148.01791584841231,0.13919803077463294,4.964333994803951,0.02242455497904261,0.020545780733596426,953152500.0,0.9484316579738972,166.61561584472656,161.88763427734375,157.2281036376953,0.022677875300121775,0.0837382125815731,0.8537181181475645,0.01434391292056647,-1.8999996185302734,3
2022-03-25,170.20812239603873,171.57855215101324,169.1019802060181,171.03038024902344,80546200,4543.06005859375,20.809999465942383,2.492000102996826,159.5735336303711,162.73723022460936,162.99623115354663,161.78167815312037,1.214553000426264,-0.8887776531228302,2.103330653549094,67.60278818558673,171.84295611519096,147.30411114555122,0.15377766231886805,4.723108543744066,0.0037271901170308898,0.02042421733065495,1033698700.0,0.8526958502135995,170.39410400390625,165.25497436523438,160.5172119140625,0.003734144727816302,0.06549558274529121,0.8755065285118107,0.005066170567449069,-0.8600006103515625,4
2022-03-28,168.53426954050178,172.0190903251011,168.36786123748078,171.891845703125,90371900,4575.52001953125,19.6299991607666,2.4769999980926514,160.0864715576172,162.80828033447267,164.36478723809716,162.5305794531207,1.8342077849764564,-0.34418056550297293,2.1783883504794295,71.20511133818786,173.52088066863828,146.6520624465961,0.1678394055450948,4.488875574635608,0.0050242719840943965,0.020427169763151506,1124070600.0,0.9590931035152459,171.03038024902344,166.61561584472656,161.88763427734375,0.005036914803365544,0.06179725505557876,0.8955496598849512,0.007144955276586762,-1.1800003051757812,0
2022-03-29,172.95876428530602,175.22976408859992,172.61614940998814,175.1808319091797,100589400,4631.60009765625,18.899999618530273,2.4000000953674316,160.8578323364258,162.9279037475586,166.0287941105714,163.46763519060656,2.5611589199648392,0.2368873315905895,2.3242715883742497,69.68284758386255,175.88850187063554,145.82716280221604,0.1868814134306359,4.309875206893401,0.01895329062417143,0.02041022439125841,1224660000.0,1.0579208549742665,171.891845703125,170.39410400390625,165.25497436523438,0.019134044390535676,0.06006389569858217,0.9179341381355186,0.012256547427530462,-0.7299995422363281,1
2022-03-30,174.77951856347462,175.81713189197046,172.9685794955082,174.0159912109375,92633200,4602.4501953125,19.329999923706055,2.3580000400543213,161.4064956665039,163.08816864013673,167.25759366447386,164.24899489581628,3.0085987686575777,0.7912296190039871,2.2173691496535906,75.71475512107037,177.5340636842834,145.2789276487244,0.199837905546281,4.025999581857734,-0.0066715671030484645,0.020205440974013472,1132026800.0,0.9676751464938318,175.1808319091797,171.03038024902344,166.61561584472656,-0.006649361608501159,0.04441585699330575,0.928674520836559,-0.0062937001746978805,0.43000030517578125,2
2022-03-31,174.08448573079536,174.27047582290578,170.7171270473916,170.92269897460938,103049300,4530.41015625,20.559999465942383,2.3269999027252197,161.8166473388672,163.2563705444336,167.82145601987932,164.74334334609725,3.0781126737820728,1.2486062299596044,1.8295064438224684,77.01083745094343,178.49273712873938,145.14055754899502,0.2061109294268106,3.9455917199133217,-0.017935796986858467,0.020731209394584494,1028977500.0,1.0618589871568802,174.0159912109375,171.891845703125,170.39410400390625,-0.017775907919741263,0.0031021905000363503,0.9339236328949063,-0.015652540713177343,1.2299995422363281,3
2022-04-01,170.35495761395958,171.18701389593227,168.30909632537671,170.62904357910156,78751300,4545.85986328125,19.6299991607666,2.377000093460083,162.36188659667968,163.45232940673827,168.25339256745198,165.1793211411346,3.0740714263173743,1.6136992692311585,1.4603721570862158,85.90485424598866,179.45772407025177,145.2660491231076,0.2105892932377604,3.8274263924325465,-0.0017195372254236016,0.020165738763048707,950226200.0,0.8135731304423915,170.92269897460938,175.1808319091797,171.03038024902344,-0.001718059668314953,-0.0023465811707693573,0.9374641941854494,0.0034102225843584133,-0.9300003051757812,4
2022-04-04,170.88357292891146,174.720791608407,170.75631338866327,174.67184448242188,76468400,4582.64013671875,18.56999969482422,2.4119999408721924,163.29867935180664,163.77020538330078,169.2408467082166,165.88247101826698,3.358375689949611,1.962634553374849,1.3957411365747618,85.75807257078091,180.95601821472707,145.64134048888621,0.21625819551032488,3.7568080725259483,0.023417174906376466,0.019565104049573238,1026694600.0,0.7982145174114511,170.62904357910156,174.0159912109375,171.891845703125,0.02369350972448081,0.01617295321907375,0.94586802431129,0.008090938687879357,-1.0599994659423828,0
2022-04-05,173.7516811601631,174.53479031608524,170.73672061862993,171.3632049560547,73401800,4525.1201171875,21.030000686645508,2.555999994277954,164.16107559204102,164.0373550415039,169.56736336173014,166.28845130995498,3.2789120517751655,2.225890053054912,1.0530219987202534,74.53222571422498,181.61350646789703,146.708644716185,0.2126256886769832,3.650531043431958,-0.019123729614142007,0.019976109501608035,953292800.0,0.790014334533914,174.67184448242188,170.92269897460938,175.1808319091797,-0.01894203119095217,-0.021792492429218546,0.9531712611920828,-0.012551720801807331,2.460000991821289,1
2022-04-06,168.7202226513366,169.9634078617043,166.537318414103,168.201416015625,89058800,4481.14990234375,22.100000381469727,2.6089999675750732,164.59570083618163,164.27724609375,169.35721761617552,166.43015239926385,2.9270652169116715,2.366125085826264,0.5609401310854074,66.61729481373717,181.99318169459377,147.1982199777695,0.21139654037170091,3.759606562721956,-0.018623143437095136,0.019422322914495898,864234000.0,0.9597662216794561,171.3632049560547,170.62904357910156,174.0159912109375,-0.018450804192419956,-0.033414027957144654,0.9626350536134415,-0.009716916613271898,1.0699996948242188,2
2022-04-07,167.5455818608837,169.69912101079552,166.2632477962957,168.5048828125,77594700,4500.2099609375,21.549999237060547,2.6519999504089355,165.26232147216797,164.5249673461914,169.22608918484082,166.58383613357765,2.642253051263168,2.4213506789136447,0.22090237234952337,63.29855338728493,182.1538664183261,148.37077652600985,0.2044210052925203,3.6750026187720266,0.001802561342633408,0.018081577217105356,941828700.0,0.848912609253681,168.201416015625,174.67184448242188,170.92269897460938,0.001804186932925722,-0.01414567039143555,0.9630797363460492,0.004253385628492534,-0.5500011444091797,3
2022-04-08,168.1524524173325,168.1524524173325,165.62693350816983,166.49813842773438,76575500,4488.27978515625,21.15999984741211,2.7130000591278076,166.01410140991212,164.74174255371094,168.8064044529783,166.57748815536704,2.2289162976112777,2.3828638026531714,-0.1539475050418937,57.51669497673003,181.60816360656014,150.4200392132641,0.18786430868476764,3.6470361588740468,-0.01198059874449894,0.017262215809518328,865253200.0,0.8472138959652469,168.5048828125,171.3632049560547,170.62904357910156,-0.011909117120354251,-0.024209859381015386,0.9620111359514779,-0.002651026482054286,-0.3899993896484375,4
2022-04-11,165.14726983208973,165.46050445879015,162.00505049807634,162.24977111816406,72246700,4412.52978515625,24.3700008392334,2.7799999713897705,166.7546241760254,164.65631927490233,167.79769163223767,166.25691652298164,1.5407751092560318,2.2144460639737433,-0.6736709547177115,45.23731334260324,179.83945048352302,153.66979786852778,0.15693509396999197,3.6526313447884524,-0.025847183834455882,0.017159885635921295,793006500.0,0.8157863045862891,166.49813842773438,168.201416015625,174.67184448242188,-0.025516004861605324,-0.07111663245479671,0.9499714085764198,-0.01687729010355421,3.210000991821289,0
2022-04-12,164.47187468621496,166.28279871101802,163.12101178667447,164.11947631835938,79265200,4397.4501953125,24.260000228881836,2.7249999046325684,167.36985092163087,164.5212808227539,167.23181235317946,166.09858761893554,1.1332247342439246,1.9982017980277798,-0.8649770637838552,46.10690118501447,178.5095384502036,156.23016339305815,0.13311462568953067,3.5918026294461987,0.011457731813593216,0.01626295610026482,872271700.0,0.902013362941768,162.24977111816406,168.5048828125,171.3632049560547,0.011523623036938657,-0.042271201916146084,0.91655933308469,-0.003417447717741773,-0.1100006103515625,1
2022-04-13,163.8551587010773,167.42807423573976,163.24825626550125,166.8015899658203,70618900,4446.58984375,21.81999969482422,2.687000036239624,167.89893798828126,164.44320831298828,167.16562429358575,166.15066186685291,1.0149624267328363,1.8015539237687912,-0.7865914970359549,44.19853780058991,177.73808363587253,158.05979234069,0.1172031909847816,3.6155751862322796,0.016210345325477705,0.01548986899651678,942890600.0,0.8183732879817832,164.11947631835938,166.49813842773438,168.201416015625,0.0163424458061161,-0.00832232024535784,0.8831093348781129,0.011174577597236057,-2.440000534057617,2
2022-04-14,167.0169298477089,167.653212444084,161.55476362429968,161.7994842529297,75329400,4392.58984375,22.700000762939453,2.828000068664551,168.12750701904298,164.24104400634766,166.34006428733096,165.82835241396972,0.5117118733612358,1.5435855136872803,-1.0318736403260445,36.93542911490489,177.0968523885666,159.15816164951937,0.10669694125075792,3.87428067728865,-0.03044720498824005,0.017195682209660466,867561200.0,0.8731060168123796,166.8015899658203,162.24977111816406,168.5048828125,-0.029988357508556218,-0.03979349706460189,0.8926363539726019,-0.01214413784439794,0.8800010681152344,3
2022-04-18,160.45842830966066,163.0818413516457,160.11582837374732,161.5841522216797,69023900,4391.68994140625,22.170000076293945,2.861999988555908,168.18085403442382,164.09205810546874,165.608385508,165.51396721454083,0.09441829345917085,1.2537520696416584,-1.1593337761824876,35.13963823452677,176.9705067434222,159.39120132542544,0.1045261990071626,3.825336669451368,-0.0013317437172918076,0.016591296411361943,798537300.0,0.8261081380518414,161.7994842529297,164.11947631835938,166.49813842773438,-0.0013308573401469292,-0.029513760648966714,0.9310191268534348,-0.0002048682840329885,-0.5300006866455078,0
2022-04-19,161.53521398147984,164.2760883021938,160.44865367684753,163.8649444580078,67723800,4462.2099609375,21.3700008392334,2.9130001068115234,168.27971954345702,163.99436553955078,165.3401638080012,165.39181738072355,-0.051653572722358376,0.9926709411688551,-1.0443245138912136,33.197709299648906,176.81204134533337,159.74739774158067,0.10140641813552512,3.8603021151564656,0.014016505808794712,0.016779007658823893,866261100.0,0.8244047609990295,161.5841522216797,166.8015899658203,162.24977111816406,0.014115197591896722,0.009954857431924813,0.9453390339902551,0.016057604355527166,-0.7999992370605469,1
2022-04-20,165.19623667762264,165.31371275678185,162.59242008519655,163.69854736328125,67929800,4459.4501953125,20.31999969482422,2.8399999141693115,168.20189819335937,163.90763671875,165.08760743189043,165.26638997202411,-0.17878254013368178,0.7583802449083478,-0.9371627850420295,34.212118976259475,176.87756749527304,159.5262288914457,0.10315780493678386,3.851212134808112,-0.0010159685874282878,0.0161069812007406,798331300.0,0.8338155742551902,163.8649444580078,161.7994842529297,164.11947631835938,-0.0010154526660777208,-0.0025647714976960723,0.9601009121621361,-0.0006184750715809706,-1.0500011444091797,2
2022-04-21,165.343047199771,167.9077145784473,162.4063996901802,162.90562438964844,87227800,4393.66015625,22.68000030517578,2.9170000553131104,168.01639862060546,163.74298828125,164.75191773308396,165.0915184474037,-0.3396007143197437,0.5387840530627295,-0.8783847673824732,36.80309648380299,176.98846524173277,159.04433199947815,0.10679989209133044,3.990352571433322,-0.00485556891231425,0.016001190775337727,711103500.0,1.0778595539404898,163.69854736328125,161.5841522216797,166.8015899658203,-0.004843799694038475,-0.02335688512903389,0.9628618729701887,-0.014752948498371943,2.3600006103515625,3
2022-04-22,162.94480808191494,164.32502122927878,158.08954369720692,158.3734130859375,84882400,4271.77978515625,28.209999084472656,2.9059998989105225,167.41536407470704,163.45930816650392,163.77060932583066,164.59388101322102,-0.8232716873903598,0.26637290497211163,-1.0896445923624714,32.29640150888966,177.282633083442,157.5480950659721,0.11787769973527404,4.230178282970201,-0.02821542303911465,0.01608484064110019,626221100.0,1.0522904646187254,162.90562438964844,163.8649444580078,161.7994842529297,-0.027821085494694087,-0.02117479658733923,0.9623313008053098,-0.027740054250753654,5.529998779296875,4
2022-04-25,157.71755627231695,159.72426854560663,155.113739965227,159.44039916992188,96046400,4296.1201171875,27.020000457763672,2.8259999752044678,166.83586502075195,163.27841064453125,163.10442314799855,164.21214161742108,-1.1077184694225366,-0.008445369906818018,-1.0992730995157185,25.92823381884827,177.15997659718272,156.5117534443212,0.12376369523599254,4.267234036618356,0.00671456086312018,0.01617067221440055,722267500.0,1.1793599243020243,158.3734130859375,163.69854736328125,161.5841522216797,0.006737154066417617,-0.01326709966467976,0.9628316410482273,0.005697936985382235,-1.1899986267089844,0
2022-04-26,158.8236916294158,158.91178747297153,153.41047239469103,153.48878479003906,95623200,4175.2001953125,33.52000045776367,2.7720000743865967,165.91571197509765,163.04661041259766,161.62509416985094,163.41781888946684,-1.7927247196159044,-0.36530123984863533,-1.4274234797672691,23.929208896960304,177.54088934083757,154.29053460935774,0.140133531988637,4.416862816006849,-0.03804267837500036,0.017763624744333847,626644300.0,1.1703900253598458,159.44039916992188,162.90562438964844,163.8649444580078,-0.03732814525595829,-0.06332141204629493,0.9692483765780577,-0.028146308431003852,6.5,1
2022-04-27,152.61762090114706,156.41567600749497,152.0988142121799,153.26368713378906,88063200,4183.9599609375,31.600000381469727,2.818000078201294,164.81985473632812,162.80561004638673,160.33872385661064,162.66566098163884,-2.326937125028195,-0.7576284168845473,-1.5693087081436476,26.1712016302599,176.89114106873674,152.7485684039195,0.1464785459460543,4.380503905532805,-0.0014676178173330466,0.016837012312970526,538581100.0,1.086185087427877,153.48878479003906,158.3734130859375,163.69854736328125,-0.0014665413929617621,-0.06374436668845362,0.9714416350467058,0.0020980468517017847,-1.9200000762939453,2
2022-04-28,155.88707729102597,161.04579354437072,155.57382764277364,160.1843719482422,130216800,4287.5,29.989999771118164,2.86299991607666,164.12827377319337,162.62647521972656,160.31497740916936,162.48186179397982,-2.1668843848104586,-1.0394796104697297,-1.127404774340729,39.04073330152499,175.54851314954735,152.7080343968394,0.13916236506740393,4.690949133824366,0.04416559321026469,0.02031666086358781,668797900.0,1.5697307204345399,153.26368713378906,159.44039916992188,162.90562438964844,0.0451554111993393,-0.016704472000901416,0.9649208472600687,0.02474690007293945,-1.6100006103515625,3
2022-04-29,158.42236732431553,162.69029635210208,153.92929946524063,154.3208465576172,131747600,4131.93017578125,33.400001525878906,2.88700008392334,163.29818115234374,162.33476776123047,159.3928034320075,161.87734214684184,-2.4845387148343434,-1.3284914313426524,-1.156047283491691,35.440081004898616,175.04770933816985,151.54865296651764,0.14390274408341103,5.111166818290885,-0.037291622182964015,0.021438405110482707,537050300.0,1.5611795646344853,160.1843719482422,153.48878479003906,158.3734130859375,-0.03660485301599581,-0.02558867962339917,0.961549631185424,-0.036284507106413955,3.410001754760742,4
2022-05-02,153.4007100151784,154.88860092145774,150.0333512355366,154.6243133544922,123055300,4155.3798828125,32.34000015258789,2.996000051498413,162.4979446411133,162.12097991943358,158.65918957392822,161.34008075481594,-2.680891180887727,-1.5989713812516673,-1.0819197996360597,39.932845616633394,174.32504179776936,150.67084748445723,0.14556611387026386,5.137035515166821,0.0019645356772140495,0.02148483674072152,660105600.0,1.4208801849501034,154.3208465576172,153.26368713378906,159.44039916992188,0.0019664666417034127,-0.03020618262688235,0.9605001871060488,0.005675242812353654,-1.0600013732910156,0
2022-05-03,154.81029731534235,157.31624964341847,153.01895506893698,156.11221313476562,88966500,4175.47998046875,29.25,2.9600000381469727,161.56996307373046,161.9678820800781,158.26734704482627,160.95283130147888,-2.6854842566526145,-1.8162739563318566,-0.8692103003207579,39.32112884714003,172.23008860585958,150.90983754160135,0.13195677376325818,5.155911728140217,0.009576673644857902,0.02073367043437735,749072100.0,1.0199084866384955,154.6243133544922,160.1843719482422,153.48878479003906,0.009622676718778811,0.01709198719838212,0.960626309247624,0.004837126381486367,-3.0900001525878906,1
2022-05-04,156.29817374379095,162.9643614673084,155.89682831665468,162.5140838623047,108256500,4300.169921875,25.420000076293945,2.9170000553131104,161.12750701904298,162.00116455078125,158.92069117059216,161.06847963931781,-2.1477884687256505,-1.8825768588106155,-0.265211609915035,44.7980930080665,170.76133167359586,151.4936823644901,0.11958013666051819,5.362177098169876,0.04018960430307924,0.022835441803543906,857328600.0,1.216739486821901,156.11221313476562,154.3208465576172,153.26368713378906,0.04100813510351409,0.060356088917792095,0.9533846232202131,0.02986242108440229,-3.8299999237060547,2
2022-05-05,160.38993331507154,160.61507214954577,151.67786848905013,153.45944213867188,130525300,4146.8701171875,31.200000762939453,3.065999984741211,160.39040832519532,161.93655822753905,158.0804990118352,160.50484723186256,-2.4243482200273547,-1.9909311310539635,-0.43341708897339126,40.78722080916671,170.00118061283288,150.77963603755776,0.11984223231293847,5.7005889948463215,-0.05732835641617741,0.02571840158789575,726803300.0,1.433620135416245,162.5140838623047,154.6243133544922,160.1843719482422,-0.05571604324031787,-0.04198243391523382,0.9574259271383735,-0.035649708609806985,5.780000686645508,3
2022-05-06,152.9398334410661,156.30234136161945,151.14584468974874,154.18484497070312,116124600,4123.33984375,30.190000534057617,3.122999906539917,159.67440643310547,161.83418731689454,157.48116762089182,160.0366989162211,-2.555531295329274,-2.1038511639090256,-0.45168013142024854,41.91747952289026,168.86426503100827,150.48454783520268,0.11510747155027413,5.857052115844346,0.004715863136751413,0.02576470015303227,842927900.0,1.2490217531130732,153.45944213867188,156.11221313476562,154.3208465576172,0.004727000319574737,-0.0008812910889733905,0.9567250113546782,-0.0056742248424840325,-1.010000228881836,4
2022-05-09,151.8811126841976,152.76341048572758,148.50882129057032,149.06759643554688,131577900,3991.239990234375,34.75,3.0789999961853027,158.8028793334961,161.58816314697265,156.1867720539157,159.2241728065415,-3.037400752625814,-2.2905610816523834,-0.7468396709734306,34.77951334446432,168.55673460656197,149.0490240604302,0.12284229749489828,5.98909419118624,-0.03375230423441801,0.0265480681901921,711350000.0,1.3745756486245249,154.18484497070312,162.5140838623047,154.6243133544922,-0.03318905004009043,-0.035936889861596155,0.9619395513842582,-0.03203710063235676,4.559999465942383,0
2022-05-10,152.45950928453797,153.65550196924158,149.92046680625165,151.46937561035156,115366700,4001.050048828125,32.9900016784668,2.993000030517578,158.26385955810548,161.38488891601563,155.46101875490584,158.6497433846015,-3.188724629695656,-2.470193791261038,-0.7185308384346181,37.97414981869341,168.39969912590198,148.12801999030899,0.12808786031248268,6.122423681336912,0.0159835929081401,0.026510860481614367,826716700.0,1.1786718153597682,149.06759643554688,153.45944213867188,156.11221313476562,0.01611201382617833,-0.029740386297682386,0.9619338530426752,0.0024578974498534745,-1.7599983215332031,1
2022-05-11,150.4792663261752,152.3908891933398,142.94059580220576,143.6170196533203,142689800,3935.179931640625,32.560001373291016,2.9210000038146973,157.2387367248535,161.06215698242187,153.6388650469696,157.53620829339548,-3.897343246425862,-2.755623682294003,-1.1417195641318592,33.344550295558605,168.9116161592101,145.56585729049692,0.148473330141065,6.404493574398836,-0.053233292476632305,0.02847175221509258,684026900.0,1.4120741863986062,151.46937561035156,154.18484497070312,162.5140838623047,-0.051841211633638085,-0.11627954796210482,0.9632565113934995,-0.01646320750393837,-0.43000030517578125,2
2022-05-12,139.9604210928437,143.32291464808353,136.06854586723028,139.75454711914062,182602000,3930.080078125,31.770000457763672,2.816999912261963,155.88638458251953,160.5963934326172,151.50281613499592,156.21904820641365,-4.716232071417721,-3.147745360118747,-1.5684867112989744,33.73473322534309,169.06442165858,142.70834750645906,0.1690723293295006,6.49827902111442,-0.027262521822678916,0.028291738215544687,501424900.0,1.7121782123583127,143.6170196533203,149.06759643554688,153.45944213867188,-0.02689425350493546,-0.08930630027409447,0.9505609220853267,-0.0012959645058717717,-0.7900009155273438,3
2022-05-13,141.74458368466105,145.18551933414366,140.29371306035543,144.21499633789062,113990900,4023.889892578125,28.8700008392334,2.934999942779541,155.00716018676758,160.22630004882814,150.3816130892874,155.32985917911566,-4.948246089828245,-3.507845506060647,-1.4404005837675986,37.44369360866774,168.85356565365257,141.1607547198826,0.17865504342123942,6.556882137873235,0.0314175672078835,0.029173880357832162,615415800.0,1.0498137721143888,139.75454711914062,151.46937561035156,154.18484497070312,0.0319163083470011,-0.06466166395735506,0.9450121518386301,0.02386969542307149,-2.8999996185302734,4
2022-05-16,142.68568558350242,144.61691862288893,141.34263600841436,142.67587280273438,86643800,4008.010009765625,27.469999313354492,2.877000093460083,154.0617462158203,159.8853323364258,149.19611458366387,154.39252685493926,-5.196412271275392,-3.8455588591035963,-1.3508534121717957,40.38271275534564,168.58295871028503,139.5405337213556,0.18851159163316772,6.36005041210493,-0.010729782416004818,0.029174612486341404,528772000.0,0.7915349307709092,144.21499633789062,143.6170196533203,149.06759643554688,-0.010672423633046768,-0.04287802168713517,0.9394588153200127,-0.003946400929555671,-1.4000015258789062,0
2022-05-17,145.93055862687706,146.82265416778552,143.79345144967377,146.30308532714844,78336300,4088.85009765625,26.100000381469727,2.9679999351501465,153.18365325927735,159.6926742553711,148.75103315958458,153.7933089639918,-5.042275804407211,-4.08490224816432,-0.9573735562428913,44.162345084657964,167.32790882877725,139.03939768977745,0.18467056071001856,6.347901809943219,0.025104963024874655,0.0296804453251094,607108300.0,0.7121893593120475,142.67587280273438,139.75454711914062,151.46937561035156,0.025422746349196057,-0.03410782055702921,0.9305186054674011,0.020169632234863677,-1.3699989318847656,1
2022-05-18,143.960147405131,144.46010573899827,137.1469043666091,138.04881286621094,109742900,3923.679931640625,30.959999084472656,2.885999917984009,151.90116653442382,159.37134490966798,147.1045377298348,152.62704999378582,-5.522512263951029,-4.372424251321662,-1.150088012629367,31.84172764168619,166.66876825960506,137.13356480924259,0.19443697585870223,6.446049992083053,-0.0580730578116673,0.03187104652394027,497365400.0,0.9791104097144029,146.30308532714844,144.21499633789062,143.6170196533203,-0.056418991045063205,-0.038771218066985136,0.9346192265276307,-0.04039526078745259,4.85999870300293,2
2022-05-19,137.12729010884627,138.87226008655338,133.91183880440775,134.64707946777344,136095600,3900.7900390625,29.350000381469727,2.8550000190734863,150.48823928833008,158.8741082763672,145.18800568951764,151.2952003251923,-6.107194635674659,-4.719378328192262,-1.3878163074823977,33.18191921310573,166.19990406762565,134.7765745090345,0.2088092046740289,6.174580306031923,-0.02495020981861278,0.03206556097195573,361269800.0,1.1883205357726387,138.04881286621094,142.67587280273438,139.75454711914062,-0.024641525905291672,-0.03654598549135635,0.9338823884660946,-0.005833781800992588,-1.6099987030029297,3
2022-05-20,136.3528361484188,137.93115346240322,130.00036063657,134.88235473632812,137426100,3901.360107421875,29.43000030517578,2.7869999408721924,149.3136863708496,158.4683059692383,143.60252092748848,150.0794339852764,-6.476913057787925,-5.070885274111395,-1.4060277836765307,33.10392723221061,166.02387314018128,132.60349960151794,0.22382659186149445,6.394261958882786,0.0017458228932016012,0.03184556584376587,498695900.0,1.1730293414179027,134.64707946777344,146.30308532714844,144.21499633789062,0.0017473477292242467,-0.0647133920781473,0.9364494506185979,0.00014614176965843662,0.07999992370605469,4
2022-05-23,135.07841705772444,140.44077384848245,134.94117272312687,140.29373168945312,117726300,3973.75,28.479999542236328,2.8589999675750732,148.35635299682616,158.24492980957032,143.0934764293292,149.35456714854877,-6.261090719219567,-5.30892636313303,-0.9521643560865369,37.313796668311355,164.8157042050055,131.89700178864683,0.22188940177750863,6.484342283002273,0.039335356091233356,0.03343601578284776,616422200.0,0.995665004057676,134.88235473632812,138.04881286621094,142.67587280273438,0.040119235490093,-0.01669617340680185,0.934899578200229,0.018555039930923556,-0.9500007629394531,0
2022-05-24,138.03899606760518,139.17617200488684,134.62748321427134,137.5978546142578,104132700,3941.47998046875,29.450000762939453,2.759999990463257,147.56180648803712,158.0481005859375,142.24799615008743,148.4836995534161,-6.235703403328671,-5.494281771172158,-0.7414216321565128,28.754638327547895,164.50506161967914,130.6185513563951,0.22964282607932987,6.384250520468563,-0.019402974290394,0.03276045048569808,512289500.0,0.8775399585081752,140.29373168945312,134.64707946777344,146.30308532714844,-0.019215948159129193,-0.059501347448858266,0.9364096050960926,-0.008120797617175213,0.970001220703125,1
2022-05-25,135.7058176181396,138.99969650386015,135.61759232548434,137.75469970703125,92482700,3978.72998046875,28.3700008392334,2.749000072479248,146.7863571166992,157.76689575195311,141.55671977423262,147.68895882405425,-6.132239049821635,-5.6218732269020535,-0.5103658229195815,34.21361815590515,164.04746316548977,129.52525106790864,0.2351867896696627,5.851814006548652,0.0011392311948836028,0.03278236864444757,604772200.0,0.7779152538730288,137.5978546142578,134.88235473632812,138.04881286621094,0.0011398803652362677,-0.0021305011834090726,0.9324916427214411,0.009450764734207695,-1.0799999237060547,2
2022-05-26,134.68631051667606,141.4995389264538,134.44123025043575,140.9505615234375,90601500,4057.840087890625,27.5,2.75600004196167,145.82466659545898,157.46151000976562,141.46346465872568,147.18981828326784,-5.726353624542156,-5.642769306430074,-0.08358431811208256,37.3263684924533,162.05521090152646,129.5941222893915,0.22260355103150856,5.987657721130605,0.022934636294196065,0.03141014526620923,695373700.0,0.7750040524513374,137.75469970703125,140.29373168945312,134.64707946777344,0.023199657240029037,0.04681484426234994,0.9075030814562401,0.019883256167224195,-0.8700008392333984,3
2022-05-27,142.52887188890233,146.7344424649416,142.40142537012454,146.6952362060547,90978500,4158.240234375,25.719999313354492,2.743000030517578,145.44338607788086,157.25085266113283,142.26835258908397,147.15318257384465,-4.884829984760671,-5.4911814420961935,0.6063514573355224,47.75511807089885,161.18445218953266,129.70231996622906,0.2164562657145909,5.9953618112285545,0.039948010188021695,0.032151162937135755,786352200.0,0.7920396353684697,140.9505615234375,137.5978546142578,134.88235473632812,0.04075666404253342,0.08757914623316543,0.8810293831191488,0.02474226295510973,-1.7800006866455078,4
2022-05-31,146.13644955191023,147.69515625482543,143.95032308788612,145.9109649658203,103718400,4132.14990234375,26.190000534057617,2.8440001010894775,145.00771865844726,156.95872772216796,142.82875449319727,147.06116645473173,-4.232411961534467,-5.239427545983848,1.0070155844493813,44.57417500577919,160.14980781017766,129.86562950671686,0.20884528481406212,5.935142356460312,-0.005360604902877942,0.03213894238349273,682633800.0,0.9106153025590599,146.6952362060547,137.75469970703125,140.29373168945312,-0.005346262499845267,0.0400390894783611,0.8584072507180379,-0.006274368617659065,0.470001220703125,1
2022-06-01,146.95009283292427,148.75389460714223,144.7737792988703,145.7835235595703,74286600,4101.22998046875,25.690000534057617,2.930999994277954,144.4912841796875,156.6366455078125,143.28333434956235,146.96652624027533,-3.683191890712976,-4.928180414929675,1.2449885242166987,52.49041258508699,158.7154414495392,130.2671269098358,0.1968860246568606,5.54441535054159,-0.0008738006330048712,0.032010110530586736,608347200.0,0.656443534722738,145.9109649658203,140.9505615234375,137.5978546142578,-0.0008734189804026071,0.05948980068228704,0.838294298185058,-0.007482768681131846,-0.5,2
2022-06-02,144.9208398093746,148.2931460840145,143.96992734384497,148.2343292236328,72348100,4176.81982421875,24.719999313354492,2.9130001068115234,143.7772964477539,156.29623260498047,144.04502586865013,147.0604375723759,-3.0154117037257606,-4.545626672688892,1.530214968963131,60.07453689989874,155.3853253919326,132.1692675035752,0.16147234968209112,5.3140399901186965,0.01667152116965206,0.030730055638483512,680695300.0,0.6496202495047245,145.7835235595703,146.6952362060547,137.75469970703125,0.016811266487608556,0.07607456978882787,0.7478643223530592,0.018431018038486124,-0.970001220703125,3
2022-06-03,144.0091506541789,145.05810131692076,141.61717995046743,142.51907348632812,88570300,4108.5400390625,24.790000915527344,2.9570000171661377,143.23027801513672,155.8143017578125,143.81026396367753,146.72404023266864,-2.913776268991114,-4.219256591949336,1.3054803229582221,48.043468157947736,153.91129602674343,132.54926000353,0.14914469425909974,5.398766922844579,-0.0393184874438288,0.02933581669884033,592125000.0,0.8105482749780056,148.2343292236328,145.9109649658203,140.9505615234375,-0.0385555476065359,0.01112810013622978,0.6894374506973315,-0.016347313992415624,0.07000160217285156,4
2022-06-06,144.13655344098794,145.64625571792195,142.04846553260185,143.26406860351562,71598400,4121.43017578125,25.06999969482422,3.0380001068115234,142.68423919677736,155.27170104980468,143.726233908268,146.46774603791658,-2.7415121296485836,-3.923707699489186,1.1821955698406024,50.69124853673652,152.04187192910132,133.3266064644534,0.13116561135275429,5.421874606476401,0.005213721140666643,0.02934354228027609,663723400.0,0.6688577853726595,142.51907348632812,145.7835235595703,146.6952362060547,0.005227336236219404,-0.023389768415652545,0.6493661551705898,0.003137400778913113,0.279998779296875,0
2022-06-07,141.50932395629872,146.06781003090646,141.26424373812605,145.7835235595703,67808200,4160.68017578125,24.020000457763672,2.9719998836517334,142.52003555297853,154.76676391601563,144.04274000846837,146.4170628913724,-2.374322882904039,-3.6138307361721567,1.2395078532681176,49.37308750262364,151.51423469368794,133.52583641226911,0.12621662779990012,5.46878781559992,0.017433245133510102,0.02880930989262368,731531600.0,0.6528978370223217,143.26406860351562,148.2343292236328,145.9109649658203,0.017586091059770936,-0.0008734189804026071,0.7230380869325379,0.009523393173235029,-1.0499992370605469,1
2022-06-08,145.6560729457736,146.9206802540853,144.55811838609154,145.04827880859375,53950200,4115.77001953125,23.959999084472656,3.0290000438690186,142.19898071289063,154.229892578125,144.19743828541073,146.31567147783326,-2.1182331924225366,-3.3147112274222326,1.196478034999696,60.317878756934,150.25789521022887,134.1400662155524,0.11334700793122744,4.983529308989524,-0.005056161749524377,0.028534960977714543,677581400.0,0.5352921148687971,145.7835235595703,142.51907348632812,145.7835235595703,-0.005043400879771731,-0.005043400879771731,0.8649920837129419,-0.010793945785935621,-0.060001373291015625,2
2022-06-09,144.1855888973648,145.03846322934638,139.7251261469218,139.8329620361328,69473000,4017.820068359375,26.09000015258789,3.0439999103546143,142.00977783203126,153.52293518066406,143.52598040090643,145.83547077844804,-2.309490377541607,-3.113667057446108,0.8041766799045007,57.256494851347995,150.10610895691508,133.91344670714744,0.11402498121587282,5.009438693241402,-0.03661806235152703,0.02717962048310671,608108400.0,0.7152901203981956,145.04827880859375,143.26406860351562,148.2343292236328,-0.03595573015618536,-0.05667625867436776,0.9166226769321697,-0.02379869397635359,2.1300010681152344,3
2022-06-10,137.5194322486073,137.98998215242344,134.36279735008839,134.43142700195312,91437900,3900.860107421875,27.75,3.1559998989105225,141.74362182617188,152.7312438964844,142.126818339529,144.99072679500398,-2.8639084554749843,-3.063715337051883,0.19980688157689874,49.448729533487,150.47702773734395,133.0102159149998,0.1232282031269433,4.833679540399347,-0.0393943493373016,0.0279141732694787,516670500.0,0.9877978666792269,139.8329620361328,145.7835235595703,142.51907348632812,-0.03862848183666401,-0.05674781828518449,0.9337459076012206,-0.029110303335524668,1.6599998474121094,4
2022-06-13,130.2552525242583,132.53940235521404,128.85340060932865,129.2847442626953,122207100,3749.6298828125,34.02000045776367,3.365999937057495,140.99710922241212,151.8984848022461,140.15111463540075,143.82732068149963,-3.6762060460988835,-3.1862134788612835,-0.4899925672376,36.45356546190078,151.25960216010813,130.7346162847161,0.1455702601889194,4.835080060432929,-0.039036940938423755,0.027928337556178292,394463400.0,1.314362512601068,134.43142700195312,145.04827880859375,143.26406860351562,-0.038284818171148594,-0.09757732330992352,0.9633239714855808,-0.038768430665237275,6.270000457763672,0
2022-06-14,130.5101288143863,131.25516732822615,128.89259032192393,130.14739990234375,84784300,3735.47998046875,32.689998626708984,3.4830000400543213,140.37068557739258,151.08885192871094,138.61208159954583,142.81399321637696,-4.201911616831126,-3.3893531064552525,-0.8125585103758732,40.39915607002339,151.67800905116795,129.0633621036172,0.16110662176029825,4.599103526941532,0.006650361865020493,0.028026104687906252,479247700.0,0.9127853500536764,129.2847442626953,139.8329620361328,145.7835235595703,0.006672524624371734,-0.10725576715010121,0.9731924626516001,-0.0037736797459957394,-1.3300018310546875,1
2022-06-15,131.64728162043858,134.63726323315953,129.5592083618082,132.7648468017578,91533000,3789.989990234375,29.6200008392334,3.3949999809265137,139.69377365112305,150.25071197509766,137.71250701527075,142.06961200047922,-4.35710498520848,-3.5829034822058983,-0.7742015030025815,43.95340004874039,151.12600096313642,128.26154633910969,0.1636755456340478,4.720242862154068,0.019911840641938523,0.027759240570287457,570780700.0,0.9784906936323435,130.14739990234375,134.43142700195312,145.04827880859375,0.020111403695948438,-0.08468512765356695,0.9785270312717175,0.014592504858983224,-3.069997787475586,2
2022-06-16,129.48077871917013,129.78467578709342,126.50059498012912,127.50052642822266,108123900,3666.77001953125,32.95000076293945,3.306999921798706,139.16635932922364,149.37345840454103,136.1414330788018,140.99042047660836,-4.848987397806553,-3.83612026532603,-1.0128671324805234,34.479571036399676,151.8255454322317,126.50717322621557,0.18192882481118058,4.6635245154119715,-0.04045900074418396,0.026218620678249614,462656800.0,1.1568490332227954,132.7648468017578,129.2847442626953,139.8329620361328,-0.039651462720367125,-0.0881940525920023,0.9830117697019581,-0.03251195148816344,3.3299999237060547,3
2022-06-17,127.5103548974603,130.4611156124141,127.25546187351353,128.9710235595703,134520300,3674.840087890625,31.1299991607666,3.239000082015991,138.88255653381347,148.58885055541992,135.0382931527662,140.10009477904998,-5.0618016262837955,-4.081256537517583,-0.9805450887662124,27.309187601506352,152.20544002296793,125.55967304465902,0.1918582696295738,4.479365429511719,0.011467262122034935,0.025948379778547897,597177100.0,1.4404857291626232,127.50052642822266,130.14739990234375,134.43142700195312,0.011533263214999145,-0.04061850390313482,0.9838768143998704,0.002200865698254617,-1.8200016021728516,4
2022-06-21,130.79442925101708,134.36279718069025,130.69640612370614,133.1962127685547,81000500,3764.7900390625,30.190000534057617,3.306999921798706,138.7982494354248,147.88267715454103,134.7548961705798,139.58869611160588,-4.833799941026086,-4.231765218219284,-0.6020347228068026,35.040356213284184,152.24844648716734,125.34805238368224,0.19380931829403494,4.597004033381764,0.032235569472767144,0.02706130475678427,678177600.0,0.894399706638707,128.9710235595703,132.7648468017578,129.2847442626953,0.032760763560450545,0.030254679530568707,0.9826643899581486,0.024477242280086964,-0.9399986267089844,1
2022-06-22,132.13745484401576,135.04900927487205,131.2747825760473,132.6864471435547,73409200,3759.889892578125,28.950000762939453,3.1559998989105225,138.4178852081299,147.20644332885743,134.43667324334518,139.07741841026876,-4.64074516692358,-4.313561207960143,-0.32718395896343644,34.72792530164985,152.11795185910512,124.71781855715467,0.1979522607266443,4.582297704135536,-0.0038345204593781233,0.025374993273645733,604768400.0,0.8309073276388981,133.1962127685547,127.50052642822266,130.14739990234375,-0.003827178073642301,0.01950901242065628,0.9827809498769454,-0.0013015723144006452,-1.239999771118164,2
2022-06-23,134.1275183400123,135.86267563561398,132.96093402675356,135.54898071289062,72433800,3795.72998046875,29.049999237060547,3.068000078201294,138.31544151306153,146.67242752075197,134.6077974694291,138.81605265490742,-4.208255185478322,-4.292500003463779,0.08424481798545713,35.34871023773471,152.07185202453053,124.55903100159254,0.19891358999378148,4.50036982927052,0.021344251702898793,0.025605472276534064,677202200.0,0.8348438126975237,132.6864471435547,128.9710235595703,132.7648468017578,0.021573669586909094,0.020970414821402494,0.9782863080894965,0.009532217409177868,0.09999847412109375,3
2022-06-24,137.14690930909833,139.1173641987572,137.01947774401722,138.87228393554688,89116800,3911.739990234375,27.229999542236328,3.125,138.3713207244873,146.16748367309572,135.2638723103703,138.8202179349548,-3.556345624584509,-4.145269127687925,0.5889235031034161,45.54170663341731,152.127220018936,124.61542143003861,0.1988258726219462,4.282600844463462,0.02422163387163171,0.02620821756921897,766319000.0,1.0291217737744673,135.54898071289062,133.1962127685547,127.50052642822266,0.024517360478685024,0.08918988670784844,0.9781938376632913,0.03056329358583576,-1.8199996948242188,4
2022-06-27,139.8918112487565,140.666273257268,138.1958600157244,138.87228393554688,70207900,3900.110107421875,26.950000762939453,3.194000005722046,138.26740684509278,145.60889755249025,135.81901256039745,138.8240746757394,-3.005062115341957,-3.9172277252187313,0.9121656098767743,44.531316204381554,151.9725741748462,124.56223951533937,0.19824147487061686,4.202073919907997,0.0,0.02566666561168199,766319000.0,0.8204222899779984,138.87228393554688,132.6864471435547,128.9710235595703,0.0,0.07677120102410662,0.9771160480236897,-0.0029730715337762392,-0.279998779296875,0
2022-06-28,139.3330131628478,140.59762053174873,134.61767206581916,134.7353057861328,67083400,3821.550048828125,28.360000610351562,3.2060000896453857,137.66941032409667,145.0676139831543,135.6522884412798,138.52120290613894,-2.868914464859131,-3.7075650731468115,0.8386506082876806,36.77540195833112,150.86028107600458,124.47853957218877,0.19163110702449304,4.286101217990081,-0.030242534275102144,0.02458598644538723,699235600.0,0.7950100831868097,138.87228393554688,135.54898071289062,133.1962127685547,-0.029789804215606508,0.011555080926005656,0.9751318013751777,-0.020143036075892073,1.4099998474121094,1
2022-06-29,134.75493953918553,137.90176176618252,133.9804775247322,136.49009704589844,66242400,3818.830078125,28.15999984741211,3.0929999351501465,137.1983669281006,144.56573287963866,135.78118207275958,138.3707506201952,-2.5895685474356185,-3.4839657680045732,0.8943972205689548,40.00002496120315,149.8101868430743,124.58654701312692,0.18384795967116674,4.397438530379833,0.012939907005288355,0.024881339802966054,765478000.0,0.8028723462857864,134.7353057861328,138.87228393554688,132.6864471435547,0.013023989885405651,0.028666453765459066,0.9691065880704898,-0.0007117454091590814,-0.20000076293945312,2
2022-06-30,134.5490335635321,135.64698810352084,131.1375212724895,134.0294647216797,98964500,3785.3798828125,28.709999084472656,2.9719998836517334,136.61066398620605,143.9690232849121,135.51168709567037,138.04917388697183,-2.537486791301461,-3.294669972663951,0.7571831813624899,42.752211374175296,148.61903509530248,124.60229287710962,0.17580430046528356,4.399540181218191,-0.018192401116686786,0.02509157057372208,666513500.0,1.181797468517683,136.49009704589844,138.87228393554688,135.54898071289062,-0.018027918343345384,-0.01121008791965361,0.9673270222653618,-0.008759278267998716,0.5499992370605469,3
2022-07-01,133.36284196732555,136.3038045198631,132.9903302157903,136.1959686279297,71051600,3825.330078125,26.700000762939453,2.8889999389648438,136.0087459564209,143.41897171020508,135.61696117755642,137.9118994233391,-2.2949382457826744,-3.0947236272876957,0.7997853815050213,52.39739034169359,146.6983465268944,125.31914538594742,0.15718989974216194,4.245490868220217,0.016035132601260327,0.025064093934897377,737565100.0,0.8491292617516156,134.0294647216797,134.7353057861328,138.87228393554688,0.01616438527713937,-0.019271774264613573,0.9589739365820111,0.010553814029047315,-2.009998321533203,4
2022-07-05,135.05880629688934,138.82323473193733,134.2353254229341,138.7742156982422,73353800,3831.389892578125,27.540000915527344,2.809000015258789,135.8215030670166,142.93634353637697,136.1026926422773,137.97577470296153,-1.8730820606842258,-2.850395313967002,0.9773132532827762,63.86017735799437,146.1562494881247,125.48675664590851,0.15218129954001108,4.1747682193901285,0.01875347058980411,0.02413227327103928,810918900.0,0.8846866206733859,136.1959686279297,136.49009704589844,138.87228393554688,0.01893042133542111,-0.0007061757359028142,0.9423421979367915,0.0015841285142366157,0.8400001525878906,1
2022-07-06,138.5683715462856,141.28384979355582,138.30368070277723,140.1074676513672,74064300,3845.080078125,26.729999542236328,2.9130001068115234,135.66367301940917,142.57102462768555,136.71881187444498,138.13367788432492,-1.414866009879944,-2.5632894531495904,1.1484234432696465,64.3502514591136,145.6089197149872,125.71842632383115,0.14661620866118186,4.218881939709869,0.009561489263005277,0.02421378113241989,884983200.0,0.89192933309513,138.7742156982422,134.0294647216797,134.7353057861328,0.009607346338919909,0.039871968478415676,0.9176201497475008,0.0035731642904301975,-0.8100013732910156,2
2022-07-07,140.47017616296918,143.66603189279604,140.4603783389641,143.469970703125,66253700,3902.6201171875,26.079999923706055,3.007999897003174,135.54799537658693,142.2516160583496,137.7574516942419,138.52895883386566,-0.7715071396237647,-2.204932990444425,1.4334258508206603,65.09953709482883,145.04117252154253,126.05481823163132,0.1400710813698298,4.1103468947154065,0.023715995691893737,0.024506058705950372,951236900.0,0.7986166441941461,140.1074676513672,136.1959686279297,136.49009704589844,0.02399945633251188,0.05113831558694981,0.873970831671021,0.014964587965241805,-0.6499996185302734,3
2022-07-08,142.4013623479318,144.64630485734332,142.1464843816885,144.14633178710938,64547800,3899.3798828125,24.639999389648438,3.1010000705718994,135.5028980255127,142.06476699829102,138.74035632391383,138.94506053410595,-0.20470421019211926,-1.804887234393964,1.6001830242018447,76.96938532072669,144.81285067132742,126.19294537969799,0.13741333626771327,3.8414589414315583,0.0047032266593095345,0.0245140097295482,1015784700.0,0.7731158745562068,143.469970703125,138.7742156982422,134.0294647216797,0.0047143041897173,0.07548241042697579,0.8339328226408983,-0.000830271529819071,-1.4400005340576172,4
2022-07-11,142.80336382609462,143.75427642973983,140.95055766241197,142.01910400390625,63141600,3854.429931640625,26.170000076293945,2.990999937057495,135.61220512390136,141.83987533569336,139.24477904391267,139.17276745779486,0.07201158611781011,-1.429507470291609,1.5015190564094192,70.69987804506087,145.18387177689732,126.0405384709054,0.14116231860179335,3.8407532547027614,-0.014867392776505891,0.02326943605112858,952643100.0,0.7591517001308944,144.14633178710938,140.1074676513672,136.1959686279297,-0.014757418775975806,0.04275556343289888,0.8633965863787365,-0.011527461422777274,1.5300006866455078,0
2022-07-12,142.89155544175705,145.5286208059207,142.19553604555907,142.98959350585938,77588800,3818.800048828125,27.290000915527344,2.9579999446868896,136.04011344909668,141.4959797668457,139.82090434575062,139.45549531320702,0.3654090325435959,-1.0705241697245682,1.4359332022681641,67.32569671912093,146.1401324550288,125.94009444316455,0.148485895076989,3.706306339052369,0.0068102711345654,0.02127997684746821,1030231900.0,0.9406819849824388,142.01910400390625,143.469970703125,138.7742156982422,0.006833513763940147,0.03037579990207484,0.8825038921792239,-0.009243878717321574,1.1200008392333984,1
2022-07-13,140.17610485424197,143.56800712971256,139.3232154144063,142.6269073486328,71185600,3801.780029296875,26.81999969482422,2.9040000438690186,136.70722160339355,141.26210098266603,140.2525971154248,139.69041472323855,0.5621823921862585,-0.7439828573424029,1.3061652495286613,67.67789477568928,146.69036000730873,126.72408319947837,0.1460513685645318,3.739918125943906,-0.0025396736608952063,0.018910625084664436,959046300.0,0.8905952631765952,142.98959350585938,144.14633178710938,140.1074676513672,-0.0025364514181355213,0.01798219423631875,0.838542547804345,-0.0044569025122100925,-0.470001220703125,2
2022-07-14,141.2446104323155,146.01876752832248,140.43094244372892,145.5482177734375,78140700,3790.3798828125,26.399999618530273,2.9600000381469727,137.47726249694824,141.08057907104492,141.0673079858883,140.12432606029031,0.9429819255979908,-0.4065899007543241,1.3495718263523149,67.74532476183771,147.70284642658726,127.25167856730923,0.1487603658076332,3.9121750254106393,0.02027524408002516,0.01921948406849259,1037187000.0,0.9816895310922938,142.6269073486328,142.01910400390625,143.469970703125,0.020482183054449266,0.014485589284833011,0.7347541369298002,-0.00299863390215227,-0.4200000762939453,3
2022-07-15,146.83245817528143,147.8912065060331,145.2835494113212,147.21478271484375,76259900,3863.159912109375,24.229999542236328,2.930000066757202,138.19975929260255,140.90263046264647,142.01307332880452,140.64954507173871,1.3635282570658092,-0.0525662691902975,1.4160945262561067,65.73014764186175,149.04648664527215,127.35303193993296,0.15697172568447723,3.8435517117567337,0.011385201959666368,0.01897817412508805,1113446900.0,0.9673414027673789,145.5482177734375,142.98959350585938,144.14633178710938,0.011450260036852233,0.021287055242350528,0.7330403593412353,0.01920124935943668,-2.1700000762939453,4
2022-07-18,147.77357228115997,148.58724039251226,143.81306761767442,144.17579650878906,81420900,3830.85009765625,25.299999237060547,2.9600000381469727,139.03352279663085,140.53586471557617,142.34579997187907,140.9107488818906,1.4350510899884625,0.2449572026454545,1.190093887343008,58.971810779151646,148.9402541930097,129.126791400252,0.14250852883688747,4.008105964134894,-0.020859263221014283,0.016889315176497527,1032026000.0,1.0506007306510536,147.21478271484375,142.6269073486328,142.01910400390625,-0.020643213609473077,0.01518593234346488,0.6352994974005912,-0.008363571580831342,1.0699996948242188,0
2022-07-19,145.0090674390563,148.25392726287154,144.01894870347078,148.02845764160156,82982400,3936.68994140625,24.5,3.0190000534057617,139.98639450073242,140.42724502563476,143.22005499799022,141.43798656779512,1.7820684301950962,0.5523794481553829,1.2296889820397134,72.70609012585592,149.47518539858288,130.49760360288195,0.13556733040653915,3.8834652565256937,0.02637117255926522,0.017455773359795545,1115008400.0,1.1075767913715617,144.17579650878906,145.5482177734375,142.98959350585938,0.02672196877773203,0.03523937660215615,0.5841918593594398,0.02762829164595959,-0.7999992370605469,1
2022-07-20,148.14610577429508,150.69494637561027,147.41086501912858,150.0283203125,64823400,3959.89990234375,23.8799991607666,3.0360000133514404,140.8279998779297,140.3441145324707,144.26748043099172,142.07430758592142,2.1931728450703076,0.8805381275383679,1.3126347175319397,72.93270162759862,150.75663140683173,130.89936834902767,0.14100365747590266,3.8379507647422213,0.013419541716122712,0.016498712711521785,1179831800.0,0.8746488921571438,148.02845764160156,147.21478271484375,142.6269073486328,0.01350998789530311,0.05189352487168075,0.6289871922674807,0.005895806193263242,-0.6200008392333984,2
2022-07-21,151.45956799212024,152.50851845862235,148.94994906470606,152.2928466796875,65086600,3998.949951171875,23.110000610351562,2.9100000858306885,141.80831985473634,140.4086195373535,145.5021521615603,142.83123640768187,2.6709157538784325,1.238613652806381,1.4323021010720516,81.14366569819936,152.21258492447936,131.40405478499332,0.14673701910298065,3.7098074519213173,0.014981211822708916,0.016447789551493133,1244918400.0,0.8831589187665062,150.0283203125,144.17579650878906,145.5482177734375,0.015093992670654588,0.04633948123465714,0.6758983248060563,0.00986137270919718,-0.7699985504150391,3
2022-07-22,152.33211406152478,153.20459935061118,150.39108223068928,151.0576934814453,66675400,3961.6298828125,23.030000686645508,2.7829999923706055,142.58375549316406,140.40038589477538,146.356850826158,143.440603598331,2.916247227827,1.5741403678105048,1.3421068600164954,76.17438013153057,153.32988872873395,131.83762225759418,0.15073432732082992,3.6740962244819673,-0.008143450302903634,0.016405579059032695,1178243000.0,0.9082657132942127,152.2928466796875,148.02845764160156,147.21478271484375,-0.008110382235089753,0.02610410921874129,0.6973265843499972,-0.00933246697634671,-0.07999992370605469,4
2022-07-25,150.9791857674136,151.98891489270602,149.2832351431614,149.94004821777344,53623900,3966.840087890625,23.360000610351562,2.819999933242798,143.13714370727538,140.52684646606446,146.90811196332962,143.9220439405119,2.9860680228177046,1.8565258988119449,1.1295421240057597,70.73180820405771,154.21336103536635,132.06092637918442,0.15476370481085658,3.5396512559492095,-0.007426304223204642,0.016017980969479394,1124619100.0,0.7485719606342883,151.0576934814453,150.0283203125,144.17579650878906,-0.007398797359560838,0.039980716934225446,0.7685507536381776,0.0013151670479691902,0.3299999237060547,0
2022-07-26,149.2636538636445,150.07732200029463,147.83239373585778,148.6166534423828,55138700,3921.050048828125,24.690000534057617,2.7869999408721924,143.62436218261718,140.7040885925293,147.17096449856857,144.26979279250236,2.901171706066208,2.0654550602627975,0.8357166458034104,65.80494822547257,154.76774034499238,132.48098402024198,0.1551739272228271,3.4871340540676568,-0.008865340725053484,0.016250640971239332,1069480400.0,0.7779000633028632,149.94004821777344,152.2928466796875,148.02845764160156,-0.008826159462537508,0.0039735319150953075,0.8122313806909723,-0.01154320266205866,1.3299999237060547,1
2022-07-27,149.57735592146827,154.23387992265205,149.16562296270044,153.70449829101562,78620700,4023.610107421875,23.239999771118164,2.7339999675750732,144.57282180786132,140.8938786315918,148.17612354356044,144.9686598664663,3.2074636770941254,2.293856783629063,0.9136068934650625,67.86460053482202,155.75959004689375,133.38605356882888,0.154756171998908,3.63418135684197,0.0336617218809847,0.015557239491841563,1148101100.0,1.1002313446010181,148.6166534423828,151.0576934814453,150.0283203125,0.03423468858155476,0.024503226929811328,0.8466479805980033,0.026156273782937722,-1.4500007629394531,2
2022-07-28,153.8907653704556,154.53778073211737,151.37134852302864,154.2534942626953,81378700,4072.429931640625,22.329999923706055,2.680999994277954,145.46099166870118,141.12543106079102,149.11110365419657,145.6564253772981,3.454678276898477,2.526021082282946,0.9286571946155311,67.72107636899096,156.76577442763454,134.15620890976783,0.1554338744600461,3.681796480658678,0.0035653989604230462,0.015496831448241372,1229479800.0,1.1268923487661522,153.70449829101562,149.94004821777344,152.2928466796875,0.0035717625559679167,0.012874193540630241,0.8632332429485756,0.012133338697180918,-0.9099998474121094,3
2022-07-29,158.0669387195233,160.409904944982,156.36117506106663,159.3119354248047,101786900,4130.2900390625,21.329999923706055,2.6419999599456787,146.72511520385743,141.38560806274415,150.68046238813628,146.66794464007637,4.012517748059906,2.8233204154383382,1.1891973326215681,77.49383434262666,158.29867587306566,135.1515545346492,0.15775841311323044,3.893270520486484,0.032266822536048984,0.015438190822408363,1331266700.0,1.4067460912509724,154.2534942626953,148.6166534423828,151.0576934814453,0.032793041002330936,0.054642976157803336,0.8956227302700431,0.014207760082581844,-1.0,4
2022-08-01,157.84148924790597,160.37071938994356,157.72385550686172,158.33164978027344,67829400,4118.6298828125,22.84000015258789,2.6059999465942383,147.8318992614746,141.7912648010254,151.85756814077277,147.5319227986095,4.325645342163284,3.1237854007833277,1.2018599413799564,74.38470549146196,159.39954019306535,136.26425832988386,0.1564972240684092,3.8316524548484403,-0.006172255964415556,0.01567512856989348,1263437300.0,0.939528356194515,159.3119354248047,153.70449829101562,149.94004821777344,-0.0061532467226471654,0.05596637897776313,0.9270682007625393,-0.0028230841271976725,1.510000228881836,0
2022-08-02,156.94937000342367,159.2139087149108,156.48861801917639,156.8611297607422,59907000,4091.18994140625,23.93000030517578,2.740999937057495,148.73624496459962,142.23554580688477,152.6273468515373,148.22297516617488,4.404371685362435,3.379902657699149,1.0244690276632857,71.8542931548107,160.14932659368284,137.3231633355164,0.15346738963054532,3.7231166677361642,-0.009330992233950872,0.01587345548913776,1203530300.0,0.8375928130350565,158.33164978027344,154.2534942626953,148.6166534423828,-0.00928759361487097,0.05547478110557558,0.9407813730837454,-0.006662395550704803,1.0900001525878906,1
2022-08-03,157.67482654904526,163.31167231688755,157.58660124880873,162.86073303222656,82507500,4155.169921875,21.950000762939453,2.747999906539917,149.87390823364257,142.79511337280275,154.20171395625874,149.30725352662316,4.894460429635586,3.682814212086437,1.2116462175491494,74.28498409886657,162.1675725348751,137.58024393241004,0.164053429260917,3.784739344275579,0.03753454691561022,0.017355350242857177,1286037800.0,1.1468138569223314,156.8611297607422,159.3119354248047,153.70449829101562,0.0382478647236284,0.059570375903215345,0.9544990495979131,0.015638477163140152,-1.9799995422363281,2
2022-08-04,162.7430582477967,163.89984462441896,161.19414951620604,162.5469970703125,55474100,4151.93994140625,21.440000534057617,2.6760001182556152,150.82775955200196,143.24017868041992,155.48560366611315,150.28797527060013,5.197628395513021,3.9857770487717543,1.211851346741267,72.35560471989527,163.96098365037398,137.69453545362995,0.17414863334682068,3.791742059525652,-0.0019282643287322303,0.017040591176100052,1230563700.0,0.7768828949948183,162.86073303222656,158.33164978027344,154.2534942626953,-0.0019264064214421506,0.05376541288259751,0.9662710488097089,-0.0007773401640558397,-0.5100002288818359,3
2022-08-05,160.22042780912037,162.81206933981917,160.01426786699392,162.32122802734375,56697000,4145.18994140625,21.149999618530273,2.8399999141693115,151.73650436401368,143.73464614868163,156.53723818322555,151.1793273266552,5.357910856570356,4.260203810331475,1.097707046238881,78.82199992147248,165.42652747140886,138.0464812566185,0.18044468817540452,3.6505726808104675,-0.0013899117357320187,0.01712381537736872,1173866700.0,0.7983979375177607,162.5469970703125,156.8611297607422,159.3119354248047,-0.0013889462557779009,0.0188893104243244,0.9727115365255998,-0.0016257460597355333,-0.29000091552734375,4
2022-08-08,163.32256080452132,164.73618641729826,161.19231095001098,161.85003662109375,60276900,4140.06005859375,21.290000915527344,2.765000104904175,152.72805099487306,144.2165528869629,157.35459178905143,151.96975023735436,5.384841551697065,4.485131358604593,0.8997101930924716,74.59620943833454,166.32698168633266,139.12912030341346,0.178080327783612,3.6012081742309334,-0.002907054322634825,0.016558521662556294,1113589800.0,0.8505250265538172,162.32122802734375,162.86073303222656,158.33164978027344,-0.0029028329318123713,0.022221626855420284,0.9771628003655874,-0.0012375507238541195,0.1400012969970703,0
2022-08-09,161.01557009848563,162.78260161908204,160.2596703687026,161.89907836914062,63135500,4122.47021484375,21.770000457763672,2.796999931335449,153.67352523803712,144.63552322387696,158.0537435706036,152.70525602489408,5.348487545709503,4.657802596025575,0.690684949683928,72.70077746665623,167.04917954539587,140.29787093067836,0.17407883741379845,3.5468403095093453,0.0003029614361938989,0.01661666734744746,1176725300.0,0.9000384332683845,161.85003662109375,162.5469970703125,156.8611297607422,0.00030300733364474475,0.03211725311479485,0.9732421728463164,-0.004248692893594086,0.4799995422363281,1
2022-08-10,164.60853143111325,166.23812814464867,163.8428202002786,166.1399688720703,70170500,4210.240234375,19.739999771118164,2.7860000133514404,154.84917831420898,145.02441787719727,159.2977782323677,153.70041993949974,5.597358292867966,4.845713735394053,0.751644557473913,74.61928328080228,168.2699387890782,141.42841783933977,0.17333976997458464,3.6025889081944706,0.0258574509772122,0.017037576147041933,1246895800.0,1.001051331797505,161.89907836914062,162.32122802734375,162.86073303222656,0.026194655001433587,0.02013521478621172,0.9716095394699751,0.021290637641290244,-2.030000686645508,2
2022-08-11,166.94492022851418,167.85789272456063,165.10917878344554,165.4036865234375,57149200,4207.27001953125,20.200000762939453,2.888000011444092,155.841951751709,145.4142723083496,160.23714873868613,154.56732857534698,5.669820163339153,5.010535020983073,0.6592851423560804,75.96687478560693,169.30326200530283,142.38064149811515,0.1727559248621412,3.59796010970827,-0.004441548176588672,0.01696834707024864,1189746600.0,0.8276827325296033,166.1399688720703,161.85003662109375,162.5469970703125,-0.004431699088614627,0.017574544621635102,0.9815844469431876,-0.0007054739583503,0.46000099182128906,3
2022-08-12,166.70935086886797,169.01629605421468,166.29703098384923,168.9475860595703,68039400,4280.14990234375,19.530000686645508,2.8489999771118164,156.9285919189453,145.8775535583496,161.57721601882216,155.63253283343758,5.9446831853845765,5.197364653863374,0.7473185315212021,81.62662807525325,170.95448165142437,142.90270218646623,0.17875505745598663,3.6627408083677375,0.02119945428517081,0.017259692975893283,1257786000.0,0.9913048077177344,165.4036865234375,161.89907836914062,162.32122802734375,0.021425759066323158,0.04082249815846839,0.9862821530033172,0.017322368774566943,-0.6700000762939453,4
2022-08-15,168.3782005294128,170.21394216296972,168.21131628811554,170.01760864257812,54091700,4297.14013671875,19.950000762939453,2.7909998893737793,158.22068252563477,146.31321914672853,162.87573796093847,156.69809400448503,6.177643956453437,5.393420514381387,0.78422344207205,85.91183180599617,172.059948733302,144.38141631796753,0.17493624710442027,3.645433494826118,0.006313486776802062,0.015983081097539126,1311877700.0,0.8041014574977206,168.9475860595703,166.1399688720703,161.85003662109375,0.006333458843445827,0.05046382560051832,0.9876140957223201,0.0039695418998517695,0.4200000762939453,0
2022-08-16,169.61511402434292,170.52808660786044,168.51563433427114,169.86053466796875,56377100,4305.2001953125,19.690000534057617,2.8239998817443848,159.31228637695312,146.86004837036134,163.95032206971237,157.6730896091875,6.277232460524857,5.570182903610082,0.7070495569147752,82.48652124874663,173.21054718436247,145.41402556954378,0.17447820407930487,3.3879496229204085,-0.0009242958918279842,0.015512132593710235,1255500600.0,0.8549824778721337,170.01760864257812,165.4036865234375,161.89907836914062,-0.0009238688619576108,0.04917542693279242,0.9873030347859271,0.0018756797165810912,-0.26000022888183594,1
2022-08-17,169.6053281206725,172.9234055360259,169.40899457207655,171.35272216796875,79542000,4274.0400390625,19.899999618530273,2.8929998874664307,160.37850646972657,147.4218214416504,165.0891528540595,158.68639572465278,6.402757129406723,5.73669774876941,0.6660593806373125,83.1265538025854,174.54712573472378,146.20988720472937,0.17668975197336317,3.4128052482675963,0.008746418744104588,0.015443466290163315,1335042600.0,1.1929735415200295,169.86053466796875,168.9475860595703,166.1399688720703,0.008784780425405092,0.03137567276127462,0.9851059807460261,-0.007237794954094601,0.20999908447265625,2
2022-08-18,170.5673396933382,171.69626861182405,169.94887490568271,170.9600067138672,62290100,4283.740234375,19.559999465942383,2.880000114440918,161.31186447143554,147.92535110473634,165.99236114018376,159.59555209422422,6.396809045959543,5.868720008207437,0.5280890377521059,77.54564310261958,175.695543280584,146.9281856622871,0.1783337990206598,3.097875464257214,-0.0022944845064750813,0.015435795614918925,1272752500.0,0.936192264635533,171.35272216796875,170.01760864257812,165.4036865234375,-0.002291854189025333,0.033592480961071924,0.9850093979166478,0.002269561170191503,-0.3400001525878906,3
2022-08-19,169.86053968443733,170.55754092380556,168.1720444080825,168.37820434570312,70346300,4228.47998046875,20.600000381469727,2.989000082015991,162.17789001464843,148.39194961547852,166.3594139410329,160.2461189276671,6.113295013365786,5.917635009239107,0.19566000412667872,72.08545021162634,176.03819803962475,148.3175819896721,0.1709272210129804,3.107953923021703,-0.015216984726615096,0.015847195211002658,1202406200.0,1.054364767646101,170.9600067138672,169.86053466796875,168.9475860595703,-0.01510179145281143,-0.00337016779669419,0.9827849114219732,-0.012900001139847905,1.0400009155273438,4
2022-08-22,166.58171149389958,166.74859572706774,164.0784180378036,164.50054931640625,69026800,4137.990234375,23.799999237060547,3.0369999408721924,162.9059150695801,148.88530136108398,166.0734347680134,160.56126191942556,5.512172848587852,5.836542577108856,-0.3243697285210043,65.18658321366843,175.5345643941482,150.277265745012,0.15504224409744943,3.2204178953192115,-0.023298756046532296,0.016888053084491574,1133379400.0,1.0227817679179396,168.37820434570312,171.35272216796875,170.01760864257812,-0.02302943569427507,-0.0324499289821808,0.9716897760718837,-0.0214000649197158,3.1999988555908203,0
2022-08-23,164.0195321647684,165.6196796113523,163.5974008535258,164.16677856445312,54147100,4128.72998046875,24.110000610351562,3.053999900817871,163.68342132568358,149.48000839233399,165.78010304438874,160.82833722646464,4.951765817924098,5.659587225271904,-0.7078214073478062,53.351234145917466,174.3738960058094,152.99294664555777,0.13062379309453465,2.904113338296434,-0.0020310559546280315,0.016668244173171837,1079232300.0,0.8028965730049639,164.50054931640625,170.9600067138672,169.86053466796875,-0.0020289947561885624,-0.03352018239342869,0.9495067224781049,-0.0022378626777133093,0.3100013732910156,1
2022-08-24,164.25514348994625,165.03066617037743,163.2047358944321,164.46128845214844,53841500,4140.77001953125,22.81999969482422,3.1059999465942383,164.22126083374025,150.18353927612304,165.5772084917364,161.09744472466343,4.479763767072967,5.423622533632117,-0.94385876655915,54.91680756119604,173.824992869465,154.61752879801548,0.11696088541723845,2.841272993134463,0.0017923603982648254,0.015244042196409855,1133073800.0,0.813306680054232,164.16677856445312,168.37820434570312,171.35272216796875,0.001793967636269933,-0.04021782454710565,0.9279314705140516,0.0029161604463010526,-1.2900009155273438,2
2022-08-25,165.68839353539587,167.0234825149317,165.26627719342727,166.91549682617188,51218200,4199.1201171875,21.780000686645508,3.0260000228881836,164.85436096191407,150.9189012145996,165.78309900472647,161.5284115469974,4.254687457729062,5.189835518451506,-0.9351480607224438,60.58818978492355,173.28970826439166,156.41901365943647,0.10233696279865347,2.8244438924171766,0.0148124633701363,0.015457120576310771,1184292000.0,0.7917151716167092,164.46128845214844,164.50054931640625,170.9600067138672,0.014922711582291415,-0.02365763762787243,0.924129984080552,0.014091605518061545,-1.039999008178711,3
2022-08-26,167.44563181749547,167.91683533755338,160.5640262370915,160.6229248046875,78961000,4057.659912109375,25.559999465942383,3.0350000858306885,164.9199104309082,151.4760627746582,164.98922605087432,161.46133845497445,3.5278875958998697,4.857445933941179,-1.3295583380413092,47.77023617418886,173.19272305005,156.6470978117664,0.10032521358429464,3.0965105805010773,-0.03842814126094896,0.016674798804070082,1105331000.0,1.2424743021064126,166.91549682617188,164.16677856445312,168.37820434570312,-0.03769914801881791,-0.04605869014431929,0.9204016928551667,-0.03368805871951874,3.779998779296875,4
2022-08-29,158.19813716461735,159.91608162954805,156.89251255304256,158.42393493652344,73314000,4030.610107421875,26.209999084472656,3.109999895095825,164.9245246887207,152.0945309448242,163.9791812640511,161.23634560175586,2.742835662295249,4.4345238796119935,-1.6916882173167442,44.142999615786,173.18195361691357,156.66709576052784,0.10013585236977914,3.182759223448611,-0.013784963699685853,0.016918067451091964,1032017000.0,1.1486605423258942,160.6229248046875,164.46128845214844,164.50054931640625,-0.013690386168960456,-0.0369397816915179,0.9380679115433371,-0.006666355799502699,0.6499996185302734,0
2022-08-30,159.1602105704912,159.58232691391927,154.83098655063566,155.9991912841797,77906200,3986.159912109375,26.209999084472656,3.109999895095825,164.88142776489258,152.6350942993164,162.75149049791705,160.84840824489837,1.903082253018681,3.928235554293331,-2.02515330127465,31.794219392222033,173.322997475688,156.43985805409716,0.10239564061553867,3.2122085511468663,-0.015423749202121383,0.01714876499648378,954110800.0,1.2036380347468363,158.42393493652344,166.91549682617188,164.16677856445312,-0.015305412362818016,-0.04975176678067528,0.9659205334295549,-0.011028155571448206,0.0,1
2022-08-31,157.3735291899389,157.63858767600124,154.2615972644816,154.3401336669922,87991100,3955.0,25.8700008392334,3.132999897003174,164.45539779663085,153.05797271728517,161.45743560085168,160.36631383172013,1.0911217691315471,3.3608127972609743,-2.269691028129427,30.774558369098486,174.1005887389901,154.8102068542716,0.11729856327715925,3.257085441890049,-0.01069199607583519,0.014779317206306394,866119700.0,1.353713708437651,155.9991912841797,160.6229248046875,164.46128845214844,-0.010635039858413409,-0.06154125922527409,0.9753150207144337,-0.007817025105971265,-0.3399982452392578,2
2022-09-01,153.77077627080038,155.51817026416148,151.836860169279,155.0666046142578,74229900,3966.85009765625,25.559999465942383,3.265000104904175,164.0813781738281,153.50557586669922,160.4742308336834,159.97374277857477,0.500488055108633,2.788747848830506,-2.288259793721873,23.260326929792285,174.58050841368015,153.58224793397608,0.12797467155266382,3.2619926250404285,0.004695904725819063,0.014871150984661938,940349600.0,1.125760236102101,154.3401336669922,158.42393493652344,166.91549682617188,0.004706947765336755,-0.07098737047916925,0.9809688792382923,0.0029962320243361873,-0.3100013732910156,3
2022-09-02,156.82376367669738,157.42259054092534,152.1313229947609,152.9559326171875,76957800,3924.260009765625,25.469999313354492,3.193000078201294,163.6131134033203,153.85371490478516,159.31756956960712,159.45390498884237,-0.13633541923525172,2.2037311952173546,-2.3400666144526063,18.400124799489944,175.21976047715071,152.0064663294899,0.1418791786599528,3.496895601562591,-0.013704874014096657,0.015082512546587995,863391800.0,1.149471143767686,155.0666046142578,155.9991912841797,160.6229248046875,-0.013611389778739325,-0.04773286376663122,0.9857369350114864,-0.010736500458081055,-0.09000015258789062,4
2022-09-06,153.60386838160778,154.21250676362826,150.8747921160952,151.69940185546875,73714800,3908.18994140625,26.90999984741211,3.3399999141693115,163.10558166503907,154.1102572631836,158.14554376743197,158.8794973493332,-0.7339535819012326,1.6161942397936373,-2.35014782169487,17.680085505177885,175.8671112813779,150.34405204870023,0.1564818258954066,3.591557199701431,-0.00824891439301782,0.0151285423391032,789677000.0,1.0900926333553724,152.9559326171875,154.3401336669922,158.42393493652344,-0.008214985455082369,-0.04244644651547791,0.9894440347394651,-0.004095056983834944,1.4400005340576172,1
2022-09-07,151.9841232844313,153.80022729759784,150.79628062278962,153.10324096679688,87449600,3979.8701171875,24.639999389648438,3.265000104904175,162.66578979492186,154.39487640380858,157.36980487502657,158.45162650618238,-1.0818216311558047,1.076591065603749,-2.1584126967595534,17.42041141878353,176.18608146622734,149.1454981236164,0.1662339904211076,3.555095464762778,0.009211527989985552,0.015367559023385723,877126600.0,1.2703641429400805,151.69940185546875,155.0666046142578,155.9991912841797,0.009254084684299668,-0.018563880322349458,0.9867977417542487,0.018341016392734,-2.270000457763672,2
2022-09-08,151.80741774838046,153.4959132532277,149.88331299426738,151.63072204589844,84923800,4006.179931640625,23.610000610351562,3.2920000553131104,161.9403274536133,154.7327847290039,156.48686905516072,157.94637432393912,-1.4595052687784005,0.5693717987273191,-2.0288770675057197,16.77371702195073,176.21189470025973,147.66876020696685,0.1762571123704123,3.6883245042498487,-0.009664366698259041,0.01386086961695511,792202800.0,1.220592538678634,153.10324096679688,152.9559326171875,154.3401336669922,-0.009617816785588373,-0.017554809346865263,0.9749223813320453,0.006610721877456038,-1.029998779296875,3
2022-09-09,152.62219009337275,154.92915012061422,151.91537744584716,154.4873809814453,68028800,4067.360107421875,22.790000915527344,3.321000099182129,161.39451217651367,155.09273040771484,156.17925550535836,157.6901525948655,-1.5108970895071536,0.15331802108042458,-1.6642151105875782,26.345736407520533,175.94071456892726,146.84830978410008,0.1802564684046348,3.7247863448877854,0.01866431181166947,0.014802973971014374,860231600.0,0.9701787767402844,151.63072204589844,151.69940185546875,155.0666046142578,0.018839578793815814,-0.0037353215687759844,0.9639641242266489,0.015271449816332883,-0.8199996948242188,4
2022-09-12,156.66672837890903,161.25118449428555,156.38204700518378,160.43638610839844,104956000,4110.41015625,23.8700008392334,3.361999988555908,160.96895217895508,155.62086883544922,156.83419867505683,157.89357729957163,-1.0593786245148067,-0.08922130803862169,-0.970157316476185,43.53530945438146,175.07612895230494,146.86177540560521,0.17527823325415448,3.900787573812122,0.03778509926247701,0.016608838242623974,965187600.0,1.45841719852891,154.4873809814453,153.10324096679688,152.9559326171875,0.038508032754258625,0.048905938875432486,0.9619439941128132,0.0105842727693497,1.0799999237060547,0
2022-09-13,156.9710748828432,157.59935128029267,150.56068735003652,151.02207946777344,122656600,3932.68994140625,27.270000457763672,3.421999931335449,160.01917572021483,155.9173910522461,155.94002648932093,157.38457746017917,-1.444550970858245,-0.36028724060254635,-1.0842637302556986,33.77761775219378,174.11904253517605,145.91930890525362,0.1762272146634988,4.461746145278939,-0.060471468002605076,0.02088807931638174,842531000.0,1.6268762202158569,160.43638610839844,151.63072204589844,151.69940185546875,-0.05867937360708342,-0.004464898209293078,0.9621227512927297,-0.0432366134006168,3.3999996185302734,1
2022-09-14,151.95462406702927,154.22232317214238,150.79624593389804,152.46510314941406,87965400,3946.010009765625,26.15999984741211,3.4119999408721924,159.1494041442871,156.19120880126954,155.40542289856603,157.02017195567805,-1.6147490571120215,-0.6111796039044415,-1.00356945320758,35.60317169645474,172.8331345877072,145.465673700867,0.17196081275949032,4.576042356871726,0.009509690287886643,0.021148198173087697,930496400.0,1.1428033208896327,151.02207946777344,154.4873809814453,153.10324096679688,0.009555051067539733,-0.004168022919392,0.9629841914729715,0.0033870120853238816,-1.1100006103515625,2
2022-09-15,151.81719923234522,152.39640331677907,148.6071081028978,149.57896423339844,90481100,3901.35009765625,26.270000457763672,3.4590001106262207,158.0607162475586,156.38063873291014,154.5090446423864,156.46897138365736,-1.959926741270948,-0.8809290313777428,-1.0789977098932053,29.407617409170314,171.10621393510553,145.01521856001165,0.16506944922500238,4.668599569995513,-0.019111295814080574,0.021084589469569533,840015300.0,1.1671922601439713,152.46510314941406,160.43638610839844,151.63072204589844,-0.01892983283648353,-0.013531280368624388,0.9591834386302348,-0.011317739184353415,0.1100006103515625,3
2022-09-16,148.44021232229758,148.5776472684102,145.65222273370736,147.93954467773438,162278800,3873.330078125,26.299999237060547,3.447999954223633,156.90969314575196,156.47003021240235,153.49835234013227,155.83716199803345,-2.33880965790118,-1.1725051566824303,-1.1663045012187498,33.062347631673546,169.2037065189244,144.6156797725795,0.1567017706388942,4.423880455654741,-0.011020733834817711,0.02107684365734025,677736500.0,1.9665452169383957,149.57896423339844,151.02207946777344,154.4873809814453,-0.010960228024483154,-0.04238427929914457,0.9537734217591858,-0.007182134089448455,0.029998779296875,4
2022-09-19,146.5750321533895,151.72886599832884,146.36888718799335,151.65032958984375,81474200,3899.889892578125,25.760000228881836,3.490000009536743,156.07329940795898,156.62011016845702,153.2140411477802,155.52702626409348,-2.3129851163132855,-1.4006011486086014,-0.9123839677046841,41.305450606874324,167.31299596755665,144.83360284836132,0.14403099828393184,4.540278066989781,0.024773699085453637,0.02214903973972287,759210700.0,0.9807172661559183,147.93954467773438,152.46510314941406,160.43638610839844,0.02508311702724786,-0.05476349057512686,0.942172877496975,0.006857100716286535,-0.5399990081787109,0
2022-09-20,150.5900968013731,155.1843789131033,150.2759661753886,154.02598571777344,107689800,3855.929931640625,27.15999984741211,3.571000099182129,155.54957122802733,156.86024780273436,153.3389556970099,155.41583807547718,-2.0768823784672747,-1.5358573945803362,-0.5410249838869385,47.464012255953634,166.09030252462605,145.0088399314286,0.1355289019877345,4.5514975223062875,0.015543919115094437,0.022184387964520352,866900500.0,1.2668004442103,151.65032958984375,149.57896423339844,151.02207946777344,0.015665354202361037,0.019890510451096022,0.9023674453908566,-0.011272103097361819,1.3999996185302734,1
2022-09-21,154.4579373320565,155.83230196535132,150.78645397951445,150.9042510986328,101696800,3789.929931640625,27.989999771118164,3.509999990463257,154.88644485473634,157.01854095458984,152.96438575879804,155.08164644756278,-2.1172606887647305,-1.6521380534172152,-0.4651226353475153,45.74416853526548,164.79429748049395,144.97859222897873,0.12793698809537413,4.670701634757519,-0.020475789601226584,0.022510306426200697,765203700.0,1.1637551084677922,154.02598571777344,147.93954467773438,152.46510314941406,-0.02026758410013152,-0.010237438066412086,0.8697231003498087,-0.017116493600784488,0.8299999237060547,2
2022-09-22,149.58879338602387,151.6405063427645,148.14571882351763,149.94219970703125,86652500,3757.989990234375,27.350000381469727,3.7079999446868896,154.16049041748047,157.16484680175782,152.49943405852625,154.70094668900487,-2.201512630478618,-1.7620129688294959,-0.439499661649122,43.68952033417076,163.20440742659127,145.11657340836967,0.11733119146960494,4.657378593640688,-0.006395652455697304,0.022469780907242567,678551200.0,0.973324817595318,150.9042510986328,151.65032958984375,149.57896423339844,-0.006375243802593467,0.002428386073499045,0.8361748430522101,-0.00842758097968943,-0.6399993896484375,3
2022-09-23,148.42058784002563,148.6954577569954,145.83875792782328,147.67449951171875,96029900,3693.22998046875,29.920000076293945,3.697000026702881,153.1984405517578,157.20737243652343,151.75713643594048,154.180469120317,-2.4233326843765326,-1.8942769119389034,-0.5290557724376292,43.52120353128887,160.44421836090288,145.95266274261274,0.09459336247874005,4.57253389600094,-0.015239360481422728,0.022103641621204567,582521300.0,1.0521760086418113,149.94219970703125,154.02598571777344,147.93954467773438,-0.015123829047081538,-0.001791577543333589,0.789313014029234,-0.017232619015461026,2.5699996948242188,4
2022-09-26,146.91861726875362,150.95333323742267,146.8989794231201,148.00828552246094,93339400,3655.0400390625,32.2599983215332,3.878000020980835,152.56770858764648,157.22324249267578,151.180390141559,153.72327033529064,-2.5428801937316337,-2.0239975682974496,-0.5188826254341841,45.36718232006107,159.26789621860473,145.86752095668822,0.08783231645783232,4.623722407913048,0.002257731389326224,0.02080835582421453,675860700.0,1.0147040078837377,147.67449951171875,150.9042510986328,151.65032958984375,0.002260281983997414,-0.024016064305518836,0.795835282321012,-0.010340526208282075,2.339998245239258,0
2022-09-27,149.9422080635759,151.88593544780034,147.20330517830297,148.9801483154297,84442700,3647.2900390625,32.599998474121094,3.9639999866485596,152.09551925659179,157.3193295288086,150.84189139907758,153.37192796344908,-2.5300365643714997,-2.12520536751226,-0.40483119685923974,44.76826608189286,158.3759045824839,145.81513393069966,0.08258475143237905,4.743628378962272,0.006544808829850464,0.02080636276524191,760303400.0,0.9124673152858458,148.00828552246094,149.94219970703125,154.02598571777344,0.006566272891670444,-0.03275965012546256,0.7891090485255731,-0.0021203598092424114,0.3400001525878906,1
2022-09-28,144.93562286555536,147.8806707549768,142.1869085062377,147.09532165527344,146691400,3719.0400390625,30.18000030517578,3.7049999237060547,151.65032577514648,157.30066680908203,150.26549605387694,152.9069941628435,-2.6414981089665446,-2.228463915803117,-0.4130341931634276,44.304687128752335,158.02717147754288,145.2734800727501,0.084099334041015,4.970816918264534,-0.012732241024259195,0.020730841536293464,613612000.0,1.528313697119017,148.9801483154297,147.67449951171875,150.9042510986328,-0.012651528955157088,-0.025240703397214515,0.8041145662978261,0.019672139926234733,-2.4199981689453125,2
2022-09-29,143.42384928540386,144.0324877695267,138.10311583907216,139.87014770507812,128138200,3640.469970703125,31.84000015258789,3.746999979019165,150.92682647705078,157.0975033569336,148.6662116925233,151.94130183263866,-3.275090140115367,-2.437789160665567,-0.8373009794497999,33.4592309596963,159.06023088452073,142.79342206958083,0.10777943984274632,5.377515328370641,-0.05036634745505891,0.023256203847592995,485473800.0,1.3076677564901475,147.09532165527344,148.00828552246094,149.94219970703125,-0.04911899215345494,-0.0671728974340291,0.810048002231414,-0.021126437880238824,1.6599998474121094,3
2022-09-30,138.69213315187477,140.4788028880648,135.47221503631138,135.66854858398438,124925300,3585.6201171875,31.6200008392334,3.803999900817871,149.9569236755371,156.76501739501953,146.66657121428653,150.7359127031087,-4.069341488822175,-2.764099626296889,-1.3052418625252864,20.818841796462777,160.329826855533,139.58402049554118,0.13834510505750094,5.251999924007295,-0.03049970750281878,0.023815002447381384,360548500.0,1.242733063120989,139.87014770507812,148.9801483154297,147.67449951171875,-0.030039284222055707,-0.08130009559830365,0.8216588044899106,-0.015066695771983274,-0.2199993133544922,4
2022-10-03,135.67835835777296,140.44933637961338,135.1678792129988,139.84068298339844,114311700,3678.429931640625,30.100000381469727,3.6510000228881836,149.30116119384766,156.5406771850586,145.61643456338066,149.92885864979684,-4.312424086416172,-3.073764518320746,-1.238659568095426,34.96958160866728,160.50106818851606,138.10125419917927,0.15003107685313724,4.923839810311057,0.030289027625202754,0.025127773776636955,474860200.0,1.116408707917018,135.66854858398438,147.09532165527344,148.00828552246094,0.030752406825015566,-0.05518341429489115,0.823592410621633,0.025883894952576147,-1.5200004577636719,0
2022-10-04,142.37339030080975,143.54159469628158,141.6174906956308,143.42379760742188,87830100,3790.929931640625,29.06999969482422,3.617000102996826,148.88738098144532,156.41035217285156,145.27910580092546,149.44700227628758,-4.167896475362113,-3.29259090972902,-0.8753055656330933,38.50758924917463,160.32322184709574,137.4515401157949,0.1536173286180053,4.943470844213828,0.02530007109895861,0.025968828495247107,562690300.0,0.8519079957871195,139.84068298339844,139.87014770507812,148.9801483154297,0.025622834125093696,-0.037295913387356605,0.8116547655932069,0.030583700679551518,-1.0300006866455078,1
2022-10-05,141.43101553965928,144.6803824609242,140.39041942925496,143.71832275390625,79471000,3783.280029296875,28.549999237060547,3.759000062942505,148.4181350708008,156.31238555908203,145.0389853321533,149.02265564500007,-3.983670312846783,-3.4308067903525727,-0.5528635224942104,42.025116285636805,159.89570606356978,136.9405640780318,0.15466534446472832,4.974325700296183,0.002051424913923115,0.02584350439864123,642161300.0,0.7738231587546833,143.42379760742188,135.66854858398438,147.09532165527344,0.002053530525600422,-0.022957894672417822,0.7992720771374647,-0.002017948757084831,-0.5200004577636719,2
2022-10-06,143.13911161877988,144.83741801539523,142.55992258457076,142.7660675048828,68402200,3744.52001953125,30.520000457763672,3.8259999752044678,147.97490234375,156.09361694335936,144.68930566641936,148.55920467165805,-3.8698990052386932,-3.518625233329797,-0.3512737719088963,42.82601473945693,159.61363593544198,136.336168752058,0.15730685957345486,4.856522409662854,-0.006647892788825294,0.025812347692630626,573759100.0,0.6714451936500015,143.71832275390625,139.84068298339844,139.87014770507812,-0.0066258444349787116,0.020704345046598904,0.80202069920943,-0.010245080846639998,1.970001220703125,3
2022-10-07,139.9290143479333,140.47876912027488,136.89561907456743,137.52389526367188,85925600,3639.659912109375,31.360000610351562,3.882999897003174,147.12672805786133,155.75902496337892,143.58693483522742,147.74177434514056,-4.154839509913131,-3.645868088646464,-0.5089714212666672,31.209147010277647,159.23030514359448,135.02315097212818,0.16453267527261412,4.892984525375703,-0.037409713410177556,0.026373222062609537,487833500.0,0.8361129373670882,142.7660675048828,143.42379760742188,135.66854858398438,-0.03671861481392735,0.013675584349153391,0.8044168699211061,-0.028003617786773516,0.8400001525878906,4
2022-10-10,137.84786987304688,139.29094450363405,136.03176603772727,137.84786987304688,74899000,3612.389892578125,32.45000076293945,3.888000011444092,145.99730224609374,155.32974365234375,142.70400176412272,147.00889253239288,-4.304890768270155,-3.7776726245712027,-0.5272181436989527,27.237588489562015,157.04072758513152,134.95387690705596,0.15128259452935552,4.775182077389423,0.002352999107884281,0.024406980958630975,562732500.0,0.7396330136887753,137.52389526367188,143.71832275390625,139.84068298339844,0.002355769582834011,-0.014250596234488766,0.7513008991042253,-0.00749246363390188,1.0900001525878906,0
2022-10-11,137.33741147407548,138.76086345268553,135.68819163523887,136.43426513671875,77033700,3588.840087890625,33.630001068115234,3.938999891281128,145.267911529541,154.89179595947266,141.73942689836827,146.22558679937998,-4.4861599010117175,-3.9193700798593056,-0.5667898211524118,28.612906703328775,156.82882554885796,133.70699751022406,0.15916679599218964,4.634240922504408,-0.010307760310663012,0.021030258450595883,485698800.0,0.7782444303591067,137.84786987304688,142.7660675048828,143.42379760742188,-0.010254817413065664,-0.0487334221189345,0.769073553577156,-0.006519175777754405,1.1800003051757812,1
2022-10-12,136.58150689181417,137.78897231294513,135.62927355780315,135.80596923828125,70433700,3577.030029296875,33.56999969482422,3.9019999504089355,144.43495483398436,154.47069274902344,140.82658725835486,145.45376327633565,-4.627176017980787,-4.060931267483602,-0.5662447504971855,28.89801515172222,156.21104505412458,132.65886461384414,0.1630642697770194,4.538877439354059,-0.004615754283170985,0.020749847850862972,415265100.0,0.7179247672103687,136.43426513671875,137.52389526367188,143.71832275390625,-0.0046051180603926545,-0.055054591258858365,0.7730239528373314,-0.0032907731480149582,-0.060001373291015625,2
2022-10-13,132.51732843397534,140.95978909716513,131.90867508719168,140.37078857421875,113224000,3669.909912109375,31.940000534057617,3.9519999027252197,143.97454605102538,154.0208938598633,140.75646438387238,145.0772466317344,-4.320782247862013,-4.112901463559284,-0.20788078430272883,39.79704767158608,155.62316936144668,132.32592274060408,0.1618150378649982,4.89228259869445,0.03306024109850691,0.022214127040244402,528489100.0,1.1408591911894361,135.80596923828125,137.84786987304688,142.7660675048828,0.03361280333656169,-0.01677764872652343,0.7720829305218443,0.02596564246086497,-1.6299991607666016,3
2022-10-14,141.66663200393148,141.8727919675868,135.65873850521228,135.8452606201172,88598000,3583.070068359375,32.02000045776367,4.010000228881836,143.36983184814454,153.4868591308594,140.0008945740639,144.39339581605907,-4.392501241995177,-4.168821419246463,-0.22367982274871423,34.790091833868615,155.40119438241513,131.33846931387396,0.16783673914068684,5.046546859271018,-0.032770962952183645,0.023131787971429858,439891100.0,0.9271407860531438,140.37078857421875,136.43426513671875,137.52389526367188,-0.03223981285613964,-0.01220613072612775,0.7990630771746766,-0.02366266361565439,0.07999992370605469,4
2022-10-17,138.48597103526853,140.282437004532,137.7006219624551,139.80142211914062,85250900,3677.949951171875,31.3700008392334,4.014999866485596,142.7773864746094,153.03646301269532,139.9702065040757,144.05324961628733,-4.083043112211641,-4.151665757839498,0.06862264562785736,39.31916008839605,154.24566837023957,131.3091045789792,0.16064563414136496,5.0290144389079785,0.028706553869860884,0.023406714761470434,525142000.0,0.8903553806845262,135.8452606201172,135.80596923828125,137.84786987304688,0.029122558129477838,0.014171798576886996,0.7753741096802093,0.026480052302171098,-0.6499996185302734,0
2022-10-18,142.82500010106065,144.0128276023933,138.03438444661543,141.1168670654297,99136600,3719.97998046875,30.5,3.997999906539917,142.13193054199218,152.62179962158203,140.14661582120706,143.8357397977053,-3.689123976498223,-4.059157401571243,0.37003342507301973,42.94973670648459,152.3157272523988,131.94813383158555,0.1433006175540249,4.970814677949826,0.00936538923796157,0.023173867931010957,624278600.0,1.0400220264790885,139.80142211914062,140.37078857421875,136.43426513671875,0.009409381724085897,0.034321304285390264,0.6945998528077595,0.011427569666488724,-0.8700008392333984,1
2022-10-19,139.09461918905455,142.29489928414645,138.90809708603376,141.22486877441406,61758300,3695.159912109375,30.760000228881836,4.126999855041504,141.64796142578126,152.2083154296875,140.3125008909312,143.64234194412816,-3.329841053196958,-3.913294131896386,0.5834530786994279,51.91986738268943,150.95902761299314,132.33689523856938,0.1314677047730131,4.5704287052292125,0.0007650425037646288,0.022882113059637933,686036900.0,0.6617572130682217,141.1168670654297,135.8452606201172,135.80596923828125,0.0007653352234238131,0.03990177726742594,0.6368064620767175,-0.0066720972934503076,0.26000022888183594,2
2022-10-20,140.40022528755236,143.21764906737312,140.03699260265552,140.76344299316406,64522000,3665.780029296875,29.979999542236328,4.22599983215332,141.18902359008788,151.70078491210938,140.38187659896704,143.4290901699827,-3.0472135710156465,-3.7400780197202383,0.6928644487045919,58.07650424434994,149.64424663832585,132.73380054184992,0.11977167676696879,4.440005034726655,-0.00327266183617482,0.022870634028705584,621514900.0,0.6996667739665446,141.22486877441406,139.80142211914062,140.37078857421875,-0.0032673125155248117,0.0027972658908139714,0.5890804318868035,-0.007950909706564868,-0.7800006866455078,3
2022-10-21,140.25296085326963,145.14175003074126,140.0369895251427,144.57237243652344,86548600,3752.75,29.690000534057617,4.2129998207092285,141.03391723632814,151.28415863037108,141.02656826628342,143.513777745282,-2.4872094789985795,-3.489504311575907,1.0022948325773275,57.58812468861615,149.09272447007132,132.97511000258496,0.11428183222393483,4.427383844654082,0.026699457302353034,0.023615177541984927,708063500.0,0.9433694497260424,140.76344299316406,141.1168670654297,135.8452606201172,0.027059081266890717,0.06424303488077565,0.6201921809974462,0.02372481982226482,-0.28999900817871094,4
2022-10-24,144.49385104011358,147.47815927955588,143.32564645655586,146.7124481201172,75981900,3797.340087890625,29.850000381469727,4.234000205993652,140.96912536621093,150.83945587158203,141.90131901302706,143.7507162915661,-1.849397278539044,-3.1614829049685347,1.3120856264294907,55.52989207826443,148.80971767633332,133.12853305608854,0.11123843309311914,4.459641066805288,0.014694306328294892,0.023869547521830865,784045400.0,0.836102988190148,144.57237243652344,141.22486877441406,139.80142211914062,0.014802798401426065,0.04943459012231566,0.7454002967643554,0.011881976654619875,0.15999984741210938,0
2022-10-25,147.34074408565283,149.69679141311283,146.62411995147127,149.54953002929688,74732300,3859.110107421875,28.459999084472656,4.107999801635742,140.9975944519043,150.4300942993164,143.07796686168396,144.18025804991652,-1.102291188232556,-2.749644561621339,1.6473533733887833,59.03285309895828,148.9637909641012,133.03139793970738,0.11299762301851562,4.372691668946168,0.019153106695090075,0.024227536071051763,858777700.0,0.8267695607043754,146.7124481201172,140.76344299316406,141.1168670654297,0.019337704097588837,0.05975659139284417,0.9336573641444201,0.016266654579669915,-1.3900012969970703,1
2022-10-26,148.19481318791426,149.20594507644813,145.32828678897533,146.6143035888672,88194300,3830.60009765625,27.280000686645508,4.014999866485596,140.973543548584,149.96516967773437,143.622018665866,144.36055771946843,-0.7385390536024374,-2.347423460017559,1.6088844064151218,55.61610145939629,148.86477703498798,133.08231006218,0.11195339618719904,4.511530798195959,-0.01982228899326548,0.024477165376052438,770583400.0,1.00832816274508,149.54953002929688,144.57237243652344,141.22486877441406,-0.019627119121368497,0.03816208052607184,0.9740458481143048,-0.007387716072364547,-1.1799983978271484,2
2022-10-27,145.35776595535313,146.3198108162611,141.48993368404496,142.1476593017578,109180200,3807.300048828125,27.389999389648438,3.937000036239624,141.08741912841796,149.38106842041014,143.39519414831088,144.19663931815654,-0.8014451698456639,-2.0382278019831803,1.2367826321375164,56.90418763018418,148.9773414235622,133.19749683327373,0.11184444855374118,4.458239474946448,-0.03093898194695676,0.022701083637840486,661403200.0,1.2619366820557625,146.6143035888672,146.7124481201172,140.76344299316406,-0.03046526960721818,0.009833634920829448,0.9550229645815447,-0.006082610618211248,0.10999870300292969,3
2022-10-28,145.4853431294892,154.61499335183578,145.11231396636444,152.88723754882812,164762400,3901.06005859375,25.75,4.010000228881836,141.94835357666017,149.01961303710937,144.85550851762122,144.84038733524332,0.015121182377896503,-1.627558005110965,1.6426791874888615,67.12880124459349,151.0181303969299,132.87857675639043,0.12778981357288577,5.115964873815819,0.07283426861756517,0.026621364395732372,826165600.0,1.8615153741406674,142.1476593017578,149.54953002929688,144.57237243652344,0.0755522693783639,0.057513513627615476,0.9540178008981146,0.024626377895927698,-1.6399993896484375,4
2022-10-31,150.35450854811523,151.4147275390832,149.13721674827332,150.5312042236328,97943200,3871.97998046875,25.8799991607666,4.077000141143799,142.48287963867188,148.66267303466796,145.72869247239223,145.2619293269759,0.466763145416337,-1.2086937750055047,1.6754569204218417,65.71801798460416,152.26199522277338,132.70376405457037,0.1372672367220646,5.164346944037829,-0.015530240450961002,0.026389304283363075,728222400.0,1.1169077013253295,152.88723754882812,146.6143035888672,146.7124481201172,-0.015410268135970906,0.02602884862495869,0.9581212490314757,-0.00745440410765752,0.12999916076660156,0
2022-11-01,152.23931825640548,152.60253597457515,146.3983105936967,147.8904571533203,80379300,3856.10009765625,25.809999465942383,4.052000045776367,142.7062126159668,148.33047119140625,146.06127165407347,145.4566350918903,0.604636562183174,-0.846027707567769,1.450664269750943,62.895430572810746,152.77551717787642,132.63690805405716,0.1411193581180224,5.453241703019005,-0.017698554386505146,0.026286848464265836,647843100.0,0.9205262185053722,150.5312042236328,142.1476593017578,149.54953002929688,-0.017542854878044745,-0.01109380200426946,0.9645407261124287,-0.004101230608784645,-0.06999969482421875,1
2022-11-02,146.22162239502856,149.3826416112209,142.34397906464244,142.37342834472656,93604600,3759.68994140625,25.860000610351562,4.059000015258789,142.63896789550782,147.8946041870117,145.49391114494318,145.22824940691518,0.2656617380280011,-0.623689818448615,0.8893515564766161,52.09446500777654,152.6977706871308,132.58016510388484,0.14103863677689674,5.309495169919363,-0.038018462481769606,0.027732530050244116,554238500.0,1.0633800144821606,147.8904571533203,152.88723754882812,146.6143035888672,-0.03730483301484533,-0.028925385452382546,0.9636789210525103,-0.02500198485734284,0.05000114440917969,2
2022-11-03,139.4578493069626,140.18429993575015,136.20848179558848,136.3361053466797,97918500,3719.889892578125,25.299999237060547,4.124000072479248,142.31746978759764,147.33210052490233,144.08501794521032,144.56957206911994,-0.48455412390961783,-0.5958626795408156,0.11130855563119779,50.497615258386205,152.76276982294007,131.87216975225522,0.14678872595095405,5.305987533259617,-0.04333018307918889,0.02932962724030523,456320000.0,1.0940448890410654,142.37342834472656,150.5312042236328,142.1476593017578,-0.04240484385491372,-0.040883922982798304,0.9338652826851424,-0.010585992315429671,-0.5600013732910156,3
2022-11-04,139.71866273149064,140.28898493787645,132.1373429796548,136.07058715820312,140814800,3770.550048828125,24.549999237060547,4.156000137329102,142.24480438232422,146.71520233154297,142.85202859336306,143.94001763127426,-1.0879890379111998,-0.6942879512148925,-0.3937010866963073,45.911777433113095,152.84952003231066,131.64008873233777,0.149105138792742,5.571306502817249,-0.0019494254720507894,0.028143590039728168,315505200.0,1.5265169482214451,136.3361053466797,147.8904571533203,152.88723754882812,-0.0019475265763342353,-0.10999381413542908,0.8702495702825281,0.013618724670070526,-0.75,4
2022-11-07,134.82178704829124,136.8277351131925,133.40581664759068,136.60157775878906,83374600,3806.800048828125,24.350000381469727,4.214000225067139,142.18248977661133,146.234775390625,141.89042077265935,143.39642949257163,-1.5060087199122734,-0.8566321049543687,-0.6493766149579047,44.96562701603573,152.90992909459712,131.45505045862555,0.1508967712527766,5.388697596376103,0.003894722968572156,0.028154015210056095,398879800.0,0.8996974681933163,136.07058715820312,142.37342834472656,150.5312042236328,0.0039023172580903154,-0.09253647133619924,0.7952050008393966,0.009613981920559844,-0.1999988555908203,0
2022-11-08,138.0667529823292,139.06971977616405,135.19548558409738,137.17193603515625,89908500,3828.110107421875,25.540000915527344,4.125999927520752,142.2193733215332,145.80973541259766,141.16450004381272,142.93535590313346,-1.7708558593207329,-1.0394768558276417,-0.7313790034930912,45.52725161379843,152.8683825405089,131.5703641025575,0.14975469192794347,5.423514167372815,0.004166649239564184,0.02807331044120467,488788300.0,0.963511806753022,136.60157775878906,136.3361053466797,147.8904571533203,0.004175341791251785,-0.07247608347746204,0.708942030867421,0.005597892802462701,1.1900005340576172,1
2022-11-09,136.18857977969958,136.23774833279379,132.3438299914245,132.61915588378906,74917800,3748.570068359375,26.09000015258789,4.151000022888184,142.0600326538086,145.34213470458985,139.8498317115014,142.17119293873756,-2.3213612272361672,-1.295853730109347,-1.0255074971268203,41.756513315755264,153.19727478944253,130.92279051817468,0.15679627728616236,5.541189137302396,-0.033753615523764706,0.029078267187981906,413870500.0,0.800938318454815,137.17193603515625,136.07058715820312,142.37342834472656,-0.033190317808158176,-0.06851188859005086,0.6421098030361547,-0.02077788695478977,0.5499992370605469,2
2022-11-10,138.88283878011893,144.4188690185547,137.17187238968415,144.4188690185547,118854000,3956.3701171875,23.530000686645508,3.8289999961853027,142.2624366760254,145.1437094116211,140.55276052797115,142.33768746316846,-1.7849269351973192,-1.3936683711269415,-0.3912585640703776,49.8662608227698,153.41753923294192,131.10733411910888,0.15682428640414842,6.019400039385758,0.08523635879900734,0.03420172534449224,532724500.0,1.2668430629859355,132.61915588378906,136.60157775878906,136.3361053466797,0.0889744249699902,0.05928556966859144,0.6149635019764287,0.05543448436034493,-2.559999465942383,3
2022-11-11,143.38642351170455,147.50648417895965,141.96061049585242,147.20166015625,93979700,3992.929931640625,22.520000457763672,3.812999963760376,142.83025665283202,144.98641052246094,141.57566816309097,142.69798173673004,-1.122313573639076,-1.3393974116293683,0.2170838379902924,50.421503307895804,153.76393111148124,131.8965821941828,0.1531002564145071,6.118925815107701,0.019085594671023477,0.033430084483279186,626704200.0,0.9988476229067165,144.4188690185547,137.17193603515625,136.07058715820312,0.019268888868931633,0.08180366698282326,0.5832093405476712,0.009240746788147902,-1.010000228881836,4
2022-11-14,146.48387656026793,147.7720118834529,144.96956884900007,145.80538940429688,73374100,3957.25,23.729999542236328,3.865000009536743,143.13045501708984,144.8433996582031,142.22639450789188,142.92816008247573,-0.7017655745838454,-1.2118710442202638,0.5101054696364185,46.691929459753,154.04365389826083,132.21725613591886,0.15249303692729746,6.099623784594221,-0.0095307012110025,0.03303467050895504,553330100.0,0.7847977018060516,147.20166015625,132.61915588378906,136.60157775878906,-0.009485428020791553,0.06737705227504698,0.5749372343775078,-0.008935777048800997,1.2099990844726562,0
2022-11-15,149.67962155098414,151.02675299903876,146.0806992107757,147.53599548339844,89868300,3991.72998046875,24.540000915527344,3.7990000247955322,143.45141143798827,144.76013153076173,143.04325619643134,143.26948122328483,-0.22622502685348422,-1.014741840746908,0.7885168138934238,50.832056404178516,154.4920927816073,132.41073009436923,0.15392921175114055,6.171060952767102,0.011799399927660601,0.03306730281848701,643198400.0,0.9660051550630452,145.80538940429688,144.4188690185547,137.17193603515625,0.011869287453448285,0.07555524655995205,0.5869801773870039,0.008713116550319144,0.8100013732910156,1
2022-11-16,146.6411761367448,147.36881668355312,144.83187247009243,146.3068389892578,64218300,3958.7900390625,24.110000610351562,3.691999912261963,143.70550994873048,144.62420349121095,143.5453458568662,143.49447068743098,0.05087516943521564,-0.8016184387104833,0.852493608145699,53.987792710152945,154.76433557143383,132.64668432602713,0.1539095561005112,5.998186174801658,-0.008366129911669108,0.03315143931100003,578980100.0,0.6893787665504396,147.53599548339844,147.20166015625,132.61915588378906,-0.008331231236914927,0.1032104526246791,0.5941778857761592,-0.008252046497990273,-0.43000030517578125,2
2022-11-17,143.98625266251898,148.95197725260945,143.71092672522755,148.2046661376953,80389400,3946.56005859375,23.93000030517578,3.7750000953674316,144.07757110595702,144.55568237304686,144.26216436160914,143.84337405411722,0.4187903074919177,-0.5575366894700031,0.9763269969619208,44.59376564604674,155.2200150699014,132.93512714201265,0.15467284572350315,5.482023066037653,0.012888144504321358,0.03321900480644107,659369500.0,0.8556866598742018,146.3068389892578,145.80538940429688,144.4188690185547,0.01297155458725241,0.026214006139698043,0.6200591403085178,-0.0030893228355314273,-0.18000030517578125,3
2022-11-18,149.76810292744864,150.15159363499748,147.4671586821555,148.76512145996094,74829600,3965.340087890625,23.1200008392334,3.818000078201294,144.2872085571289,144.4412371826172,144.9549269921248,144.2079479360316,0.7469790560932097,-0.29663354035736056,1.0436125964505703,47.87278230267796,155.62490641888945,132.94951069536836,0.1571545804390763,5.405909791201021,0.0037744983568348133,0.03273477611078686,734199100.0,0.8015056347229136,148.2046661376953,147.53599548339844,147.20166015625,0.0037816307466655985,0.010621220589845048,0.6664869740869105,0.00475858190881473,-0.8099994659423828,4
2022-11-21,147.65398361312236,147.86047052115927,145.25470236836378,145.53985595703125,58724100,3949.93994140625,22.360000610351562,3.825000047683716,144.22857894897462,144.14330657958985,145.04491606364888,144.30660778943897,0.7383082742099134,-0.08964517744390577,0.8279534516538192,47.208052460318925,155.52552502696875,132.93163287098048,0.15665336454560486,5.213495056252357,-0.02191872292821882,0.03297678520828929,675475000.0,0.634866116603098,148.76512145996094,146.3068389892578,145.80538940429688,-0.021680253215789813,-0.0018211497417927047,0.6963100697022939,-0.003883688698329779,-0.7600002288818359,0
2022-11-22,145.65789948864827,147.9096756373434,144.47791399161687,147.67367553710938,51804100,4003.580078125,21.290000915527344,3.757999897003174,144.13478622436523,144.07633850097656,145.44934059802742,144.55602021519235,0.8933203828350713,0.10694793461188966,0.7863724482231816,56.84558708471565,155.27579566905683,132.99377677967362,0.15459154221589674,4.955859277620078,0.014554971180065768,0.03284906282059507,727279100.0,0.5670823372320625,145.53985595703125,148.2046661376953,147.53599548339844,0.014661410553464593,0.0009331963583518732,0.7264512384717418,0.013579987927526016,-1.0699996948242188,1
2022-11-23,146.95583870512687,149.29612388958984,146.84767388557262,148.54881286621094,58301400,4027.260009765625,20.350000381469727,3.7060000896453857,144.23151168823242,143.9980126953125,145.92618248544028,144.8517826337863,1.0743998516539648,0.30043831802030474,0.77396153363366,68.20038221230156,155.49606665081268,132.96695672565215,0.15620102473763808,4.690395238682874,0.005908666015924516,0.032560487949152755,785580500.0,0.6488217518556775,147.67367553710938,148.76512145996094,146.3068389892578,0.00592615661470175,0.015323780435976264,0.7561457866046029,0.0059146891478476515,-0.9400005340576172,2
2022-11-25,145.8348275010844,146.39532187887542,144.66468520707087,145.63816833496094,35195900,4026.1201171875,20.5,3.690999984741211,144.4060371398926,143.91919677734376,145.88187261613575,144.9100334264659,0.9718391896698506,0.434718492350214,0.5371206973196366,63.21641866863059,155.64277671558182,133.16929756420336,0.15562700560508694,4.385572788748474,-0.019788363834241457,0.03208299069165064,750384600.0,0.408503527177296,148.54881286621094,145.53985595703125,148.2046661376953,-0.01959385925131185,-0.01731725369800352,0.7377162898871481,-0.0002830441976333642,0.14999961853027344,4
2022-11-28,142.717800718595,144.192767660707,140.98717824134044,141.8131561279297,69246000,3963.93994140625,22.209999084472656,3.703000068664551,143.85233306884766,143.79666900634766,145.25591623333483,144.6806351080558,0.5752811252790195,0.4628310189359751,0.11245010634304442,56.598632306107476,154.39963015324622,133.3050359844491,0.1466406120691923,4.473363619321238,-0.02661485730842927,0.027822097849590794,681138600.0,0.8508728739697853,145.63816833496094,147.67367553710938,148.76512145996094,-0.026263803306245226,-0.04673115084910762,0.7665735638502444,-0.015444192913123267,1.7099990844726562,0
2022-11-29,141.8819361067611,142.39326202258005,138.00770341068628,138.8140106201172,83763800,3957.6298828125,21.889999389648438,3.747999906539917,143.26647338867187,143.53994262695312,144.26485383130134,144.24607033117147,0.018783500129870845,0.3740215151747543,-0.35523801504488345,51.95864557788189,153.55012164448598,132.98282513285776,0.14355973191181023,4.50988679216603,-0.02137540521219276,0.027982489626032173,597374800.0,1.0383083184605968,141.8131561279297,148.54881286621094,145.53985595703125,-0.021148570342140682,-0.04621308227005383,0.7842148996508514,-0.0015918653377758885,-0.31999969482421875,1
2022-11-30,139.0401533008067,146.23799618945276,138.20434805005414,145.55950927734375,111380900,4080.110107421875,20.579999923706055,3.703000068664551,143.14992599487306,143.37061309814453,144.46403159223092,144.343362104962,0.12066948726891269,0.323351109593586,-0.2026816223246733,64.66782963394203,153.26436459276704,133.03548739697908,0.14131252290352186,4.738854084713665,0.0474500174185642,0.03002749393888401,708755700.0,1.3546128341535781,138.8140106201172,145.63816833496094,147.67367553710938,0.048593788387013115,-0.014316473481655545,0.8168928956466954,0.030947872397389053,-1.3099994659423828,2
2022-12-01,145.7365320270306,146.64117635966434,144.1632284025417,145.83485412597656,71250400,4076.570068359375,19.84000015258789,3.5290000438690186,143.32299728393554,143.2692251586914,144.67492736665332,144.45384299540754,0.22108437124578018,0.30289776192402484,-0.08181339067824467,52.17262434328204,153.4997581248416,133.14623644302947,0.14201155479249442,4.073013714882023,0.0018898439034076373,0.02872124972598829,780006100.0,0.8784880867204048,145.55950927734375,141.8131561279297,148.54881286621094,0.0018916307838616753,-0.01826981103294767,0.8480884210048012,-0.0008676332180498347,-0.7399997711181641,3
2022-12-02,143.5240993516398,145.53004745802465,143.2192602974079,145.3432159423828,65447400,4071.699951171875,19.059999465942383,3.50600004196167,143.7733528137207,143.17724548339845,144.77774099368864,144.51972247296126,0.25801852072737574,0.29392191368469506,-0.03590339295731931,46.932837463428,153.43226103558766,134.11444459185373,0.1343629821915816,3.8637080109864104,-0.003376893394987995,0.026785114936548216,714558700.0,0.8234225657318929,145.83485412597656,138.8140106201172,145.63816833496094,-0.003371198103088946,-0.0020252410199209647,0.8195571153399533,-0.001194660488065602,-0.7800006866455078,4
2022-12-05,145.30391187981684,148.40133640660238,143.33728932207632,144.1829376220703,68826400,3998.840087890625,20.75,3.5989999771118164,144.17897033691406,143.10741424560547,144.68623278267043,144.49477544696933,0.19145733570110224,0.2734289980879765,-0.08197166238687426,47.30129578614427,153.13140091133425,135.22653976249387,0.12418497029768433,4.025251157420213,-0.008015058518826444,0.02688064389344458,645732300.0,0.9070100069534921,145.3432159423828,145.55950927734375,141.8131561279297,-0.007983023581729864,0.016710589897617423,0.78275800617488,-0.017894212283564803,1.6900005340576172,0
2022-12-06,144.61555599946504,144.84171332835018,139.55149534602168,140.5249786376953,64727200,3941.260009765625,22.170000076293945,3.513000011444092,144.37514038085936,142.95774810791016,144.04603983728964,144.20071642406015,-0.15467658677050622,0.18780788111627997,-0.3424844678867862,39.04089658409626,152.78389128607986,135.96638947563886,0.11648474776250742,4.030169327962113,-0.025697636583478015,0.0276268293756528,581005100.0,0.8636008643853835,144.1829376220703,145.83485412597656,138.8140106201172,-0.02537026256160191,0.012325614755562597,0.7376196071090492,-0.014399194981406072,1.4200000762939453,1
2022-12-07,139.81699890501977,140.97729872796708,137.6635453309665,138.58786010742188,69721100,3933.919921875,22.68000030517578,3.4079999923706055,144.44593658447266,142.74990234375,143.20631987884846,143.78494928949436,-0.5786294106459025,0.034520422763843484,-0.6131498334097459,38.19552725078394,152.6198991492867,136.27197401965861,0.11317677406638402,4.073714355368868,-0.013880763363217629,0.027826271116417656,511284000.0,0.9429288853903034,140.5249786376953,145.3432159423828,145.55950927734375,-0.01378486977228266,-0.047895525373325865,0.6842665780917792,-0.0018623708845491027,0.5100002288818359,2
2022-12-08,139.9841640195035,141.12480845757423,138.7451974772698,140.26931762695312,62128300,3963.510009765625,22.290000915527344,3.490999937057495,144.82844467163085,142.61338226318358,142.75447337855687,143.52453212930612,-0.7700587507492571,-0.12639541193877665,-0.6436633388104804,37.78379340849948,151.1863665348878,138.4705228083739,0.08779935291954921,3.880564199852472,0.012059778501412767,0.02672064734839279,573412300.0,0.8475717829589345,138.58786010742188,144.1829376220703,145.83485412597656,0.012132790839168184,-0.03816328087259413,0.3678239987237047,0.00752178195750397,-0.3899993896484375,3
2022-12-09,139.96449489513216,143.14060047218985,138.54852454565471,139.78750610351562,76097000,3934.3798828125,22.829999923706055,3.566999912261963,144.5968765258789,142.61172943115236,142.2980168747044,143.247715386655,-0.9496985119506007,-0.2910560319411415,-0.6586424800094592,36.145711426384885,151.34311747217382,137.850635579584,0.09331101899822172,4.016824269401984,-0.0034408159913786266,0.018377063921758502,497315300.0,1.0693237153170994,140.26931762695312,140.5249786376953,145.3432159423828,-0.0034349031676256248,-0.03822476200794667,0.42264752333486266,-0.007349578247904498,0.5399990081787109,4
2022-12-12,140.31847817047847,142.0884409898644,138.7058487137347,142.07861328125,70462700,3990.56005859375,25.0,3.6110000610351562,144.3407241821289,142.73993072509765,142.2642624757114,143.16111523069907,-0.8968527549876626,-0.4122153765504457,-0.4846373784372169,44.500022791702264,151.05951737491034,137.62193098934745,0.09309629324436096,4.007693782582881,0.016257063052772455,0.018219460094044154,567778000.0,1.006785180621428,139.78750610351562,138.58786010742188,144.1829376220703,0.016389928124461717,-0.014594822213541914,0.4162906731751131,0.014279296218109305,2.1700000762939453,0
2022-12-13,147.00502505789572,147.46718252429508,141.8328135242381,143.0422821044922,93886200,4019.64990234375,22.549999237060547,3.500999927520752,144.20256881713868,142.80396270751953,142.38395780321613,143.15231277690594,-0.7683549736898101,-0.48344329597831864,-0.28491167771149145,42.35638265455936,150.90817266158226,137.4969649726951,0.0930025574363638,4.165022879320769,0.006759746537971614,0.018218444046787807,661664200.0,1.32209085817224,142.07861328125,140.26931762695312,140.5249786376953,0.0067826451918879815,0.01791356590978066,0.42036252377393774,0.0072896644387934195,-2.450000762939453,1
2022-12-14,142.9242617747897,144.21239680146076,138.80418622868987,140.81997680664062,82291200,3995.320068359375,21.139999389648438,3.503000020980835,143.86676788330078,142.7518862915039,142.1433453422045,142.9795471494789,-0.8362018072743922,-0.5539949982375334,-0.2822068090368588,37.787443550467636,150.54208429827716,137.1914514683244,0.09279858737621936,4.376434348517459,-0.015657951219058885,0.01824113314783129,579373000.0,1.1650272663937786,143.0422821044922,139.78750610351562,138.58786010742188,-0.015536002817881256,0.01610614881771455,0.41476370798882495,-0.006052724634100337,-1.4099998474121094,2
2022-12-15,138.7550029778536,139.43348990576752,133.7597817593244,134.22193908691406,98931900,3895.75,22.829999923706055,3.450000047683716,143.26252288818358,142.56195861816406,140.9246674567752,142.33083544114075,-1.4061679843655384,-0.7244295954631343,-0.681738388902404,33.84360969019768,151.09532596401058,135.42971981235658,0.10934894790231366,4.603296304815757,-0.04798762268428824,0.020890403845286273,480441100.0,1.3670244333825017,140.81997680664062,142.07861328125,140.26931762695312,-0.04685441561168768,-0.04311262535775706,0.573835781611174,-0.024921675023714007,1.6900005340576172,3
2022-12-16,134.40879318099954,135.35276341025192,131.49818579850947,132.26516723632812,160156900,3852.360107421875,22.6200008392334,3.4820001125335693,142.46554794311524,142.35194061279296,139.5924366536295,141.58523038893242,-1.9927937353029108,-0.9781024234310898,-1.014691311871821,35.733147892702846,151.35361788090705,133.57747800532343,0.12477500793863103,4.5464096989673255,-0.014685941445056564,0.02060353397224523,320284200.0,2.0974303819640543,134.22193908691406,143.0422821044922,139.78750610351562,-0.014578628977479191,-0.05381266950722363,0.7626778149317718,-0.011137750774080746,-0.20999908447265625,4
2022-12-19,132.8551509782634,132.94364536804903,129.12840885731634,130.16087341308594,79592600,3817.659912109375,22.420000076293945,3.5810000896453857,141.53533554077148,142.20468017578125,138.1414269243151,140.7389817240549,-2.5975547997397825,-1.3019928986928284,-1.2955619010469541,36.71498784161774,151.47890236684657,131.5917687146964,0.14051002582617517,4.505672406027249,-0.016037577067827217,0.020600849711206345,240691600.0,1.0391116336164283,132.26516723632812,140.81997680664062,142.07861328125,-0.015909659868968307,-0.08388130762912538,0.8823522208308081,-0.009007516001852345,-0.20000076293945312,0
2022-12-20,129.19725476241064,131.02621414919912,127.72228799900502,130.09207153320312,77432800,3821.6201171875,21.479999542236328,3.684000015258789,140.76294631958007,142.04956420898438,136.90306455645174,139.95032170991772,-3.047257153465978,-1.6510457496474582,-1.3962114038185196,20.129234084134183,151.7426824972117,129.78321014194844,0.15600321625413927,4.167835121084068,-0.0005287308583565942,0.020321420791547855,163258800.0,0.998717823211798,130.16087341308594,134.22193908691406,143.0422821044922,-0.0005285911048280578,-0.09053414403601967,0.9349696592558425,0.0010373383615349674,-0.9400005340576172,1
2022-12-21,130.76068907847488,134.52677190815584,130.53453175568677,133.18946838378906,85928000,3878.43994140625,20.06999969482422,3.684000015258789,140.03873596191406,141.9846682739258,136.3317420683498,139.44951775983412,-3.1177756914843258,-1.944391738014832,-1.1733839534694939,27.979414490634056,151.00993421631256,129.06753770751556,0.15668805033176403,4.307603150929074,0.023530246459346916,0.020881557713902526,249186800.0,1.0844236453270355,130.09207153320312,132.26516723632812,140.81997680664062,0.023809266883688673,-0.054186263880223406,0.9538171513105571,0.014867993802734736,-1.4099998474121094,2
2022-12-22,132.10785363301125,132.31434056379908,128.12544063659777,130.02322387695312,77852100,3822.389892578125,21.969999313354492,3.6689999103546143,139.11245651245116,141.86901336669922,135.36120080813492,138.7512737685096,-3.390072960374681,-2.2335279824868017,-1.1565449778878794,25.595200766166187,150.186117619014,128.03879540588832,0.1592044506175721,4.482491287973548,-0.02405960908486392,0.021119245294952738,171334700.0,0.9705315427332772,133.18946838378906,130.16087341308594,134.22193908691406,-0.023772484005359362,-0.031281884604886456,0.9715419542396213,-0.01445169956861636,1.8999996185302734,3
2022-12-23,128.73507853958517,130.21004508793624,127.47644161865645,129.65939331054688,63814900,3844.820068359375,20.8700008392334,3.750999927520752,138.31351776123046,141.65478546142577,134.48399965465984,138.07780114199383,-3.593801487333991,-2.5055826834562396,-1.0882188038777514,26.26158532601025,149.70587702415634,126.92115849830456,0.16473240573047135,4.316031029741671,-0.0028021190513963833,0.02090395517731058,107519800.0,0.7815962126665205,130.02322387695312,130.09207153320312,132.26516723632812,-0.0027981967802195307,-0.019701135077577314,0.9711157124309296,0.005868102525282026,-1.0999984741210938,4
2022-12-27,129.18741554567987,129.21691367798962,126.57180445054807,127.85993957519531,69007800,3829.25,21.649999618530273,3.859999895095825,137.61585693359376,141.49507904052734,133.46491348858837,137.32092250741616,-3.856009018827791,-2.7756679505305497,-1.0803410682972414,27.960276155071696,149.7881118478994,125.44360201928815,0.17690192373949049,4.158700378146692,-0.013975517903571046,0.02042752980593054,38512000.0,0.8453214541119506,129.65939331054688,133.18946838378906,130.16087341308594,-0.013878313706448542,-0.017677615227644106,0.9725926243245737,-0.004049622110409712,0.779998779296875,1
2022-12-28,127.50595548300566,128.8432592520272,123.76937760067855,123.93653869628906,85438400,3783.219970703125,22.139999389648438,3.88700008392334,136.87198333740236,141.1777813720703,131.99900967438847,136.32948666955488,-4.330476995166407,-3.0866297594577214,-1.2438472357086856,26.152347562777763,150.4707388354787,123.27322783932603,0.19870765611036878,4.284423824885841,-0.03116579286159458,0.02094679692880653,-46926400.0,1.0455182173091082,127.85993957519531,130.02322387695312,130.09207153320312,-0.03068514573009684,-0.04731674086182103,0.972335175092103,-0.012020638322615351,0.48999977111816406,2
2022-12-29,125.8540087323248,128.30245172100172,125.59835320080026,127.44697570800781,75703700,3849.280029296875,21.440000534057617,3.8350000381469727,135.96635665893555,140.90438354492187,131.29869675648376,135.67152289462547,-4.372826138141704,-3.343869035194518,-1.028957102947186,30.30214665755915,149.54151730313512,122.39119601473598,0.19968411271403183,4.415064158783005,0.02793075140660522,0.01867293221469921,28777300.0,0.9470675181100608,123.93653869628906,129.65939331054688,133.18946838378906,0.0283244719325364,-0.04311521583098521,0.9666737669556141,0.01746133164481911,-0.6999988555908203,3
2022-12-30,126.26698977683235,127.78128236285382,125.30334153820444,127.76161193847656,77034200,3839.5,21.670000076293945,3.878999948501587,135.06269454956055,140.6351184082031,130.75452986140573,135.08560356454038,-4.331073703134649,-3.5413099687825444,-0.7897637343521047,31.43027999402473,148.27315432452016,121.85223477460093,0.19561966861415025,4.264054508648308,0.002465719455446268,0.018687222953368644,105811500.0,0.960238352493841,127.44697570800781,127.85993957519531,130.02322387695312,0.0024687618417058577,-0.017393907573133416,0.9642647955161273,-0.0025407424823445934,0.22999954223632812,4
2023-01-03,128.10576937065363,128.7154174535332,122.09773792777466,122.98271942138672,112117500,3824.139892578125,22.899999618530273,3.7929999828338623,133.94466972351074,140.27950393676758,129.5588667167874,134.18909362801048,-4.630226911223076,-3.759093357270651,-0.8711335539524252,22.617012975902142,147.27598832389427,120.61335112312722,0.19905709764938165,4.495132169336082,-0.03812226775987938,0.01994316127845329,-6306000.0,1.3580527376389402,127.76161193847656,123.93653869628906,129.65939331054688,-0.037404760667790526,-0.051493946706729354,0.9531280116396047,-0.004000548879248611,1.2299995422363281,1
2023-01-04,124.77233620258212,126.51280092971427,122.9925456360047,124.25118255615234,89113600,3852.969970703125,22.010000228881836,3.7090001106262207,132.94808197021484,139.87308013916015,128.74229992284356,133.4529520671321,-4.710652144288531,-3.949405114674227,-0.7612470296143039,23.287581794333477,146.0345722730473,119.86159166738237,0.1968661767646157,4.344825919926838,0.010261329492623138,0.020373526306321426,82807600.0,1.0663105023153414,122.98271942138672,127.44697570800781,127.85993957519531,0.010314157474591079,-0.028224297860868552,0.927431489784477,0.007538970575044379,-0.8899993896484375,2
2023-01-05,125.00834271164995,125.63766124201173,122.67790010774006,122.93355560302734,80962700,3808.10009765625,22.459999084472656,3.7200000286102295,132.06851081848146,139.39750228881837,127.84864695056413,132.67373751423546,-4.825090563671324,-4.124542204473647,-0.7005483591976773,23.90237092999776,145.37363885362004,118.76338278334286,0.20148827230172248,4.169936674319751,-0.010661171422641665,0.019937042067468887,1844900.0,0.9594592224468049,124.25118255615234,127.76161193847656,123.93653869628906,-0.010604542556603258,-0.008092715060564748,0.9282689064619227,-0.011645528874622113,0.4499988555908203,3
2023-01-06,123.907033324828,128.115596113896,122.80572219640975,127.45677947998047,87754700,3895.080078125,21.1299991607666,3.569000005722046,131.51195678710937,138.95564727783204,127.78835964739741,132.28729617836473,-4.498936530967313,-4.19942106977238,-0.29951546119493333,39.492964248566764,144.59828275729168,118.42563081692705,0.19901347816406334,4.044913736474753,0.03613331159616541,0.02201553516276186,89599600.0,1.0289538556207067,122.93355560302734,122.98271942138672,127.44697570800781,0.036794053948617345,7.69243202374259e-05,0.9046172759476144,0.02284078102943865,-1.3299999237060547,4
2023-01-09,128.29260255023266,131.18353963295718,127.72228030225448,127.97793579101562,70790800,3892.090087890625,21.969999313354492,3.5169999599456787,130.8973876953125,138.582919921875,127.81752520795405,131.96808429782035,-4.150559089866306,-4.189648673791165,0.039089583924859284,43.0306729961647,143.39320330896692,118.40157208165805,0.19092536273895278,4.035783917991486,0.004080549768851435,0.021776633277528875,160390400.0,0.8258522067906356,127.45677947998047,124.25118255615234,127.76161193847656,0.004088886547749526,0.0016931834942974788,0.8795869075777538,-0.0007676325452631305,0.8400001525878906,0
2023-01-10,128.08609090104719,129.06940194282927,125.98180587179891,128.54824829101562,63896200,3919.25,20.579999923706055,3.621000051498413,130.3354248046875,138.31093170166017,127.92994414380968,131.71476311213112,-3.7848189683214457,-4.108682732697222,0.32386376437577624,47.24091173006074,142.13960686565125,118.53124274372377,0.18113543694897602,3.9838096008698907,0.004446434516362971,0.021869668547333,224286600.0,0.7507621599713166,127.97793579101562,122.93355560302734,122.98271942138672,0.00445633457419814,0.04525456011880191,0.8494755430611551,0.006978233159061986,-1.3899993896484375,1
2023-01-11,129.05956971451124,131.28184718963053,128.28276062052532,131.26219177246094,69458900,3969.610107421875,21.09000015258789,3.553999900817871,129.79460372924805,137.8784307861328,128.44259762514065,131.6812393091926,-3.2386416840519416,-3.934674522968166,0.6960328389162243,51.83582722707616,140.24715884184076,119.34204861665533,0.16106301513731303,3.9620353450778265,0.020892479907962634,0.02212089816607749,293745500.0,0.8166038675493636,128.54824829101562,127.45677947998047,124.25118255615234,0.021112255651289047,0.05642609649320751,0.7792692249331751,0.012849424614881588,0.5100002288818359,2
2023-01-12,131.64567480294028,132.0193227611732,129.24639368399414,131.1835174560547,71379600,3983.169921875,18.829999923706055,3.4489998817443848,129.20166549682617,137.49147705078124,128.86427759912743,131.64437102377497,-2.780093424647532,-3.7037583033040393,0.9236648786565071,46.52351759873022,137.64169728612455,120.76163370752778,0.13064896271798782,3.843337395236852,-0.0005995473806311007,0.02199405693096085,222365900.0,0.8504362263080907,131.26219177246094,127.97793579101562,122.93355560302734,-0.0005993676880134968,0.06710911282569443,0.6468387534204213,0.0034159058663651987,-2.260000228881836,3
2023-01-13,129.8265664212103,132.6683349676498,129.46274610687883,132.51100158691406,57809700,3999.090087890625,18.350000381469727,3.510999917984009,128.78621673583984,137.18388793945311,129.42531205878691,131.70856588030378,-2.2832538215168654,-3.419657406946605,1.1364035854297394,54.60502827884317,135.44918182695974,122.12325164471994,0.10347326383205523,3.710591760492544,0.010068433351979706,0.022048732811452573,280175600.0,0.6989542231574977,131.1835174560547,128.54824829101562,127.45677947998047,0.01011929056791816,0.03965439992721187,0.5408693611209087,0.003996858363534361,-0.4799995422363281,4
2023-01-17,132.5798345273993,134.99877137842552,131.89151977321038,133.6713104248047,63646600,3990.969970703125,19.360000610351562,3.5350000858306885,128.75868530273436,137.0098455810547,130.0785425766358,131.85395436508162,-1.7754117884458083,-3.090808283246446,1.3153964948006376,57.213598796329734,135.33101399925653,122.18635660621221,0.10208753966490809,3.737280913059355,0.00871820654365519,0.01945855136509303,343822200.0,0.7862984287336824,132.51100158691406,131.26219177246094,127.97793579101562,0.008756320788425809,0.0444871578729491,0.6107356684514391,-0.0020304911890052235,1.010000228881836,1
2023-01-18,134.53662257229425,136.29674271738915,132.7764874230637,132.9534912109375,69672800,3928.860107421875,20.34000015258789,3.375,128.79310150146483,136.94219329833984,130.52084236652837,131.9354015388487,-1.4145591723203381,-2.7555584610612245,1.3409992887408864,59.52907155988444,135.44941528952052,122.13678771340915,0.1033644459284953,3.7681856583684,-0.005384502445125674,0.019203731822680065,274149400.0,0.9117044432388324,133.6713104248047,131.1835174560547,128.54824829101562,-0.0053700319955416465,0.03426917891521164,0.6666753102997144,-0.015562598500411085,0.9799995422363281,2
2023-01-19,131.8423392118264,133.97612225756075,131.53751520588366,133.01248168945312,58280400,3898.85009765625,20.520000457763672,3.3970000743865967,128.9356819152832,136.88103118896484,130.90417149313217,132.0151852537083,-1.111013760576128,-2.426649520964205,1.3156357603880768,69.84943421865844,135.83315244469526,122.03821138587115,0.10699087214575739,3.5799517583918603,0.0004435941849225948,0.01881732081304179,332429800.0,0.7734135476758803,132.9534912109375,132.51100158691406,131.26219177246094,0.0004436925873727571,0.013334303605308184,0.6943075284200692,-0.007638350296294338,0.18000030517578125,3
2023-01-20,133.02231973826562,135.71659745917918,131.98001240951498,135.569091796875,80223600,3972.610107421875,19.850000381469727,3.4839999675750732,129.20953292846679,136.86038146972658,131.62185153986184,132.27843759023915,-0.6565860503773138,-2.0726368268468267,1.416050776469513,68.53675235343773,136.70896063652478,121.71010522040878,0.116081647198738,3.5349997601741134,0.019038441816089446,0.019233158190971447,412653400.0,1.06264432379076,133.01248168945312,133.6713104248047,131.1835174560547,0.019220828563975223,0.03343083358234722,0.7577730420276397,0.018918401045981525,-0.6700000762939453,4
2023-01-23,135.81489982286553,140.92812862349226,135.5985702195713,138.7550048828125,81760300,4019.81005859375,19.809999465942383,3.5250000953674316,129.48780975341796,136.8920428466797,132.71925974646962,132.75818331561496,-0.03892356914533934,-1.6658941753065293,1.62697060616119,72.18250752489003,137.95911257413553,121.01650693270038,0.1308432482849061,3.7407923317432474,0.023228410279887226,0.01921553625496511,494413700.0,1.0859971501977295,135.569091796875,132.9534912109375,132.51100158691406,0.023500290838497362,0.04712064070999422,0.8287585045557014,0.01188134498366522,-0.04000091552734375,0
2023-01-24,137.9683697007518,140.77081216801105,137.95854199183503,140.1513214111328,66435100,4016.949951171875,19.200000762939453,3.4690001010894775,129.99421463012695,137.04268615722657,133.8626538487255,133.3058231745422,0.5568306741832885,-1.2213492054085657,1.7781798795918542,90.11947469216734,139.7185087773035,120.26992048295038,0.14961118346451233,3.468977378201638,0.010012882911810381,0.018266107698541523,560848800.0,0.8891793255912545,138.7550048828125,133.01248168945312,133.6713104248047,0.010063179555213742,0.04847720102193054,0.873702522528749,-0.0007115031258156934,-0.6099987030029297,1
2023-01-25,138.53867984910516,140.05297211797858,136.49339126221906,139.49249267578125,65799300,4016.219970703125,19.079999923706055,3.4619998931884766,130.48586959838866,136.9441586303711,134.72878289904176,133.7640949894488,0.9646879095929535,-0.7841417824082619,1.7488296920012154,86.66030981923724,141.0931133745123,119.87862582226501,0.16258072707444546,3.4781094239577945,-0.004711922246210698,0.018307111723847306,495049500.0,0.8795017048546672,140.1513214111328,135.569091796875,132.9534912109375,-0.004700838555912634,0.049182623226262656,0.8966006005744978,-0.0001817250594663422,-0.12000083923339844,2
2023-01-26,140.78065564701856,141.8426334902846,139.53184628445516,141.55747985839844,54105100,4060.429931640625,18.729999542236328,3.493000030517578,131.17074661254884,136.83127502441405,135.7793516620197,134.34138275751914,1.4379689045005648,-0.3397196450264966,1.7776885495270613,93.24192520386498,142.78510806969032,119.55638515540734,0.17708767781047866,3.4345651154029153,0.01469506881054912,0.01797337913231617,549154600.0,0.7304673092012924,139.49249267578125,138.7550048828125,133.01248168945312,0.01480357217084638,0.06424207758859413,0.9182538763480702,0.011007853469181317,-0.35000038146972656,3
2023-01-27,140.77082215722044,144.77289057415175,140.69215546789684,143.4945831298828,70555800,4070.56005859375,18.510000228881836,3.5179998874664307,132.1486488342285,136.78505889892577,136.96631034938326,135.01939759991646,1.9469127494668044,0.11760683387216364,1.8293059155946407,92.31957017423422,144.4703108846122,119.82698678384483,0.1864818469062119,3.3467694860292476,0.013591433583761399,0.01588704970658136,619710400.0,0.9622334965290843,141.55747985839844,140.1513214111328,135.569091796875,0.013684216993846476,0.0584609015813331,0.9278813804229809,0.002494840970949097,-0.2199993133544922,4
2023-01-30,142.54077586673455,143.12092578303154,140.46598895897412,140.6134796142578,64015300,4017.77001953125,19.940000534057617,3.5510001182556152,132.806974029541,136.64660858154298,137.5274133132101,135.4337740454232,2.093639267786898,0.5128133206551105,1.5808259471317876,79.64921476841201,145.473055783093,120.140892275989,0.19074422628942078,3.2969004873101033,-0.02028243940360268,0.016249777316635506,555695100.0,0.8800489850167602,143.4945831298828,139.49249267578125,138.7550048828125,-0.020078134329413633,0.01339392934341288,0.9288348495912784,-0.012968740984683369,1.4300003051757812,0
2023-01-31,140.31848180314623,141.93111130163894,139.9054929686203,141.88194274902344,65874500,4076.60009765625,19.399999618530273,3.5290000438690186,133.51299057006835,136.55811065673828,138.19734091871985,135.9114161716158,2.2859247471040476,0.867435605944898,1.4184891411591496,80.29483692166457,146.56326517666545,120.46271596347125,0.19549070919429737,3.221044934594979,0.008980475854514199,0.016263371177723286,621569600.0,0.9126088168724814,140.6134796142578,141.55747985839844,140.1513214111328,0.009020921310285201,0.01234823418335007,0.9402132614210812,0.014642470285510134,-0.5400009155273438,1
2023-02-01,141.56727363630213,144.1632138517995,138.96150571314269,143.00289916992188,77663600,4119.2099609375,17.8700008392334,3.3970000743865967,134.5139995574951,136.4540753173828,138.93665757275093,136.43671120852736,2.4999463642235753,1.1939377576006334,1.306008606622942,78.75713005382624,147.2303569854753,121.79764212951491,0.189071137127922,3.3783750467058087,0.007869581255639729,0.012661959641948882,699233200.0,1.1022378251014442,141.88194274902344,143.4945831298828,139.49249267578125,0.007900627797867932,0.025165558567368684,0.9329218080317154,0.010452303944590291,-1.529998779296875,2
2023-02-02,146.41502317640206,148.65697138188685,145.6972102432423,148.30299377441406,118339000,4179.759765625,18.729999542236328,3.3959999084472656,135.7165901184082,136.44483276367188,140.3776323730068,137.31569510229673,3.061937270710075,1.5675376602225217,1.4943996104875534,83.39085269527516,148.88744120539428,122.54573903142209,0.19409345718891066,3.5841709849048016,0.03639253225552164,0.014210902420020455,817572200.0,1.6453980189429542,143.00289916992188,140.6134796142578,141.55747985839844,0.037062847223778395,0.04765211928584234,0.9382932700837441,0.014699373244309921,0.8599987030029297,3
2023-02-03,145.5595602225663,154.75352622762708,145.3629009773319,151.9215850830078,154357300,4136.47998046875,18.329999923706055,3.5320000648498535,137.16599159240724,136.57246734619142,142.15362509762235,138.3976128786457,3.7560122189766503,2.0052325719733477,1.7507796470033026,84.75349750077042,150.7861729028442,123.54581028197026,0.19859414352370586,4.025959298442245,0.024107063893234425,0.013820011974568712,971929500.0,2.0420082144775833,148.30299377441406,141.88194274902344,143.4945831298828,0.024399988270621398,0.058726969125359796,0.9251582403037645,-0.010354610691310495,-0.39999961853027344,4
2023-02-06,150.02377712562708,150.54493079230497,148.26364190831887,149.19778442382812,69858300,4111.080078125,19.43000030517578,3.634000062942505,138.2530418395996,136.6029495239258,143.23734191703863,139.19762558569624,4.03971633134239,2.4121293238471564,1.6275870074952339,76.32535784157228,152.07926432488043,124.4268193543188,0.2000132843561145,4.065294410547517,-0.018091662165531156,0.013863223459332684,902071200.0,0.9352334412059744,151.9215850830078,143.00289916992188,140.6134796142578,-0.01792899052291641,0.061048946609666865,0.9191989219789712,-0.006140463017754394,1.1000003814697266,0
2023-02-07,148.12600388600742,152.63939885505883,148.12600388600742,152.06907653808594,83322600,4164.0,18.65999984741211,3.6740000247955322,139.4575988769531,136.6733547973633,144.59607032027668,140.15106639698436,4.445003923292319,2.818704243736189,1.62629967955613,80.20502864604808,153.70589991225424,125.20929784165199,0.20433882628185437,4.136232958742228,0.0190620305700403,0.014050897348768951,985393800.0,1.106208354188047,149.19778442382812,148.30299377441406,141.88194274902344,0.01924487099688621,0.07180007259332943,0.9216931477017639,0.01287251059802652,-0.7700004577636719,1
2023-02-08,151.3119247541495,152.00023955919008,148.64714493246836,149.38462829589844,64120100,4117.85986328125,19.6299991607666,3.6530001163482666,140.49941787719726,136.74828399658202,145.3327715472954,140.83503394505206,4.4977376022433475,3.154510915437621,1.3432266868057265,73.888034709801,154.43265068042135,126.56618507397317,0.19833865525908942,4.206470426880835,-0.01781049070366312,0.015230996154686484,921273700.0,0.8511454239821266,152.06907653808594,151.9215850830078,143.00289916992188,-0.01765282135789903,0.04462657165008621,0.915018007347181,-0.011080724476164705,0.9699993133544922,2
2023-02-09,151.213581264491,151.75440537570756,147.9096553354024,148.35214233398438,56007100,4081.5,20.709999084472656,3.683000087738037,141.35391540527343,136.87906372070313,145.79729012986294,141.39185678867668,4.405433341186267,3.40469540058735,1.000737940598917,69.51945444784933,154.9950046690145,127.71282614153236,0.19300617495639832,4.214196497640905,-0.006935590108549267,0.01521529998293502,865266600.0,0.7501489560087384,149.38462829589844,149.19778442382812,148.30299377441406,-0.006911594410295874,0.00033140638849871173,0.906320124790949,-0.00882979617773516,1.0799999237060547,3
2023-02-10,147.1900447411898,149.04148154329528,146.9536843926681,148.71649169921875,57450700,4090.4599609375,20.530000686645508,3.74399995803833,142.23056411743164,137.07711334228514,146.24639806360997,141.93442233760572,4.311975726004249,3.58615146567073,0.725824260333519,66.64530025670288,155.36370442718592,129.09742380767736,0.18467395374894244,3.980536520784471,0.002452965450978425,0.015159560286022448,922717300.0,0.7767296524322496,148.35214233398438,152.06907653808594,151.9215850830078,0.002455976432171214,-0.021097024376344198,0.9072943281865024,0.0021952617756952897,-0.17999839782714844,4
2023-02-13,148.65743217523777,151.91715888947925,148.62788900472555,151.51339721679688,62199000,4137.2900390625,20.34000015258789,3.7170000076293945,143.1806838989258,137.19619110107422,147.05670562563873,142.64397603236063,4.412729593278101,3.751467091192205,0.6612625020858962,68.13671594705991,156.10087267839916,130.26049511945243,0.18047390789939224,4.014607928540021,0.018632298351623763,0.015391601106380708,984916300.0,0.8384385785002425,148.71649169921875,149.38462829589844,149.19778442382812,0.018806962735746335,0.015520423456093502,0.9218354692459811,0.011448609342766147,-0.1900005340576172,0
2023-02-14,149.8096612758476,151.43461079325414,148.56880303013764,150.87326049804688,61707600,4136.1298828125,18.90999984741211,3.760999917984009,144.0407814025879,137.29695922851562,147.6438679137015,143.2535526594485,4.390315254253011,3.8792367238043663,0.5110785304486445,68.17740031370852,156.5801993988927,131.5013634062831,0.17410927480680138,3.9636553598075546,-0.004233901587065542,0.015573638913107797,923208700.0,0.8329030418475483,151.51339721679688,148.35214233398438,152.06907653808594,-0.00422495126179534,-0.00786363715268279,0.9281865101261462,-0.0002804145319874607,-1.4300003051757812,1
2023-02-15,150.78460186711027,153.13830250713502,150.55809926068437,152.97088623046875,65573800,4147.60009765625,18.229999542236328,3.809000015258789,145.04165115356446,137.44951263427734,148.46340919320417,143.97335514619076,4.490054047013416,4.001400188446176,0.48865385856723975,68.21054425495137,157.0386659645688,133.04463634256012,0.16542854711854268,3.9800883906609323,0.013807467283854274,0.015422355994539505,988782500.0,0.8875426057008822,150.87326049804688,148.71649169921875,149.38462829589844,0.013903230602277716,0.024006873903161585,0.9156338370297287,0.002773175690496066,-0.6800003051757812,2
2023-02-16,151.1785138216891,153.9556914094499,151.02095529189845,151.37548828125,68167900,4090.409912109375,20.170000076293945,3.8429999351501465,145.9598014831543,137.59336364746093,148.91142136059582,144.5216613043433,4.389760056252527,4.079072162007447,0.31068789424508036,62.71292074014526,156.83920070217704,135.08040226413158,0.1490739108778297,3.898231320039258,-0.010484189702354589,0.01585484004624319,920614600.0,0.9165210119284508,152.97088623046875,151.51339721679688,148.35214233398438,-0.010429422150402434,0.020379523340210204,0.8733201466576587,-0.013788741489130674,1.9400005340576172,3
2023-02-17,150.03619479649413,150.6763169294936,148.55897600306773,150.233154296875,59144100,4079.090087890625,20.020000457763672,3.828000068664551,146.6930046081543,137.78752716064454,149.11476488925416,144.94473485934563,4.170030029908531,4.0972637355876635,0.07276629432086779,66.44002046543746,156.5526433869379,136.8333658293707,0.13442548000323007,3.883082613415943,-0.007574978202836284,0.01586093079667848,861470500.0,0.8066260403905605,151.37548828125,150.87326049804688,148.71649169921875,-0.0075463603608834084,0.010198348416688763,0.8138495222779988,-0.002767405825327751,-0.14999961853027344,4
2023-02-21,147.9188390818426,149.00213887625634,146.15603126407484,146.22496032714844,58867200,3997.340087890625,22.8700008392334,3.9549999237060547,147.0665023803711,137.94026916503907,148.67017957200713,145.03956637547918,3.6306131965279462,4.00393362777572,-0.37332043124777403,56.786683389526594,156.1991676294517,137.93383713129052,0.12419776225397634,4.0296186634003375,-0.027042189289871506,0.01679832716812566,802603300.0,0.815581774932781,150.233154296875,152.97088623046875,151.51339721679688,-0.026679823028983307,-0.03490408760409047,0.7281591270688934,-0.020041234255327334,2.8500003814697266,1
2023-02-22,146.60902132895072,147.67262055430007,144.9250004924314,146.64842224121094,51011300,3991.050048828125,22.290000915527344,3.9230000972747803,147.391357421875,138.0678512573242,148.35913998265386,145.1587408840519,3.200399098601963,3.843226721940969,-0.6428276233390058,55.823683380467905,155.93130597745176,138.85140886629824,0.11588126610616731,3.854326657915471,0.0028917766814069556,0.016708651558967495,853614600.0,0.7143741410153461,146.22496032714844,151.37548828125,150.87326049804688,0.002895961900862165,-0.02800256482089236,0.6397493558148526,-0.0015735561458868341,-0.5799999237060547,2
2023-02-23,147.8105044744373,148.05670759936388,145.00379786650186,147.1309814453125,48394200,4012.320068359375,21.139999389648438,3.878999948501587,147.77328186035157,138.21472076416015,148.17019251537056,145.30483277747862,2.8653597378919358,3.647653325131162,-0.7822935872392263,47.787118041690654,155.46715272466523,140.07941099603792,0.10413074362907497,3.6685293379795456,0.003285183590442056,0.01662837632810556,902008800.0,0.6860851563494053,146.64842224121094,150.233154296875,152.97088623046875,0.0032905857200962174,-0.038176576792251504,0.5638182391523604,0.005329429416074394,-1.1500015258789062,3
2023-02-24,144.87576101262292,144.9545478123535,143.50687229977612,144.48184204101562,55469600,3970.0400390625,21.670000076293945,3.9489998817443848,147.91949996948242,138.26278533935547,147.6027539808544,145.2438705007036,2.3588834801508085,3.3898993561350914,-1.031015875984283,35.419204850825054,155.21692733177298,140.62207260719185,0.09866755044191078,3.2566353304967737,-0.018169381246440738,0.016996812767685113,846539200.0,0.7856333019143842,147.1309814453125,146.22496032714844,151.37548828125,-0.018005313213257823,-0.04554004296538572,0.587867469843602,-0.010537551485558128,0.5300006866455078,4
2023-02-27,145.46665970602933,146.90447752822308,145.21059884097443,145.6734619140625,44998500,3982.239990234375,20.950000762939453,3.921999931335449,148.0284439086914,138.31540893554688,147.30593981673258,145.27569208687834,2.0302477298542385,3.117969030878921,-1.0877213010246827,42.65152238236137,155.1095758622672,140.9473119551156,0.09567258516807312,3.168399067105239,0.008213715594338072,0.0168292190390302,891537700.0,0.6490753217158921,144.48184204101562,146.64842224121094,150.233154296875,0.00824754070278666,-0.03035077313095691,0.6057208645241553,0.0030730045671669703,-0.7199993133544922,0
2023-02-28,144.81665531660641,146.81582313308783,144.5999954030627,145.1711883544922,50547000,3970.14990234375,20.700000762939453,3.9159998893737793,148.25632934570314,138.4024331665039,146.97751651484944,145.26795106966455,1.709565445184893,2.836288313740116,-1.1267228685552229,34.04074295308743,154.58621035647485,141.92644833493142,0.08539103913751621,3.004287121460505,-0.003453899244327094,0.01612820458209064,840990700.0,0.7362607126465344,145.6734619140625,147.1309814453125,146.22496032714844,-0.0034479413955756932,-0.007206512282845856,0.6097126843873848,-0.0030360018281855305,-0.25,1
2023-03-01,144.60000744430354,144.9939263960711,142.80764165155819,143.10308837890625,55479000,3951.389892578125,20.579999923706055,3.99399995803833,148.31738662719727,138.58005615234376,146.38145064778126,145.10759087034913,1.2738597774321363,2.5238026064785197,-1.2499428290463834,35.04009372767372,154.40738961389576,142.22738364049877,0.08212122833590647,2.92868819984025,-0.014348387098207772,0.016407142931733235,785511700.0,0.8142643246801023,145.1711883544922,144.48184204101562,146.64842224121094,-0.014245939562992804,-0.024175738191531515,0.7358638029955262,-0.004725264845680033,-0.12000083923339844,2
2023-03-02,142.1872231725768,144.481837933212,141.71450238763347,143.69398498535156,52238100,3981.35009765625,19.59000015258789,4.072999954223633,148.35194091796876,138.8086325073242,145.96799439202283,145.00287932331227,0.9651150687105599,2.2120650989249278,-1.246950030214368,38.667934706350074,154.32163338335377,142.38224845258375,0.0804801397062402,2.85173002164549,0.004120665776862206,0.01633893010664913,837749800.0,0.7812750981041425,143.10308837890625,145.6734619140625,147.1309814453125,0.004129167393513766,-0.02336011373130442,0.8885581493167354,0.0075821940867943916,-0.9899997711181641,3
2023-03-03,145.79161175732688,148.8149928448926,145.0924034132026,148.7362060546875,70732300,4045.639892578125,18.489999771118164,3.9639999866485596,148.37360153198242,139.18013916015624,146.39387310935587,145.27942204415487,1.1144510652009956,1.9925422921801414,-0.8780912269791459,50.03906793345147,154.34568948303922,142.4015135809256,0.08050068057112576,3.068387929425051,0.03448837365097472,0.016121284274106487,908482100.0,1.0969260782244301,143.69398498535156,145.1711883544922,144.48184204101562,0.03508999398861379,0.02944566565301776,0.9479040066157209,0.0161477371607488,-1.1000003814697266,4
2023-03-06,151.4542972077173,153.92618602775224,151.1293223291666,151.4936981201172,87558000,4048.419921875,18.610000610351562,3.9830000400543213,148.3522071838379,139.60817169189454,147.1784615725499,145.73973879052244,1.4387227820274688,1.881778390149607,-0.4430556081221382,49.96090122820418,154.2736290424315,142.43078532524427,0.07982923841848606,3.204152935732982,0.01836971979701769,0.01571848401662015,996040100.0,1.4320359449886757,148.7362060546875,143.10308837890625,145.6734619140625,0.018539480995069857,0.0399539911359299,0.9082463151341911,0.0006871667698291617,0.12000083923339844,0
2023-03-07,151.36567408118486,151.69066400049135,148.83471383986452,149.29757690429688,56182000,3986.3701171875,19.59000015258789,3.9749999046325684,148.35719680786133,139.93033386230468,147.5044793158956,146.00328235450573,1.5011969613898657,1.8056621043976588,-0.30446514300779315,47.05451475252722,154.28178606820418,142.43260754751847,0.0798692532323301,3.197821219587811,-0.014602552813938753,0.015526964261086044,939858100.0,0.9292654523958209,151.4936981201172,143.69398498535156,145.1711883544922,-0.014496452612035693,0.028424294080506618,0.8747688425482644,-0.015326919115337678,0.9799995422363281,1
2023-03-08,150.48919246419973,151.13917230662574,149.52408044265695,150.54827880859375,47204800,3992.010009765625,19.110000610351562,3.9760000705718994,148.28115692138672,140.3408349609375,147.97275616092608,146.33994875851224,1.632807402413846,1.7710911640008964,-0.13828376158705047,45.323244272470625,154.04192711767283,142.52038672510062,0.07770063730134306,3.1450635164362546,0.00834234746943494,0.015012013948662365,987062900.0,0.8048200408455787,149.29757690429688,148.7362060546875,143.10308837890625,0.008377241816178937,0.052026762762619416,0.8026528410292706,0.0014147940136839399,-0.4799995422363281,2
2023-03-09,151.22778082054958,152.19289270805663,147.9483539187185,148.30288696289062,53833600,3918.320068359375,22.610000610351562,3.924999952316284,148.22706985473633,140.71370483398437,148.0235455150745,146.48535158846622,1.5381939266082725,1.7245117165223716,-0.18631778991409909,44.213667246355485,153.9644828581038,142.48965685136886,0.07741383552936955,3.2386208501353013,-0.015027106172679959,0.01485519803609845,933229300.0,0.9259577466072704,150.54827880859375,151.4936981201172,143.69398498535156,-0.014914762649381741,0.03207442523087445,0.7459706790583943,-0.01845935787384867,3.5,3
2023-03-10,147.92869544727571,148.64760438030467,145.3681768808884,146.24465942382812,68572400,3861.590087890625,24.799999237060547,3.694999933242798,148.1216957092285,141.08139923095703,147.7498707318058,146.46752253923376,1.2823481925720444,1.6360790117323063,-0.35373081916026194,42.73931994768999,153.92645413194427,142.31693728651274,0.07837823345083549,3.2716862230805868,-0.013975747315132528,0.015100515204102138,864656900.0,1.1668609807057773,148.30288696289062,149.29757690429688,148.7362060546875,-0.013878539934138456,-0.01675144671865092,0.7264857640246004,-0.01447813845705137,2.1899986267089844,4
2023-03-13,145.56513330123872,150.81418573238946,145.45680332509693,148.1847381591797,84457100,3855.760009765625,26.520000457763672,3.515000104904175,148.09510803222656,141.56636322021484,147.81677341294025,146.59472369626678,1.2220497166734674,1.5532731527205388,-0.3312234360470714,53.858090888445915,153.89326292264957,142.29695314180356,0.07830312516685273,3.3631333212586134,0.013178757491923437,0.01540632538770014,949114000.0,1.4048817407757805,146.24465942382812,150.54827880859375,151.4936981201172,0.013265980056947457,-0.021842228435890898,0.6585403628763915,-0.001509761003189447,1.720001220703125,0
2023-03-14,148.98240499263105,151.07020228030825,147.82033368029548,150.2725067138672,73695900,3919.2900390625,23.729999542236328,3.638000011444092,148.03306350708007,142.02287384033204,148.19457853615978,146.86715206794088,1.3274264682189028,1.5081038158202118,-0.18067734760130905,56.695745427030396,153.7023292024217,142.36379781173844,0.07659458719599474,3.3990082168403353,0.013990631120778139,0.015140704431422488,1022809900.0,1.2142661305364224,148.1847381591797,148.30288696289062,149.29757690429688,0.014088958017018038,0.006530111404254413,0.5520142066463704,0.016476655480623936,-2.7900009155273438,1
2023-03-15,148.8937927615987,150.92250395033966,147.64307677577528,150.6664581298828,77167900,3891.929931640625,26.139999389648438,3.492000102996826,148.02272338867186,142.48097076416016,148.57486770442486,147.14858214660325,1.4262855578216147,1.4917401642204926,-0.0654546063988779,56.553493757944345,153.67089280188569,142.37455397545804,0.07631489657683294,3.4151880341047893,0.002618149771700884,0.015127169449656397,1099977800.0,1.2554825136722707,150.2725067138672,146.24465942382812,150.54827880859375,0.0026215801188820276,0.0007849928423246944,0.41481841043775425,-0.00698088356543769,2.4099998474121094,2
2023-03-16,149.84904194741503,154.08373780814682,149.33693534803646,153.48300170898438,76161100,3960.280029296875,22.989999771118164,3.5850000381469727,148.04832916259767,143.09097640991212,149.32996524358785,147.61779841048335,1.7121668331045043,1.5358254979972952,0.17634133510720917,66.58198115742735,153.7947393900426,142.30191893515274,0.07762884268871136,3.4953804137172164,0.018521315773656594,0.01538920057786307,1176138900.0,1.2285217464242566,150.6664581298828,148.1847381591797,148.30288696289062,0.018693899186729146,0.03492929134542044,0.20779262283160474,0.017562006217166637,-3.1499996185302734,3
2023-03-17,153.70953434482817,154.35951419092353,151.93686886777078,152.64593505859375,98944600,3916.639892578125,25.510000228881836,3.3949999809265137,148.11185150146486,143.65887145996095,149.84011444589646,147.99025297701004,1.8498614688864166,1.5986326921751195,0.25122877671129706,63.01473880405719,154.03838657346384,142.18531642946587,0.08002783047972861,3.495381116284737,-0.005468733177663875,0.015246703170866202,1077194300.0,1.5573749268784765,153.48300170898438,150.2725067138672,146.24465942382812,-0.005453806878091716,0.04377100442494952,0.02593210844738494,-0.011019457310067593,2.520000457763672,4
2023-03-20,152.71486085947325,155.4230948668754,151.80882025865256,155.00946044921875,73641400,3951.570068359375,24.149999618530273,3.4809999465942383,148.35066680908204,144.30038955688477,150.63539844640758,148.51019427124774,2.125204175159837,1.703946988772063,0.4212571863877739,67.1709061236838,154.98033797551705,141.72099564264704,0.08937838041492556,3.5952701790131454,0.015365060547469249,0.015474932542349096,1150835700.0,1.1460305208083688,152.64593505859375,150.6664581298828,148.1847381591797,0.015483709996717332,0.04605550055166918,-0.0671732316229078,0.008918403718310097,-1.3600006103515625,0
2023-03-21,154.93070734117964,156.9791040860205,154.16253977805687,156.86093139648438,73938300,4002.8701171875,21.3799991607666,3.6059999465942383,148.88246536254883,144.88847259521484,151.59317274641938,149.12876739163565,2.464405354783736,1.8560386619743978,0.6083666928093381,74.19475506686045,156.43612387248402,141.32880685261364,0.10147143240194223,3.627628579372405,0.011873475310463403,0.0140715803367167,1224774000.0,1.1373136277501061,155.00946044921875,153.48300170898438,150.2725067138672,0.01194424483447687,0.043843180809927995,0.05593958203904698,0.012982193897784988,-2.770000457763672,1
2023-03-22,156.88061300312046,159.6774765177441,155.41323716716616,155.4329376220703,75701800,3936.969970703125,22.260000228881836,3.5,149.3216911315918,145.43757263183593,152.18390580421183,149.59574296426044,2.5881628399513943,2.0024634975697975,0.5856993423815968,70.05386456908344,157.33593762844237,141.30744463474122,0.10734202695022936,3.7345502797295063,-0.009145256238902586,0.014354025624067318,1149072200.0,1.1427397447207284,156.86093139648438,152.64593505859375,150.6664581298828,-0.009103565570477423,0.03163596962024906,0.037709206269938754,-0.01646322377571363,0.8800010681152344,2
2023-03-23,156.41777837205046,159.09646969740976,155.28523492873595,156.51625061035156,67622100,3948.719970703125,22.610000610351562,3.4059998989105225,149.79095458984375,145.99693267822266,152.85042038977178,150.1083731602672,2.7420472295045784,2.1503802439567536,0.5916669855478247,65.36972182314629,158.34594096138758,141.23596821829992,0.11422567397302488,3.640995058953276,0.006945473070776844,0.014382383299120673,1216694300.0,1.0061723228623687,155.4329376220703,155.00946044921875,153.48300170898438,0.00696964880709694,0.019762767652397484,0.056517193954069574,0.0029845287333754023,0.35000038146972656,3
2023-03-24,156.44730394409444,157.90482213956633,155.45264879499626,157.81619262695312,59196500,3970.989990234375,21.739999771118164,3.380000114440918,150.45767211914062,146.5280126953125,153.61438534933814,150.6793227503921,2.935062598946047,2.3073167149546125,0.6277458839914343,63.25354039961079,159.34254436418232,141.57279987409893,0.11810460869029216,3.4454374426322283,0.008271175664923209,0.013514197884770969,1275890800.0,0.8783694955101091,156.51625061035156,156.86093139648438,152.64593505859375,0.008305476342119755,0.03387091550374244,0.10335739017747016,0.005639807253104534,-0.8700008392333984,4
2023-03-27,157.51092158923748,158.3283178086609,155.4723523985585,155.87612915039062,52390300,3977.530029296875,20.600000381469727,3.5280001163482666,150.96780548095703,147.0218649291992,153.96234593411543,151.0642713726142,2.8980745615012324,2.4254682842639363,0.4726062772372961,63.93995046527719,159.86766738085834,142.06794358105572,0.11790410374646312,3.4454385318804817,-0.0123693700982498,0.013985127515368125,1223500500.0,0.7731378132765552,157.81619262695312,155.4329376220703,155.00946044921875,-0.01229318388860412,0.005591069723488218,0.1628623518353045,0.0016469543057482383,-1.1399993896484375,0
2023-03-28,155.57080817581272,156.08291480553032,153.61102618902072,155.2556610107422,45992200,3971.27001953125,19.969999313354492,3.563999891281128,151.47202911376954,147.4767581176758,154.1613174843657,151.3747446791422,2.7865728052235,2.497689188455849,0.28888361676765095,60.24867665457213,160.12846486045075,142.81559336708833,0.11429748181665178,3.4904594757505345,-0.0039884639358310275,0.013999388829925605,1177508300.0,0.6810080687970336,155.87612915039062,156.51625061035156,156.86093139648438,-0.003980520577655633,-0.010233717034898171,0.20592016620648548,-0.0015738434957162095,-0.6300010681152344,1
2023-03-29,156.94956160428092,158.60405440029712,156.92987617396892,158.32830810546875,51305700,4027.81005859375,19.1200008392334,3.565999984741211,152.23329010009766,147.96989807128907,154.8023929645354,151.8898234514627,2.9125695130726967,2.5806652533792187,0.33190425969347803,71.06795219912499,160.4579635829815,144.00861661721382,0.10805354699324819,3.4264490900517353,0.019597592595504202,0.013796010505662657,1228814000.0,0.7620397254852654,155.2556610107422,157.81619262695312,155.4329376220703,0.019790886043852263,0.018627779463567862,0.3058912252858554,0.014237268879836451,-0.8499984741210938,2
2023-03-30,159.07676882534926,160.0024950198449,158.8207229739758,159.8941650390625,49501700,4050.830078125,19.020000457763672,3.5510001182556152,153.0432991027832,148.50871154785156,155.58574251446265,152.48273764313674,3.1030048713259077,2.6851331769685567,0.41787169435735105,79.28991757878345,160.9101106326999,145.1764875728665,0.1028050437495259,3.311789048263155,0.009841351279542866,0.013834862383914901,1278315700.0,0.7367422391893673,158.32830810546875,155.87612915039062,156.51625061035156,0.009889936628077134,0.02158187674147838,0.49658243971249727,0.005715269388667954,-0.10000038146972656,3
2023-03-31,159.97295363930863,162.49407137264149,159.4510041879724,162.3955841064453,68749800,4109.31005859375,18.700000762939453,3.49399995803833,153.72626800537108,149.0963735961914,156.63341045169074,153.21702256634478,3.416387885345955,2.8313841186440363,0.5850037667019188,79.7771101826167,162.35360754956147,145.0989284611807,0.112242880232921,3.1464808180757666,0.015523108033953533,0.012296337797587861,1347065500.0,1.0247267660602353,159.8941650390625,155.2556610107422,157.81619262695312,0.01564421732820409,0.02901724723721455,0.7321196693183412,0.014436542471763847,-0.31999969482421875,4
2023-04-03,161.775118163648,163.76442815863666,161.7258745440201,163.64625549316406,56976200,4124.509765625,18.549999237060547,3.430000066757202,154.33389587402343,149.6579168701172,157.7123096888405,153.98955833870176,3.7227513501387364,3.0096575649429766,0.7130937851957597,79.0418844212114,163.95388320393337,144.71390854411348,0.12466460819161018,3.0599583191188953,0.007671883599738302,0.011882051326470272,1404041700.0,0.869046091952673,162.3955841064453,158.32830810546875,155.87612915039062,0.00770138790164987,0.0498480837644919,0.8563309174781961,0.0036988464765423945,-0.15000152587890625,0
2023-04-04,164.06975594835677,164.30610131295074,162.60238002597387,163.11448669433594,46278300,4100.60009765625,19.0,3.3369998931884766,155.02474136352538,150.14510650634764,158.54341384353208,154.66547895763762,3.8779348858944616,3.1833130291332736,0.6946218567611879,76.87079132065081,165.09579063372092,144.95369209332983,0.12992828346772636,2.9474078985769308,-0.003254792878220386,0.011205819568009973,1357763400.0,0.7112452574543446,163.64625549316406,159.8941650390625,155.2556610107422,-0.0032495017819111904,0.05061860954010555,0.9145472506155319,-0.005796972083329965,0.4500007629394531,1
2023-04-05,162.2379998945446,162.54328933366952,159.34264903941414,161.2728729248047,51511700,4090.3798828125,19.079999923706055,3.2869999408721924,155.56097106933595,150.5675375366211,158.9633306252663,155.15491554779814,3.808415077468169,3.308333438800253,0.5000816386679157,67.55438583702232,165.76956645409643,145.35237568457546,0.1312487999346617,2.8777675553491764,-0.011354533404474988,0.011698197193467664,1306251700.0,0.7890652129923242,163.11448669433594,162.3955841064453,158.32830810546875,-0.011290313980402589,0.018597841754075084,0.9507405181987347,-0.002492370531228194,0.07999992370605469,2
2023-04-06,159.963052724609,162.4546416380935,159.5395906537556,162.15919494628906,45390100,4105.02001953125,18.399999618530273,3.2880001068115234,156.25378646850587,151.02087158203125,159.45500205926982,155.67375105879748,3.781251000472338,3.4029169511346704,0.37833404933766746,71.39053707158781,166.26725270262696,146.24032023438477,0.1281692618199609,2.9129393882909733,0.005480744355191958,0.010863221177891114,1351641800.0,0.6998191713798487,161.2728729248047,163.64625549316406,159.8941650390625,0.0054957911111166435,0.014165807155459342,0.9635601354865458,0.0035791630944272956,-0.6800003051757812,3
2023-04-10,158.96843186504725,159.5691680908203,157.6487867222166,159.5691680908203,47716900,4109.10986328125,18.969999313354492,3.4149999618530273,156.92001190185547,151.38110534667967,159.47256606412373,155.96230046857696,3.5102655955467696,3.424386680017091,0.08587891552967886,60.149112909963705,165.8432182897927,147.99680551391825,0.11372936160007667,2.976948932280231,-0.016101053602099395,0.011061698031520701,1303924900.0,0.7477147931475291,162.15919494628906,163.11448669433594,162.3955841064453,-0.01597212453062946,-0.01740451275924082,0.9530017852789352,0.0009963029974375814,0.5699996948242188,0
2023-04-11,159.88432686993428,159.89416958590462,158.07226031922266,158.3578643798828,47644200,4108.93994140625,19.100000381469727,3.434000015258789,157.4286682128906,151.6783709716797,159.30107349731742,156.1397496471922,3.1613238501252283,3.3717741140387183,-0.21045026391348998,53.429649585133475,165.35995131983864,149.49738510594258,0.10076034050192896,2.9059021436172543,-0.007620047674002422,0.011166152801689954,1256280700.0,0.7687482649627475,159.5691680908203,161.2728729248047,163.64625549316406,-0.007591088713629679,-0.03231599218292014,0.9189998408989879,-4.1352477946232646e-05,0.13000106811523438,1
2023-04-12,158.77145737665472,159.59869619161648,157.35332510698044,157.66847229003906,50133100,4091.949951171875,19.09000015258789,3.4210000038146973,157.79846649169923,152.0194708251953,159.04990408081306,156.25298836147715,2.7969157193359138,3.256802435098158,-0.45988671576224416,55.30129235917424,164.979021945031,150.61791103836745,0.09100919182518799,2.7616972674785467,-0.004362884376297174,0.010995917816570054,1206147600.0,0.8245820455689515,158.3578643798828,162.15919494628906,163.11448669433594,-0.004353380822249342,-0.03338768073066556,0.8974371353223255,-0.004134884052006904,-0.010000228881835938,2
2023-04-13,159.17525665056672,163.28192316496492,158.9684394039646,163.04556274414062,68445600,4146.22021484375,17.799999237060547,3.4519999027252197,158.41742172241212,152.44274322509764,159.66462079824808,156.75614201945223,2.9084787787958533,3.1871377038376973,-0.2786589250418441,62.863821848220105,165.1282323753668,151.70661106945744,0.08472313941220096,2.890426989353693,0.03353513586936696,0.013015604849408313,1274593200.0,1.1339171877443588,157.66847229003906,159.5691680908203,161.2728729248047,0.034103777223198684,0.01099186606641811,0.8909224028705953,0.01326268999363811,-1.2900009155273438,3
2023-04-14,162.09028798128088,163.79402444901268,161.3319931654023,162.7008819580078,49386500,4137.64013671875,17.06999969482422,3.5220000743865967,158.8783157348633,152.83670288085938,160.13173789974957,157.1964931260119,2.9352447737376792,3.136759117817694,-0.20151434408001467,60.00004998103845,165.42639248104317,152.33023898868342,0.0824288288290685,2.8911311278565717,-0.0021162528118239383,0.012611218954194859,1225206700.0,0.8367281762217834,163.04556274414062,158.3578643798828,162.15919494628906,-0.0021140151276223262,0.003340464362185269,0.8969085320955765,-0.0020693734728036706,-0.7299995422363281,4
2023-04-17,162.5826774005875,162.8781241294329,161.53877864877254,162.72055053710938,41516200,4151.31982421875,16.950000762939453,3.5910000801086426,159.38204650878907,153.12505401611327,160.53001676703568,157.60568256387094,2.924334203164733,3.094274134887102,-0.16993993172236888,65.20784511565334,165.44335648758508,153.32073652999307,0.07606013489683425,2.7828011328964277,0.00012088066219049922,0.012476839090616207,1266722900.0,0.7393548182582504,162.7008819580078,157.66847229003906,159.5691680908203,0.00012088796855214134,0.019749319270095045,0.885978437646074,0.00330615690296554,-0.11999893188476562,0
2023-04-18,163.57736611842117,164.86746811951792,163.13418846133288,163.94174194335938,49923000,4154.8701171875,16.829999923706055,3.572000026702881,159.8286605834961,153.3654571533203,161.05489756339318,158.0750202956849,2.979877267708275,3.071394761451337,-0.09151749374306162,68.79806831818593,165.8495812090913,153.80773995790088,0.07534218961247968,2.759588916174924,0.00747681702698242,0.01219335789243603,1316645900.0,0.908252208956044,162.72055053710938,163.04556274414062,158.3578643798828,0.007504838216310539,0.03526113202740255,0.8828690767740731,0.0008552202959737354,-0.12000083923339844,1
2023-04-19,163.28189796071484,165.60605581206516,163.0258371209191,165.0841064453125,47720200,4154.52001953125,16.459999084472656,3.6019999980926514,160.2398193359375,153.68318359375,161.67477585291923,158.594211862324,3.0805639905952376,3.073228607280117,0.007335383315120403,65.95352611453583,166.52473559612605,153.95490307574897,0.07844387601327006,2.7047192948600047,0.006943947399837958,0.012049291758848847,1364366100.0,0.8893878783761583,163.94174194335938,162.7008819580078,157.66847229003906,0.006968112503939361,0.04703308180491539,0.8835647039095409,-8.42619976980652e-05,-0.37000083923339844,2
2023-04-20,163.56749547193866,165.32046042282218,163.04554607797024,164.11898803710938,52456400,4129.7900390625,17.170000076293945,3.5450000762939453,160.67412185668945,153.92418182373046,162.05080849664077,159.0034545419377,3.0473539547030555,3.068053676764705,-0.020699722061649606,60.26806640914727,166.75766797109424,154.59057574228467,0.07572527603207813,2.7476283970368462,-0.00586337850025026,0.011903027615994299,1311909700.0,0.9993059052725958,165.0841064453125,162.72055053710938,163.04556274414062,-0.0058462224437265675,0.0065835909601124065,0.8662234632924739,-0.00595254815297297,0.7100009918212891,3
2023-04-21,162.5432913390932,163.9220227028112,161.991798793606,162.5137481689453,58337300,4133.52001953125,16.770000457763672,3.569999933242798,160.97399673461913,154.1867642211914,162.12202998468763,159.26347629208644,2.858553692601191,3.0261536799320026,-0.16759998733081138,50.3002676973376,166.7794953281628,155.16849814107547,0.07212964467937731,2.682208544096438,-0.009829099253595314,0.01217736725835115,1253572400.0,1.121254571644689,164.11898803710938,163.94174194335938,162.7008819580078,-0.009780951536217719,-0.001150170710880305,0.8575215447817165,0.0009031888869577287,-0.39999961853027344,4
2023-04-24,162.49405610505224,163.0849495926161,161.40091367199096,162.8190460205078,41949600,4137.0400390625,16.889999389648438,3.515000104904175,161.22413940429686,154.47610229492187,162.22926322096765,159.52685182752506,2.7024113934425884,2.96140522263412,-0.2589938291915317,47.791879826647985,166.88609311396232,155.5621856946314,0.07023704676713634,2.6568858516684792,0.001876834715915968,0.012084325345775858,1295522000.0,0.8198685657049325,162.5137481689453,165.0841064453125,162.72055053710938,0.0018785970725696544,0.0006053045117737632,0.8667246805552928,0.0008515791660903549,0.11999893188476562,0
2023-04-25,162.68119268208375,163.78417796430023,161.2433597017252,161.2827606201172,48714100,4071.6298828125,18.760000228881836,3.3959999084472656,161.4944709777832,154.72742767333983,162.0836474362214,159.65691914549484,2.4267282907265724,2.8544698362526106,-0.42774154552603827,45.35933421576753,166.56688986879425,156.42205208677217,0.06281848363352145,2.716678492782632,-0.009480335346846894,0.011925270287252243,1246807900.0,0.9555074256940232,162.8190460205078,164.11898803710938,163.94174194335938,-0.009435538642064811,-0.016219062282263885,0.8219825447813576,-0.015810858882773227,1.8700008392333984,1
2023-04-26,160.58350725145092,162.76979197769046,160.32746143764658,161.2728729248047,45498800,4055.989990234375,18.84000015258789,3.431999921798706,161.79533157348632,154.9226171875,161.95891289600345,159.7766194254437,2.182293470559756,2.72003456311404,-0.5377410925542838,50.0,165.93832369358637,157.65233945338628,0.051212752306370825,2.621713698862781,-6.130846457045442e-05,0.011858737714633876,1201309100.0,0.8928726669161543,161.2827606201172,162.5137481689453,165.0841064453125,-6.130658524494681e-05,-0.023086616892283085,0.6914289609394376,-0.003841187197329843,0.07999992370605469,2
2023-04-27,162.68118215487013,165.99999552987848,162.68118215487013,165.85227966308594,64902300,4135.35009765625,17.030000686645508,3.5280001163482666,162.1715301513672,155.22219757080077,162.5578923986315,160.2266683319357,2.331224066695796,2.642272463830391,-0.311048397134595,58.550012788103245,166.3551798117319,157.9878804910025,0.051595365184749394,2.751147386058201,0.027999717417080117,0.01264162620082297,1266211400.0,1.2568806451113141,161.2728729248047,162.8190460205078,164.11898803710938,0.028395393814410808,0.010561188846622827,0.6206875576569258,0.01956614972249704,-1.8099994659423828,3
2023-04-28,165.93106728858945,167.27041291997128,165.33033104891717,167.1029815673828,55275900,4169.47998046875,15.779999732971191,3.4519999027252197,162.5319709777832,155.50483947753906,163.2571368861317,160.73602486789477,2.52111201823692,2.618040374711697,-0.09692835647477693,68.5950027267167,167.11278590666143,157.95115604890498,0.05636817053679102,2.5675526465568907,0.0075127678253967805,0.01257929118964659,1321487300.0,1.064506605610913,165.85227966308594,161.2827606201172,162.5137481689453,0.007541059470738354,0.028239047158438835,0.6594458408818461,0.008253202753460531,-1.2500009536743164,4
2023-05-01,166.70903856930101,167.86126725124362,166.07875924686118,167.0143280029297,52472900,4167.8701171875,16.079999923706055,3.5739998817443848,162.7629081726074,155.81761627197267,163.83516628871598,161.20108435937883,2.6340819293371567,2.621248685636789,0.012833243700367536,72.61947481320223,167.76142677574637,157.76438956946845,0.061420856376418566,2.5647382706783537,-0.000530673293446856,0.01219092741359373,1269014400.0,1.0266165014737598,167.1029815673828,161.2728729248047,162.8190460205078,-0.0005305325112788806,0.025766530912442853,0.7042028524970952,-0.0003861064902076494,0.3000001907348633,0
2023-05-02,167.50673256610264,167.76279339985444,164.99545801480568,165.9802703857422,48425700,4119.580078125,17.780000686645508,3.438999891281128,162.87960891723634,156.13255859375,164.1651823036431,161.55509813910945,2.610084164533646,2.6190157814161608,-0.00893161688251487,71.3345730672762,168.07025596987336,157.68896186459932,0.06373599601745766,2.602021434993548,-0.006210676966165521,0.01221036383433615,1220588700.0,0.9554258128745935,167.0143280029297,165.85227966308594,161.2827606201172,-0.006191430576958368,0.029125926091316368,0.6690376145387442,-0.011586262936400304,1.7000007629394531,1
2023-05-03,166.9256982160475,168.32412999077732,164.62124085601573,164.90682983398438,65136000,4090.75,18.34000015258789,3.4030001163482666,162.96922607421874,156.50619598388673,164.2792819236956,161.80337456095202,2.475907362743584,2.5903940976816453,-0.11448673493806139,56.13227371718947,168.23824600301197,157.7002061454255,0.06466275941438948,2.4655527392675287,-0.006488281452087298,0.012286764950730882,1155452700.0,1.2616452465313037,165.9802703857422,167.1029815673828,161.2728729248047,-0.006467278003964627,0.022532970630926075,0.6117973842035006,-0.006998305064656485,0.5599994659423828,2
2023-05-04,162.38573893481126,164.50307988258416,161.81454585901537,163.27206420898438,81235400,4061.219970703125,20.09000015258789,3.3510000705718994,163.06918563842774,156.8386688232422,164.12432535220157,161.9121663867322,2.2121589654693707,2.5147470712391904,-0.30258810576981965,51.734420885146335,168.27821567110632,157.86015560574916,0.06388736182479665,2.510570788650288,-0.009962731768230704,0.012219570154846286,1074217300.0,1.5294533400886132,164.90682983398438,167.0143280029297,165.85227966308594,-0.009913268156605537,-0.015557310754745313,0.536795013188332,-0.007218732334382416,1.75,3
2023-05-05,168.38320830672657,171.65279246173276,168.16654839153733,170.9338836669922,113453200,4136.25,17.190000534057617,3.446000099182129,163.5079200744629,157.31472686767577,165.1719497083232,162.58044174082553,2.5915079674976766,2.530099250490888,0.06140871700678874,67.03429270543438,169.76659161418092,157.24924853474488,0.076554964883264,3.0135267009422892,0.04585892153915771,0.0158592092805511,1187670500.0,2.007411376702989,163.27206420898438,165.9802703857422,167.1029815673828,0.0469267017301922,0.022925396445212964,0.4908629870701561,0.018474751389515376,-2.8999996185302734,4
2023-05-08,169.86044681233003,171.20965008439242,169.49607101524845,170.86495971679688,55962800,4138.1201171875,16.979999542236328,3.5209999084472656,164.0727096557617,157.8423892211914,166.04779740193453,163.19410973904564,2.8536876628888876,2.594816932970488,0.25887072991839943,65.0793450329092,170.8518514200609,157.29356789146252,0.08263582381887158,2.9825739499948196,-0.0004033012543119458,0.015260284073106535,1131707700.0,0.9830200391853356,170.9338836669922,164.90682983398438,167.0143280029297,-0.00040321993929293143,0.023055696836978168,0.47096809710016607,0.0004521286642489297,-0.21000099182128906,0
2023-05-09,170.42178299192224,170.90433143409618,168.99380806621033,169.16122436523438,45326900,4119.169921875,17.709999084472656,3.5209999084472656,164.6128776550293,158.31214447021483,166.52678616551913,163.63611822987446,2.8906679356446716,2.653987133505325,0.23668080213934672,58.66832508019558,171.1934314728656,158.03232383719302,0.07995187146447698,2.9347385697619472,-0.010021284769209875,0.015360827431612474,1086380800.0,0.7978178462390912,170.86495971679688,163.27206420898438,165.9802703857422,-0.009971239008784383,0.01916465114859478,0.42937679154653136,-0.004579421277258522,0.7299995422363281,1
2023-05-10,170.39224965147537,171.38690478906514,169.28924951921832,170.92404174804688,53724500,4137.64013671875,16.940000534057617,3.438999891281128,165.2756561279297,158.82720153808594,167.20328702436956,164.17596441640575,3.0273226079638107,2.7286542283970223,0.2986683795667884,63.993511179722745,171.57541453370203,158.97589772215736,0.07623334922229663,2.931221861117578,0.010367007022326695,0.01532718141627131,1140105300.0,0.9426481228056031,169.16122436523438,170.9338836669922,164.90682983398438,0.010420930620639313,0.03648855490169911,0.36746682875434844,0.004483965263404999,-0.7699985504150391,2
2023-05-11,171.20964753246403,171.93839911576495,169.5551548305296,171.1111602783203,49514700,4130.6201171875,16.93000030517578,3.3970000743865967,165.67893600463867,159.38736297607423,167.80449829420812,164.68968262839942,3.114815665808692,2.8058865158793562,0.3089291499293356,68.77417411493751,172.39639385513001,158.96147815414733,0.08109006506781608,2.949511506955576,0.0010941478995871127,0.01366782077559321,1189620000.0,0.8834555946460286,170.92404174804688,170.86495971679688,163.27206420898438,0.0010947466977715425,0.048012476030817375,0.37993545604488943,-0.0016966239932159066,-0.010000228881835938,3
2023-05-12,171.21962961924467,171.653548851867,168.6358569767775,170.1841583251953,45533100,4124.080078125,17.030000686645508,3.4630000591278076,166.05309982299804,159.9171664428711,168.1705998374369,165.09668082816208,3.0739190092748174,2.8594930145584483,0.21442599471636914,65.65804805763386,172.9044291733152,159.20177047268086,0.08251974046398713,3.044772646560172,-0.005432270425128461,0.013745562678260175,1144086900.0,0.8152171869670811,171.1111602783203,169.16122436523438,170.9338836669922,-0.005417542325218183,-0.004386054571002829,0.386193834024687,-0.0015833068345566526,0.10000038146972656,4
2023-05-15,170.766027969497,170.8153397179057,169.0993901889802,169.69110107421875,37266700,4136.27978515625,17.1200008392334,3.507999897003174,166.40162734985353,160.33626434326172,168.4045231046341,165.4370082537959,2.9675148508381994,2.881097381814399,0.08641746902380065,68.70566286499107,173.24834197478503,159.55491272492202,0.08229143829869563,2.9858534512994908,-0.002901403283859122,0.013786734104605337,1106820200.0,0.6697647752867802,170.1841583251953,170.92404174804688,170.86495971679688,-0.0028971982811373254,-0.006870095802695597,0.45308133902228975,0.0029581644391338813,0.09000015258789062,0
2023-05-16,169.61220528633143,170.74630026056693,169.4248296710781,169.69110107421875,42110300,4109.89990234375,17.989999771118164,3.5490000247955322,166.6890953063965,160.70021240234374,168.6024581768779,165.7521262404939,2.8503319363839807,2.874944292728315,-0.02461235634433434,68.73590215031051,173.58356257923074,159.79462803356225,0.08272247515845364,2.9057920262598436,0.0,0.013734456469538846,1106820200.0,0.7621657878866638,169.69110107421875,171.1111602783203,169.16122436523438,0.0,0.003132376884671384,0.47619655915116066,-0.006377683373153031,0.8699989318847656,1
2023-05-17,169.3360281894031,170.53914722242257,168.06385467134209,170.30247497558594,57951600,4158.77001953125,16.8700008392334,3.5810000896453857,166.95001373291015,161.12031036376953,168.86399922283297,166.08918910975999,2.774810113072988,2.8549174567972497,-0.08010734372426187,62.029201897298414,173.9823290665454,159.9176983992749,0.08424456130786155,2.744947022403179,0.003596388893167416,0.013687805677690994,1164771800.0,1.0392592429200962,169.69110107421875,170.1841583251953,170.92404174804688,0.003602863659301736,-0.003636508744493505,0.548095282850655,0.011890829058788244,-1.1199989318847656,2
2023-05-18,170.60819152451643,172.81722786089622,170.19400003291315,172.62985229492188,65496700,4198.0498046875,16.049999237060547,3.6480000019073486,167.37555694580078,161.5619418334961,169.44336123392358,166.57368267903124,2.869678554892346,2.8578696764162688,0.011808878476077034,64.11778508291556,174.71009024778317,160.0410236438184,0.08764162982719685,2.79374316218382,0.013573599615154688,0.013822651424984997,1230268500.0,1.1609920689610858,170.30247497558594,169.69110107421875,171.1111602783203,0.013666139142543887,0.008875470274009922,0.6308631076777689,0.009445048649426635,-0.8200016021728516,3
2023-05-19,173.951317433895,173.951317433895,172.52136743505932,172.7383270263672,55809500,4191.97998046875,16.809999465942383,3.691999912261963,167.88678588867188,162.05065063476562,169.95027904814566,167.0303230010561,2.9199560470895563,2.870286950550926,0.049669096538630164,64.60653682316936,175.21981235964114,160.55375941770262,0.08735680336190238,2.7685604475019097,0.0006281686704631563,0.013525208359835453,1286078000.0,0.9914984596637634,172.62985229492188,169.69110107421875,170.1841583251953,0.0006283660097210486,0.015008263555831514,0.7158661444725719,-0.0014458676054706077,0.7600002288818359,4
2023-05-22,171.57465110395842,172.2945693897219,171.05197977463047,171.79161071777344,43570900,4192.6298828125,17.209999084472656,3.7190001010894775,168.33541412353514,162.56158966064453,170.23356084347301,167.3830109800722,2.8505498634008006,2.866339533120901,-0.01578966972010054,64.89581394039047,175.45785295076058,161.2129752963097,0.08462198954758911,2.6913470094081924,-0.005495712201881564,0.013658697615172842,1242507100.0,0.7729571697969277,172.7383270263672,170.30247497558594,169.69110107421875,-0.005480638401975768,0.012378431339401752,0.785778900815642,0.0001550346964389604,0.39999961853027344,0
2023-05-23,170.7364116817252,170.9829553293692,168.9119826700276,169.1881103515625,50747300,4145.580078125,18.530000686645508,3.697999954223633,168.7306816101074,162.9816571044922,170.07272230625603,167.51672204462704,2.5560002616289808,2.8042716788225173,-0.24827141719353651,60.17575036629771,175.03566430510674,162.4256989151081,0.07473427636081617,2.6325426460499233,-0.015271001766897408,0.013987500542738764,1191759800.0,0.8986473707809138,171.79161071777344,172.62985229492188,169.69110107421875,-0.015154991302154364,-0.002964154982035616,0.7523778575868433,-0.011222026747550129,1.3200016021728516,1
2023-05-24,168.7245720913502,170.0361858304857,168.16246051619328,169.46420288085938,45143500,4115.240234375,20.030000686645508,3.7190001010894775,169.14024810791017,163.36549102783204,169.97910393311807,167.66097988434797,2.318124048770102,2.7070421528120345,-0.3889181040419327,65.7336513603253,174.37957472134684,163.9009214944735,0.06195245273725771,2.545502741715881,0.0016305371596670704,0.01397699086803595,1236903300.0,0.799665279052068,169.1881103515625,172.7383270263672,170.30247497558594,0.0016318672081812036,-0.004922254329226439,0.6494249364882757,-0.007318600335353365,1.5,2
2023-05-25,170.02637505144457,171.49576564962197,169.31632809947834,170.59835815429688,56058300,4151.27978515625,19.139999389648438,3.813999891281128,169.3775520324707,163.76412902832033,170.07437381329942,167.87856345989974,2.195810353399679,2.6047957929295635,-0.4089854395298844,48.72427104932463,174.41591363608623,164.33919042885518,0.059492672354240224,2.1025534058155415,0.006670298989313492,0.012680704378199561,1292961600.0,1.0008481400772833,169.46420288085938,171.79161071777344,172.62985229492188,0.006692594979689437,-0.011767919126492554,0.6749094773505171,0.008757581265902425,-0.8900012969970703,3
2023-05-26,170.92379413047703,173.33991896491864,170.71669083708804,173.00460815429688,54835000,4205.4501953125,17.950000762939453,3.809999942779541,169.6726333618164,164.15456115722657,170.5251790965298,168.25827047429954,2.266908622230261,2.537218358789703,-0.270309736559442,56.90758620689655,174.8397270542104,164.50553966942238,0.06090662459838778,2.175980673063955,0.014006219810820841,0.012925919133947012,1347796600.0,0.9793931816659597,170.59835815429688,169.1881103515625,172.7383270263672,0.014104766458676421,0.0015415289270981347,0.7770277428429307,0.01304908677799732,-1.1899986267089844,4
2023-05-30,174.51345913931758,176.51539231960112,174.12885165758402,174.8487548828125,55964400,4205.52001953125,17.459999084472656,3.700000047683716,170.06435470581056,164.59861755371094,171.19034460211174,168.74645450455975,2.4438900975519857,2.5185527065421596,-0.07466260899017385,68.19650811070473,175.56031123317283,164.5683981784483,0.06463384448633654,2.2902850157366976,0.010603111551840546,0.013062222625434838,1403761000.0,0.9964580978779302,173.00460815429688,169.46420288085938,171.79161071777344,0.010659523744424693,0.017795654585609944,0.8766719999034281,1.660326849850513e-05,-0.4900016784667969,1
2023-05-31,174.87836477742368,176.8704419237823,174.31623796446905,174.79946899414062,99625300,4179.830078125,17.940000534057617,3.63700008392334,170.50531463623048,164.99441772460938,171.74559450857774,169.19482594823242,2.5507685603453183,2.5249958773027914,0.02577268304252689,63.92580797978734,176.03664084250445,164.9739884299565,0.06488156944638286,2.3137509825568747,-0.00028191699904438346,0.012925663032611298,1304135700.0,1.6965206573437923,174.8487548828125,170.59835815429688,169.1881103515625,-0.0002818772641812739,0.0331663887664333,0.8859528566242915,-0.006108624209833935,0.48000144958496094,2
2023-06-01,175.24321733975688,177.62975798334406,174.4838587106697,177.6001739501953,68901800,4221.02001953125,15.649999618530273,3.6080000400543213,171.139981842041,165.4092025756836,172.64629903805738,169.8174443187482,2.8288547193091915,2.5857676457040712,0.24308707360512027,69.63020269796195,176.87568540485665,165.40427827922537,0.0670293814581515,2.368226338802519,0.015895384581024595,0.013066661493854072,1373037500.0,1.169579604829915,174.79946899414062,173.00460815429688,169.46420288085938,0.01602238823819646,0.048009968660200686,0.8930368265787691,0.009854453563032717,-2.2900009155273438,3
2023-06-02,178.52718373632618,179.2668146743205,176.78165050926717,178.4482879638672,61996900,4282.3701171875,14.600000381469727,3.690999984741211,171.89879302978517,165.86950958251953,173.5389127189512,170.45676607023847,3.0821466487127225,2.6850434463058015,0.397103202406921,75.1200814828695,177.25471891817608,166.54286714139425,0.062314874863174684,2.330188645228507,0.0047640459570457505,0.012664509531533662,1435034400.0,1.0698404322233415,177.6001739501953,174.8487548828125,170.59835815429688,0.004775412066373885,0.04601409939989276,0.902354919638745,0.014534424705965554,-1.0499992370605469,4
2023-06-05,180.10506441660397,182.39298156722955,175.57851175717974,177.09722900390625,121946500,4273.7900390625,14.729999542236328,3.693000078201294,172.20696029663085,166.28112915039063,174.08634599355966,170.94865221347314,3.137693780086522,2.7755735130619454,0.36212026702457667,71.39602626586073,178.01895461493,166.3949659783317,0.0675001092672195,2.6943686653088172,-0.007599957802882706,0.008380365105325305,1313087900.0,2.0890430700409692,178.4482879638672,174.79946899414062,173.00460815429688,-0.007571151146232968,0.023656137794660914,0.9171938673924727,-0.0020035816359177394,0.12999916076660156,0
2023-06-06,177.48187878323327,177.62979898311937,174.9769863810525,176.73239135742188,64848400,4283.85009765625,13.960000038146973,3.6989998817443848,172.5003318786621,166.659453125,174.4934298956923,171.37707733524712,3.116352560445165,2.84372932253859,0.27262323790657517,69.92206590119828,178.6117326710991,166.3889310862251,0.0708566844582745,2.789464523350105,-0.0020622229162676527,0.008411172456012604,1248239500.0,1.1025149096081233,177.09722900390625,177.6001739501953,174.8487548828125,-0.002060097995527199,0.01077294760189651,0.9206969661673408,0.0023538963079141606,-0.7699995040893555,1
2023-06-07,175.9730110061888,178.70471906299082,174.86850018805862,175.36158752441406,61944600,4267.52001953125,13.9399995803833,3.7839999198913574,172.8103500366211,167.04916229248047,174.62699260780334,171.6722262381484,2.9547663696549478,2.865936731961862,0.08882963769308594,63.72407958090218,178.8370225589894,166.7836775142528,0.06974897650622384,2.8866735464823705,-0.007786618581230898,0.008260939409858786,1186294900.0,1.0384764331637315,176.73239135742188,178.4482879638672,174.79946899414062,-0.007756381399465773,0.003215790834537824,0.9113479773031776,-0.0038120096998572883,-0.020000457763671875,2
2023-06-08,175.44046308150416,178.33981894141047,175.0065588784877,178.0735626220703,50214900,4293.93017578125,13.649999618530273,3.7139999866485596,173.16782608032227,167.50552032470702,175.1572341484598,172.1463993036241,3.010834844835699,2.894916354536629,0.11591849029906998,64.46555237756186,179.56043988327457,166.77521227736997,0.0738314263988871,2.937390134692348,0.015346681412400504,0.008600793969790877,1236509800.0,0.8443165604073846,175.36158752441406,177.09722900390625,177.6001739501953,0.015465046455961584,0.002665474145356228,0.9221842031022678,0.0061886426142414575,-0.28999996185302734,3
2023-06-09,178.9907186665087,179.71062202681557,178.1327514419261,178.45819091796875,48900000,4298.85986328125,13.829999923706055,3.744999885559082,173.5351776123047,167.90811798095703,175.66507365146117,172.61393942320518,3.0511342282559895,2.926159929280501,0.12497429897548828,64.97952816066737,180.2656319067134,166.804723317896,0.07756876025960828,2.9521836636858887,0.0021576111596923074,0.008597867714188256,1285409800.0,0.8226328676149038,178.0735626220703,176.73239135742188,178.4482879638672,0.0021599404776033726,5.549481149169644e-05,0.9328336680105588,0.001148059539441082,0.18000030517578125,4
2023-06-12,178.7638742754878,181.34764691680866,178.468018885392,181.2490234375,54274900,4338.93017578125,15.010000228881836,3.765000104904175,174.08842086791992,168.33521514892578,176.5241428493133,173.2535752761159,3.270567573197411,2.9950414580638833,0.27552611513352776,72.58606779307726,181.44866752351177,166.72817421232807,0.08455756699839372,3.0381200027646877,0.015517556553589402,0.008902419666262608,1339684700.0,0.9063887792953869,178.45819091796875,175.36158752441406,177.09722900390625,0.015638579014925158,0.023443587779129915,0.9437084027559131,0.009321148810237156,1.1800003051757812,0
2023-06-13,180.27273686584886,181.60406367252176,179.91771337450308,180.7756805419922,54929100,4369.009765625,14.609999656677246,3.8389999866485596,174.64264984130858,168.70281707763672,177.1782255712639,173.81076825877338,3.3674573124905294,3.0695246289492126,0.29793268354131675,80.8077988778768,182.27309401585998,167.01220566675718,0.08738351349438303,2.952885877784177,-0.002614977155069007,0.008892397949690307,1284755600.0,0.9039819055832783,181.2490234375,178.0735626220703,176.73239135742188,-0.002611561080609226,0.022878031319076175,0.9456265473857519,0.006932489951473775,-0.40000057220458984,1
2023-06-14,180.83483150172444,181.84073380664427,179.50350482104812,181.4068145751953,57462900,4372.58984375,13.880000114440918,3.7960000038146973,175.22843551635742,169.05802825927734,177.82877772571487,174.3734383562861,3.4553393694287706,3.1466875770451246,0.30865179238364604,81.16341350568145,183.05464874521616,167.4022222874987,0.08932583579596205,2.9859932828773004,0.0034851749079422914,0.008861228371098987,1342218500.0,0.933883461418916,180.7756805419922,178.45819091796875,175.36158752441406,0.003491255191577114,0.034472926118666924,0.9488143659296334,0.0008194255259321714,-0.7299995422363281,2
2023-06-15,181.4166932611595,183.94129793003785,181.23917400121888,183.43833923339844,65433200,4425.83984375,14.5,3.7279999256134033,175.88522872924804,169.4645053100586,178.69178718843543,175.04491249533146,3.6468746931039675,3.2467250002568933,0.40014969284707425,82.00611153668558,184.1625986324783,167.60785882601778,0.09412239973798116,3.023328024211253,0.011136481507107915,0.009031556103688583,1407651700.0,1.0569902805426459,181.4068145751953,181.2490234375,178.0735626220703,0.011198722952940887,0.03012674387109282,0.9552115513612832,0.01217813742034668,0.619999885559082,3
2023-06-16,184.14837692000424,184.40479194393566,181.72239585614398,182.3634033203125,101256200,4409.58984375,13.539999961853027,3.7690000534057617,176.37190628051758,169.88631591796874,179.2566512087242,175.58702292681153,3.6696282819126793,3.331305656588051,0.3383226253246283,74.98700414074963,184.98129795742892,167.76251460360623,0.09762769886059065,3.019101972580533,-0.005877167231089616,0.008961076563170267,1306395500.0,1.5897494833826793,183.43833923339844,180.7756805419922,178.45819091796875,-0.005859930468069874,0.021883066180687916,0.9583974138810907,-0.0036716195284263176,-0.9600000381469727,4
2023-06-20,181.86048315364175,183.52712083284334,181.86048315364175,182.45217895507812,49799100,4388.7099609375,13.880000114440918,3.7290000915527344,176.85759887695312,170.29217559814452,179.7482708620094,176.09555300297941,3.652717859029991,3.3955880970764394,0.25712976195355175,72.39996619537992,185.69682473739923,168.018373016507,0.09995867767712835,2.8873772235732003,0.0004866877448831992,0.008962889235131666,1356194600.0,0.7855657106043508,182.3634033203125,181.4068145751953,181.2490234375,0.00048680619657925916,0.006638135173142157,0.9608261581245077,-0.0047351076976228645,0.3400001525878906,1
2023-06-21,182.34366316376426,182.8466218007744,180.06560242478363,181.4166717529297,49515700,4365.68994140625,13.199999809265137,3.7230000495910645,177.33885192871094,170.72912567138673,180.004947922151,176.48970994742018,3.515237974730809,3.4195180726073136,0.09571990212349535,68.42392814385504,186.06407742807275,168.61362642934913,0.09840173661290304,2.903578324764451,-0.005691666080102581,0.008972462677732053,1306678900.0,0.7774497997327676,182.45217895507812,183.43833923339844,180.7756805419922,-0.005675499235355264,0.0035457823143894007,0.9631208163664524,-0.005245281583003636,-0.6800003051757812,2
2023-06-22,181.19971869233248,184.46395407144706,181.1306792503188,184.41464233398438,51245300,4381.89013671875,12.90999984741211,3.7990000247955322,178.10017852783204,171.25026123046874,180.68336244704844,177.07674197605456,3.6066204709938745,3.456938552284626,0.1496819187092484,68.76701391369392,186.4813010234509,169.7190560322132,0.0941169465959757,2.9169622925111582,0.016390273769064857,0.00840524051714778,1357924200.0,0.804291938450721,181.4166717529297,182.3634033203125,181.4068145751953,0.016525331173187885,0.01658056653402218,0.9590214014021229,0.003710798414438443,-0.28999996185302734,3
2023-06-23,182.98469303577104,184.96689848868263,182.45215034536935,184.09906005859375,53117000,4348.330078125,13.4399995803833,3.739000082015991,178.83192138671876,171.77887298583985,181.20885438728618,177.5969136858723,3.611940701413886,3.487938982110478,0.12400171930340775,66.03246070125158,186.5690882811803,171.0947544922572,0.0865300426731999,2.9190754338154403,-0.0017127306283972745,0.00849408465319403,1304807200.0,0.8284841837070912,184.41464233398438,182.45217895507812,183.43833923339844,-0.00171126474230332,0.0036018687693997187,0.9321029990064316,-0.007658808766684566,0.5299997329711914,4
2023-06-26,184.2470177435845,185.45015206010262,182.66913223239737,182.70858764648438,48088700,4328.81982421875,14.25,3.7190001010894775,179.43743286132812,172.1721334838867,181.43958258100898,177.97555620147318,3.4640263795357953,3.483156461595542,-0.019130082059746645,65.88510934603175,186.3085304484406,172.56633527421565,0.07658488507715731,2.6309718636479715,-0.00758151625842329,0.008860681385637423,1256718500.0,0.7547469791059389,184.09906005859375,181.4166717529297,182.3634033203125,-0.007552849056735145,0.001892837706946926,0.902792658263418,-0.004486838293256468,0.8100004196166992,0
2023-06-27,183.32000947784528,185.78544616190248,183.10304984582174,185.4600067138672,50730800,4378.41015625,13.739999771118164,3.7679998874664307,180.06020278930663,172.6273159790039,182.05810937067946,178.529959943132,3.528149427547447,3.4921550547859233,0.03599437276152395,71.76581616150085,186.7312751276187,173.38913045099457,0.07409824308726412,2.661260857458775,0.014946795208088243,0.00892205890900195,1307449300.0,0.7987871475238029,182.70858764648438,184.41464233398438,182.45217895507812,0.015059057173089307,0.016485567758166564,0.8822856176139555,0.011455854954693034,-0.5100002288818359,1
2023-06-28,185.33175690914044,187.2745217767789,185.00633258317922,186.63351440429688,51216800,4376.85986328125,13.430000305175781,3.7100000381469727,180.64944076538086,173.10557525634766,182.7620178373898,179.13022323655164,3.6317946008381625,3.5200829639963716,0.11171163684179097,78.39046268433007,187.46266996553814,173.83621156522358,0.07543039348797086,2.549258737363595,0.00630761630929601,0.008792220780945312,1358666100.0,0.8094650424620338,185.4600067138672,184.09906005859375,181.4166717529297,0.006327551212915727,0.028756136913766994,0.8453496950037622,-0.00035407668843834283,-0.3099994659423828,2
2023-06-29,186.4658979165552,187.4422162021352,186.32783407243755,186.96884155273438,46347300,4396.43994140625,13.539999961853027,3.8540000915527344,181.25790939331054,173.56611724853516,183.40922148590437,179.71086163034295,3.6983598555614208,3.5557383423093816,0.1426215132520392,75.4514996433059,188.0449467719318,174.4708720146893,0.07488817896375595,2.3907674564189443,0.0017951023762942657,0.008760375874351158,1405013400.0,0.7646996077530703,186.63351440429688,182.70858764648438,184.41464233398438,0.0017967145370851867,0.013850305954145492,0.8209796112249923,0.004473544672805918,0.1099996566772461,3
2023-06-30,188.9806243235532,191.79121262094537,188.61572952588827,191.28826904296875,85213200,4450.3798828125,13.59000015258789,3.819000005722046,181.94231414794922,174.0902005004883,184.62138264852967,180.56844736461153,4.052935283918146,3.655177730631135,0.3977575532870108,79.96315328092595,189.84520238168056,174.03942591421787,0.08687246032613381,2.618289718095068,0.022839572001644774,0.009397578298260227,1490226600.0,1.38729317454109,186.96884155273438,185.4600067138672,184.09906005859375,0.023102392111768344,0.03905076420317877,0.8621672071321413,0.012269004495714109,0.05000019073486328,4
2023-07-03,191.10090642215079,191.19952989799955,189.10882958307744,189.79916381835938,31458200,4455.58984375,13.569999694824219,3.8580000400543213,182.50985794067384,174.6038040161133,185.417964366965,181.25220413896324,4.165760228001773,3.7572942301052628,0.40846599789650995,71.26050994081044,190.96710709155894,174.05260878978874,0.0926771764145934,2.567574251027312,-0.00781507168782199,0.009738254549350817,1458768400.0,0.5252037075559868,191.28826904296875,186.63351440429688,182.70858764648438,-0.007784613411264019,0.03880811659271477,0.8806527774468846,0.0011706778016009611,-0.020000457763671875,0
2023-07-05,188.92147125163748,190.311965971159,187.98459336367247,188.68478393554688,46920300,4446.81982421875,14.180000305175781,3.944999933242798,183.08923568725587,175.12722473144532,185.9205519929007,181.80276560537683,4.117786387523864,3.8293926615889835,0.2883937259348808,69.05893539616903,191.57282526728164,174.6056461072301,0.09267163684616647,2.613361558846443,-0.00588866772103884,0.00964653178879033,1411848100.0,0.8356862833802617,189.79916381835938,186.96884155273438,185.4600067138672,-0.005871363500204785,0.017387992585673473,0.8815260884087421,-0.0019683184132291975,0.6100006103515625,2
2023-07-06,187.21539208287066,189.36526064633148,186.5842409083175,189.1581573486328,45094300,4411.58984375,15.4399995803833,4.040999889373779,183.7105239868164,175.6540069580078,186.4186451245518,182.3476094382106,4.07103568634119,3.8777212665394254,0.1933144198017649,68.8218799649048,192.05275636563883,175.368291607994,0.09081931941385218,2.6450608983048602,0.0025056636450270864,0.009569929532232574,1456942400.0,0.8175459191188968,188.68478393554688,191.28826904296875,186.63351440429688,0.0025088054437270024,0.01352727537920595,0.8616550040494954,-0.007922511336500904,1.2599992752075195,3
2023-07-07,188.76366516963594,190.00623962579556,187.6098428072387,188.0437469482422,46815000,4398.9501953125,14.829999923706055,4.050000190734863,184.34463195800782,176.18922668457031,186.66866078973493,182.7695455500648,3.899115239670124,3.882000061165565,0.01711517850455868,61.70418375514205,191.90625553531783,176.78300838069782,0.08203790364812441,2.6232232475718535,-0.0059088442031276665,0.009463045316543265,1410127400.0,0.8605438309815815,189.1581573486328,189.79916381835938,186.96884155273438,-0.0058914213164843465,0.00574911512838705,0.8157156085651235,-0.0028651005386203243,-0.6099996566772461,4
2023-07-10,186.6434031135775,187.36332142042107,184.4540942539423,186.0023956298828,59922200,4409.52978515625,15.069999694824219,4.00600004196167,184.74107360839844,176.68381713867188,186.56615845744997,183.00901592634764,3.557142531102329,3.817028555152918,-0.2598860240505889,58.81512793273911,191.72789982825535,177.75424738854153,0.07563912110489417,2.6880272908938685,-0.0109150789327023,0.009553013436517935,1350205200.0,1.0917373710100076,188.0437469482422,188.68478393554688,191.28826904296875,-0.010855725603687527,-0.02763302443757587,0.7800482581678669,0.002405026057131332,0.23999977111816406,0
2023-07-11,186.5447914459214,186.68285528837708,184.02018687082855,185.47972106933594,46638100,4439.259765625,14.84000015258789,3.9800000190734863,185.0921501159668,177.07636596679689,186.39901424389396,183.19203112212455,3.2069831217694116,3.6950194684762168,-0.4880363467068052,57.1829482767484,191.42470026100563,178.75959997092798,0.06842591802052389,2.7591723436329363,-0.0028139976701678305,0.00961803795675318,1303567100.0,0.8514655196730049,186.0023956298828,189.1581573486328,189.79916381835938,-0.00281004208992508,-0.022757965114942325,0.7016119041360156,0.0067422110558885695,-0.22999954223632812,1
2023-07-12,187.05759515232103,189.04967210294507,185.86433228601203,187.1463623046875,60750200,4472.16015625,13.539999961853027,3.8610000610351562,185.38701705932618,177.47723358154298,186.51399086863142,183.48494454305512,3.029046325576303,3.5618248398962344,-0.5327785143199315,63.19861989552204,191.51189116975954,179.26214294889283,0.06607662400084162,2.8155246048913916,0.008945441146214976,0.009233964010869749,1364317300.0,1.102590889489358,185.47972106933594,188.0437469482422,188.68478393554688,0.008985571175883722,-0.008153395301790156,0.6559713328443061,0.007411233485312474,-1.3000001907348633,2
2023-07-13,187.86624506525828,188.5467078881079,187.15619821079162,187.9056854248047,41342300,4510.0400390625,13.609999656677246,3.760999917984009,185.7435173034668,177.89506072998046,186.7280977234273,183.81240683059212,2.915690892835187,3.4325980504840254,-0.5169071576488387,58.96656892323104,191.56053971059382,179.9264948963398,0.0626349978893012,2.677458230769401,0.0040491668406373365,0.00919397645547695,1405659600.0,0.7597126262947381,187.1463623046875,186.0023956298828,189.1581573486328,0.0040573757927548915,-0.006621294801047006,0.6239323427295345,0.008470153458069118,0.06999969482421875,3
2023-07-14,187.60001815586816,188.53688115718742,187.00832233558717,188.0536651611328,41616200,4505.419921875,13.34000015258789,3.819000005722046,186.07585983276368,178.33652862548828,186.932031175382,184.12657411433588,2.805457061046127,3.307169852596446,-0.501712791550319,60.24541332458363,191.60187624204127,180.5498434234861,0.059395306991934516,2.607016136361328,0.0007872114032510153,0.009189813471428374,1447275800.0,0.776045129597105,187.9056854248047,185.47972106933594,188.0437469482422,0.0007875213354697763,5.27441781583704e-05,0.6108333910373638,-0.0010244071333035398,-0.26999950408935547,4
2023-07-17,189.24689758888442,191.63345333608896,189.15814548736353,191.30801391601562,50520200,4522.7900390625,13.479999542236328,3.796999931335449,186.46934356689454,178.86455230712892,187.60525928932563,184.658532618164,2.9467266711616276,3.2350812163094824,-0.28835454514785486,70.31686657687771,192.31602332458021,180.62266380920886,0.06270928664033425,2.6640710183078204,0.017157392364735635,0.009601196948304967,1497796000.0,0.9553680189930647,188.0536651611328,187.1463623046875,186.0023956298828,0.01730542583200556,0.028524462107951676,0.7013521048927082,0.0038553825145495324,0.1399993896484375,0
2023-07-18,190.67688432979497,191.6433313227349,189.75973403360663,191.05162048339844,48288200,4554.97998046875,13.300000190734863,3.7890000343322754,186.90375442504882,179.42014343261718,188.13546870379838,185.13209468225543,3.003374021542953,3.1887397773561768,-0.18536575581322356,64.9762718624994,192.7569886269292,181.05052022316843,0.06263367175138922,2.5788380735728316,-0.0013411116026857892,0.009455299632285042,1449507800.0,0.9613044126990479,191.30801391601562,187.9056854248047,185.47972106933594,-0.0013402127144017673,0.03004047764326545,0.762089691936935,0.007117275205842377,-0.17999935150146484,1
2023-07-19,190.4303301514657,195.48939585264796,189.9865395225249,192.40267944335938,80507300,4565.72021484375,13.760000228881836,3.742000102996826,187.4012794494629,179.84951934814453,188.79196266373086,185.67065651641127,3.1213061473195864,3.175253051348859,-0.0539469040292726,65.30623976785272,193.3520900028083,181.45046889611748,0.06350875053604081,2.8098857261816437,0.007046808712624654,0.009501766453914911,1530015100.0,1.5551747708232784,191.05162048339844,188.0536651611328,187.1463623046875,0.007071695893196228,0.028086664757684288,0.8081054997056243,0.002357910335732072,0.46000003814697266,2
2023-07-20,192.39280905028917,193.7537348839622,189.8386203157028,190.4599151611328,59581200,4534.8701171875,13.989999771118164,3.8540000915527344,187.85344161987305,180.24141845703124,189.04857074025423,186.02541641602028,3.023154324233957,3.1448333059258786,-0.1216789816919217,58.53428358063089,193.2368157372611,182.470067502485,0.05731461793797181,3.0099380432217697,-0.01014871123153575,0.009756681178171961,1470433900.0,1.1398597759660107,192.40267944335938,191.30801391601562,187.9056854248047,-0.010097386833942124,0.013593147703613528,0.8220398713525635,-0.006756896218903741,0.22999954223632812,3
2023-07-21,191.41650251566858,192.2744696321092,188.5861710830146,189.28636169433594,71951700,4536.33984375,13.600000381469727,3.8369998931884766,188.09702758789064,180.64392120361327,189.08515396395913,186.26696791811773,2.8181860458414008,3.0795038539089834,-0.26131780806758265,44.2166003235604,193.26167751543184,182.93237766034943,0.054914742606742784,2.928932863284885,-0.006180743692761794,0.009354281666305756,1398482200.0,1.3497871532564087,190.4599151611328,191.05162048339844,188.0536651611328,-0.006161682188107753,0.006555025301670625,0.8070021145894988,0.0003240945218980773,-0.3899993896484375,4
2023-07-24,190.73603816687742,192.21530010696893,189.59207198839397,190.0851593017578,45377800,4554.64013671875,13.90999984741211,3.8570001125335693,188.39633255004884,181.0271435546875,189.23900093900508,186.54979690949847,2.6892040295066124,3.0014438890285096,-0.31223985952189715,50.8605482936415,193.27112045454518,183.5215446455525,0.05175034819960014,2.9824685027664333,0.0042111689660319146,0.009347526668419112,1443860000.0,0.8574954175248966,189.28636169433594,192.40267944335938,191.30801391601562,0.0042200483979495385,-0.006392072079085209,0.7817767404559757,0.004034153877153557,0.3099994659423828,0
2023-07-25,190.65713123041024,191.75178560391285,190.2527960456413,190.943115234375,37283200,4567.4599609375,13.859999656677246,3.9119999408721924,188.80805892944335,181.4237826538086,189.501172369062,186.87522789652635,2.62594447253565,2.926344005729938,-0.3003995331942879,56.901726340922025,193.003850906978,184.6122669519087,0.044445051777186974,2.9352723380998986,0.004503379092467524,0.009110370482486774,1481143200.0,0.7118004495145691,190.0851593017578,190.4599151611328,191.05162048339844,0.004513534542984532,-0.0005679368159710041,0.7359129577455463,0.002814673351556163,-0.05000019073486328,1
2023-07-26,190.9924473358141,192.93521264770516,190.64729522856234,191.81097412109375,47471900,4566.75,13.1899995803833,3.8510000705718994,189.1256072998047,181.85631896972657,189.8565264847592,187.24083872797578,2.615687756783416,2.864212755940634,-0.24852499915721804,57.91644013139501,193.21444938718216,185.03676521242724,0.04323943378958477,2.9000507438948153,0.004534819604112413,0.00862863898344957,1528615100.0,0.9091485370897456,190.943115234375,189.28636169433594,192.40267944335938,0.004545117458953696,-0.0030753486592676182,0.725589891829675,-0.00015543889679858758,-0.6700000762939453,2
2023-07-27,193.3099522093675,194.47363103189025,189.8879250921341,190.5486602783203,47460200,4537.41015625,14.40999984741211,4.01200008392334,189.32136459350585,182.2734701538086,189.9630086068455,187.48586254651983,2.47714606032568,2.786799416817643,-0.309653356491963,57.409664222085006,193.28067407856415,185.36205510844755,0.041826335802717024,3.0564299668376202,-0.006602780812960177,0.008746615358145209,1481154900.0,0.912205843205431,191.81097412109375,190.0851593017578,190.4599151611328,-0.0065810303532295444,0.0004659516786638118,0.7032221553799299,-0.006424666064487883,1.2200002670288086,3
2023-07-28,191.97860770429688,193.91151654263126,191.4559363697747,193.12257385253906,48291400,4582.22998046875,13.329999923706055,3.9690001010894775,189.6290512084961,182.742099609375,190.44909556772146,187.90339671733608,2.545698850385378,2.73857930353119,-0.19288045314581215,70.41853292936294,193.77082888952197,185.48727352747022,0.043682944724244915,3.0402302218384096,0.013417488516475458,0.009175155320649038,1529446300.0,0.926450962112247,190.5486602783203,190.943115234375,189.28636169433594,0.013507906959089766,0.020266711895482015,0.7113450044634505,0.009877842794752345,-1.0799999237060547,4
2023-07-31,193.34940127389015,193.77346420221568,192.56045853696887,193.7340087890625,38824100,4588.9599609375,13.630000114440918,3.9590001106262207,189.75133819580077,183.21073028564453,190.95446683254315,188.33529390783434,2.6191729247088062,2.714698027766713,-0.09552510305790696,73.55092622825921,194.23009793897674,185.2725784526248,0.047206620894071634,2.9366828823882867,0.003161044547723932,0.007719405284030073,1568270400.0,0.7795111804472179,193.12257385253906,191.81097412109375,190.0851593017578,0.003166045917502691,0.019195867266587507,0.8011304771604014,0.0014687129405193122,0.3000001907348633,0
2023-08-01,193.52690392813534,194.0101198390568,192.58016971551623,192.90560913085938,35175100,4576.72998046875,13.930000305175781,4.051000118255615,189.9066604614258,183.61624542236328,191.25464257074563,188.67383577620657,2.5808067945390576,2.687919781121182,-0.10711298658212431,67.25762203485927,194.6025995736868,185.21072134916477,0.04945523343784842,2.7838256745262475,-0.004285132135571902,0.0075546238546837785,1533095300.0,0.7036209823081083,193.7340087890625,190.5486602783203,190.943115234375,-0.0042759640570132484,0.010277898179651634,0.829657903545154,-0.002665087639215691,0.3000001907348633,1
2023-08-02,192.3434921357412,192.48155598125388,189.19760772385698,189.91751098632812,50389300,4513.39013671875,16.09000015258789,4.078000068664551,189.96829681396486,183.9598291015625,191.0489300192968,188.76595986584522,2.282970153451572,2.6069298555872598,-0.3239597021356877,55.31810536420876,194.62893635408915,185.30765727384056,0.049067550936548514,2.948658233353533,-0.01561117222402403,0.008285893028842842,1482706000.0,1.004471345008606,192.90560913085938,193.12257385253906,191.81097412109375,-0.015489949504289613,-0.009871505754254994,0.8318414431838869,-0.013839541336347905,2.1599998474121094,2
2023-08-03,188.92148694956984,189.71041463976601,188.0536484329567,188.52700805664062,61235200,4501.89013671875,15.920000076293945,4.189000129699707,189.93673934936524,184.29453704833983,190.660942025042,188.74825973183007,1.9126822932119296,2.468080343112194,-0.5553980499002642,51.17411726411488,194.62891613612243,185.24456256260805,0.04940778495861726,2.972608499908617,-0.007348549745672455,0.00844096862526739,1421470800.0,1.2013488179009513,189.91751098632812,193.7340087890625,190.5486602783203,-0.007321615171060225,-0.010609637552564277,0.8792266213830904,-0.0025479738404268204,-0.1700000762939453,3
2023-08-04,182.95511789971007,184.78940327661547,179.40488328381886,179.4739227294922,115956800,4478.02978515625,17.100000381469727,4.059999942779541,189.50824813842775,184.50025329589843,188.93986213341896,188.06127180573097,0.8785903276879878,2.1501823400273525,-1.2715920123393647,27.20366876908001,196.1063898429213,182.9101064339342,0.06963434857646808,3.3684896854704465,-0.049211355338161684,0.013826679371391247,1305514000.0,2.130418031667969,188.52700805664062,192.90560913085938,193.12257385253906,-0.048020097600172784,-0.0706735150157457,0.8003194387165848,-0.005300074155050516,1.1800003051757812,4
2023-08-07,179.612017181196,180.59819195946366,174.8981029449032,176.3773651123047,97576100,4518.43994140625,15.770000457763672,4.078000068664551,189.02699661254883,184.63851654052735,187.00717028401675,187.19579723584752,-0.18862695183076994,1.682420481655728,-1.871047433486498,24.52058452920049,197.76036309296035,180.2936301321373,0.09240337768591242,3.6410962372870324,-0.017404100451898573,0.014111873922801126,1207937900.0,1.7327817025997647,179.4739227294922,189.91751098632812,193.7340087890625,-0.017253523910850888,-0.08959007138315978,0.6542485200130327,0.00902409277936278,-1.3299999237060547,0
2023-08-08,177.20569866966517,177.77768168655697,175.1248698685598,177.31417846679688,67823000,4499.3798828125,15.989999771118164,4.026000022888184,188.61871948242188,184.77283294677736,185.51594077367523,186.4638254751771,-0.947884701501863,1.1563594450242098,-2.1042441465260726,23.41893695102165,198.70846068949243,178.52897827535134,0.10698557634955048,3.43752162927804,0.0052973590250435885,0.01422323362022832,1275760900.0,1.1821811934133353,176.3773651123047,188.52700805664062,192.90560913085938,0.005311414839969331,-0.08082414365403912,0.6769388156487567,-0.004218283044793103,0.2199993133544922,1
2023-08-09,178.36941190145535,178.42857997538025,174.5627769846933,175.72647094726562,60378500,4467.7099609375,15.960000038146973,4.01200008392334,188.04772491455077,184.82727020263673,184.00986849268912,185.66846588051698,-1.6585973878278537,0.5933680784537971,-2.251965466281651,23.715617083619847,199.66518191887266,176.43026791022888,0.12355860204744179,3.4339993737371493,-0.008994534913564249,0.01404452634541464,1215382400.0,1.0527617068379862,177.31417846679688,179.4739227294922,189.91751098632812,-0.008954205090985212,-0.0747221252288005,0.779105786394161,-0.007038730380597102,-0.029999732971191406,2
2023-08-10,176.9986245515979,178.25107058876787,175.14462641506705,175.50950622558594,54686900,4468.830078125,15.850000381469727,4.079999923706055,187.42791595458985,184.84048522949217,182.70212045159633,184.91595035052208,-2.213829898925752,0.03192848297788731,-2.2457583819036393,24.553657488983063,200.32906807909512,174.52676383008458,0.13766521447777258,3.3924383469233073,-0.0012354357946028072,0.01395139453815135,1160695500.0,0.9425571980145024,175.72647094726562,176.3773651123047,188.52700805664062,-0.0012346729579790772,-0.06904847196823782,0.8244083932381292,0.00025071394456976925,-0.1099996566772461,3
2023-08-11,175.10464195853916,176.38838822312198,174.34425781198718,175.56875610351562,52036700,4464.0498046875,14.84000015258789,4.168000221252441,186.80367050170898,184.85587097167968,181.6046797826608,184.22356559148457,-2.6188858088237623,-0.4982343753824427,-2.12065143344132,22.434616215978153,200.74371627493463,172.86362472848333,0.14924809277875636,3.3292377753877225,0.00033753088612854576,0.013944631043160665,1212732200.0,0.8888972021877414,175.50950622558594,177.31417846679688,179.4739227294922,0.00033758785608761777,-0.02175896401318722,0.8636858690182725,-0.0010696923700230787,-1.010000228881836,4
2023-08-14,175.74649049543365,177.44500246999712,175.09473274674426,177.21788024902344,43675600,4489.72021484375,14.819999694824219,4.184000015258789,186.0991638183594,184.84822509765624,180.9297875467166,183.70462593648745,-2.7748383897708493,-0.9535551782601241,-1.8212832115107251,24.697252103974805,200.49737155474116,171.7009560819776,0.1547369417568693,3.3780694483232816,0.009349198567690599,0.01343785952833561,1256407800.0,0.7504590753268425,175.56875610351562,175.72647094726562,176.3773651123047,0.009393038841919443,0.004765436518362698,0.8865565837900485,0.005750475751703066,-0.020000457763671875,0
2023-08-15,176.6451282666605,177.23762299403361,174.8379899652799,175.2329864501953,43622600,4437.85986328125,16.459999084472656,4.2210001945495605,185.30823211669923,184.7839190673828,180.05335660879024,183.077097085651,-3.023740476860752,-1.3675922379802499,-1.656148238880502,20.6470612073973,200.28716720665673,170.32929702674173,0.16166508005455912,3.386049134724061,-0.011263497814968272,0.01352420709533081,1212785200.0,0.7525649428114061,177.21788024902344,175.50950622558594,177.31417846679688,-0.011200302114205307,-0.011737313025936502,0.8920657960145968,-0.011550909428841738,1.6399993896484375,1
2023-08-16,174.91699954220002,176.30937200366554,174.29486573787133,174.36399841308594,46964900,4404.330078125,16.780000686645508,4.257999897003174,184.40629806518555,184.7292544555664,179.17807073252803,182.4316823691647,-3.2536116366366628,-1.7447961177115325,-1.5088155189251302,20.93870451937589,199.75436995411278,169.05822617625833,0.16645930263728684,3.2023920151553518,-0.004971380557956347,0.013256864710814581,1165820300.0,0.8343662631415409,175.2329864501953,175.56875610351562,175.72647094726562,-0.004959043697839172,-0.007753371059210257,0.8831118382463156,-0.007555395210577687,0.32000160217285156,2
2023-08-17,174.92684921501044,175.2922216904398,171.3125728746346,171.82608032226562,66062900,4370.35986328125,17.889999389648438,4.308000087738037,183.4746063232422,184.63112823486327,178.04699528479534,181.64608221754253,-3.599086932747184,-2.1156542807186627,-1.4834326520285215,11.710366691741584,199.5217758348401,167.4274368116443,0.17492523715599412,3.246448625976368,-0.014662254719105122,0.013388285895967163,1099757400.0,1.1669376182993787,174.36399841308594,177.21788024902344,175.50950622558594,-0.01455528729507416,-0.020987044989950188,0.8860336159204334,-0.007712913029036983,1.1099987030029297,3
2023-08-18,170.14734105941557,172.91236175457905,169.81159252872837,172.3099822998047,61172200,4369.7099609375,17.299999237060547,4.250999927520752,182.62578735351562,184.5700961303711,177.1643779024891,180.95451926067307,-3.7901413581839734,-2.450551696211725,-1.3395896619722483,11.303613035303528,199.16691816549445,166.0846565415368,0.18114781106963324,3.3812888803052163,0.002812273103719095,0.01350230489297959,1160929600.0,1.0909343176653667,171.82608032226562,175.2329864501953,175.56875610351562,0.0028162312533202005,-0.018561239915543704,0.8874773192720157,-0.00014870682600087726,-0.5900001525878906,4
2023-08-21,172.88272795365145,173.92948217703207,171.56934282132403,173.64309692382812,46311900,4399.77001953125,17.1299991607666,4.3420000076293945,181.80368423461914,184.48148681640626,176.62264236731048,180.41293242090677,-3.7902900535962942,-2.718499367688639,-1.0717906859076551,15.83076105232729,198.41802311017844,165.18934535905984,0.18277230129306243,3.447730968317178,0.007706948153768571,0.013645575739967018,1207241500.0,0.8252309674326899,172.3099822998047,174.36399841308594,177.21788024902344,0.007736723120915556,-0.0201716853862155,0.8881046938301677,0.006879188518795987,-0.1700000762939453,0
2023-08-22,174.8478880423005,175.46013721394584,174.04801023595033,175.01576232910156,42038900,4387.5498046875,16.969999313354492,4.328000068664551,181.00731658935547,184.4126382446289,176.37543005373988,180.01314204373602,-3.6377119899961485,-2.902341892150141,-0.7353700978460074,21.959137217474094,197.30090508337605,164.7137280953349,0.18003237439274608,3.3126623171111294,0.007874014733624037,0.013783053717846938,1249280400.0,0.7459298825307132,173.64309692382812,171.82608032226562,175.2329864501953,0.007905096313017168,-0.0012396303087346405,0.8770859699388485,-0.002777466728829614,-0.15999984741210938,1
2023-08-23,176.28960964053493,179.28175219727777,176.1019810531239,178.85711669921875,52722800,4436.009765625,15.979999542236328,4.197999954223633,180.35962371826173,184.36480010986327,176.75722799919816,179.92751053673473,-3.170282537536565,-2.9559300212274264,-0.21435251630913843,33.340606348658895,195.85528760043027,164.8639598360932,0.17183074085776748,3.4842428395971843,0.021711216034922105,0.014859243610904833,1302003200.0,0.931165004467041,175.01576232910156,172.3099822998047,174.36399841308594,0.02194861947859228,0.025768612368524346,0.8626785835758581,0.011044879965972587,-0.9899997711181641,2
2023-08-24,178.41277199096436,178.8374075605793,173.8109887437673,174.17637634277344,54945800,4376.31005859375,17.200000762939453,4.235000133514404,179.54100952148437,184.2328140258789,176.36017389820975,179.5015005964413,-3.141326698231552,-2.9930093566282516,-0.14831734160330035,39.25446714314543,194.49048649863641,164.59153254433232,0.16652994229001647,3.1931002097850194,-0.026518813400927304,0.01572076151492692,1247057400.0,0.964053834284287,178.85711669921875,173.64309692382812,171.82608032226562,-0.026170277385813123,0.013678342752740269,0.8556922650415588,-0.013457974663146133,1.220001220703125,3
2023-08-25,175.1638506244018,176.91172570988553,173.62334339807447,176.37847900390625,51449600,4405.7099609375,15.680000305175781,4.238999843597412,178.70380477905275,184.13224731445314,176.3629900683169,179.27016566366095,-2.9071755953440572,-2.975842604371413,0.06866700902735579,50.00234448817254,192.26137844771281,165.14623111039268,0.15173234487561685,3.0208354453029194,0.012563692064889326,0.015670648034022412,1298507000.0,0.9002169548476885,174.17637634277344,175.01576232910156,172.3099822998047,0.012642946806971977,0.023611497429224526,0.8250882246192545,0.006717966037625089,-1.5200004577636719,4
2023-08-28,177.8400250704037,178.33377827348758,176.31927183489213,177.93878173828125,43820700,4433.31005859375,15.079999923706055,4.211999893188477,177.91404342651367,184.02225616455078,176.60541955600374,179.17154463215132,-2.5661250761475856,-2.8938990987266475,0.32777402257906196,51.2810257719828,189.47887974639255,166.3492071066348,0.1300047606939546,2.975242203917083,0.008807433300117053,0.01586623084779084,1342327700.0,0.7633965726968138,176.37847900390625,178.85711669921875,173.64309692382812,0.008846332858672978,0.02473858673654905,0.7670208215253191,0.006264619755036449,-0.6000003814697266,0
2023-08-29,177.4548654120463,182.58989476243158,177.25736718090633,181.81964111328125,53003900,4497.6298828125,14.449999809265137,4.122000217437744,177.35974502563477,184.01138092041015,177.4076074878926,179.36769992704984,-1.9600924391572505,-2.7071377668127683,0.7470453276555178,61.422332418758025,186.75910169377,167.96038835749954,0.10599199572345672,3.0800082461198195,0.021575644516125217,0.01688451867664159,1395331600.0,0.9092558262927659,177.93878173828125,174.17637634277344,175.01576232910156,0.02181008174321497,0.03887580577677108,0.6822816304319562,0.01450830719454621,-0.630000114440918,1
2023-08-30,182.62942352828824,185.50307057198083,182.43192527543482,185.30555725097656,60813900,4514.8701171875,13.880000114440918,4.118000030517578,177.1291473388672,184.06844848632812,178.6226766822132,179.80754121030367,-1.1848645280904577,-2.402683119068306,1.2178185909778483,66.35885236227094,185.38846415226524,168.86983052546915,0.09325756870039101,3.1212214807625878,0.018990910568182254,0.017287854527347733,1456145500.0,1.0339871949212909,181.81964111328125,176.37847900390625,178.85711669921875,0.019172384877404136,0.0360535866325189,0.6995128685590097,0.003833182103508026,-0.5699996948242188,2
2023-08-31,185.49317264844964,186.75717945843076,185.1376697913831,185.52279663085938,60794500,4507.66015625,13.569999694824219,4.0929999351501465,176.97893676757812,184.15057098388672,179.68423359738955,180.23089346367817,-0.5466598662886213,-2.0314784685123692,1.484818602223748,66.53543386921467,184.4357365290821,169.52213700607413,0.08426765238506105,3.0908914276135055,0.001171643982775384,0.01723401782948068,1516940000.0,1.0340447513144018,185.30555725097656,177.93878173828125,174.17637634277344,0.0011723306257274135,0.06514327905040673,0.7366150687343938,-0.0015969365120942491,-0.3100004196166992,3
2023-09-01,187.12259578872172,187.54721631397274,185.92770639795236,187.0929718017578,45766500,4515.77001953125,13.09000015258789,4.172999858856201,177.3598892211914,184.20413757324218,180.82403947498466,180.73919556279517,0.08484391218948417,-1.6082139923719987,1.6930579045614829,66.44742660625536,186.03270946339177,168.68706897899102,0.0977991165903832,3.067616424746398,0.008427901328803906,0.013016108921952114,1562706500.0,0.8278525586209023,185.52279663085938,181.81964111328125,176.37847900390625,0.00846351607141127,0.060747166311680534,0.7504680587715783,0.0017991292600010311,-0.4799995422363281,4
2023-09-05,185.92766852324166,187.60642607121574,185.26604116890505,187.32992553710938,45280000,4496.830078125,14.010000228881836,4.26800012588501,177.90751724243165,184.2687548828125,181.82494502300386,181.22739778311475,0.59754723988911,-1.167061745919777,1.764608985808887,71.39367536156482,187.63780574956724,168.17722873529607,0.10938591755936067,3.063384415714753,0.0012657012627644469,0.012188460573673662,1607986500.0,0.8597154395057851,187.0929718017578,185.30555725097656,177.93878173828125,0.0012665026006568603,0.05277738617229022,0.8046595627379154,-0.004194177587506065,0.9200000762939453,1
2023-09-06,186.0461707664675,186.49056063180015,179.2027597126584,180.62477111816406,81755800,4465.47998046875,14.449999809265137,4.289999961853027,178.073046875,184.2270785522461,181.64030288379774,181.18275877089619,0.4575441129015587,-0.8421405741555098,1.2996846870570686,59.17775825292753,187.8732225994159,168.27287115058408,0.11006916427161749,3.500002955618807,-0.03644957827705548,0.015021894509468909,1526230700.0,1.5320050152505666,187.32992553710938,185.52279663085938,181.81964111328125,-0.035793290365756514,-0.006571732227613092,0.8375520859607247,-0.006971599351452862,0.4399995803833008,2
2023-09-07,172.99134398653018,175.98350189646143,171.37183427986267,175.34161376953125,112488800,4451.14013671875,14.399999618530273,4.260000228881836,178.05380401611328,184.02471069335937,180.67127378929518,180.75008136338766,-0.07880757409247963,-0.6894739741429039,0.6106664000504243,54.76958811546679,187.8748690517498,168.23273898047674,0.11031570024471662,3.876666385797108,-0.029685641923149528,0.016391098738413924,1413741900.0,2.009778501250966,180.62477111816406,187.0929718017578,185.30555725097656,-0.02924935110465321,-0.05377034358419275,0.8477597139578741,-0.0032112659361860363,-0.05000019073486328,3
2023-09-08,176.121777292026,177.9881638364286,175.56876103562882,175.95388793945312,65551300,4457.490234375,13.84000015258789,4.257999897003174,178.07602310180664,183.8111181640625,179.94552212008873,180.39480777642953,-0.4492856563408054,-0.6414363105824842,0.19215065424167876,54.92659221431451,187.87483704817913,168.27720915543415,0.11005203031483331,3.844222160157585,0.0034858105891787785,0.016408020239017173,1479293200.0,1.1599133063836522,175.34161376953125,187.32992553710938,185.52279663085938,0.003491893092341769,-0.051578074852147715,0.8610485932073919,0.0014266227216406246,-0.5599994659423828,4
2023-09-11,177.82027676778657,178.0473990105972,175.12437356668377,177.119140625,58953100,4487.4599609375,13.800000190734863,4.288000106811523,178.15354232788087,183.61412414550782,179.5106941977674,180.15216576521252,-0.6414715674451088,-0.6414433619550092,-2.8205490099630914e-05,54.721070423749474,187.89319148134462,168.41389317441713,0.1093399438057595,3.884428309315112,0.006600656645966554,0.016471904388559784,1538246300.0,1.0368153871844574,175.95388793945312,180.62477111816406,187.0929718017578,0.006622488989546094,-0.05330949142935204,0.8546122551607208,0.006723453106275201,-0.039999961853027344,0
2023-09-12,177.24749835360407,177.87950173703112,172.6358460753217,174.09735107421875,90370200,4461.89990234375,14.229999542236328,4.263999938964844,177.9975158691406,183.2703057861328,178.6778721787599,179.70366097328707,-1.025788794527159,-0.7183124484694392,-0.3074763460577199,48.80611918218896,187.8989137034565,168.09611803482474,0.11125321368636557,4.129186550143091,-0.017207985320773805,0.016783357744110595,1447876100.0,1.5266650972645017,177.119140625,175.34161376953125,187.32992553710938,-0.017060773556817566,-0.07063780346333026,0.8496655105157662,-0.005695885604828921,0.42999935150146484,1
2023-09-13,174.30471474035696,175.08485308011382,171.80632524830068,172.03346252441406,84267900,4467.43994140625,13.479999542236328,4.249000072479248,177.83753967285156,182.9149917602539,177.65565530886056,179.1354981252224,-1.4798428163618382,-0.870618522047919,-0.6092242943139192,40.69987160189016,188.02622728341234,167.64885206229079,0.11458421691284978,4.058653547545729,-0.011925624239553685,0.016805539137341882,1363608200.0,1.3763242162988156,174.09735107421875,175.95388793945312,180.62477111816406,-0.011854795820097408,-0.04756439850727667,0.7899180882176734,0.0012416323054647016,-0.75,2
2023-09-14,171.82612118103754,173.89989073979382,171.41137028291678,173.5443878173828,60895800,4505.10009765625,12.819999694824219,4.288000106811523,177.79655914306642,182.61218383789063,177.02315261786399,178.72134180612318,-1.6981891882591924,-1.0361326552901737,-0.6620565329690187,49.05718359720721,188.05045712553826,167.54266116059458,0.1153441667475792,3.8759672976475565,0.008744396778542753,0.016911091263676545,1424504000.0,0.9834064950485136,172.03346252441406,177.119140625,175.34161376953125,0.008782740699381897,-0.01024985406208656,0.6934753271468851,0.00842991886716793,-0.6599998474121094,3
2023-09-15,174.27510652680778,174.29486087176767,171.6483512368518,172.82347106933594,109259500,4450.31982421875,13.789999961853027,4.322000026702881,177.84642868041993,182.2854901123047,176.37704776424428,178.28446249228708,-1.907414728042795,-1.210389069840698,-0.697025658202097,44.451335193835675,187.98714142854877,167.7057159322911,0.11403898097218614,3.8301192492979004,-0.004162729136510296,0.01659977292078599,1315244500.0,1.7049644325408135,173.5443878173828,174.09735107421875,175.95388793945312,-0.004154076989256961,-0.017791120769064084,0.6489522159783585,-0.012159612938677844,0.9700002670288086,4
2023-09-18,174.2751007250675,177.13887792290447,173.9689761950564,175.74649047851562,67257600,4453.52978515625,14.0,4.318999767303467,178.01825408935548,182.03954498291014,176.28003895105525,178.09646456534105,-1.816425614285805,-1.3315963787297196,-0.4848292355560855,46.7178833484105,187.87649973176136,168.1600084469496,0.11075544688195373,3.9944692789388347,0.01677188656988225,0.017000094232309537,1382502100.0,1.0445766389943378,172.82347106933594,172.03346252441406,177.119140625,0.016913324278778008,-0.007749869052213754,0.6161092257340576,0.0007212876971294246,0.21000003814697266,0
2023-09-19,175.30211073798526,177.38574949277796,174.91698390976052,176.83274841308594,51826900,4443.9501953125,14.109999656677246,4.364999771118164,178.17773666381837,181.8561520385742,176.36507117598305,178.00285596147032,-1.6377847854872698,-1.3928340600812297,-0.24495072540604013,41.852260154477996,187.83920123186093,168.5162720957758,0.10844749460783183,3.7899148504739912,0.006161799968047402,0.016971436542552024,1434329000.0,0.8014901835550141,175.74649047851562,173.5443878173828,174.09735107421875,0.00618082290925237,0.015711883736249765,0.5950544378805103,-0.002151010615372817,0.1099996566772461,1
2023-09-20,177.02035765272817,177.45486279571944,173.20858308214417,173.29747009277344,58436200,4402.2001953125,15.140000343322754,4.348999977111816,178.09182205200196,181.61250701904297,175.89313254779694,177.65430886008537,-1.761176312288427,-1.4665025105226692,-0.29467380176575775,30.412409623920013,187.90110666885352,168.2825374351504,0.11015985466179679,3.830118440107969,-0.020194763442652492,0.017517045515694815,1375892800.0,0.8923867920609673,176.83274841308594,172.82347106933594,172.03346252441406,-0.019992214971708777,0.0073474517678790985,0.6206052702132057,-0.0093947947580596,1.0300006866455078,2
2023-09-21,172.36922214048295,174.0973581099587,171.6878404044714,171.7569580078125,63149100,4330.0,17.540000915527344,4.480000019073486,177.73681411743163,181.30471893310548,175.25679800318395,177.2174680562133,-1.9606700530293608,-1.5653360190240075,-0.3953340340053533,28.474433919496065,187.93566876094357,167.5379594739197,0.114763558626335,3.886547585710801,-0.00892915548902277,0.01679798067564231,1312743700.0,0.9567414150172363,173.29747009277344,175.74649047851562,173.5443878173828,-0.008889408969076307,-0.010299554091320884,0.6514720117246187,-0.01640093410321941,2.40000057220459,3
2023-09-22,172.48773574692532,174.8676297137013,171.87548661966315,172.60623168945312,56725400,4320.06005859375,17.200000762939453,4.438000202178955,177.65830688476564,180.99872985839843,174.84901857030226,176.87589499200882,-2.026876421706561,-1.6576440995605184,-0.3692323221460425,26.824667224851765,187.99579016169736,167.32082360783392,0.1163748935605574,3.9641370159090457,0.0049324401032276475,0.015828509224487964,1369469100.0,0.858262032018811,171.7569580078125,176.83274841308594,172.82347106933594,0.004944624610794479,-0.0012570016013372376,0.647363425274671,-0.002295598477193961,-0.3400001525878906,4
2023-09-25,172.02357992644104,174.75897636563758,171.97420160197885,173.88009643554688,46172700,4337.43994140625,16.899999618530273,4.541999816894531,177.53338775634765,180.7152584838867,174.69995362649374,176.65398398782645,-1.9540303613327126,-1.7169213519149573,-0.23710900941775526,29.174392560460433,187.99561788391225,167.07115762878306,0.11786211325976932,3.9958791488624774,0.007353077927005088,0.01564480366037898,1415641800.0,0.7013984158163765,172.60623168945312,173.29747009277344,175.74649047851562,0.007380178187225805,-0.010619808326681301,0.6479509657366751,0.0040230650909416354,-0.3000011444091797,0
2023-09-26,172.63585300181884,173.01109513731117,169.51532957863083,169.81158447265625,64588900,4273.52978515625,18.940000534057617,4.558000087738037,177.1270278930664,180.28532989501954,173.94789683359568,176.14713957929533,-2.1992427456996495,-1.8133856306718958,-0.38585711502775366,31.76831072337295,188.13980579494782,166.114249991185,0.12434892667571823,3.7271363654671257,-0.023676464959536844,0.016277752954631734,1351052900.0,0.9659178768886117,173.88009643554688,171.7569580078125,176.83274841308594,-0.023398376503654172,-0.03970511120501319,0.6878423822446369,-0.014734533990868215,2.0400009155273438,1
2023-09-27,170.46333088230946,170.87808171574733,166.93794126401278,168.30068969726562,66921800,4274.509765625,18.219999313354492,4.625999927520752,176.45108032226562,179.83031127929686,173.07909573569873,175.56592106951535,-2.4868253338166255,-1.948073571300842,-0.5387517625157836,36.39837617892688,187.9019510411189,165.00020960341234,0.12979088252607704,3.3476509092837796,-0.008937296559338923,0.015320275897175105,1284131100.0,0.9904979434621752,169.81158447265625,172.60623168945312,173.29747009277344,-0.008897477637245133,-0.02883354496077073,0.7197491015068963,0.00022931406074522265,-0.720001220703125,2
2023-09-28,167.2243401117975,169.8807348967939,165.52582779726043,168.55747985839844,56294400,4299.7001953125,17.34000015258789,4.5970001220703125,175.61367645263672,179.35340728759766,172.38346252380637,175.04677727609928,-2.663314752292905,-2.091121807499255,-0.5721929447936502,35.512678509625815,186.7842567309174,164.44309617435604,0.1272176575757003,3.469676411614931,0.0015246191666547925,0.014420330311064444,1340425500.0,0.835999739819317,168.30068969726562,173.88009643554688,171.7569580078125,0.0015257819893352842,-0.018627939074634337,0.7276348927409468,0.005893173970516585,-0.8799991607666016,3
2023-09-29,169.870831028669,170.90771561508154,168.21181267677895,169.07095336914062,51861100,4288.0498046875,17.520000457763672,4.572999954223633,174.79108428955078,178.92562805175783,171.87384573078086,174.6041236533616,-2.73027792258074,-2.218953030515552,-0.511324892065188,33.82299718936055,185.2921845640798,164.28998401502176,0.120156017307306,3.453453375499872,0.0030416508568680964,0.014466642371346938,1392286600.0,0.7753058513719677,168.55747985839844,169.81158447265625,172.60623168945312,0.003046281370447268,-0.02048175367545846,0.7307636078263691,-0.002709582086142026,0.18000030517578125,4
2023-10-02,169.0808338409062,172.12235512412923,168.79444856905252,171.5792236328125,52164500,4288.39013671875,17.610000610351562,4.683000087738037,174.01539688110353,178.57148529052733,171.82851925417035,174.38005698517279,-2.5515377310024405,-2.2854699706129296,-0.26606776038951097,44.8318280324193,182.85005413222154,165.1807396299855,0.10153879954834479,3.316614153597535,0.01472663608805018,0.014830163579482674,1444451100.0,0.7761298179391632,169.07095336914062,168.30068969726562,173.88009643554688,0.014835607262445816,-0.013232525458066191,0.7115511279376617,7.936755559079245e-05,0.09000015258789062,0
2023-10-03,170.1078282132375,171.46072207785286,168.6858318118607,170.24607849121094,49594600,4229.4501953125,19.780000686645508,4.802000045776367,173.16120452880858,178.17470367431642,171.58506682909965,174.07383635599044,-2.488769526890792,-2.326129881868502,-0.16263964502228978,46.21815857272921,179.53683655668803,166.78557250092913,0.07363811132208592,3.2891044385360106,-0.007800194384052705,0.014788683244745571,1394856500.0,0.7355326770757851,171.5792236328125,168.55747985839844,169.81158447265625,-0.007769851811747053,0.0025586830245061254,0.7666305277751145,-0.013744071674259506,2.1700000762939453,1
2023-10-04,168.95244285882518,172.03347264460572,168.83394692911625,171.49034118652344,53020300,4263.75,18.579999923706055,4.735000133514404,172.70448303222656,177.78564819335938,171.5704936533187,173.88246634343733,-2.311972690118637,-2.3232984435185293,0.011325753399892502,45.604337473403454,178.05525897992905,167.35370708452407,0.0619645286996289,3.3398905284368987,0.007282034469024761,0.012982622777375614,1447876800.0,0.803459554215824,170.24607849121094,169.07095336914062,168.30068969726562,0.007308612958017324,0.018952099928973842,0.7885688992540922,0.008109754957160709,-1.2000007629394531,2
2023-10-05,171.61869897615148,173.25796291419545,170.5225664715738,172.72471618652344,48527900,4258.18994140625,18.489999771118164,4.7170000076293945,172.57363815307616,177.40392303466797,171.7480663507348,173.79670707255482,-2.0486407218200213,-2.2683668991788277,0.2197261773588064,49.79320886671302,177.77889579084422,167.3683805153081,0.06032506115622239,3.3462395861301673,0.0071721458133569465,0.011461541702295195,1496404700.0,0.7728362038706866,171.49034118652344,171.5792236328125,168.55747985839844,0.007197927250359948,0.02472293921115698,0.7458836998499219,-0.001304030159777203,-0.09000015258789062,3
2023-10-06,171.62857600439608,175.76622928314396,171.01631193035507,175.27247619628906,57266700,4308.5,17.450000762939453,4.783999919891357,172.53956756591796,177.09839935302733,172.29028325005083,173.90602330394253,-1.6157400538916988,-2.1378415301214018,0.5221014762297029,48.991573560756514,177.65989404966638,167.41924108216955,0.05935249005179309,3.377276050360192,0.014642678659807916,0.011940161885389012,1553671400.0,0.9180632254492108,172.72471618652344,170.24607849121094,169.07095336914062,0.014750407851383152,0.036680001523433425,0.6673212335521788,0.011814893014644445,-1.039999008178711,4
2023-10-09,174.60096707330928,176.81298636382684,173.60359124576962,176.7537384033203,42390800,4335.66015625,17.700000762939453,4.796999931335449,172.52129745483398,176.77102264404297,172.97696865824614,174.1169651631557,-1.1399965049095613,-1.9382725250790338,0.7982760201694725,49.834691008186915,177.57499544801826,167.4675994616497,0.05858636664273092,3.4301781600058905,0.00841568546868508,0.012001264174994135,1596062200.0,0.6887256727763448,175.27247619628906,171.49034118652344,171.5792236328125,0.008451196897408808,0.030158166361572425,0.5494895702781197,0.00630385429964031,0.25,0
2023-10-10,175.8748846750232,177.47464011941017,175.72674968355904,176.1612548828125,43698000,4358.240234375,17.030000686645508,4.65500020980835,172.62449264526367,176.41956756591796,173.46685884664095,174.26839403127843,-0.801535184637487,-1.7109250569907246,0.9093898723532376,56.83321694692854,177.89340267535644,167.3555826151709,0.06104475615659205,3.2517217830255953,-0.0033576588606952632,0.011343916402417758,1552364200.0,0.7379423856776559,176.7537384033203,172.72471618652344,170.24607849121094,-0.003352028227860515,0.03474486134437993,0.5207155670975321,0.005207990781392224,-0.6700000762939453,1
2023-10-11,175.9736185461729,177.60301297187604,175.3811238107674,177.5536346435547,47551100,4376.9501953125,16.09000015258789,4.59499979019165,172.9005012512207,176.11252807617188,174.09559358462766,174.51174518774334,-0.41615160311567934,-1.4519703662157157,1.0358187631000364,63.929800064682155,178.5998127613313,167.2011897411101,0.06592591078529741,3.2383197441414047,0.007872933789124905,0.01105449384350883,1599915300.0,0.8287027407467371,176.1612548828125,175.27247619628906,171.49034118652344,0.0079040068241365,0.03535647206180803,0.5744276691993314,0.00429300817103373,-0.9400005340576172,2
2023-10-12,177.82026707710477,180.06189553412176,176.80312172309905,178.4522705078125,56743100,4349.60986328125,16.690000534057617,4.711999893188477,173.1458953857422,175.88322326660156,174.76585157280994,174.80363595219293,-0.03778437938299817,-1.1691331688491722,1.131348789466174,64.01517091422025,179.36121443784455,166.93057633363983,0.07179285467039911,3.2488984659366844,0.005048443072796558,0.010958888113688265,1656658400.0,0.9924888753392582,177.5536346435547,176.7537384033203,172.72471618652344,0.005061207933376721,0.03316001582022543,0.60736244545103,-0.00624643434611849,0.6000003814697266,3
2023-10-13,179.1533924067404,179.6570151987734,175.91437292525092,176.61550903320312,51427100,4327.77978515625,19.31999969482422,4.629000186920166,173.33549728393555,175.6449932861328,175.05041425902425,174.9378487730085,0.11256548601573968,-0.9127934378761898,1.0253589238919294,56.385479683924665,179.7379423874901,166.933052180381,0.07387344431898916,3.317317573784095,-0.010346068916991786,0.011208296842135042,1605231300.0,0.9474251629163918,178.4522705078125,176.1612548828125,175.27247619628906,-0.010292732445390529,0.007662542722395305,0.6634643847246474,-0.005018858888767519,2.6299991607666016,4
2023-10-16,174.5417330268598,176.84262444155877,174.3047260977915,176.48712158203125,52517000,4373.6298828125,17.209999084472656,4.711999893188477,173.37252883911134,175.5852572631836,175.27144615487148,175.052609721825,0.2188364330464765,-0.6864674636916566,0.905303896738133,69.0960073191002,179.84190791131883,166.90314976690385,0.07462980571980965,3.186826965702039,-0.0007271962636241381,0.010584981776348323,1552714300.0,0.9808217110900442,176.61550903320312,177.5536346435547,176.7537384033203,-0.0007269319205015501,-0.0015084083861394149,0.6922422124863039,0.01059436938392988,-2.1100006103515625,0
2023-10-17,174.44298390478113,176.19087429527403,172.61610626933813,174.93673706054688,57549400,4373.2001953125,17.8799991607666,4.8470001220703125,173.27772827148436,175.55644470214844,175.2199524480523,175.0440265617303,0.17592588632200545,-0.5139887936889243,0.6899146800109297,68.94025175858212,179.58720312513515,166.96825341783358,0.07282499507109604,3.1818894557705084,-0.008823502115768714,0.010671544135536917,1495164900.0,1.0690952007156604,176.48712158203125,178.4522705078125,176.1612548828125,-0.008784689259968226,-0.006951118865951567,0.6858656075435889,-9.824505308242415e-05,0.6700000762939453,1
2023-10-18,173.38635072108465,175.36136323860268,172.92222157401596,173.64309692382812,54764400,4314.60009765625,19.219999313354492,4.9039998054504395,173.2950096130371,175.48302307128907,174.97735929047934,174.94025399595975,0.037105294519591325,-0.40376997604722115,0.44087527056681247,63.70400523011262,179.6066050911916,166.98341413488262,0.07284220696542967,3.0450490675600252,-0.007422380468769411,0.009778145275593524,1440400500.0,1.0208398827768828,174.93673706054688,176.61550903320312,177.5536346435547,-0.007394902628548583,-0.02202454333067927,0.7572383513910833,-0.013399820506516447,1.3400001525878906,2
2023-10-19,173.84060845589931,175.61812287122567,173.00123711265553,173.2678680419922,59302900,4278.0,21.399999618530273,4.98799991607666,173.37055511474608,175.43385101318358,174.71436063686593,174.81637355492512,-0.102012918059188,-0.34341856444961455,0.24140564639042655,61.39414652333313,179.6406700217316,167.10044020776056,0.07233194705797212,3.0394049832934207,-0.0021632583922641985,0.009564031633529852,1381097600.0,1.1094171345680561,173.64309692382812,176.48712158203125,178.4522705078125,-0.002160920235144914,-0.029052039803513452,0.7636675578532666,-0.008482848196321058,2.1800003051757812,3
2023-10-20,173.11974130623128,173.2283676109075,170.48310107616433,170.72010803222656,64244000,4224.16015625,21.709999084472656,4.923999786376953,173.27624893188477,175.33806304931642,174.09986023615218,174.51294647916967,-0.41308624301748864,-0.35735210016318936,-0.055734142854299284,47.67258919130298,179.65063725446672,166.90186060930282,0.0735748651286621,3.0006092983470745,-0.014813346836715648,0.010080854171294295,1316853600.0,1.1934601194296084,173.2678680419922,174.93673706054688,176.61550903320312,-0.014704168975797405,-0.03337986020167827,0.7647654286173786,-0.012585283719027562,0.3099994659423828,4
2023-10-23,168.77472302133776,171.8359838309846,167.80695589693704,170.83860778808594,55980100,4217.0400390625,20.3700008392334,4.8379998207092285,173.12417449951172,175.24346008300782,173.59812909029583,174.2407732427931,-0.6426441524972688,-0.4144105106300052,-0.22823364186726358,51.71829091295267,179.582475656158,166.66587334286544,0.07460888897020561,3.0817261635681996,0.000693876368103977,0.009914711249540405,1372833700.0,1.0305538038606303,170.72010803222656,173.64309692382812,176.48712158203125,0.0006941171560002068,-0.03200524629396195,0.7617454124605241,-0.0016855698941634634,-1.3399982452392578,0
2023-10-24,170.88797493724758,171.50022404547477,169.30795876796012,171.27310180664062,43816600,4247.68017578125,18.969999313354492,4.840000152587891,173.19725036621094,175.12456451416017,173.2404325851181,174.020945729004,-0.7805131438859121,-0.4876310372811866,-0.29288210660472547,49.33897673952145,179.52957797476228,166.8649227576596,0.07312272677726889,3.009778989427141,0.0025400723797565387,0.008352445465615211,1416650300.0,0.8223560056822415,170.83860778808594,173.2678680419922,174.93673706054688,0.002543301096749939,-0.02094262940687086,0.7640977276051273,0.007265792222727274,-1.4000015258789062,1
2023-10-25,169.732625707354,170.89787616980513,168.51798183705213,168.96237182617188,57157000,4186.77001953125,20.190000534057617,4.953000068664551,173.23033447265624,174.99915222167968,172.58226939143407,173.64623655101644,-1.0639671595823756,-0.6028982617414245,-0.4610688978409512,39.255606655215,179.4610439900275,166.999624955285,0.07193554796668417,3.0111878127819165,-0.013583330888367011,0.008684643067294849,1359493300.0,1.082651195079702,171.27310180664062,170.72010803222656,173.64309692382812,-0.013491493737746718,-0.026956010233505245,0.8052420216597435,-0.014339628627712542,1.220001220703125,2
2023-10-26,168.2414494672427,169.2388405091802,163.600172706508,164.804931640625,70625300,4137.22998046875,20.68000030517578,4.84499979019165,173.04270706176757,174.80797088623046,171.38575589130957,172.99132507617264,-1.6055691848630715,-0.8034324463657538,-0.8021367384973177,22.623976094301085,180.04422617372146,166.0411879498137,0.08092244083369189,3.0746699877735812,-0.024913496184893136,0.010328347555017955,1288868000.0,1.3198500208231736,168.96237182617188,170.83860778808594,173.2678680419922,-0.024605716294181956,-0.048843080352995116,0.9062255158286148,-0.011832519778109618,0.48999977111816406,3
2023-10-27,164.82468576422622,166.8490767618186,164.7456834493569,166.11831665039062,58499100,4117.3701171875,21.270000457763672,4.84499979019165,172.89507522583008,174.69381561279297,170.57538062347587,172.48221334092952,-1.9068327174536535,-1.0241125005833338,-0.8827202168703197,21.938512997203517,180.3584945621473,165.43165588951285,0.08633466657819776,2.995669858802472,0.00793774334479527,0.010489095195655782,1347367100.0,1.0864957734199856,164.804931640625,171.27310180664062,170.72010803222656,0.00796933075176165,-0.026955180821273017,0.9513065015654656,-0.004800280229768528,0.5900001525878906,4
2023-10-30,166.90833803254793,169.03147079181505,166.76020302980592,168.16246032714844,51131000,4166.81982421875,19.75,4.875,172.72423706054687,174.61086517333985,170.20416211634856,172.162231636205,-1.9580695198564513,-1.2109039044379575,-0.7471656154184938,30.396909032300044,180.46571724936933,164.9827568717244,0.08963976707112345,3.078902980629136,0.012230252515688586,0.010306862143230818,1398498100.0,0.9505613649444733,166.11831665039062,168.96237182617188,170.83860778808594,0.01230534788683113,-0.015664769782349652,0.9607697416615797,0.012010022325859904,-1.5200004577636719,0
2023-10-31,167.23420217717043,168.76482492650203,165.80230595130433,168.63645935058594,44846000,4193.7998046875,18.139999389648438,4.875,172.6437561035156,174.510732421875,169.962977075462,171.90106331875174,-1.9380862432897459,-1.3563403722083152,-0.5817458710814307,27.116072897005964,180.525901973686,164.76161023334524,0.09131110267833044,3.131805110206926,0.002814731928698879,0.010211433357377802,1443344100.0,0.8374151236282487,168.16246032714844,164.804931640625,171.27310180664062,0.002818697005951165,-0.015394375580535358,0.962245309980408,0.006474957307233353,-1.6100006103515625,1
2023-11-01,168.86359824995364,172.05323977559237,167.9945877763323,171.79649353027344,56934900,4237.85986328125,16.8700008392334,4.789000034332275,172.65906372070313,174.44634704589845,170.24505653004837,171.89331740849408,-1.6482608784457113,-1.4147244734557947,-0.23353640498991668,34.69576646249,180.53296281699062,164.78516462441564,0.0912074805296578,3.188939266509595,0.01856532933659042,0.0109476999950076,1500279000.0,1.059281149916035,168.63645935058594,166.11831665039062,168.96237182617188,0.018738736521489496,0.01677368560508441,0.9628640963247324,0.010505999486313922,-1.269998550415039,2
2023-11-02,173.32711052996643,175.5588693503195,173.26786256268767,175.35150146484375,77334800,4317.77978515625,15.65999984741211,4.669000148773193,172.79040298461913,174.37623474121094,171.03066344309383,172.1494791904459,-1.1188157473520732,-1.3555427282350505,0.23672698088297728,47.30639664949795,180.7560102910709,164.82479567816736,0.09219964962013345,3.1903488055469933,0.020481940066094335,0.011774256539589963,1577613800.0,1.4012728812725515,171.79649353027344,168.16246032714844,164.804931640625,0.020693134426191584,0.06399426108932649,0.9639445772678215,0.01885855702012762,-1.210000991821289,3
2023-11-03,172.06309922812656,174.61086723243213,171.1842192438163,174.44297790527344,79829200,4358.33984375,14.90999984741211,4.558000087738037,172.74892807006836,174.38156677246093,171.55563489881376,172.31936798413682,-0.7637330853230537,-1.2371807996526512,0.4734477143295974,45.78410090086461,180.66862618941326,164.82922995072346,0.0916902722097657,3.3067333682084348,-0.005194625164936416,0.011371410866123107,1497784600.0,1.4174951156034519,175.35150146484375,168.63645935058594,166.11831665039062,-0.005181156431400491,0.05011284380158232,0.9566200831394337,0.009393730253031363,-0.75,4
2023-11-06,174.1763842242903,177.1882666996337,174.0085099439187,176.9907684326172,63841300,4365.97998046875,14.890000343322754,4.6620001792907715,172.7607795715332,174.39381256103516,172.39180928862967,172.6653976469872,-0.2735883583575287,-1.0444623113936267,0.770873953036098,54.068891222381204,180.70637857351866,164.81518056954772,0.09198382898817058,3.2573577569957104,0.014499661407394499,0.011691928272746151,1561625900.0,1.112419032607206,174.44297790527344,171.79649353027344,168.16246032714844,0.014605291413491317,0.05249868542773384,0.9598764140923473,0.0017529924220356374,-0.01999950408935547,0
2023-11-07,176.94138484513783,180.1606652677133,176.7340169447808,179.5484161376953,70530000,4378.3798828125,14.8100004196167,4.571000099182129,172.93013763427734,174.42600524902343,173.49282572694747,173.17525086852112,0.31757485842635447,-0.7720548774296305,1.089629735855985,61.14014246311624,181.3132624928065,164.5470127757482,0.09695389101300868,3.327893946877554,0.014347323879192003,0.012082715746474753,1632155900.0,1.200894617964229,176.9907684326172,175.35150146484375,168.63645935058594,0.014450740723530142,0.0647069846528503,0.9572104620576558,0.0028401189192852616,-0.07999992370605469,1
2023-11-08,180.07176426042716,181.1580120556029,179.3212498937122,180.60501098632812,49340300,4382.77978515625,14.449999809265137,4.5229997634887695,173.08270645141602,174.40171264648438,174.58700807454449,173.72560346984017,0.8614046047043189,-0.44536298100284066,1.3067675857071595,63.49431571030469,181.91894913786888,164.24646376496315,0.10210428144573969,3.272170832829023,0.005867487578208836,0.0120304679058394,1681496200.0,0.8388258040221401,179.5484161376953,174.44297790527344,171.79649353027344,0.005884734999959562,0.05127297580437795,0.9516720607723178,0.0010049156221052513,-0.3600006103515625,2
2023-11-09,180.67417400336535,181.81966995293175,179.53853262491765,180.13104248046875,53763500,4347.35009765625,15.289999961853027,4.630000114440918,173.16664505004883,174.29822235107423,175.43993644468668,174.20008043359044,1.2398560110962364,-0.10831918258302525,1.3481751936792616,68.73772981065856,182.2462002990902,164.08708980100747,0.10486494378195269,3.2361972872708975,-0.0026277871260395737,0.012011974940699903,1627732700.0,0.9163447553373053,180.60501098632812,176.9907684326172,175.35150146484375,-0.002624337515725106,0.0272569152570572,0.9411192828476606,-0.008083839306732843,0.8400001525878906,3
2023-11-10,181.910850307107,184.4817549000074,181.47577275249313,184.3136444091797,66133400,4415.240234375,14.170000076293945,4.627999782562256,173.55155181884766,174.27403930664062,176.80512228537793,174.94923332067114,1.8558889647067929,0.2845224468749384,1.5713665178318545,73.09238733080139,183.821384024177,163.2817196135183,0.11834906801696543,3.2591747505202613,0.02295429582892403,0.012721088140951466,1693866100.0,1.1132255267518092,180.13104248046875,179.5484161376953,174.44297790527344,0.02321977306695744,0.05658391425343723,0.9371779831761355,0.015616441094852496,-1.119999885559082,4
2023-11-13,183.74015491726047,183.94779597294095,182.1481747757102,182.7315673828125,43627500,4411.5498046875,14.760000228881836,4.631999969482422,173.86377410888673,174.1868112182617,177.71688306959862,175.52570251045938,2.191180559139241,0.6658540693277989,1.5253264898114418,68.89342880577263,184.86315557473927,162.8643926430342,0.12652873230468226,3.2572607759456065,-0.008620664557454331,0.01293514961469272,1650238600.0,0.7399190011080765,184.3136444091797,180.60501098632812,176.9907684326172,-0.008583613174372173,0.032435584076131674,0.9453002258286374,-0.0008358389332403515,0.5900001525878906,0
2023-11-14,185.59914075952597,186.0045554032819,184.21481647353394,185.34205627441406,60108400,4495.7001953125,14.15999984741211,4.440999984741211,174.38404006958007,174.14705383300782,178.88998663957022,176.25283982630788,2.6371468132623477,1.0601126181147087,1.577034195147639,76.74347456719258,186.52246573336686,162.24561440579328,0.13921486919265663,3.2942513510085285,0.014184839635169163,0.012969456760757475,1710347000.0,1.01722637747854,182.7315673828125,180.13104248046875,179.5484161376953,0.014285921852422723,0.032267843188745315,0.9670747524905094,0.019075017703661823,-0.6000003814697266,1
2023-11-15,185.7474724520267,187.3789985945617,185.6782486931539,185.90567016601562,53790500,4502.8798828125,14.180000305175781,4.534999847412109,174.99716873168944,174.25267181396484,179.96932256671568,176.96786429591586,3.001458270799816,1.4483817486517303,1.5530765221480856,89.03225078044292,188.1725202942448,161.82181716913408,0.15057788257998828,3.036985245113917,0.003036324720500966,0.012740649146908537,1764137500.0,0.9110580827579923,185.34205627441406,184.3136444091797,180.60501098632812,0.0030409390233971934,0.0293494579731719,0.9749381535114594,0.0015970120755575135,0.020000457763671875,2
2023-11-16,187.44823748096084,188.82267924718175,186.53852134009114,187.586669921875,54412900,4508.240234375,14.319999694824219,4.445000171661377,175.7131088256836,174.4975729370117,181.1412221598171,177.75444249043136,3.3867796693857315,1.8360613327985305,1.550718336587201,89.17941412023913,190.0019018340001,161.4243158173671,0.16263775769275948,3.095100657164234,0.009001582769746264,0.012728105773469833,1818550400.0,0.9254321075001926,185.90567016601562,182.7315673828125,180.13104248046875,0.009042218854100614,0.04139001994736491,0.9785801802297106,0.0011904273935798848,0.1399993896484375,3
2023-11-17,188.1205630942755,188.24911285385338,186.45937429973029,187.56683349609375,50922700,4514.02001953125,13.800000190734863,4.440999984741211,176.55544509887696,174.72983184814453,182.1297777500135,178.48128626862857,3.648491481384923,2.198547362515809,1.449944118869114,88.23795431597546,191.5725984520796,161.53829174567431,0.17011260507760081,3.01485668664271,-0.00010575098256589782,0.011989178370678703,1767627700.0,0.875995646057691,187.586669921875,185.34205627441406,184.3136444091797,-0.00010574539112784276,0.017650288980732842,0.9805824856579822,0.0012820490603360213,-0.5199995040893555,4
2023-11-20,187.76462241033667,189.7620174322178,187.75473976876387,189.30715942382812,46505100,4547.3798828125,13.40999984741211,4.421999931335449,177.47887268066407,174.9735922241211,183.23399031521575,179.28320279864334,3.9507875165724045,2.5489953933271283,1.4017921232452761,88.7970709919025,193.26737862558375,161.6903667357444,0.17791983582550444,2.9600470409945916,0.009235650805461392,0.011990892977775367,1814132800.0,0.806575383330609,187.56683349609375,185.90567016601562,182.7315673828125,0.009278431028002743,0.03598498133187977,0.9825242137327301,0.007390278097329839,-0.3900003433227539,0
2023-11-21,189.26759612132614,189.37636552049437,187.61628985249988,188.50621032714844,38134500,4538.18994140625,13.350000381469727,4.418000221252441,178.34052810668945,175.2617694091797,184.04510108628233,179.96638854149558,4.078712544786754,2.8549388236190536,1.2237737211677002,84.40985092148146,194.5776327995662,162.1034234138127,0.1820910240118069,2.7958630173327657,-0.004239925638913773,0.0121626544638529,1775998300.0,0.6646724778412005,189.30715942382812,187.586669921875,185.34205627441406,-0.004230949844250209,0.017071970152578775,0.9837951235371628,-0.0020209310950652926,-0.05999946594238281,1
2023-11-22,189.34669431189826,190.7705639920827,188.69407794514686,189.168701171875,39617700,4556.6201171875,12.850000381469727,4.415999889373779,179.3508445739746,175.6044741821289,184.83334725329658,180.64804132893107,4.185305924365508,3.1210122437683445,1.0642936805971637,82.30142728929184,195.64544607755164,163.05624307039756,0.18170643737176506,2.688861434824781,0.0035082633452501867,0.011378669315768933,1815616000.0,0.701242848991896,188.50621032714844,187.56683349609375,185.90567016601562,0.0035144245039822053,0.0175520789814827,0.9838332463767421,0.00406112922094648,-0.5,2
2023-11-24,188.73363999587542,188.76330300712377,187.13177703645835,187.84371948242188,24048300,4559.33984375,12.460000038146973,4.4720001220703125,180.50278396606444,175.8904608154297,185.2964814423928,181.18105452548596,4.115426916906841,3.319895178396044,0.7955317385107974,80.72948996165772,195.68724787630583,165.31832005582305,0.16824631262303585,2.5366930001382957,-0.007028877946371063,0.009377205611807219,1791567700.0,0.4439613344187309,189.168701171875,189.30715942382812,187.586669921875,-0.007004233159317752,0.0013702975837992515,0.9807196509803363,0.0005968736678840791,-0.3900003433227539,4
2023-11-27,187.79427548166112,188.53588093642713,186.78568783853885,187.6657257080078,40552600,4550.43017578125,12.6899995803833,4.388999938964844,181.5801544189453,176.18730590820311,185.66098056017972,181.6614005390061,3.999580021173614,3.455832146951558,0.5437478742220558,77.46383661625043,195.46977968564767,167.69052915224296,0.15298615987136938,2.434581310293532,-0.0009480123071442153,0.00951707328947161,1751015100.0,0.761261965641973,187.84371948242188,188.50621032714844,187.56683349609375,-0.0009475630854440809,0.0005272371989801794,0.9765186064886885,-0.001954157460090089,0.22999954223632812,0
2023-11-28,187.6558347269926,188.9412871423915,187.28008315178343,188.26889038085938,38415400,4554.89013671875,12.6899995803833,4.335999965667725,182.58547592163086,176.43775390625,186.0621974556689,182.15084423099526,3.9113532246736327,3.5469363624959733,0.36441686217765934,74.94402374353491,195.24181841555477,169.92913342770694,0.13863471264665386,2.3084781436989283,0.0032088834845209854,0.00942447556757893,1789430500.0,0.7298527865304948,187.6657257080078,189.168701171875,189.30715942382812,0.00321403746249338,-0.005484573568843354,0.9712782755394803,0.0009801185306033133,0.0,1
2023-11-29,188.7633319210795,189.9400151741752,186.85494082777598,187.25045776367188,43014200,4550.580078125,12.979999542236328,4.270999908447266,183.51617584228515,176.64610809326172,186.2450067338232,182.5285933815639,3.716413352259309,3.580831760448641,0.1355815918106682,69.05021022261026,194.47766076597,172.5546909186003,0.11946069465947473,2.3976432997352504,-0.0054241418940854545,0.00972990262284699,1746416300.0,0.8186497651631449,188.26889038085938,187.84371948242188,188.50621032714844,-0.005409457797978523,-0.006661597839653255,0.9600041084334818,-0.0009462486392383118,0.28999996185302734,2
2023-11-30,187.71515943504943,188.18979776505014,186.08363355367433,187.8239288330078,48794400,4567.7998046875,12.920000076293945,4.3520002365112305,184.3175476074219,176.93663726806642,186.48791782600543,182.92084045204123,3.567077373964196,3.578080883151752,-0.011003509187556215,71.92776586536998,193.9321644286805,174.70293078616328,0.10432665740254736,2.385145219975373,0.003057908173401496,0.009216032729204248,1795210700.0,0.9359090537247557,187.25045776367188,187.6657257080078,189.168701171875,0.003062588343894612,-0.00710885220724411,0.9445882547795856,0.0037840728581564065,-0.05999946594238281,3
2023-12-01,188.19969953750024,189.4159283197641,187.11200544734405,189.09951782226562,45704800,4594.6298828125,12.630000114440918,4.22599983215332,185.00494842529298,177.28348846435546,186.8897024408147,183.37852025724305,3.511182183571634,3.564701143235729,-0.05351895966409481,66.35143434183348,193.8560075585844,176.15388929200157,0.09568456637110513,2.23894596660976,0.006768450571800688,0.008438588072667485,1840915500.0,0.9040728159118303,187.8239288330078,188.26889038085938,187.84371948242188,0.006791408300227397,0.0066853357850023,0.9331360716734203,0.005873742123607695,-0.28999996185302734,4
2023-12-04,187.85360043262926,187.92282418358675,185.35191925319242,187.30975341796875,43389500,4569.77978515625,13.079999923706055,4.288000106811523,185.64828720092774,177.5775588989258,186.95432566806915,183.6697227135931,3.2846029544760427,3.508681505483792,-0.2240785510077492,65.42297047780798,193.01249846956935,178.28407593228613,0.07933508441875686,2.35195517629574,-0.009509743936570152,0.008730094923932024,1797526000.0,0.8903633828452763,189.09951782226562,187.25045776367188,187.6657257080078,-0.009464669317555185,-0.0018968423173495452,0.9431804974597775,-0.005408509126972105,0.4499998092651367,0
2023-12-05,188.08104861869373,192.22413865175915,188.05137051787239,191.25511169433594,66628400,4567.18017578125,12.850000381469727,4.171000003814697,186.36150436401368,177.92505920410156,187.61598505672558,184.2316033788333,3.3843816778922644,3.483821539965487,-0.09943986207322242,68.276150895985,192.9134893807928,179.80951934723456,0.07031478994697697,2.4691978343900973,0.020844518294207835,0.009248510066575585,1864154400.0,1.363332832361793,187.30975341796875,187.8239288330078,188.26889038085938,0.021063282634105063,0.015861469770367176,0.9411628476172221,-0.0005688697261614362,-0.22999954223632812,1
2023-12-06,192.27356863697858,192.58009647341478,189.95976327032974,190.16741943359375,41089700,4549.33984375,12.970000267028809,4.120999813079834,186.8924545288086,178.33217590332032,188.00851342239758,184.67129345696372,3.33721996543386,3.4545012250591616,-0.11728125962530145,62.758926287322296,192.81011886486849,180.9747901927487,0.06332694758575934,2.510868611742769,-0.005703361077936062,0.009139731278357913,1823064700.0,0.8668769774654644,191.25511169433594,189.09951782226562,187.25045776367188,-0.005687127790239388,0.01557786135617012,0.9254170974598973,-0.003906202808869552,0.11999988555908203,2
2023-12-07,191.46276025185608,192.81742141001197,191.42319951100376,192.09559631347656,47477700,4585.58984375,13.0600004196167,4.129000186920166,187.46698379516602,178.80807403564452,188.63729540564051,185.2212418167054,3.416053588935114,3.4468116978343524,-0.03075810889923858,63.302059296725815,193.03527992965076,181.89868766068128,0.0594056192910095,2.4917966756893475,0.010088306498941074,0.009260447928251883,1870542400.0,1.0036176800849608,190.16741943359375,187.30975341796875,187.8239288330078,0.010139365016498703,0.0227429354023716,0.9008698785767725,0.007968189065892917,0.09000015258789062,3
2023-12-08,192.0263616366492,193.79633503305183,191.50229501018384,193.51947021484375,53406400,4604.3701171875,12.350000381469727,4.244999885559082,188.13640518188475,179.30731384277342,189.38839922244102,185.8359254017527,3.552473820688334,3.4679441224051493,0.0845296982831849,66.2177173007498,193.1863074378232,183.08650292594632,0.05368341391509354,2.527818209171126,0.007384983089209092,0.009205897498106023,1923948800.0,1.1293690533500547,192.09559631347656,191.25511169433594,189.09951782226562,0.007412319327943395,0.0233736840975578,0.8419101145082936,0.00409549786994079,-0.7100000381469727,4
2023-12-11,190.948598334338,191.32434997590968,189.27751140798418,191.01780700683594,60943700,4622.43994140625,12.630000114440918,4.238999843597412,188.47161331176758,179.74625091552736,189.63907734311715,186.2197684836107,3.419308859506458,3.458217069825411,-0.038908210318953085,54.47494828875908,193.3398535108049,183.60337311273028,0.05166019554344574,2.674016414223664,-0.01301147456997055,0.008723216655313977,1863005100.0,1.2958688236802567,193.51947021484375,190.16741943359375,187.30975341796875,-0.012927191280704187,0.01979637216537733,0.8372919099056292,0.003924494286698943,0.2799997329711914,0
2023-12-12,190.9189246189266,192.54056806660662,189.57414602172835,192.5306854248047,52696900,4643.7001953125,12.069999694824219,4.205999851226807,188.9615692138672,180.1652801513672,190.08394012491522,186.68724381258804,3.3966963123271796,3.4459129183257646,-0.04921660599858502,60.149728389284576,193.3457675370563,184.57737089067808,0.04640306853323242,2.760184012572505,0.007888891725194963,0.00846385878886587,1915702000.0,1.1098128602233783,191.01780700683594,192.09559631347656,191.25511169433594,0.0079200910201771,0.006669488303702842,0.795179161936961,0.00459935752021523,-0.5600004196166992,1
2023-12-13,192.90637602163986,195.7838083411062,192.6690719708792,195.7442626953125,70404200,4707.08984375,12.1899995803833,4.0329999923706055,189.4816795349121,180.6752438354492,190.9547589818994,187.35813410019725,3.596624881702155,3.476055311001043,0.1205695707011123,64.69293011672897,194.4826149837052,184.48074408611902,0.05278542454413553,2.8308103876701654,0.016553479265899274,0.008648868336716072,1986106200.0,1.46683117530337,192.5306854248047,193.51947021484375,190.16741943359375,0.016691247233745043,0.029325965921655595,0.8500963775063232,0.013650676351045998,0.11999988555908203,2
2023-12-14,195.80361960949875,197.38570218691584,193.96443748585023,195.89260864257812,66831600,4719.5498046875,12.479999542236328,3.930000066757202,189.98102645874025,181.16328918457032,191.71442816046536,187.9903173996329,3.724110760832474,3.525666400967329,0.19844435986514508,68.98324554723679,195.45093764794666,184.51111526953383,0.05758376287533492,2.9296918566450905,0.0007575688869827198,0.008659627792916366,2052937800.0,1.3737356379665293,195.7442626953125,191.01780700683594,192.09559631347656,0.0007578559147685127,0.019766264307825576,0.8782140504292836,0.0026470624846992585,0.28999996185302734,3
2023-12-15,195.3191123528845,196.1793699091571,194.79504567055722,195.35867309570312,128538400,4719.18994140625,12.279999732971191,3.927999973297119,190.36962661743163,181.6159683227539,192.275081227425,188.53612152526773,3.738959702157274,3.568325061205318,0.17063464095195613,67.84416102907292,196.2147433096941,184.52450992516918,0.06140808064942886,2.9035583666959184,-0.0027293757401388214,0.008601465500711012,1924399400.0,2.455093331571033,195.89260864257812,192.5306854248047,193.51947021484375,-0.002725654380606124,0.009503968147584807,0.8951434658766444,-7.62494933082003e-05,-0.19999980926513672,4
2023-12-18,193.8952224343076,194.4291868327445,192.21425301938103,193.6974639892578,55751900,4740.56005859375,12.5600004196167,3.9539999961853027,190.67615814208983,181.98446807861328,192.49390934463003,188.91844318926698,3.5754661553630456,3.5697532800368634,0.005712875326182143,62.002700352017406,196.54535012851846,184.8069661556612,0.061561886327235235,3.0095023728183485,-0.008539740380325967,0.008912785511447117,1868647500.0,1.0599770672508289,195.35867309570312,195.7442626953125,191.01780700683594,-0.008503380372733793,0.014028309844045017,0.8725048215344438,0.004528344366900416,0.2800006866455078,0
2023-12-19,193.96444926391277,194.7456004150459,193.69746706046115,194.7357177734375,40714100,4768.3701171875,12.529999732971191,3.921999931335449,190.9475860595703,182.34410766601562,192.83880294906194,189.34935241772405,3.4894505313378943,3.55369273029707,-0.06424219895917549,66.53558754368555,197.04776075674968,184.84741136239094,0.06389370845752704,2.864006807060412,0.005345867992506046,0.008779018411574926,1909361600.0,0.7783573820460918,193.6974639892578,195.89260864257812,192.5306854248047,0.005360182641509725,0.011452887854045635,0.8717013597468869,0.005866407818910568,-0.030000686645507812,1
2023-12-20,194.69614571593394,195.46741418063525,192.64932250976562,192.64932250976562,52242800,4698.35009765625,13.670000076293945,3.877000093460083,191.15474166870118,182.67386901855468,192.8096521122471,189.59379464676417,3.215857465482941,3.486125677334244,-0.27026821185130334,59.9918229562604,197.1868478104046,185.12263552699775,0.06311228368227387,2.914858768452827,-0.010771791476874973,0.009115459905416163,1857118800.0,0.9854689785842697,194.7357177734375,195.35867309570312,195.7442626953125,-0.010713983482471656,-0.015811141245883342,0.8636486177417427,-0.014684266911006771,1.140000343322754,2
2023-12-21,193.90511142023345,194.87413831888384,191.33420648650613,192.50099182128906,46482500,4746.75,13.649999618530273,3.8940000534057617,191.32135620117188,182.97281616210938,192.76216591363817,189.80914258561785,2.953023328020322,3.3795052074714595,-0.4264818794511376,57.38825920404506,197.3063861394057,185.33632626293806,0.06256520502541955,3.0031451227355155,-0.0007702483435210805,0.009105846606879665,1810636300.0,0.8711705021190064,192.64932250976562,193.6974639892578,195.89260864257812,-0.0007699517784135468,-0.017313653867754297,0.8354708412902003,0.010301467821202559,-0.020000457763671875,3
2023-12-22,192.99537700889314,193.22281352230834,190.8101216032956,191.43307495117188,37149600,4754.6298828125,13.029999732971191,3.9010000228881836,191.50082397460938,183.23243225097656,192.55769038095104,189.92943387195518,2.628256508995861,3.22925546777634,-0.6009989587804792,59.2461075647918,197.25768937286648,185.74395857635227,0.06012366191197583,2.9077946477311962,-0.005563036555704839,0.00904458999869116,1773486700.0,0.6878098417668553,192.50099182128906,194.7357177734375,195.35867309570312,-0.005547591521547046,-0.020094312079035115,0.7785666094985579,0.0016600585268868873,-0.619999885559082,4
2023-12-26,191.44299668429173,191.71986154255086,190.67172813799795,190.88926696777344,28919300,4774.75,12.989999771118164,3.885999917984009,191.66200103759766,183.51790740966797,192.3010098558468,190.00053261979357,2.3004772360532115,3.0434998214317144,-0.7430225853785029,49.031954856860466,197.1405445169174,186.18345755827792,0.05716880184554718,2.6316338027856614,-0.0028447636484312962,0.009075391202896218,1744567400.0,0.5412581280755908,191.43307495117188,192.64932250976562,193.6974639892578,-0.0028407211425567347,-0.014497851255502847,0.6884199806850269,0.0042316894655107795,-0.039999961853027344,1
2023-12-27,190.33552729492325,191.33421726083122,188.95118798803827,190.98812866210938,48087700,4781.580078125,12.430000305175781,3.7890000343322754,191.79796295166017,183.80792755126953,192.09902813373336,190.07368788218733,2.0253402515460266,2.8398679074545767,-0.8145276559085501,52.29155873370781,197.05233005398262,186.54359584933772,0.05479064554660294,2.6146835220505125,0.0005177666846788285,0.009058535136096727,1792655100.0,0.8919435412983676,190.88926696777344,192.50099182128906,194.7357177734375,0.0005179007489857224,-0.019244487627525064,0.599618148628509,0.0014304577464787638,-0.5599994659423828,2
2023-12-28,191.96707508718282,192.48125917871982,191.0079306668944,191.41334533691406,34049900,4783.35009765625,12.470000267028809,3.8499999046325684,192.00610733032227,184.13745971679688,191.99353847268424,190.17292176772264,1.8206167049615942,2.6360176669559805,-0.8154009619943863,47.92050750183709,196.81271288267948,187.19950177796505,0.05006721524839888,2.532049846349957,0.0022239289279565545,0.008946380127948187,1826705000.0,0.636861284004027,190.98812866210938,191.43307495117188,192.64932250976562,0.002226403692121348,-0.00641568398346648,0.5008398480492101,0.0003701746080437829,0.039999961853027344,3
2023-12-29,191.72973752393827,192.2241411947973,189.5840274029703,190.3750762939453,42672100,4769.830078125,12.449999809265137,3.865999937057495,192.13366470336913,184.47209930419922,191.74454429133976,190.18789617707247,1.5566481142672899,2.420143756418242,-0.8634956421509523,40.18521640809336,196.5960371673729,187.67129223936536,0.046450708894697185,2.556769401275602,-0.005438989470089625,0.009049634083276218,1784032900.0,0.802724878882358,191.41334533691406,190.88926696777344,192.50099182128906,-0.005424224947018441,-0.011043660124709254,0.37054570402072456,-0.0028264750133749628,-0.020000457763671875,4
2024-01-02,185.05525771688224,186.3308274284663,181.83175174149957,183.56216430664062,82488700,4742.830078125,13.199999809265137,3.946000099182129,191.8567970275879,184.67798522949218,190.48571660138606,189.69710122370714,0.7886153776789229,2.0938380806703787,-1.3052227029914558,31.663365459743417,197.6117419144753,186.10185214070052,0.05999208759916761,2.864009811674614,-0.03644283178292006,0.01214653155358012,1701544200.0,1.4998421313548949,190.3750762939453,190.98812866210938,191.43307495117188,-0.03578678532890156,-0.0411157301137165,0.1302321290414426,-0.005660579005492328,0.75,1
2024-01-03,182.15809638511382,183.79952025374087,181.37693010719954,182.18775939941406,58414500,4704.81005859375,14.039999961853027,3.9070000648498535,191.60069732666017,184.90733825683594,189.20910780108267,189.14085368116693,0.0682541199157356,1.6887212885194502,-1.6204671686037146,24.387840388856063,198.54134870703828,184.66004594628205,0.07244912442614958,2.825164676079118,-0.007515579839968093,0.01208522997564793,1643129700.0,1.0478030253362787,183.56216430664062,191.41334533691406,190.88926696777344,-0.007487408488661251,-0.04558405879272609,-0.012630948965088963,-0.008016314922730805,0.8400001525878906,2
2024-01-04,180.1112512492328,181.04073256447913,178.85547678867908,179.8739471435547,71983600,4688.68017578125,14.130000114440918,3.990999937057495,191.0316390991211,185.0880450439453,187.77292923838604,188.45441615986232,-0.681486921476278,1.2146796465203047,-1.8961665679965827,8.86744353985884,199.7342187847187,182.32905941352348,0.09111139627590256,2.830818939967222,-0.012781488425313412,0.011131058745086663,1571146100.0,1.2850252506972628,182.18775939941406,190.3750762939453,190.98812866210938,-0.012700152103999218,-0.05819304894189303,0.014551277468463266,-0.0034283812973570083,0.09000015258789062,3
2024-01-05,179.95306152436652,180.71443234786256,178.1534248404595,179.15211486816406,62379700,4697.240234375,13.350000381469727,4.041999816894531,190.48087387084962,185.2456253051758,186.44665010450575,187.7653568049217,-1.3187067004159587,0.7080023771330519,-2.0267090775490106,7.86468522901059,200.6794301795682,180.28231756213106,0.10708220832327155,2.7693719975627533,-0.004021063228399282,0.01111643931422161,1508766400.0,1.0928130901348267,179.8739471435547,183.56216430664062,191.41334533691406,-0.004012989578832893,-0.06405629893343401,0.021965787296284425,0.0018256861788026324,-0.7799997329711914,4
2024-01-08,180.0519155054874,183.52263874374273,179.46852282651062,183.4830780029297,59144500,4763.5400390625,13.079999923706055,4.001999855041504,190.05024795532228,185.53603942871095,185.99071593503248,187.44815096773712,-1.4574350327046375,0.27491489516551404,-1.7323499278701515,24.905963339728203,200.67992994368188,179.42056596696267,0.11186180605098156,2.982671971632667,0.023887196579841743,0.012332179585944307,1567910900.0,1.0256549433145055,179.15211486816406,182.18775939941406,190.3750762939453,0.02417478095613168,-0.03620220895078807,0.00988479230827111,0.014114629309846638,-0.2700004577636719,0
2024-01-09,181.86143345023166,183.07766218215258,180.68475037086026,183.06777954101562,42841800,4756.5,12.760000228881836,4.019000053405762,189.52766342163085,185.90129638671874,185.54103341287603,187.12367901020218,-1.5826455973261488,-0.09659720333281852,-1.4860483939933302,26.290252424488102,200.46250037561595,178.59282646764575,0.11539040535374533,2.9579510827574773,-0.002265981001372861,0.012120535867489448,1525069100.0,0.7498099957339284,183.4830780029297,179.8739471435547,183.56216430664062,-0.0022634156045029385,-0.0026932825045532516,0.06355946946599476,-0.0014779006799081618,-0.31999969482421875,1
2024-01-10,182.2866315170422,184.31367440860302,181.8614365329183,184.1060333251953,46792900,4783.4501953125,12.6899995803833,4.03000020980835,189.18207473754882,186.26105072021485,185.32026416861746,186.90014970020167,-1.5798855315842104,-0.3932548689830969,-1.1866306626011136,26.290252424488102,200.35295365952948,178.01119581556816,0.11809658962116737,3.058244043464378,0.005655395428788248,0.012009085154970236,1571862000.0,0.8292300449757205,183.06777954101562,179.15211486816406,182.18775939941406,0.005671417366741371,0.010529104326793881,0.05272754955292302,0.00566597189372442,-0.07000064849853516,2
2024-01-11,184.45208965863696,184.9563909902637,181.56477442626638,183.51272583007812,49128400,4780.240234375,12.4399995803833,3.9769999980926514,188.7311767578125,186.56805603027342,185.0421813473037,186.64922941352583,-1.60704806622212,-0.6360135084309015,-0.9710345577912185,28.166336304405846,200.05983338103414,177.40252013459087,0.12005071782876683,3.0992101072592146,-0.0032278440393984716,0.01179022604045039,1522733600.0,0.8733796484359098,184.1060333251953,183.4830780029297,179.8739471435547,-0.003222640151445799,0.020229603810380414,0.09864299771227211,-0.0006710555783868699,-0.25,3
2024-01-12,183.9774674403319,184.64986419021457,183.1172099941003,183.8390350341797,40477800,4783.830078125,12.699999809265137,3.950000047683716,188.13591537475585,186.8721075439453,184.8570819145154,186.4410668669076,-1.5839849523921998,-0.8256077972231612,-0.7583771551690386,29.475170042939183,199.16000997375778,177.11182077575393,0.11719287704362634,2.9558331332403975,0.0017765494802947533,0.010974881723068479,1563211400.0,0.7392585717471357,183.51272583007812,183.06777954101562,179.15211486816406,0.0017781284792408591,0.026161679249305347,0.1340188582213089,0.0007509755941104146,0.26000022888183594,4
2024-01-16,180.1211286782067,182.19761480887055,178.90488492167398,181.57467651367188,65603000,4765.97998046875,13.84000015258789,4.065999984741211,187.42001876831054,187.0676712036133,184.35209646823176,186.08059350740862,-1.7284970391768582,-1.0061856456139007,-0.7223113935629575,27.893595821791067,198.1796318422136,176.66040569440747,0.11481818372032232,3.135937289918467,-0.012393555209905736,0.011122215716333388,1497608400.0,1.1994735721980592,183.8390350341797,184.1060333251953,183.4830780029297,-0.012317071399372881,-0.0104009672719102,0.18045835243788144,-0.0037313402367431525,1.140000343322754,1
2024-01-17,179.2411232206481,180.88253205239923,178.28197882705663,180.6353302001953,47317400,4739.2099609375,14.789999961853027,4.105999946594238,186.68385162353516,187.1733477783203,183.78028627314924,185.67724066983726,-1.8969543966880167,-1.1843393958287238,-0.7126150008592929,27.407414380406905,197.16767348853574,176.20002975853458,0.11231632274378131,3.2962633100657763,-0.005186761281910742,0.011123397757608344,1450291000.0,0.9345334413280426,181.57467651367188,183.51272583007812,183.06777954101562,-0.005173333261622726,-0.013287151605372083,0.2971387867089326,-0.005616897183990499,0.9499998092651367,2
2024-01-18,184.00711348059855,187.02297821650802,183.7500290608814,186.51869201660156,78005800,4780.93994140625,14.130000114440918,4.144000053405762,186.32491302490234,187.41486206054688,184.2015794644496,185.7395703992272,-1.5379909347776106,-1.2550697036185012,-0.2829212311591094,42.15272802871547,196.2756840099851,176.3741420398196,0.10681095537399053,3.5823075060314733,0.03205121070064404,0.013651488532457479,1528296800.0,1.5075097876975283,180.6353302001953,183.8390350341797,184.1060333251953,0.03257038260392253,0.013104723662937579,0.33542847221619315,0.008805260963896,-0.6599998474121094,3
2024-01-19,187.21087293560348,189.80154302609114,186.7065866846462,189.41590881347656,68903000,4839.81005859375,13.300000190734863,4.145999908447266,186.0589225769043,187.66336486816405,185.00378397968453,186.01189176324567,-1.0081077835611438,-1.2056773196070298,0.197569536045886,46.773086639359946,195.32382357920906,176.79402157459955,0.09959104217079687,3.710144684094268,0.015413713720073084,0.014110201757044092,1597199800.0,1.2962839283782577,186.51869201660156,181.57467651367188,183.51272583007812,0.015533117702847266,0.03216770366576349,0.35722389054803577,0.012313502764936146,-0.8299999237060547,4
2024-01-22,190.14766376550878,193.143748944668,190.1081030206995,191.71986389160156,60133900,4850.43017578125,13.1899995803833,4.093999862670898,186.0124496459961,187.9067938232422,186.03702704305638,186.43470451349424,-0.3976774704378556,-1.044077349773195,0.6463998793353394,52.08718568592085,195.1465620638464,176.8783372281458,0.09820968903139128,3.7878394226202983,0.012090091286137345,0.014235217352278841,1657333700.0,1.1229737059491804,189.41590881347656,180.6353302001953,183.8390350341797,0.012163471867580933,0.042868093035609345,0.6017881832187276,0.0021943252026270788,-0.1100006103515625,0
2024-01-23,192.83720939883855,193.55903452389106,191.66052626402544,192.9954071044922,42355600,4864.60009765625,12.550000190734863,4.142000198364258,186.03717041015625,188.15460174560548,187.10754705250807,186.9206824831978,0.1868645693102735,-0.7978889659565014,0.9847535352667749,67.6798406741834,195.2475802973397,176.8267605229728,0.09901687783013753,3.313209687436004,0.006631126877721779,0.014316729101916953,1699689300.0,0.7940316213387983,191.71986389160156,186.51869201660156,181.57467651367188,0.00665316147737216,0.06289825657467363,0.7274988689900321,0.002921374261968035,-0.6399993896484375,1
2024-01-24,193.23272951111284,194.18199120084623,192.16481576816378,192.32302856445312,53631300,4868.5498046875,13.140000343322754,4.177999973297119,186.0816680908203,188.39844146728515,187.90992882357654,187.32085626699447,0.5890725565820674,-0.5204966614487876,1.109569218030855,69.50895786376435,195.4096899934493,176.7536461881913,0.10025729023534216,3.284251493588942,-0.0034899924855061326,0.01428081516572029,1646058000.0,0.9901185316508557,192.9954071044922,189.41590881347656,180.6353302001953,-0.003483909540267005,0.06470328009091308,0.8059762501224493,0.0008119284117831249,0.5900001525878906,2
2024-01-25,193.03498542605584,194.07323623297103,190.94860116972282,191.99673461914062,54822100,4894.16015625,13.449999809265137,4.131999969482422,186.13704147338868,188.55210327148438,188.53866817674023,187.6672176264127,0.8714505503275234,-0.24210721909352542,1.1135577694210488,75.26800054703725,195.59743698941656,176.6766459573608,0.1016497892213507,3.269419525911315,-0.0016980340589844945,0.014270110419217694,1591235900.0,0.9884679846997075,192.32302856445312,191.71986389160156,186.51869201660156,-0.0016965932148013119,0.02936993897668705,0.840526940108791,0.005260365527706368,0.3099994659423828,3
2024-01-26,192.09561130867766,192.58011726192578,189.79168833424328,190.2663116455078,44594000,4890.97021484375,13.260000228881836,4.159999847412109,186.1009506225586,188.70279815673828,188.80445947962755,187.85974310930865,0.9447163703189005,-0.004742501211040223,0.9494588715299408,72.23105303124642,195.48865164733164,176.71324959778556,0.1008882651417804,3.2856639130741336,-0.009053633671939768,0.014421733437057039,1546641900.0,0.8065910611897914,191.99673461914062,192.9954071044922,189.41590881347656,-0.009012772936297098,0.004489606165386295,0.8612486287992188,-0.0006517852510764532,-0.18999958038330078,4
2024-01-29,189.86087972294905,190.04875551955823,187.4580852833725,189.58401489257812,47145600,4927.93017578125,13.600000381469727,4.091000080108643,186.0094841003418,188.78763732910156,188.92439108161994,187.9874669451064,0.9369241365135395,0.18359082633387572,0.7533333101796638,64.28901746498605,195.21309090630584,176.80587729437778,0.09895846817143143,3.1740712335424655,-0.0035924543908787978,0.014429150805721998,1499496300.0,0.8427618103355122,190.2663116455078,192.32302856445312,191.71986389160156,-0.0035860092468754656,-0.011140467949794952,0.8701339207934459,0.007556774896180896,0.3400001525878906,0
2024-01-30,188.80288370915284,189.65325866018404,185.37172089064353,185.93533325195312,55859400,4924.97021484375,13.3100004196167,4.059000015258789,185.7874969482422,188.78823059082032,188.46453603090197,187.83545704190988,0.6290789889920916,0.2726884588655189,0.3563905301265727,55.83269397413264,194.75899372963133,176.81600016685306,0.09657804673355892,3.280014814790399,-0.019433334055051557,0.01500990652631692,1443636900.0,0.986895142589859,189.58401489257812,191.99673461914062,192.9954071044922,-0.019245724080125703,-0.03658156408207458,0.8476597451248972,-0.0006006499345398986,-0.28999996185302734,1
2024-01-31,184.94651023142666,185.00585134318092,182.28663127585358,182.3360595703125,55467800,4845.64990234375,14.350000381469727,3.9670000076293945,185.72619171142577,188.68321838378907,187.5216934985036,187.428094266236,0.09359923226759292,0.23687061354593372,-0.1432713812783408,46.73950867622315,194.77811191288498,176.67427150996656,0.09747596844632164,3.365476536248601,-0.019547476991662444,0.013298730105996045,1388169100.0,1.0039401735073625,185.93533325195312,190.2663116455078,192.32302856445312,-0.019357663864583485,-0.05192809757981576,0.8057741456138943,-0.016105744611597972,1.0399999618530273,2
2024-02-01,181.93068222666935,184.85754373397813,181.7625867762094,184.7685546875,64885400,4906.18994140625,13.880000114440918,3.86299991607666,185.85523147583007,188.6272528076172,187.0981336814261,187.23109133447775,-0.13295765305164764,0.16290496022641746,-0.29586261327806507,52.16657189790245,194.76726381609885,176.9431991355613,0.09590294843465587,3.344286564375131,0.01325252052989059,0.013517564577729,1453054500.0,1.167556926708971,182.3360595703125,189.58401489257812,191.99673461914062,0.013340724390555891,-0.03764741075403699,0.751683116155057,0.012493688211609788,-0.4700002670288086,3
2024-02-02,177.84687547061628,185.2332669548565,177.24370243482153,183.76983642578125,102551700,4958.60986328125,13.850000381469727,4.0329999923706055,186.0500259399414,188.51650634765625,186.58608794978844,186.97470208198172,-0.38861413219328256,0.05260114174247746,-0.44121527393576,49.88332466308228,194.5734269740945,177.5266249057883,0.09162483037658405,3.8054944446551815,-0.005419900507550659,0.013228181181704341,1350502800.0,1.7959371164487863,184.7685546875,185.93533325195312,190.2663116455078,-0.0054052393460991555,-0.03414411707223497,0.5983215999089503,0.01068444607751462,-0.029999732971191406,4
2024-02-05,186.04407104136263,187.13176501057416,183.75992879401906,185.57933044433594,69668800,4942.81005859375,13.670000076293945,4.164000034332275,186.37138671875,188.45796875,186.43120217971884,186.8713412199339,-0.44013904021505823,-0.04594689464902968,-0.39419214556602855,56.857406680647166,194.2608154451843,178.48195799231567,0.08466351906626231,3.6939005949444237,0.009798362406010916,0.013308859233339574,1420171600.0,1.2123374118247305,183.76983642578125,182.3360595703125,189.58401489257812,0.009846523530457008,-0.021123534336538463,0.47375712691581967,-0.0031863375266721894,-0.18000030517578125,0
2024-02-06,184.76853636353553,187.19111127921153,184.67954732588265,187.1812286376953,43490800,4954.22998046875,13.0600004196167,4.090000152587891,186.5562942504883,188.4182192993164,186.54659086556137,186.89429584347178,-0.34770497791041066,-0.10629851130130588,-0.24140646660910478,60.960236847726,194.3332420691852,178.7793464317914,0.08337373820531431,3.6381053282811116,0.008594836634395388,0.012377548597437803,1463662400.0,0.7672523863730085,185.57933044433594,184.7685546875,185.93533325195312,0.008631878289052652,0.006700691923110291,0.4369451991008995,0.0023104108269635937,-0.6099996566772461,1
2024-02-07,188.50623739169367,188.91165203661865,186.49895962721544,187.29000854492188,53439000,4995.06005859375,12.829999923706055,4.110000133514404,186.76740570068358,188.4071450805664,186.66096281623223,186.92360789543105,-0.2626450791988191,-0.13756782488080854,-0.12507725431801053,51.60107564004701,194.3729659718144,179.16184542955276,0.08144419249812378,3.354179927787576,0.0005809787213818411,0.01235438771694992,1517101400.0,0.934024787950645,187.1812286376953,183.76983642578125,182.3360595703125,0.0005811475222075035,0.027169332200573493,0.3766494684380291,0.008241457963390042,-0.23000049591064453,2
2024-02-08,187.27021997882892,187.418535043408,185.2530596605407,186.2122039794922,40962000,4997.91015625,12.789999961853027,4.170000076293945,186.87271423339843,188.3780746459961,186.5919229951953,186.8709113090652,-0.27898831386991674,-0.1658519226786302,-0.11313639119128654,42.806494362589575,194.3808171785822,179.36461128821466,0.08035526187955262,3.274367383028842,-0.005771358353255408,0.012398723661905298,1476139400.0,0.7196145471691683,187.29000854492188,185.57933044433594,184.7685546875,-0.005754736057749565,0.007813284540942877,0.3097374823621874,0.0005705832608251526,-0.039999961853027344,3
2024-02-09,186.77650719907678,188.10321111496148,186.13296840440984,186.9745330810547,45155200,5026.60986328125,12.930000305175781,4.186999797821045,187.04580459594726,188.3521875,186.6507860853275,186.87858699587926,-0.227800910551764,-0.17824172025325696,-0.04955919029850703,38.552453534718474,194.38548458687274,179.70612460502178,0.07848002799935032,3.148824710125999,0.0040855158354821935,0.012388699947326694,1521294600.0,0.7960583518500628,186.2122039794922,187.1812286376953,183.76983642578125,0.004093872932444675,0.017438643455329528,0.24127282396990718,0.0057423415255595245,0.1400003433227539,4
2024-02-12,186.5487888854563,186.79630612181433,184.93497167008087,185.29139709472656,41781900,5021.83984375,13.930000305175781,4.171999931335449,187.1184226989746,188.3130062866211,186.44164931754273,186.76101737357166,-0.31936805602893514,-0.2064669874083926,-0.11290106862054256,31.77342426705981,194.35249257530106,179.88435282264814,0.07732076587631583,3.158899935205156,-0.009042715538247892,0.012584658734124357,1479512700.0,0.7357433967699728,186.9745330810547,187.29000854492188,185.57933044433594,-0.009001953146199226,-0.001551537819001525,0.13701981913202635,-0.0009489536011326738,1.0,0
2024-02-13,183.92512331150874,184.360756090923,181.68755769129083,183.20236206054688,56529500,4953.169921875,15.850000381469727,4.315999984741211,187.19980697631837,188.22057495117187,185.94329743185108,186.49741327631057,-0.5541158444594885,-0.27599675881861174,-0.27811908564087673,29.77738382006659,194.20425419939005,180.1953597532467,0.0748339150152839,3.272233075973247,-0.011338359809247883,0.012530323737024738,1422983200.0,1.003452382452759,185.29139709472656,186.2122039794922,187.1812286376953,-0.01127432286082719,-0.02125676065974469,-0.0375610474377523,-0.013674255653625456,1.9200000762939453,1
2024-02-14,183.4796068721132,183.6875129162611,180.62820312290157,182.3212127685547,54630500,5000.6201171875,14.380000114440918,4.267000198364258,187.28410110473632,188.08500885009767,185.38605363749778,186.18806509055088,-0.8020114530530975,-0.3811996976655089,-0.42081175538758864,29.062310342527596,193.99014002305992,180.57806218641272,0.07161354197998185,3.2675669852669142,-0.004821308717307259,0.01252194064197008,1368352700.0,0.9634895816477638,183.20236206054688,186.9745330810547,187.29000854492188,-0.004809704864509157,-0.02652995648283829,-0.41007596979227307,0.009579763275017639,-1.4700002670288086,2
2024-02-15,181.727184392981,182.65785175424014,179.54903541760635,182.0341033935547,65434500,5029.72998046875,14.010000228881836,4.239999771118164,187.05987167358398,187.97949584960938,184.87036898458345,185.8803642241067,-1.0099952395232492,-0.5069588060370569,-0.5030364334861923,30.9986799600466,194.16188174510825,179.95786160205972,0.07593301554185965,3.2904518001920064,-0.001575985976817636,0.010076246458727251,1302918200.0,1.1669707394586613,182.3212127685547,185.29139709472656,186.2122039794922,-0.0015747447630488631,-0.022437308063856243,-0.5596874077715009,0.005821250684729495,-0.36999988555908203,3
2024-02-16,181.5984737728991,183.0142804515248,179.86585283584154,180.49949645996094,49752500,5005.56982421875,14.239999771118164,4.295000076293945,186.6140510559082,187.76438354492188,184.19792705771846,185.48178142676255,-1.283854369044093,-0.6623379186384641,-0.6215164504056288,29.825192763727273,194.19651822823513,179.03158388358125,0.08126362542824057,3.3147518897311454,-0.008466062732845815,0.009393576710969916,1253165700.0,0.9027103992002116,182.0341033935547,183.20236206054688,186.9745330810547,-0.008430326543131028,-0.03463058050952206,-0.5817278484708149,-0.0048034698371121065,0.22999954223632812,4
2024-02-20,179.98465441119404,180.6182980286837,178.2124373755958,179.75694274902344,53665600,4975.509765625,15.420000076293945,4.275000095367432,186.0159049987793,187.55617401123047,183.51469870253462,185.05771930248557,-1.5430205999509496,-0.8384744549009613,-0.7045461450499884,34.24553812871822,193.7875217173706,178.244288280188,0.08355862600719335,3.1807749528416736,-0.0041223677452774075,0.008754114486947465,1199500100.0,0.9794572701143761,180.49949645996094,182.3212127685547,185.29139709472656,-0.004113882451202366,-0.029868922316310997,-0.5274557454688079,-0.006005322001165325,1.1800003051757812,1
2024-02-21,180.13316833455778,181.0737309260645,178.86588113831095,180.5093994140625,41371400,4981.7998046875,15.34000015258789,4.324999809265137,185.3916046142578,187.3244500732422,183.0523449658466,184.72080671815792,-1.668461752311316,-1.0044719143830323,-0.6639898379282838,44.55104571200725,192.80004589085667,177.98316333765894,0.07992207944921265,3.077856939388389,0.004177230404991396,0.008624999925954873,1240871500.0,0.7557531289988756,179.75694274902344,182.0341033935547,183.20236206054688,0.0041859671928756725,-0.01469938824038941,-0.458975363916514,0.001264199922982101,-0.07999992370605469,2
2024-02-22,181.65787110291916,183.1231842228548,180.64801151557128,182.53903198242188,52292200,5087.02978515625,14.539999961853027,4.327000141143799,184.90240478515625,187.10484130859376,182.9733737376274,184.55919377477005,-1.5858200371426392,-1.1207415389349538,-0.46507849820768543,43.185515314098524,191.6459781529685,178.158831417344,0.07294197580229213,3.043487500175786,0.011181173297822321,0.009215616709281439,1293163700.0,0.956418926055686,180.5093994140625,180.49949645996094,182.3212127685547,0.011243916244514818,0.001194700334423926,-0.38399243674579,0.02112288421741404,-0.8000001907348633,3
2024-02-23,183.17267506039363,183.20237592421455,180.42028422645075,180.70741271972656,45119700,5088.7998046875,13.75,4.260000228881836,184.33793869018555,186.89863342285156,182.62476435025803,184.27387665958165,-1.6491123093236126,-1.2264156930126857,-0.4226966163109269,41.09325809088561,190.44067261733997,178.23520476303113,0.0662124570830881,2.671525155727845,-0.01008480502897526,0.009361561916746081,1248044000.0,0.8326223302784884,182.53903198242188,179.75694274902344,182.0341033935547,-0.01003412389560443,-0.0072881435351696,-0.3703359564090956,0.0003479475462115911,-0.7899999618530273,4
2024-02-26,180.43017719516277,180.94500218994074,178.8559560281093,179.36090087890625,40867400,5069.52978515625,13.739999771118164,4.298999786376953,183.79266815185548,186.6352377319336,182.1226315085116,183.90995252767976,-1.7873210191681608,-1.3385967582437808,-0.44872426092438,31.41380263370327,189.60707615194943,177.97826015176153,0.06327138137294895,2.579897294676156,-0.007479236949413657,0.009314746274376525,1207176600.0,0.7567540242034111,180.70741271972656,180.5093994140625,180.49949645996094,-0.007451337056707974,-0.006308026356778518,-0.34931410630275334,-0.003786751350190576,-0.010000228881835938,0
2024-02-27,179.30151026553332,182.09349711935678,177.77679547469845,180.81631469726562,54318900,5078.18017578125,13.430000305175781,4.315000057220459,183.35428314208986,186.33667877197266,181.92165969139683,183.6807941698713,-1.759134478474465,-1.4227043022899175,-0.3364301761845474,30.80792140068297,188.62705773057283,178.08150855360688,0.057514605038125596,2.708835701199689,0.008081697991797072,0.009632799446982851,1261495500.0,0.9992033068559942,179.36090087890625,182.53903198242188,179.75694274902344,0.008114443065504018,0.0058933576196902315,-0.33712179455893165,0.0017063496993998672,-0.3099994659423828,1
2024-02-28,180.69750358801915,181.30144633523983,178.34114943443706,179.6183319091797,48953900,5069.759765625,13.84000015258789,4.27400016784668,183.03843307495117,186.0111932373047,181.56730157105574,183.37987103944968,-1.8125694683939457,-1.5006773355107232,-0.3118921328832225,28.293450789174415,188.41597913996418,177.66088700993816,0.05875865494118377,2.7479503077282295,-0.006647458621441598,0.008831545923536929,1212541600.0,0.9062694875227556,180.81631469726562,180.70741271972656,180.5093994140625,-0.006625413144226933,-0.004936405016997658,-0.3513831906512937,-0.001658155060430544,0.4099998474121094,2
2024-02-29,179.46984202762675,180.75693496542868,177.74711623943745,178.9550018310547,136682600,5096.27001953125,13.399999618530273,4.251999855041504,182.86938018798827,185.6831198120117,181.16540930336328,183.05210294993896,-1.8866936465756794,-1.5778805977237145,-0.3088130488519649,28.973001363460327,188.5442557970707,177.19450457890585,0.06206479841785096,2.8082605465227966,-0.003699833603836152,0.0077992318243844255,1075859000.0,2.3534447616919927,179.6183319091797,179.36090087890625,182.53903198242188,-0.003692997652714025,-0.019634322108776803,-0.532795135824936,0.005229094697149161,-0.4400005340576172,3
2024-03-01,177.76691576574171,178.7371792855814,175.61846756104012,177.87582397460938,73563100,5137.080078125,13.109999656677246,4.179999828338623,182.52474365234374,185.36668701171874,180.65931925278576,182.66867487769233,-2.0093556249065614,-1.664175603160284,-0.3451800217462775,24.11273314225531,188.54091949035202,176.50856781433546,0.06592175633422431,2.9058528007701483,-0.006048699096041015,0.007115352887285057,1002295900.0,1.2572404495795362,178.9550018310547,180.81631469726562,180.70741271972656,-0.0060304425436743525,-0.01566946647345857,-0.6017118541460433,0.00800782894888763,-0.28999996185302734,4
2024-03-04,174.40064432483445,175.14319605787904,172.06408093389737,173.361083984375,81510100,5130.9501953125,13.489999771118164,4.218999862670898,182.00430603027343,184.9391943359375,179.53651382687642,181.97922370040956,-2.442709873533147,-1.8198824572348564,-0.6228274162982905,20.76665896448246,189.24350577911576,174.7651062814311,0.07954976348348831,3.175294345751447,-0.025709078720566617,0.00887278380310162,920785800.0,1.418566614247118,177.87582397460938,179.6183319091797,179.36090087890625,-0.02538141434486807,-0.033451085856119556,-0.6776986496558103,-0.0011932620709189656,0.38000011444091797,0
2024-03-05,169.06420089624305,170.33148818677603,167.93552268101038,168.43055725097656,95132400,5078.64990234375,14.460000038146973,4.13700008392334,181.14686737060546,184.4548190307617,177.82790512289182,180.97561877822935,-3.147713655337526,-2.0854486968553907,-1.0622649584821353,18.228319865467938,190.38853954816187,171.90519519304905,0.1020351310701832,3.305417338603511,-0.028853068295865605,0.010084453407768102,825653400.0,1.6197529619806084,173.361083984375,178.9550018310547,180.81631469726562,-0.02844079317041437,-0.06849911451312396,-0.5997583156685691,-0.010193100883444606,0.9700002670288086,1
2024-03-06,169.36121186741923,169.53943215491887,167.00484265804033,167.4404754638672,68587700,5104.759765625,14.5,4.104000091552734,180.15982971191406,183.95360870361327,176.2298390215034,179.97301556975808,-3.7431765482546666,-2.4169942671352462,-1.3261822811194204,18.143301960876542,190.79895505619325,169.52070436763486,0.11810763099956043,3.267937317426296,-0.005895623965593457,0.009575512578630365,757065700.0,1.1433664393943372,168.43055725097656,177.87582397460938,179.6183319091797,-0.005878278878066467,-0.0677985165315419,-0.5835665607137477,0.005141103203274655,0.039999961853027344,2
2024-03-07,167.47017484778516,169.0344857697736,166.81674075207243,167.32167053222656,71765100,5157.35986328125,14.4399995803833,4.0920000076293945,179.1614128112793,183.47138061523438,174.85935156161466,179.03587890031127,-4.176527338696616,-2.7689008814475202,-1.4076264572490955,18.274993880016737,190.69351307387777,167.62931254868082,0.12873419651748202,3.204289366073965,-0.0007097871611195967,0.009536124765706698,685300600.0,1.17833514849071,167.4404754638672,173.361083984375,178.9550018310547,-0.000709535321800181,-0.06500701952891352,-0.6428493163903326,0.010304127925951478,-0.06000041961669922,3
2024-03-08,167.32165453074688,171.97497562938204,167.26225281020422,169.0344696044922,76267000,5123.68994140625,14.739999771118164,4.089000225067139,178.3025260925293,183.03428466796876,173.9632158759035,178.29503376728763,-4.331817891384134,-3.081484283434843,-1.2503336079492908,25.46604496862122,190.17719566505622,166.42785652000236,0.13319687424242796,3.3160247377521483,0.010184525702361348,0.010170621154891911,761567600.0,1.2169801174614714,167.32167053222656,168.43055725097656,177.87582397460938,0.010236564497697387,-0.04970520542116641,-0.6497701787634315,-0.0065285190034379825,0.3000001907348633,4
2024-03-11,171.22253935977105,172.64824117092596,170.34137853305091,171.034423828125,60139500,5117.93994140625,15.220000267028809,4.104000091552734,177.50552062988282,182.63521057128906,173.51263248393758,177.75721080883116,-4.244578324893581,-3.314103091726591,-0.9304752331669901,32.28788587682307,189.0650161031778,165.94602515658784,0.13024378545834323,3.402304088705425,0.011762188896759259,0.010658325989042332,821707100.0,0.9482992087060078,169.0344696044922,167.4404754638672,173.361083984375,0.011831635454663925,-0.013420890679592734,-0.6660233337179094,-0.001122238087346461,0.48000049591064453,0
2024-03-12,171.43045147590772,172.3017170819102,169.31170429451927,171.50965881347656,59825400,5175.27001953125,13.84000015258789,4.15500020980835,176.81643371582032,182.2371368408203,173.20448268848202,177.29442917954563,-4.089946491063614,-3.469271771593996,-0.6206747194696183,31.516859319836016,188.06049989528955,165.5723675363511,0.12718349695414297,3.458172874393808,0.0027747394530746408,0.010718028795528195,881532500.0,0.9301147613239646,171.034423828125,167.32167053222656,168.43055725097656,0.002778592605598096,0.01828113385572827,-0.6743915016362491,0.011201787981366396,-1.380000114440918,1
2024-03-13,171.05422401757613,171.4700511814422,169.0641756745517,169.43051147460938,52488700,5165.31005859375,13.75,4.191999912261963,176.12784118652343,181.81824554443358,172.6238717325016,176.71191675695778,-4.088045024456164,-3.5930264221664294,-0.49501860228973493,23.133129677027114,187.41198412000608,164.84369825304077,0.12813582290527809,3.446151326546133,-0.0121967036707364,0.010751197909923418,829043800.0,0.8186213600742751,171.50965881347656,169.0344696044922,167.4404754638672,-0.012122625356793093,0.011885035593867777,-0.6752089987381859,-0.0019245297153407392,-0.09000015258789062,2
2024-03-14,171.19284931228447,172.57893998999515,170.34138929390355,171.28195190429688,72913500,5150.47998046875,14.399999618530273,4.297999858856201,175.57587814331055,181.5726412963867,172.4174225281624,176.30969713824214,-3.8922746100797383,-3.6528760597490915,-0.23939855033064683,30.697512797869592,186.66269312556997,164.48906316105112,0.1262908675098298,3.4723182420905596,0.010868159239935622,0.011242193908794357,901957300.0,1.1211845266432692,169.43051147460938,171.034423828125,167.32167053222656,0.010927432217336719,0.023668669811108156,-0.6613379232636721,-0.0028710915621273925,0.6499996185302734,3
2024-03-15,169.47011882986195,170.9057159423828,168.59885322457814,170.9057159423828,121752700,5117.08984375,14.40999984741211,4.303999900817871,175.01945877075195,181.3470004272461,172.18485228419632,175.90940223484515,-3.7245499506488216,-3.6672108379290376,-0.05733911271978398,31.96794237228788,185.85572980229924,164.18318773920467,0.12382932855187376,3.514750564796795,-0.0021990045163978824,0.011238544398985275,780204600.0,1.7944796691804545,171.28195190429688,171.50965881347656,169.0344696044922,-0.002196588477251127,0.011070205634797325,-0.6399741430072459,-0.006482917484461503,0.010000228881835938,4
2024-03-18,173.82644596151624,175.94519331439105,171.79680120539754,171.99481201171875,75604200,5149.419921875,14.329999923706055,4.340000152587891,174.59422454833984,181.18941772460937,172.1556153191998,175.61943258868763,-3.4638172694878335,-3.6265321242407973,0.16271485475296377,30.888093430904036,185.18984279802498,163.9986062986547,0.12137421242993683,3.566377402464645,0.006352277950969228,0.011357742221426506,855808800.0,1.0934776740100365,170.9057159423828,169.43051147460938,171.034423828125,0.006372496457070609,0.0056151747823518505,-0.618307684953622,0.006318059504952345,-0.07999992370605469,0
2024-03-19,172.6086342803731,174.85609525037736,171.31164624406932,174.33135986328125,55215200,5178.509765625,13.819999694824219,4.296999931335449,174.32294540405275,181.0930026245117,172.49034524905846,175.5240197942131,-3.033674545154639,-3.507960608423566,0.47428606326892675,39.08422505801488,184.63606877680374,164.00982203130175,0.11832204129923139,3.6081025528578783,0.013493541600855722,0.011888859106791393,911024000.0,0.7976938546879099,171.99481201171875,171.28195190429688,171.50965881347656,0.01358499029263327,0.016452140767613477,-0.5735216237260147,0.0056491496501236416,-0.5100002288818359,1
2024-03-20,173.97494430389506,176.89564514160156,173.35119593354977,176.89564514160156,53423100,5224.6201171875,13.039999961853027,4.2729997634887695,174.1422576904297,180.96125396728516,173.16808369406507,175.62562167179743,-2.4575379777323576,-3.2978760822853244,0.8403381045529668,46.057602090117626,184.12019176419625,164.16432361666313,0.11459520745968735,3.6462904444336317,0.014602127997851762,0.012371111066412125,964447100.0,0.765142409631928,174.33135986328125,170.9057159423828,169.43051147460938,0.01470925988491878,0.044060149509203894,-0.3711852835530285,0.008904173912846591,-0.7799997329711914,2
2024-03-21,175.29173693263047,175.72736975318543,169.14340118299,169.6681365966797,106181300,5241.52978515625,12.920000076293945,4.270999908447266,173.49871292114258,180.69326110839845,172.62963029446732,175.18432648104795,-2.554696186580628,-3.1492401031443853,0.5945439165637572,37.28137231859666,182.83607413359834,164.16135170868682,0.10763608623079196,3.9616982793334166,-0.04171559175515285,0.015001999052352406,858265800.0,1.4642550927852396,176.89564514160156,171.99481201171875,171.28195190429688,-0.040857470171955845,-0.009421981064992146,-0.36881851613465866,0.0032365354015160275,-0.11999988555908203,3
2024-03-22,170.05426688241553,171.33146450930536,168.37115239719608,170.56910705566406,71160100,5234.18017578125,13.0600004196167,4.2179999351501465,172.99179763793944,180.4225225830078,172.31262671926683,174.84245837546393,-2.5298316561971035,-3.025358413754929,0.4955267575578257,45.127887786581915,181.7651180693196,164.21847720655927,0.10143047879925682,3.758024641576079,0.00529614309865073,0.015049255313436953,929425900.0,0.9639991657815458,169.6681365966797,174.33135986328125,170.9057159423828,0.0053101924560301494,-0.0019695589750329257,-0.3426777354580528,-0.0014021878490156903,0.1400003433227539,4
2024-03-25,168.87608692531137,170.2324767040703,167.76719930445816,169.15330505371094,54288300,5218.18994140625,13.1899995803833,4.252999782562256,172.48141784667968,180.13533416748047,171.82657723225822,174.42103961088966,-2.594462378631448,-2.939179206730233,0.3447168280987851,51.437565480461174,180.8740432775534,164.08879241580595,0.0973162852630769,3.5706208164218856,-0.008335100353999966,0.015064210407882004,875137600.0,0.7288131451990532,170.56910705566406,176.89564514160156,171.99481201171875,-0.008300459716255038,-0.01652088760569248,-0.30432134305727426,-0.0030549644525015296,0.12999916076660156,0
2024-03-26,168.3117257823714,169.71762191427138,167.89589862566189,168.0246124267578,57388400,5203.580078125,13.239999771118164,4.234000205993652,171.8418327331543,179.81904571533204,171.24165956987352,173.94723018984288,-2.7055706199693645,-2.8924574893780592,0.1868868694086947,51.15549325635277,179.47531844313505,164.20834702317353,0.08884315988219782,3.519701801545525,-0.006694963011154204,0.014856659491759879,817749200.0,0.7688474529426182,169.15330505371094,169.6681365966797,174.33135986328125,-0.006672601676891432,-0.03617678105344602,-0.23291048020144198,-0.002799795225030266,0.05000019073486328,1
2024-03-27,168.71767294274684,171.87599567632833,168.42064920188324,171.5888671875,60273300,5248.490234375,12.779999732971191,4.196000099182129,171.44035949707032,179.6193295288086,171.29507612643144,173.7725366341138,-2.477460507682366,-2.809458093038921,0.33199758535655466,57.42845409634797,178.13913285450815,164.7415861396325,0.07814698215856579,3.63639024667905,0.020990837206533778,0.01581921646541842,878022500.0,0.8014204855767834,168.0246124267578,170.56910705566406,176.89564514160156,0.021212694433655477,-0.02999948331036406,-0.05016970604424475,0.008630626525532925,-0.46000003814697266,2
2024-03-28,170.0443614510728,170.51959037094832,168.81667037520143,169.77703857421875,65672700,5254.35009765625,13.010000228881836,4.205999851226807,170.98146133422853,179.40216369628905,171.06153188762949,173.47657381486232,-2.415041927232835,-2.7305748598777035,0.3155329326448686,51.28824293352491,176.6981859753332,165.26473669312387,0.06686952604680119,3.497781246187675,-0.010615269986465035,0.015926942254755685,812349800.0,0.9164793289866433,171.5888671875,169.15330505371094,169.6681365966797,-0.01055912684184468,0.0006418528530076628,0.08899254809884956,0.0011164855071790214,0.23000049591064453,3
2024-04-01,169.48991432845702,169.54931605122675,167.79688969325008,168.3414306640625,46240500,5243.77001953125,13.649999618530273,4.328999996185303,170.50474166870117,179.0386184692383,170.6430547763115,173.096192840729,-2.453138064417516,-2.675087500785666,0.22194943636815,45.23476262374259,175.319778661243,165.68970467615935,0.056479801622146865,3.3810939115115963,-0.00849179602793668,0.015963849296637578,766109300.0,0.6578395156395955,169.77703857421875,168.0246124267578,170.56910705566406,-0.008455842569834116,-0.013060257100804162,0.13764715399990932,-0.0020135845401164643,0.6399993896484375,0
2024-04-02,167.40087579338118,167.65828830624176,166.55931106297376,167.1632537841797,49329500,5205.81005859375,14.609999656677246,4.364999771118164,170.1948501586914,178.59356536865235,170.10770077752198,172.6567158735772,-2.5490150960552285,-2.649873019839579,0.10085792378435032,42.4957426539705,175.03357456185515,165.35612575552764,0.05686099665944154,3.294815826775726,-0.007023339926478112,0.015071584231796414,716779800.0,0.7182258985303811,168.3414306640625,171.5888671875,169.15330505371094,-0.00699873391377992,-0.011764779109100787,0.15958151979578195,-0.0072390590731691296,0.9600000381469727,1
2024-04-03,167.11376514661308,168.98499523543435,166.9058590852198,167.96522521972656,47691700,5211.490234375,14.329999923706055,4.355000019073486,170.1715835571289,178.11847259521485,169.7780891532458,172.30919804736607,-2.5311088941202797,-2.626120194695719,0.09501130057543916,47.3533991660213,175.05033721582615,165.29282989843168,0.057339228521186926,3.268648184724991,0.0047860627588934565,0.013711680192373383,764471500.0,0.7192190606012828,167.1632537841797,169.77703857421875,168.0246124267578,0.004797534251051783,-0.0003534434995774438,0.06605062845152401,0.001091122364688113,-0.2799997329711914,2
2024-04-04,168.59885072968464,170.21266810452119,167.14346313476562,167.14346313476562,53704400,5147.2099609375,16.350000381469727,4.309000015258789,170.15673294067383,177.60143371582032,169.3727620734796,171.92655101680307,-2.553788943323468,-2.6116539444212687,0.05786500109780057,42.236279093200146,175.0721603848437,165.24130549650397,0.05777529174685856,3.2629893600371185,-0.004904460915051346,0.013691552808424746,710767100.0,0.8190862887800625,167.96522521972656,168.3414306640625,171.5888671875,-0.004892453684302467,-0.025907298798568124,0.021231936452312302,-0.012334336350379616,2.020000457763672,3
2024-04-05,167.90581505219322,168.69787335368648,167.2721714324497,167.8959197998047,42104800,5204.33984375,16.030000686645508,4.377999782562256,170.18544540405273,177.11289154052736,169.1455555698373,171.62798574146987,-2.482430171632558,-2.585809189863527,0.10337901823096907,44.432275583305575,175.03744417052624,165.33344663757921,0.05702013770865003,3.1823687556944122,0.004491758094654825,0.013728488486682797,752871900.0,0.6570332028441457,167.14346313476562,167.1632537841797,169.77703857421875,0.004501861161225085,-0.011079936310655625,-0.03827440114258352,0.011099194174331695,-0.31999969482421875,4
2024-04-08,167.35138730592178,167.51969724864153,166.56923932419392,166.7771453857422,37425500,5202.39013671875,15.1899995803833,4.423999786376953,170.07257919311525,176.60849975585938,168.7811847722842,171.2686642336382,-2.487479461353985,-2.5661432441616188,0.07866378280763398,40.358593932832015,175.1376499877377,165.0075083984928,0.059563638284936216,2.9171689773803076,-0.006685799951462834,0.013598532206511102,715446400.0,0.6022660672140872,167.8959197998047,167.96522521972656,168.3414306640625,-0.006663499716946686,-0.00929233684274644,-0.09181869525538983,-0.00037463099831791524,-0.840001106262207,0
2024-04-09,167.02461732769677,168.3909172188155,166.67810228343993,167.9849853515625,42373800,5209.91015625,14.979999542236328,4.366000175476074,169.92010726928712,176.16287322998048,168.65869255371163,171.02542876089183,-2.366736207180196,-2.5262618367653342,0.15952562958513816,37.762454217627514,175.0464874311419,164.79372710743232,0.06033871145962236,2.786337972313703,0.007216140036173747,0.01341652545503646,757820200.0,0.6917848972100974,166.7771453857422,167.14346313476562,167.1632537841797,0.007242239115117899,0.004915742836901993,-0.07014889144316283,0.0014454931932483817,-0.21000003814697266,1
2024-04-10,167.12365945587084,167.4107728345435,165.45044033625643,166.11378479003906,49709300,5160.64013671875,15.800000190734863,4.559999942779541,169.65031356811522,175.6934686279297,168.26716828237738,170.6616032815694,-2.394434999192015,-2.4998964692506704,0.10546147005865558,28.638654059864976,174.98805541884462,164.31257171738582,0.06292640123634405,2.7142019585461514,-0.011201598416876346,0.013578089754944017,708110900.0,0.8182998186743224,167.9849853515625,167.8959197998047,167.96522521972656,-0.011139094113723047,-0.01102276037951011,0.024931801476157426,-0.009456980649108493,0.8200006484985352,2
2024-04-11,166.66822184170525,173.7175238179071,166.49001666248702,173.3016815185547,91070300,5199.06005859375,14.90999984741211,4.576000213623047,169.8438720703125,175.44079559326173,169.04170878025081,170.8571646324572,-1.8154558522063837,-2.363008345841813,0.5475524936354295,57.21020561657722,175.42333526619737,164.26440887442763,0.06570108332875343,2.7035944634930433,0.042360895524000616,0.016502292030684484,799181200.0,1.4530300450905314,166.11378479003906,166.7771453857422,167.14346313476562,0.04327092262451804,0.03684390803141224,0.018429499902500732,0.007444797710585593,-0.8900003433227539,3
2024-04-12,172.52944039553972,176.58872985356905,172.47994902506244,174.7967071533203,101670900,5123.41015625,17.309999465942383,4.499000072479248,170.01960983276368,175.29000854492188,169.9270931453384,171.1489825969656,-1.2218894516271916,-2.134784566998889,0.9128951153716973,58.19579022847399,175.99701063931292,164.04220902621444,0.07031425154344007,2.78562794323571,0.008589725639330385,0.01643926838390076,900852100.0,1.5857831362884862,173.3016815185547,167.9849853515625,167.8959197998047,0.008626723189674168,0.04110157865506192,-0.11549839705966254,-0.01455068829580164,2.3999996185302734,4
2024-04-15,173.61848833629102,174.87588010863277,170.78689058947398,170.97500610351562,73531800,5061.81982421875,19.229999542236328,4.627999782562256,170.0230743408203,175.01413757324218,170.08831052351954,171.13609544930264,-1.0477849257831053,-1.9173846387557323,0.869599712972627,53.2302883603338,176.00271752416342,164.0434311574772,0.07033919609472067,2.8775623552323446,-0.022106242565899204,0.017227905048335386,827320300.0,1.1917062967243628,174.7967071533203,166.11378479003906,166.7771453857422,-0.021863690180688233,0.025170479492643505,-0.11975179897363032,-0.01202135494776202,1.9200000762939453,0
2024-04-16,170.04436539186383,172.0343988146065,166.59892920522176,167.69790649414062,73711200,5051.41015625,18.399999618530273,4.658999919891357,169.8082290649414,174.69269897460939,169.72055605746124,170.88141478595733,-1.1608587284960947,-1.766079456703805,0.6052207282077102,49.46169136166868,175.79834576833892,163.81811236154388,0.07055154790062218,3.1356870924305764,-0.019353197567819315,0.017683491775064925,753609100.0,1.1964490826358556,170.97500610351562,173.3016815185547,167.9849853515625,-0.019167126728399708,-0.0017089554570670629,0.025466632422498747,-0.0020565070133361507,-0.8299999237060547,1
2024-04-17,167.9256158132339,168.95528100035153,166.33160400390625,166.33160400390625,50901200,5022.2099609375,18.209999084472656,4.585000038146973,169.40824127197266,174.30774444580078,169.19917881845276,170.54439176506466,-1.3452129466118947,-1.681906154685423,0.3366932080735283,40.6612731503065,175.1914387298934,163.6250438140519,0.06827527887071616,3.047993788635917,-0.00818077485537317,0.017393186898488868,702707900.0,0.8291096297347214,167.69790649414062,174.7967071533203,166.11378479003906,-0.00814740338026887,0.0013112651315632107,0.1770744356414633,-0.005780602724641426,-0.1900005340576172,2
2024-04-18,166.36132321946832,166.96526602396756,164.896025062108,165.3811492919922,43122900,5011.1201171875,18.0,4.646999835968018,168.8325164794922,173.8717428588867,168.61178966053575,170.1619293596519,-1.5501396991161585,-1.6555528635715702,0.10541316445541171,41.94486960032613,173.69683540411137,163.96819755487303,0.057623010377980476,2.997782656461701,-0.005730604588054372,0.016938543500701477,659585000.0,0.7083541982892064,166.33160400390625,170.97500610351562,173.3016815185547,-0.005714215994043648,-0.04570372403290546,0.2585496230892332,-0.002208160119998248,-0.20999908447265625,3
2024-04-19,164.55939469854349,164.7474951408098,162.4505426435407,163.3614044189453,68149400,4967.22998046875,18.709999084472656,4.614999771118164,168.51717987060547,173.39317077636719,167.80403808490644,169.65818677145143,-1.8541486865449883,-1.6952720281662539,-0.15887665837873444,41.065745422293276,173.9391363248885,163.09522341632245,0.0643490053470658,3.065672496996188,-0.012287854212070501,0.01454021978585362,591435600.0,1.155544628323386,165.3811492919922,167.69790649414062,174.7967071533203,-0.012212666810537565,-0.06542058440691734,0.4193184619463797,-0.00875854812743615,0.7099990844726562,4
2024-04-22,163.87625517565544,165.5989658830707,163.13370328942287,164.1930694580078,48116400,5010.60009765625,16.940000534057617,4.623000144958496,168.19837799072266,172.9527880859375,167.24850444999896,169.2533632667519,-2.004858816752943,-1.7571893858835919,-0.24766943086935123,44.60435323976081,173.8569716216133,162.53978435983203,0.06728475861048729,3.1144684250361223,0.005078036739106793,0.014534624013756981,639552000.0,0.8321208138895713,163.3614044189453,166.33160400390625,170.97500610351562,0.005090951819498812,-0.03966624596230006,0.4680304979326418,0.008731248071466746,-1.769998550415039,0
2024-04-23,163.7079130900853,165.391027347015,163.28217556978177,165.2425079345703,49537800,5070.5498046875,15.6899995803833,4.5980000495910645,168.00283813476562,172.51814758300782,166.93988960147146,168.9562628717755,-2.0163732703040296,-1.8090261627676794,-0.20734710753635022,45.09797672997719,173.79128496427495,162.2143913052563,0.06890891717991156,3.1165909698231706,0.006371151742198402,0.014564162587107568,689089800.0,0.860236004090557,164.1930694580078,165.3811492919922,167.69790649414062,0.0063914907007136534,-0.014641796137485508,0.4836948312938947,0.011964576270872662,-1.2500009536743164,1
2024-04-24,164.88609429896647,167.6186945681344,164.55938480415762,167.3414764404297,48251800,5071.6298828125,15.970000267028809,4.6519999504089355,167.96868133544922,172.15914916992188,167.0016721920804,168.83664906204618,-1.8349768699657716,-1.814216304207298,-0.020760565758473515,50.34083143223792,173.7646444632227,162.17271820767573,0.06901242638439731,3.1158841694104007,0.012622353885757973,0.014816794988925278,737341600.0,0.8446045175291347,165.2425079345703,163.3614044189453,166.33160400390625,0.012702352028513664,0.006071440497259495,0.4910362089324705,0.0002130100613548791,0.2800006866455078,2
2024-04-25,167.84642483703811,168.91570135131437,166.48012455092012,168.20285034179688,50558300,5048.419921875,15.369999885559082,4.705999851226807,167.79938049316405,171.85915893554687,167.18646883049834,168.78970100869438,-1.6032321781960377,-1.772019479005046,0.1687873008090084,50.526332315469695,173.34238898208335,162.25637200424475,0.06606709122081787,3.178824639515643,0.005134199715301573,0.014026148541647623,787899900.0,0.8925668887154461,167.3414764404297,164.1930694580078,165.3811492919922,0.0051474023038982075,0.01706180578551164,0.4274953687686368,-0.004576430353515626,-0.6000003814697266,3
2024-04-26,168.1929553099538,169.63844783702467,167.49989480565932,167.61871337890625,44838400,5099.9599609375,15.029999732971191,4.669000148773193,167.69146423339845,171.5651089477539,167.25296799179185,168.70296118426563,-1.4499931924737837,-1.7076142216987937,0.25762102922501007,51.47009825532952,173.1558382381347,162.2270902286622,0.06517176088498755,3.2368155363552558,-0.003478856721065503,0.013858342335101914,743061500.0,0.8064171078753559,168.20285034179688,165.2425079345703,163.3614044189453,-0.0034728125100355056,0.02606067801084122,0.39937336035824916,0.01020914263474304,-0.3400001525878906,4
2024-04-29,171.64824848286057,174.2818355072499,171.38094074443057,171.77696228027344,68169400,5116.169921875,14.670000076293945,4.613999843597412,167.86324081420898,171.35996612548828,167.94896711309673,168.9306649691551,-0.9816978560583607,-1.5624309485707073,0.5807330925123466,56.00504546476028,173.62172680964045,162.1047548187775,0.06860925557615039,3.5904089072815464,0.024505067581295798,0.014806087533248984,811230900.0,1.202315266522324,167.61871337890625,167.3414764404297,164.1930694580078,0.024807784390799892,0.04618887293659624,0.3911509694873915,0.0031784486665891176,-0.3599996566772461,0
2024-04-30,171.60869637165644,173.25221487057408,168.31176412042663,168.63848876953125,65934800,5035.68994140625,15.649999618530273,4.685999870300293,167.93700256347657,171.12274597167968,168.0550473679328,168.90902228770148,-0.8539749197686888,-1.4207397428103037,0.5667648230416149,53.843884293411925,173.69552898673393,162.1784761402192,0.06857960229557826,3.762259316913074,-0.018439600370127086,0.015342447526327997,745296100.0,1.1461200108710947,171.77696228027344,168.20285034179688,165.2425079345703,-0.018270631108387003,0.020551496569548577,0.40519155324385614,-0.01573051358686217,0.9799995422363281,1
2024-05-01,167.8959315377214,170.99485287185942,167.43059781958385,167.61871337890625,50383100,5018.39013671875,15.390000343322754,4.59499979019165,167.91967697143554,170.87998138427736,167.9879190619287,168.81344385001293,-0.8255247880842376,-1.3016967518650906,0.476171963780853,39.346728809961995,173.67993069681995,162.15942324605112,0.06860725114858672,3.473724747227897,-0.006065467211168712,0.015372486574988131,694913000.0,0.8737467651637892,168.63848876953125,167.61871337890625,167.3414764404297,-0.006047109399910933,0.0016567138307475027,0.42321678227267523,-0.0034354388154940185,-0.25999927520751953,2
2024-05-02,170.79682058773386,171.69778712393833,169.19291342760516,171.31166076660156,94214900,5064.2001953125,14.680000305175781,4.571000099182129,168.12808685302736,170.69602661132814,168.49926393957065,168.9984969549454,-0.49923301537475595,-1.1412040045670238,0.6419709891922678,43.96431164992817,174.06887958287592,162.1872941231788,0.07066984274961546,3.4716028126940017,0.02179263838548758,0.016076618222040963,789127900.0,1.5784351503129566,167.61871337890625,171.77696228027344,168.20285034179688,0.02203183232499417,0.01848250739204138,0.40782802850349703,0.009128437077573048,-0.7100000381469727,3
2024-05-03,184.796367814728,185.14289799826793,180.84600228009177,181.55885314941406,163224100,5127.7900390625,13.489999771118164,4.5,168.8112335205078,170.67642303466798,170.5084315103158,169.92889371009124,0.579537800224557,-0.7970556436087076,1.3765934438332645,64.99305923920961,177.2547253288972,160.36774171211843,0.10003471489785229,4.167477649301686,0.05809538571453091,0.0205065966562867,952352000.0,2.482693488979693,171.31166076660156,168.63848876953125,167.61871337890625,0.05981608220337953,0.08316577242181644,0.4167852820877399,0.012556739721478527,-1.1900005340576172,4
2024-05-06,180.53910014061182,182.3707188474722,178.62825898838415,179.90545654296875,78569700,5180.740234375,13.489999771118164,4.488999843597412,169.46764907836913,170.6603839111328,171.95412766918548,170.66789836437846,1.2862293048070228,-0.3803986539255616,1.6666279587325845,68.12708905822899,179.18974841146388,159.7455497452744,0.11473693517278721,4.046548381423351,-0.009148389445791903,0.020580836422896747,873782300.0,1.158811376807239,181.55885314941406,167.61871337890625,171.77696228027344,-0.009106670249148574,0.04732004894482156,0.5844186184751643,0.01032612390701182,0.0,0
2024-05-07,181.62815272879564,183.0637497391675,179.5193160584302,180.5885772705078,77305800,5187.7001953125,13.229999542236328,4.4629998207092285,170.09782867431642,170.68493743896485,173.28250453092735,171.4027634685362,1.8797410623911617,0.07162928933778306,1.8081117730533787,71.60871855808819,180.97997725296636,159.21568009566647,0.12795164598468592,4.112316716015637,0.003789918728909885,0.020565058635027906,951088100.0,1.1115367928099174,179.90545654296875,171.31166076660156,168.63848876953125,0.0037971095522379983,0.07086216550071245,0.7401627841596646,0.0013434298232750663,-0.26000022888183594,1
2024-05-08,181.0341248704048,181.25194126160505,179.64801918938014,180.9252166748047,45057100,5187.669921875,13.0,4.492000102996826,170.8384002685547,170.68711547851564,174.45830639921616,172.10813037270424,2.3501760265119174,0.52733863677261,1.8228373897393073,74.00619115667547,182.56234157220678,159.1144589649026,0.13725182728499297,4.079079652470306,0.0018623881425134268,0.020275025661123124,996145200.0,0.6500248535817109,180.5885772705078,181.55885314941406,167.61871337890625,0.0018641234644238835,0.07938554727966896,0.8587674740226514,-5.835618166138978e-06,-0.22999954223632812,2
2024-05-09,180.74701199258516,182.82616313989396,180.30148392023486,182.737060546875,48983000,5214.080078125,12.6899995803833,4.448999881744385,171.3101692199707,170.74949005126953,175.73196088347134,172.89545853375392,2.8365023497174207,0.9891713793615722,1.8473309703558485,80.11708112144,184.15704343792243,158.46329500201898,0.14998378994600958,4.0500848361279935,0.00996451365600707,0.01826634298718429,1045128200.0,0.7287878878050813,180.9252166748047,179.90545654296875,171.31166076660156,0.010014324732449564,0.06669364904377195,0.917864247923478,0.005090947698625836,-0.3100004196166992,3
2024-05-10,183.31206939842306,183.50044009541958,180.56586910059414,181.47796630859375,50759500,5222.68017578125,12.550000190734863,4.504000186920166,171.64423217773438,170.79994934082032,176.61596171810558,173.5311998504087,3.0847618676968693,1.4082894770286316,1.6764723906682377,76.51492914967912,185.20071465308348,158.08774970238528,0.15796024490134475,4.083606864783538,-0.006914043415283217,0.018329902220791075,994368700.0,0.7849484497502012,182.737060546875,180.5885772705078,181.55885314941406,-0.006890196408507299,-0.0004455130632144977,0.9252021415988202,0.001649398844549843,-0.1399993896484375,4
2024-05-13,183.84743912898392,185.49318663872077,183.0344740478803,184.6802215576172,72044800,5221.419921875,13.600000381469727,4.480999946594238,172.32949295043946,170.93603729248048,177.85661707803047,174.35705331020193,3.4995637678285334,1.8265443351886121,1.6730194326399213,77.96997202717361,187.07679629207095,157.58218960880797,0.17115240217033187,4.219776047133093,0.017491548735131382,0.017732005367300938,1066413500.0,1.1153882357603953,181.47796630859375,180.9252166748047,179.90545654296875,0.01764542172341832,0.026540412427724425,0.9367685907492603,-0.00024130405535727206,1.0500001907348633,0
2024-05-14,185.89964252722956,186.68286641073877,184.69011878206607,185.82032775878906,52393600,5246.68017578125,13.420000076293945,4.445000171661377,173.23561401367186,171.18522216796876,179.08180333660871,175.20618475083802,3.8756185857706953,2.236359185305029,1.6392594004656664,77.34479784317887,188.97810738528293,157.4931206420608,0.18174661672476486,4.144299982072007,0.006154429740651709,0.016871292651728143,1118807100.0,0.8247609632621706,184.6802215576172,182.737060546875,180.5885772705078,0.006173407155114274,0.028970550448738974,0.9448759786369094,0.004837813139759728,-0.18000030517578125,1
2024-05-15,186.2962297111884,189.01268886802714,185.76085876781028,188.09068298339844,70400000,5308.14990234375,12.449999809265137,4.355999946594238,174.32356796264648,171.5784246826172,180.46778482073023,176.160592027324,4.307192793406244,2.6505259069252722,1.6566668864809722,78.25169971591562,191.03479209725216,157.6123438280408,0.1917265041085726,4.202603789202194,0.012143975765629672,0.016637784437215572,1189207100.0,1.0914603460363401,185.82032775878906,181.47796630859375,180.9252166748047,0.012218013238877168,0.0396045749746039,0.9494202991195174,0.011715927882596233,-0.9700002670288086,2
2024-05-16,188.83421956137332,189.45881387860598,188.03117836935675,188.20962524414062,52845200,5297.10009765625,12.420000076293945,4.376999855041504,175.4649917602539,171.99380767822265,181.6588371935626,177.05311300634742,4.6057241872151735,3.0415655629832528,1.5641586242319208,79.64223173310863,192.71429427426665,158.21568924624114,0.19661246771756374,4.1518239661939,0.0006321667142052474,0.01645858070366175,1242052300.0,0.8131675244170533,188.09068298339844,184.6802215576172,182.737060546875,0.0006323665736951423,0.029947754882824196,0.9524032110191024,-0.0020816677921287052,-0.029999732971191406,3
2024-05-17,187.8824709799172,189.1713095252472,187.55530322495105,188.2393798828125,41282900,5303.27001953125,11.989999771118164,4.420000076293945,176.70889053344726,172.41216186523437,182.6712283765241,177.88172536756707,4.789503008957041,3.3911530521780104,1.3983499567790307,76.8959498059738,193.87096658877886,159.54681447811566,0.19424122921628753,3.791315692761937,0.0001580805810540699,0.01593931070299116,1283335200.0,0.6486582375301936,188.20962524414062,185.82032775878906,181.47796630859375,0.00015809307644754078,0.037257490326518816,0.9527772322539562,0.0011647735102702228,-0.43000030517578125,4
2024-05-20,187.70403175639103,190.2717851507536,187.38677266186554,189.3993377685547,44361300,5308.1298828125,12.149999618530273,4.436999797821045,177.9692039489746,172.81945922851563,183.70632212914418,178.73488184171433,4.971440287429857,3.7072104992283803,1.2642297882014768,86.26300844406136,194.96260164362212,160.9758062543271,0.19097009277537336,3.6444986741005527,0.006143234152241488,0.015934021702275824,1327696500.0,0.6990900355405004,188.2393798828125,188.09068298339844,184.6802215576172,0.006162142514835711,0.025552905292921313,0.9520178585384618,0.0009163899374069473,0.15999984741210938,0
2024-05-21,189.44888573499304,191.07480055486454,189.28034753675723,190.6980743408203,42309400,5321.41015625,11.859999656677246,4.414000034332275,179.24198226928712,173.21273223876952,184.78197631555588,179.62104424905553,5.160932066500351,3.9979548126827744,1.1629772538175764,89.92369112193319,196.033834878256,162.45012966031825,0.18736517412244807,3.5180842430885337,0.006833730433944147,0.015933181529198374,1370005900.0,0.6705734609696858,189.3993377685547,188.20962524414062,185.82032775878906,0.006857133649815994,0.02624980076648553,0.9608076161048865,0.002501874243978186,-0.28999996185302734,1
2024-05-22,190.6187885434668,191.16406816634918,188.63596455316463,189.2605438232422,34648500,5307.009765625,12.289999961853027,4.434000015258789,180.33793563842772,173.56774993896485,185.47098670135378,180.33508125455086,5.135905446802923,4.225544939506804,0.9103605072961187,83.67656018102863,196.7155021473186,163.96036912953684,0.18163196169359974,3.407300662242282,-0.007566810214906238,0.016206361197939476,1335357400.0,0.5551381825190714,190.6980743408203,188.2393798828125,188.09068298339844,-0.007538253978427334,0.006219663947666154,0.9637895660091591,-0.002706123039226127,0.43000030517578125,2
2024-05-23,189.3398501117122,189.35968258649532,185.02721720275102,185.2750701904297,51005900,5267.83984375,12.770000457763672,4.474999904632568,181.19154663085936,173.88464111328125,185.44084569967316,180.70100636091226,4.739839338760902,4.328403819357624,0.4114355194032777,59.11409060426796,196.66042350280685,165.72266975891188,0.17074612099274314,2.728816958819278,-0.021283017812827383,0.017331375007190324,1284351500.0,0.8169234793006727,189.2605438232422,189.3993377685547,188.20962524414062,-0.021058132626601167,-0.015591949932976634,0.9594629448691245,-0.0073807894850155265,0.48000049591064453,3
2024-05-24,187.19840810516956,188.94328765804346,186.42509288132968,188.3484344482422,36327000,5304.72021484375,11.930000305175781,4.4670000076293945,182.22803268432617,174.22597076416017,185.88816704560685,181.26748251552928,4.620684530077568,4.386859961501614,0.23382456857595457,69.35825715195342,196.60727499246744,167.8487903761849,0.15781591993642877,2.723513930856829,0.016452035492942524,0.017401128097987755,1320678500.0,0.5858154198448662,185.2750701904297,190.6980743408203,188.2393798828125,0.016588115468819664,0.0005793398039113384,0.9725574376231498,0.0070010425881694704,-0.8400001525878906,4
2024-05-28,189.86530324069457,191.3425125399711,187.4760118609873,188.35836791992188,52280100,5306.0400390625,12.920000076293945,4.541999816894531,183.0571029663086,174.57502380371093,186.2681979493476,181.79273328622503,4.47546466312258,4.404580901825807,0.07088376129677254,68.38221650396343,196.7970285104501,169.3171774221671,0.1501162787075278,2.746518716445865,5.273847788014997e-05,0.01687089220143497,1372958600.0,0.8540192612992552,188.3484344482422,189.2605438232422,189.3993377685547,5.2739868578122184e-05,-0.005496164141317483,0.9775046896199466,0.0002488018529340774,0.9899997711181641,1
2024-05-29,187.98162409974876,190.59895109353056,187.8824768517226,188.65577697753906,53068000,5266.9501953125,14.279999732971191,4.624000072479248,184.05796737670897,174.90824310302733,186.6355177998386,182.30110689298903,4.33441090684957,4.39054690283056,-0.056135995980990394,68.32341627208191,196.1987685752037,171.91716617821425,0.13192366917370454,2.825986728558939,0.0015777080161790671,0.016003108794129788,1426026600.0,0.8760970921213583,188.35836791992188,185.2750701904297,190.6980743408203,0.0015789532522580974,-0.010709585664883003,0.9689902234619837,-0.007367046509680453,1.359999656677246,2
2024-05-30,189.12173915319045,190.52954231443272,188.99286588586446,189.64718627929688,49889100,5235.47998046875,14.470000267028809,4.553999900817871,185.1593910217285,175.21455963134767,187.09885141206294,182.84526092160442,4.253590490458521,4.363155620356153,-0.10956512989763212,67.04157001816816,194.74966153316615,175.56912051029087,0.10358935032695389,2.779492879789978,0.005241362969396643,0.015766979230997038,1475915700.0,0.8239527671166723,188.65577697753906,188.3484344482422,189.2605438232422,0.005255122942118273,0.0020429110486748225,0.9230260829278468,-0.005975035585443322,0.1900005340576172,3
2024-05-31,189.79589676882185,190.9161970579539,188.2790377703441,190.59893798828125,75158300,5277.509765625,12.920000076293945,4.513999938964844,186.1237548828125,175.48862548828126,187.6373262699427,183.4196073709879,4.217718898954786,4.33406827607588,-0.11634937712109394,72.8401382898401,193.4665236871803,178.7809860784447,0.07890200591526828,2.7582491864174323,0.005005987626486173,0.01533258844644045,1551074000.0,1.2611370306883898,189.64718627929688,188.35836791992188,185.2750701904297,0.005018538517005622,0.028734938771738605,0.861837478782612,0.00802787620486467,-1.5500001907348633,4
2024-06-03,191.24336235629542,193.31542486412093,190.86663609575578,192.36366271972656,50080500,5283.39990234375,13.109999656677246,4.4019999504089355,186.66399536132812,175.94253601074217,188.36445495452483,184.08212998941298,4.2823249651118545,4.323719613883075,-0.04139464877122023,70.73305301783842,194.18047734397544,179.1475133786808,0.08053488802805876,2.6654825111111933,0.00921623792680524,0.009114939839391106,1601154500.0,0.928474353701258,190.59893798828125,188.65577697753906,188.3484344482422,0.009258838218467957,0.021318086785519608,0.8504404477271479,0.0011160825806737495,0.18999958038330078,0
2024-06-04,192.96842627855952,193.64259428823095,191.3722523931234,192.68092346191406,47471400,5291.33984375,13.15999984741211,4.335999965667725,187.3027687072754,176.38477233886718,189.02852703258472,184.71907765404268,4.309449378542041,4.320865566814868,-0.011416188272827199,69.37298564312921,194.56808763296516,180.03744978158562,0.07757833988075546,2.6846037283959054,0.001647917282154772,0.00867344391390785,1648625900.0,0.9062268951887014,192.36366271972656,189.64718627929688,188.35836791992188,0.0016492758440025401,0.022948571861855616,0.8060225688858663,0.0015028090913065117,0.05000019073486328,1
2024-06-05,193.72188613227584,195.20900403542353,193.19643901671662,194.18785095214844,54156800,5354.02978515625,12.630000114440918,4.289000034332275,187.98273239135742,176.88546325683595,189.82226917405606,185.42046826871717,4.401800905338888,4.337052634519672,0.06474827081921575,67.99298983778644,195.14704540169035,180.81841938102448,0.0762230968684687,2.6329073336310915,0.0077904199628184775,0.008728133085710752,1702782700.0,1.0572106573755733,192.68092346191406,190.59893798828125,188.65577697753906,0.007820844239062597,0.02932363939890381,0.8018587274408242,0.011847649793331305,-0.5299997329711914,2
2024-06-06,194.0094143560484,194.8124556459051,192.5024638984892,192.80979919433594,41181800,5352.9599609375,12.579999923706055,4.281000137329102,188.57696151733398,177.3811669921875,190.28188917717603,185.9678261150593,4.31406306211673,4.332454720039085,-0.0183916579223542,62.63625351557752,195.2297795205005,181.92414351416747,0.07055812067005851,2.6959327792144245,-0.007121787854967978,0.009049195056035884,1661600900.0,0.8069743205070588,194.18785095214844,192.36366271972656,189.64718627929688,-0.007096488019490366,0.016676297587570943,0.7705054845285018,-0.00019981663563317653,-0.05000019073486328,3
2024-06-07,192.97832848334124,195.24867030234284,192.47271383884646,195.1990966796875,53103900,5346.990234375,12.220000267028809,4.429999828338623,189.2000633239746,177.85337158203126,191.03838263910086,186.65162393466136,4.386758704439501,4.343315516919168,0.043443187520332494,66.92387610015287,195.88418517875533,182.51594146919388,0.07065665557770186,2.778786362300155,0.012315839721122683,0.009156600707702049,1714704800.0,1.0364082406944792,192.80979919433594,192.68092346191406,190.59893798828125,0.012391991980362782,0.024135279765772344,0.7596682347084153,-0.0011152197300303701,-0.3599996566772461,4
2024-06-10,195.20900753042525,195.60558138834554,190.49980075281104,191.4614715576172,97010200,5360.7900390625,12.739999771118164,4.468999862670898,189.6992385864258,178.2870602416992,191.10347324194953,187.0079089437692,4.095564298180335,4.2937652731714016,-0.19820097499106648,54.45587449801183,195.3694324870695,184.02904468578208,0.05978088202036093,2.937412658489186,-0.01933345083467237,0.010242385218103583,1617694600.0,1.8115500691071034,195.1990966796875,194.18785095214844,192.36366271972656,-0.019147758292158423,-0.004690029028111553,0.6966554295256323,0.0025808546645145203,0.5199995040893555,0
2024-06-11,191.98692512163242,205.38091074009856,191.96710777388114,205.37098693847656,172373300,5375.31982421875,12.850000381469727,4.4039998054504395,190.73377685546876,179.0276513671875,193.29847534910755,188.36813694337715,4.930338405730396,4.421079899683201,0.5092585060471952,70.52139841992718,199.33886097700625,182.12869273393127,0.09023136083608424,3.803483098801619,0.07013144053277892,0.01804269852797484,1790067900.0,2.9431632226550763,191.4614715576172,192.80979919433594,192.68092346191406,0.07264916156603096,0.06586050787259623,0.6831467108835478,0.0027103813151374556,0.1100006103515625,1
2024-06-12,205.58909768640683,218.3089152196564,205.1231328450552,211.2401580810547,198134300,5421.02978515625,12.039999961853027,4.295000076293945,192.00476837158203,179.909189453125,196.0587342309456,190.06236073135327,5.996373499592323,4.7361386196650255,1.2602348799272978,77.35013264412565,204.28043360832496,179.7291031348391,0.12786833723823082,4.564745867474236,0.02817764018570634,0.018754960526046596,1988202200.0,3.0086723900508083,205.37098693847656,195.1990966796875,194.18785095214844,0.02857838504879151,0.08781346024117775,0.786321343186883,0.008503672791998707,-0.8100004196166992,2
2024-06-13,212.8957913864929,214.88852380834695,209.782758705521,212.40008544921875,97862700,5433.740234375,11.9399995803833,4.23799991607666,193.22023849487306,180.79788665771486,198.57278826452608,191.7170070067507,6.855781257775391,5.160067147287099,1.695714110488292,86.30574380143347,208.34698954709714,178.09348744264898,0.15657522390052794,4.619981561694353,0.005476015484430527,0.01870688503709568,2086064900.0,1.4556938206713828,211.2401580810547,191.4614715576172,192.80979919433594,0.005491036262711857,0.10160420443743878,0.8529297339399353,0.0023446558536817097,-0.10000038146972656,3
2024-06-14,212.01346682824212,213.32212283006638,209.48536314811375,210.66514587402344,70122700,5431.60009765625,12.65999984741211,4.2129998207092285,194.3430145263672,181.6683203125,200.43315097367952,193.1205728487709,7.312578124908612,5.590569342811401,1.7220087820972108,80.97999044258944,211.1446082202722,177.5414208324622,0.172906587199464,4.632020291289986,-0.008201805170722004,0.018944998143217776,2015942200.0,1.0298318855368016,212.40008544921875,205.37098693847656,195.1990966796875,-0.008168262133821491,0.07923217605722321,0.880785151157907,-0.000393860697500914,0.7200002670288086,4
2024-06-17,211.53757201804441,217.06965275202606,210.89316027395952,214.80923461914062,93728300,5473.22998046875,12.75,4.2789998054504395,195.6715072631836,182.60658660888672,202.64485614990429,194.7271403873168,7.917715762587477,6.055998626766616,1.8617171358208608,82.9383356742854,214.51830409056558,176.82471043580162,0.1926371099296794,4.81330644836276,0.019480466919542784,0.019142612423463233,2109670500.0,1.3254621542438574,210.66514587402344,211.2401580810547,191.4614715576172,0.019671449341673863,0.12194496820472467,0.9090996413519283,0.007664386564552705,0.09000015258789062,0
2024-06-18,215.7213082393038,216.7523850703462,211.17073132176122,212.44964599609375,79943300,5487.02978515625,12.300000190734863,4.2170000076293945,196.82402267456055,183.52003662109374,204.15328535701033,196.03991858055954,8.113366776450789,6.467472256703451,1.6458945197473378,78.18225193426481,216.83879779223224,176.80924755688886,0.2033773606056736,5.017962127418262,-0.011045353153185266,0.01954588634386859,2029727200.0,1.1027761042393536,214.80923461914062,212.40008544921875,205.37098693847656,-0.010984577209776192,0.03446766830671044,0.9195752853744864,0.0025213273947457537,-0.4499998092651367,1
2024-06-20,212.09275812722348,212.40010854906527,207.0563985691976,207.87925720214844,86172500,5473.169921875,13.279999732971191,4.254000186920166,197.68308181762694,184.31792205810547,204.7265117947239,196.91690662660315,7.809605168120754,6.7358988389869126,1.0737063291338416,69.90693767333187,218.0623262876299,177.30383734762398,0.20618096685485596,5.269353705275583,-0.0217475833377525,0.020484208858149274,1943554700.0,1.153798312480008,212.44964599609375,210.66514587402344,211.2401580810547,-0.021512809647276865,-0.01591033120518992,0.9190058177340771,-0.0025259318472709014,0.9799995422363281,3
2024-06-21,208.58315742215362,210.07027533194446,205.33132746963062,205.70806884765625,241805100,5464.6201171875,13.199999809265137,4.256999969482422,198.50545806884764,185.1098077392578,204.8775205720981,197.56810382816263,7.309416743935458,6.850602419976623,0.45881432395883515,66.06920296628653,218.78079876242253,178.23011737527275,0.20427993155274143,5.419481460611586,-0.010499394750251386,0.020583977344980964,1701749600.0,2.84330208353911,207.87925720214844,214.80923461914062,212.40008544921875,-0.010444468504045346,-0.03150665682365017,0.9133346597583033,-0.001562130321101196,-0.07999992370605469,4
2024-06-24,205.93608683303725,210.87331399723786,204.8157865138524,206.35247802734375,80727000,5447.8701171875,13.329999923706055,4.248000144958496,199.55932846069337,185.77082366943358,205.10443710367437,198.21879821328716,6.885638890387213,6.857609714058741,0.028029176328471905,65.24089116814952,219.1175790761564,180.00107784523033,0.19601439598265005,5.658127218293428,0.003127742803415755,0.019700254872147282,1782476600.0,0.9329385484066965,205.70806884765625,212.44964599609375,210.66514587402344,0.0031326392945953963,-0.020471672372698202,0.9075966734864038,-0.003065171894990004,0.13000011444091797,0
2024-06-25,207.35382052419757,209.56468024841507,206.8184646829133,207.27452087402344,55549700,5469.2998046875,12.84000015258789,4.23799991607666,200.50563278198243,186.42037994384765,205.43829614526652,198.8895924844528,6.548703660813715,6.795828503409735,-0.24712484259602086,65.69299805266277,219.6060585471376,181.40520701682726,0.190522585327304,5.725402955862269,0.004458337470222773,0.01952749852451233,1838026300.0,0.6349193830904797,206.35247802734375,207.87925720214844,214.80923461914062,0.0044682906427588875,-0.035076302741250065,0.9052741795278288,0.003933590015736899,-0.48999977111816406,1
2024-06-26,209.68362348048936,213.01476817493463,208.8310086144187,211.41859436035156,66213200,5477.89990234375,12.550000190734863,4.315999984741211,201.6586441040039,187.22925170898438,206.35834202451036,199.81766669748234,6.540675327028026,6.744797868133394,-0.20412254110536754,67.53433004168238,220.45322753734655,182.86406067066127,0.18639997820921056,5.954843436390964,0.019795925300981454,0.019773034558922292,1904239500.0,0.750822068475496,207.27452087402344,205.70806884765625,212.44964599609375,0.019993163987805262,-0.004853157701948607,0.9094019121879604,0.0015724312002203256,-0.28999996185302734,2
2024-06-27,212.84622088780682,213.88720639689362,210.52632069800987,212.26129150390625,49772700,5482.8701171875,12.239999771118164,4.288000106811523,202.83891983032225,188.12051940917968,207.26648809826358,200.73941668314336,6.5270714151202185,6.701252577530759,-0.17418116241054094,70.01225439021457,221.1540174456581,184.5238222149864,0.18058760745380317,6.029907290067238,0.003977995099310788,0.01975349460820013,1954012200.0,0.5654521031132375,211.41859436035156,206.35247802734375,207.87925720214844,0.003985917823852159,0.021079709253995382,0.9043933063986888,0.0009073212238914774,-0.3100004196166992,3
2024-06-28,213.91695291908772,214.21437951883613,208.4939285392998,208.81117248535156,82542700,5460.47998046875,12.4399995803833,4.3429999351501465,203.797119140625,188.9701107788086,207.5041318501233,201.33732452034397,6.166807329779317,6.594363527980471,-0.4275561982011542,63.705333809801374,221.18820186749238,186.40603641375762,0.17067054529722875,6.240228326927236,-0.01638766020397002,0.02037348164339783,1871469500.0,0.9206650075756629,212.26129150390625,207.27452087402344,205.70806884765625,-0.01625411300435431,0.015084987453717336,0.8997032640825916,-0.004083652583445674,0.19999980926513672,4
2024-07-01,210.26856627972688,215.64201747450758,210.10002805599396,214.8885498046875,60402900,5475.08984375,12.220000267028809,4.479000091552734,205.0115997314453,189.9602587890625,208.64019615082546,202.3411189858509,6.2990771649745625,6.5353062553792896,-0.23622909040472706,72.52624168791912,221.90734780320997,188.11585165968063,0.16482723996005336,6.363447209328773,0.028689158075891143,0.021061905878076416,1931872400.0,0.6793120608652378,208.81117248535156,211.41859436035156,206.35247802734375,0.02910465588119937,0.041366461207277716,0.8888340064089392,0.0026755639309195,-0.2199993133544922,0
2024-07-02,214.2936836981781,218.4873670751859,213.25271326862932,218.37831115722656,58046200,5509.009765625,12.029999732971191,4.435999870300293,206.3123321533203,191.06059692382811,210.13836769027176,203.52905914669356,6.609308543578209,6.5501067130190735,0.05920183055913508,65.64140842548107,223.1134944302702,189.51116987637042,0.1628711391276811,5.743105396762715,0.016109410326762216,0.021173456172077543,1989918600.0,0.6498967402661795,214.8885498046875,212.26129150390625,207.27452087402344,0.016239866459664354,0.05357045446966313,0.8891914029439671,0.006195317856513505,-0.1900005340576172,1
2024-07-03,218.11061688690268,219.64730834960938,217.14894613859082,219.64730834960938,37369800,5537.02001953125,12.09000015258789,4.355000019073486,207.66065139770507,192.16968170166015,211.60128163786214,204.7230035320947,6.878278105767436,6.615740991568746,0.26253711419868964,61.36728154999288,224.1815950267112,191.13970776869894,0.1591148204323576,4.979718242221098,0.005794185025533637,0.021145355671293855,2027288400.0,0.42077917076784055,218.37831115722656,208.81117248535156,211.41859436035156,0.005811003783563251,0.03892142984941249,0.8921974548139727,0.005084444409779065,0.06000041961669922,2
2024-07-05,219.74646963306245,224.50525038603786,219.74646963306245,224.3961944580078,60412400,5567.18994140625,12.479999542236328,4.271999835968018,209.17106857299805,193.3527554321289,213.56972976403839,206.1802769340142,7.389452830024197,6.770483359259837,0.6189694707643607,64.78498334336956,226.02591230082413,192.31622484517197,0.16115846080256507,4.9620165946212795,0.02139009868468724,0.021404444361522487,2087700800.0,0.6778486112593912,219.64730834960938,214.8885498046875,212.26129150390625,0.021620506729996825,0.057169646279468855,0.8984557386580219,0.005448765178485582,0.3899993896484375,4
2024-07-08,225.13973799267995,225.89322076278884,221.3327197032473,225.8634796142578,59085900,5572.85009765625,12.369999885559082,4.269000053405762,210.82375259399413,194.52319549560548,215.46107589484137,207.63829194736556,7.822783947475813,6.9809434769030325,0.8418404705727802,68.85607081736812,227.40354693846768,194.24395824952057,0.15728582894929338,5.013712407306201,0.006517529482238347,0.02113876983352802,2146786700.0,0.6563718701864296,224.3961944580078,218.37831115722656,208.81117248535156,0.006538814794938785,0.08166376791980556,0.9005192762158707,0.0010166989647510949,-0.1099996566772461,0
2024-07-09,225.97252074204383,227.42989753320916,224.4259205051531,226.71607971191406,48076100,5576.97998046875,12.510000228881836,4.300000190734863,212.39960174560548,195.6934600830078,217.19261494362178,209.05146141140617,8.141153532215611,7.212985487965549,0.9281680442500626,66.08623805324294,228.71553316059612,196.08367033061484,0.153634293858352,4.770817418024303,0.0037677402291072513,0.02113144363040568,2194862800.0,0.5355621268487332,225.8634796142578,219.64730834960938,214.8885498046875,0.0037748470851168836,0.05504029841504643,0.8965291795913704,0.0007410719362856977,0.1400003433227539,1
2024-07-10,227.33078272427315,231.07831900756045,227.28120909695775,230.9791717529297,62627700,5633.91015625,12.850000381469727,4.28000020980835,214.3754867553711,196.96066925048828,219.31362368351532,210.675736251519,8.637887431996319,7.497965876771703,1.1399215552246158,73.80896456234558,229.54615360162612,199.20481990911608,0.14153359673596097,4.683716385671547,0.018629056412095963,0.020283783038400255,2257490500.0,0.7112869991711948,226.71607971191406,224.3961944580078,218.37831115722656,0.018803659830536557,0.05770197841044222,0.9088336096874637,0.010208065293514812,0.3400001525878906,2
2024-07-11,229.40280147827102,230.39421338925845,223.83107137940016,225.61561584472656,64710600,5584.5400390625,12.920000076293945,4.192999839782715,215.3877182006836,198.03744232177735,220.2831609390863,211.782393999164,8.5007669399223,7.698526089401823,0.8022408505204774,72.33455974187777,230.72927246679788,200.0461639345693,0.14245523741349145,4.809063024716788,-0.023494804486646186,0.015843494671311013,2192779900.0,0.7828025523166978,230.9791717529297,225.8634796142578,219.64730834960938,-0.023220950475743907,0.027172231428475024,0.9191309986148789,-0.008763028841120457,0.06999969482421875,3
2024-07-12,226.9540066999144,230.64206011910093,226.71606240173486,228.56008911132812,53046500,5615.35009765625,12.460000038146973,4.189000129699707,216.25371475219725,199.23587432861328,221.55653450404657,213.02518622969467,8.531348274351899,7.865090526391839,0.66625774796006,78.22674883220198,232.5359990519966,199.9714304523979,0.150585013704454,4.829598482721112,0.012966411405741281,0.014999819999793336,2245826400.0,0.7034327928721179,225.61561584472656,226.71607971191406,224.3961944580078,0.013050839834721328,0.01855599495961835,0.9409858031754246,0.0055170270744306915,-0.46000003814697266,4
2024-07-15,234.44911702590872,235.19267606238645,231.08823078613918,232.38697814941406,62631300,5631.22021484375,13.119999885559082,4.229000091552734,217.25305938720703,200.53123962402344,223.2227566033339,214.45939303856275,8.76336356477114,8.0447451340677,0.7186184307034402,79.8137849594415,234.9329239356363,199.57319483877777,0.16275825618564657,4.87067415898346,0.016604843544585562,0.015263889127671727,2308457700.0,0.8503987748428941,228.56008911132812,230.9791717529297,225.8634796142578,0.01674347018749156,0.02888248488112133,0.9620344657808293,0.0028262026252154904,0.6599998474121094,0
2024-07-16,232.98180687397965,234.24090427881208,230.33473879844306,232.80335998535156,43234300,5667.2001953125,13.1899995803833,4.166999816894531,218.35997009277344,201.76107360839845,224.69669558518274,215.81820540499155,8.878490180191193,8.211494143292398,0.6669960368987944,79.57726310370529,237.04658149843715,199.67335868710973,0.17115418542807484,4.92024296321901,0.0017901573313151738,0.014987403461091965,2351692000.0,0.5979441783414156,232.38697814941406,225.61561584472656,226.71607971191406,0.001791760619520577,0.026849795043971003,0.9696824562919373,0.006389375498743188,0.06999969482421875,1
2024-07-17,227.47946461019197,229.47221227385296,224.69359950369105,226.91436767578125,57345900,5588.27001953125,14.479999542236328,4.145999908447266,218.96522674560546,202.66818389892578,225.03787590681327,216.64014335097596,8.397732555837308,8.248741825801382,0.14899073003592633,67.25544655664524,237.94939272932845,199.98106076188247,0.1733989114698916,5.089493904701105,-0.02562143727793435,0.01604887404848765,2294346100.0,0.8135810068951487,232.80335998535156,228.56008911132812,230.9791717529297,-0.025295993622862056,-0.01759814119299219,0.9752996544751833,-0.013927543241993745,1.2899999618530273,2
2024-07-18,228.3023493485251,228.46097889584826,220.36114484151935,222.25473022460938,66034600,5544.58984375,15.930000305175781,4.189000129699707,219.45548095703126,203.5151693725586,224.60969964801268,217.0560386749488,7.55366097306387,8.10972565525388,-0.5560646821900104,60.256403028577544,238.23651398596985,200.67444792809266,0.17116030045853234,5.42799021580433,-0.020748553884112477,0.016623938189197066,2228311500.0,0.9461851856176975,226.91436767578125,232.38697814941406,225.61561584472656,-0.020534783667068734,-0.014896511518201927,0.9734030255926377,-0.007816403936922511,1.4500007629394531,3
2024-07-19,222.88926630632307,224.85225794685087,221.36248326433122,222.38363647460938,49151500,5505.0,16.520000457763672,4.238999843597412,220.1806999206543,204.35107055664062,224.26722839056603,217.45067554899774,6.816552841568296,7.851091092516764,-1.0345382509484686,64.94868958535216,238.18362655507113,202.17777328623745,0.1635286529737119,5.268656194588853,0.0005798251490010417,0.015648213063744008,2277463000.0,0.7234619194294084,222.25473022460938,232.80335998535156,228.56008911132812,0.0005799932800967245,-0.027023320916322757,0.9573880342050695,-0.007140265531926926,0.5900001525878906,4
2024-07-22,225.06041535891617,225.82380677595344,221.174082433242,222.03662109375,48201800,5564.41015625,14.90999984741211,4.260000228881836,220.99712753295898,205.17329864501954,223.9240580372097,217.79037521897936,6.133682818230341,7.50760943765948,-1.373926619429139,59.01021779655345,237.66829272743954,204.32596233847843,0.1508722342284223,5.112861862699954,-0.0015616545172001469,0.015356106613102286,2229261200.0,0.8273688901003344,222.38363647460938,226.91436767578125,232.38697814941406,-0.0015604357692882154,-0.044539316006808494,0.9594337403289203,0.01079203564940956,-1.6100006103515625,0
2024-07-23,222.44310313331528,224.9910392063895,220.7676144514488,223.07760620117188,39960300,5555.740234375,14.720000267028809,4.238999843597412,221.8333839416504,205.98010955810548,223.79383467781926,218.18202195840104,5.611812719418225,7.12845009401123,-1.5166373745930048,56.31325337757918,237.02363666258543,206.64313122071536,0.13695190914033553,5.0406312161559645,0.004677392639804134,0.015356343553540704,2269221500.0,0.7107742409593744,222.03662109375,222.25473022460938,232.80335998535156,0.004688348716054058,-0.04177668992746342,0.9545750892165613,-0.001558102589770738,-0.18999958038330078,1
2024-07-24,222.07629380801336,222.86942645430565,215.2652980307627,216.66317749023438,61777600,5427.1298828125,18.040000915527344,4.285999774932861,222.30281677246094,206.68381378173828,222.6968104951139,218.06951496075905,4.627295534354857,6.628219182079956,-2.0009236477250987,46.47791493024915,236.11658672530828,208.4890468196136,0.12427885668211289,5.420198784683866,-0.02917575058877708,0.017040875422342963,2207443900.0,1.0927860582110727,223.07760620117188,222.38363647460938,226.91436767578125,-0.028754247547165046,-0.045176470271789615,0.9278929592387247,-0.02314909375473495,3.320000648498535,2
2024-07-25,217.04978217666016,218.9533061807155,212.77679965909306,215.62216186523438,51391200,5399.22021484375,18.459999084472656,4.25600004196167,222.51299514770508,207.30265258789063,221.60840301359397,217.88822954627574,3.720173467318233,6.046610039127612,-2.3264365718093787,38.65091968573933,235.7451529059304,209.28083738947976,0.1189337975468962,5.514381962197719,-0.004816344865809007,0.01658709013943383,2156052700.0,0.9211361668796636,216.66317749023438,222.03662109375,222.25473022460938,-0.004804764875410927,-0.029842192121950162,0.9053146081905052,-0.005142620237842288,0.4199981689453125,3
2024-07-26,216.82180047841348,217.60502442671483,214.15489978899527,216.08816528320312,41601300,5459.10009765625,16.389999389648438,4.199999809265137,222.70433883666993,207.90800933837892,220.7591356704569,217.75489145271482,3.004244217742098,5.4381368748505095,-2.4338926571084114,37.01954580212839,235.4126142838741,209.99606338946577,0.11412687793679974,5.435069360639007,0.002158871676939969,0.016574793584450225,2197654000.0,0.7511628667018282,215.62216186523438,223.07760620117188,222.38363647460938,0.0021612037182894284,-0.02830905767711478,0.9166792244280181,0.011090468702846357,-2.0699996948242188,4
2024-07-29,215.09676223529075,217.41666277155184,213.89714701413598,216.3657684326172,36311800,5463.5400390625,16.600000381469727,4.177999973297119,223.0820686340332,208.47351104736327,220.08323301848156,217.65199345122608,2.4312395672554885,4.836757413331505,-2.405517846076017,36.04288545552114,234.42764570413746,211.73649156392892,0.10171662061029857,5.471893555593279,0.0012838509071208737,0.016068364345335654,2233965800.0,0.68421190976576,216.08816528320312,216.66317749023438,222.03662109375,0.0012846753964994573,-0.02554016825331895,0.9456789919381999,0.0008133101292933098,0.21000099182128906,0
2024-07-30,217.30756370891964,218.43777260182014,214.26392209769764,216.92091369628906,41643800,5436.43994140625,17.690000534057617,4.14300012588501,223.18368682861328,209.04773681640626,219.5967223535289,217.59783939530482,1.9988829582240726,4.269182522310019,-2.2702995640859465,28.93643541575598,234.2533192545519,212.11405440267464,0.0991975048287396,5.458437213341573,0.0025624861798968063,0.014775293870957532,2275609600.0,0.798798765389236,216.3657684326172,215.62216186523438,223.07760620117188,0.0025657721537626355,-0.02759888188566406,0.950769622040253,-0.004960171878030217,1.0900001525878906,1
2024-07-31,219.5382417741392,221.8978068103832,218.73520059867647,220.17274475097656,50036300,5522.2998046875,16.360000610351562,4.109000205993652,223.27340850830078,209.68640411376953,219.68534118390545,217.78857312535456,1.8967680585508901,3.7946996295581936,-1.8979315710073035,41.29399934589795,234.2073032443591,212.33951377224244,0.09794175499096068,5.303350980524759,0.014879607556140014,0.014709196052278271,2325645900.0,0.9672114463364303,216.92091369628906,216.08816528320312,216.66317749023438,0.014990860029477693,0.01619826359696197,0.9528045004177247,0.0157933986591674,-1.3299999237060547,2
2024-08-01,222.44310665442717,222.55216258005441,215.15623749650504,216.48472595214844,62501000,5446.68017578125,18.59000015258789,3.9760000705718994,223.11527938842772,210.2281118774414,219.1929388405582,217.69199185326522,1.5009469872929913,3.335949101105153,-1.8350021138121617,31.13392732409973,234.35712105331643,211.873437723539,0.10077159839257327,5.472599609751545,-0.016892446575784998,0.015140503640279425,2263144900.0,1.179506840039446,220.17274475097656,216.3657684326172,215.62216186523438,-0.016750569208733856,0.004000349868735542,0.9649250119195556,-0.013693502993456064,2.229999542236328,3
2024-08-02,217.26790792406092,223.6625266661827,215.8402875210575,217.97181701660156,105568600,5346.56005859375,23.389999389648438,3.7920000553131104,222.79406051635743,210.77358673095702,219.00507394456488,217.71271964314198,1.292354301422904,2.9272301411687036,-1.6348758397457996,25.70182685373132,234.24694890926574,211.34117212344913,0.10281143371923455,5.5575747664706086,0.006845779612201207,0.014351086284036682,2368713500.0,1.9108509336405362,216.48472595214844,216.92091369628906,216.08816528320312,0.006869265523988144,0.008717051815076315,0.924047665464805,-0.018381860868696753,4.799999237060547,4
2024-08-05,197.3802115476467,211.6664621054212,194.3167520967801,207.47279357910156,119548600,5186.330078125,38.56999969482422,3.7850000858306885,221.8745262145996,211.1378317260742,217.23087696526284,216.95420660136122,0.2766703639016157,2.397118185715286,-2.1204478218136704,18.134202813756588,235.10495461907993,208.64409781011926,0.11926045436765204,6.96821044071721,-0.0493655588984285,0.01775435905480668,2249164900.0,2.0516306493010816,217.97181701660156,220.17274475097656,216.3657684326172,-0.048166884972566715,-0.04110157959799987,0.9343969874180259,-0.02996879838863975,15.180000305175781,0
2024-08-06,203.53686913101606,208.18659343179937,199.34320096724198,205.45028686523438,69660500,5240.02978515625,27.709999084472656,3.888000011444092,220.8112365722656,211.5413360595703,215.41847848833538,216.10206439868514,-0.6835859103497626,1.7809773665022766,-2.464563276852039,20.088416164124908,235.71558719500854,205.9068859495227,0.13499630593178738,7.020612725209844,-0.009796124186903758,0.017691060317484665,2179504400.0,1.1737383077733403,207.47279357910156,216.48472595214844,216.92091369628906,-0.00974829845868963,-0.05287930350097414,0.947694123687433,0.010354085880061037,-10.860000610351562,1
2024-08-07,205.12311510057037,211.80523672133984,204.61750047992084,208.01805114746094,63516400,5199.5,27.850000381469727,3.9679999351501465,219.66318054199218,211.93472839355468,214.27995120512392,215.50324860229816,-1.2232973971742354,1.1801224137669741,-2.4034198109412097,28.931931587910697,234.80518524177515,204.5211758422092,0.13786566016591328,6.955462881430565,0.012420768692514864,0.01730630725502297,2243020800.0,1.0694131759271754,205.45028686523438,217.97181701660156,220.17274475097656,0.012498226804184887,-0.05520525993016545,0.9490373480529584,-0.007734647858502863,0.1400012969970703,2
2024-08-08,211.27980900719393,212.36044444161047,207.0365669160157,211.47808837890625,47161100,5319.31005859375,23.790000915527344,3.996999979019165,218.95630416870117,212.39712280273437,213.84889538570582,215.20508858575062,-1.3561932000447996,0.6728592910046194,-2.029052491049419,35.309808944847404,234.2475277857191,203.66508055168325,0.1396737460935252,7.086470227364503,0.0164965317754472,0.01739561579663445,2290181900.0,0.8059491881054518,208.01805114746094,207.47279357910156,216.48472595214844,0.01663335086719253,-0.02312697836404798,0.9499618879760426,0.023042611519136447,-4.059999465942383,3
2024-08-09,210.27848952903548,214.91829038971974,210.1496011292121,214.3829345703125,42201600,5344.16015625,20.3700008392334,3.941999912261963,218.2474464416504,212.91166595458984,213.93105526026068,215.14418828831074,-1.2131330280500663,0.29566082719368225,-1.5087938552437485,40.354838387124815,232.9678987896562,203.5269940936446,0.1348969033820187,7.094967721492803,0.013642437734129192,0.017429378735789026,2332383500.0,0.7279404249924212,211.47808837890625,205.45028686523438,217.97181701660156,0.013735920414608804,-0.016464892092062144,0.9462784601405182,0.004671676849538509,-3.4200000762939453,4
2024-08-12,214.46232494953352,217.8767166928247,213.99582080224636,215.9114532470703,38028100,5344.39013671875,20.709999084472656,3.9089999198913574,217.4236701965332,213.4369512939453,214.23573187361598,215.20102272970033,-0.9652908560843514,0.0434704905380755,-1.008761346622427,41.07884842090786,230.57256663665487,204.27477375641155,0.1209518395879909,7.070501374038348,0.007104555157224513,0.01698495823906359,2370411600.0,0.6701717182744938,214.3829345703125,208.01805114746094,207.47279357910156,0.007129852382240287,0.04067357229058288,0.9439026210179897,4.303397765514916e-05,0.3399982452392578,0
2024-08-13,217.38044783379533,220.23902400333975,217.38044783379533,219.62364196777344,44155300,5434.43017578125,18.1200008392334,3.8519999980926514,216.7646842956543,214.01744537353517,215.06464111887095,215.52862415474277,-0.46398303587182,-0.0580202147439036,-0.4059628211279164,53.95133280626357,227.82303468191077,205.7063339093978,0.10203092281557763,6.821591558742652,0.017046978109110288,0.01757575415523329,2414566900.0,0.7775207776951045,215.9114532470703,211.47808837890625,205.45028686523438,0.017193107011582276,0.06898678662754132,0.9354448437018972,0.016847579753558328,-2.589998245239258,1
2024-08-14,218.92885985517657,221.37054778476931,218.06532277692483,220.07029724121094,41960600,5455.2099609375,16.190000534057617,3.819999933242798,216.42248077392577,214.57157806396484,215.8347420607694,215.86504438337005,-0.030302322600647358,-0.05247663631525236,0.022174313714605,56.03264061427134,226.54210971691657,206.30285183093497,0.09351735463712509,6.616500022044227,0.0020316651527100722,0.01676435658515514,2456527500.0,0.7490208958847281,219.62364196777344,214.3829345703125,208.01805114746094,0.0020337303827382414,0.057938462682771474,0.9282060045467416,0.0038237284285767004,-1.9300003051757812,2
2024-08-15,222.92888658909135,223.67330627029455,221.10256546081067,223.04798889160156,46414000,5543.22021484375,15.229999542236328,3.9260001182556152,216.4621437072754,215.1789193725586,216.9444723424359,216.39711434694277,0.5473579954931154,0.0674902900464212,0.47986770544669416,58.83699113857786,226.68372550298054,206.24056191157027,0.09444221165552083,6.627420335713087,0.013439916904741831,0.0164416355496645,2502941500.0,0.843284204436917,220.07029724121094,215.9114532470703,211.47808837890625,0.013530638562853747,0.05470968931762554,0.9286519372652946,0.016133247764330783,-0.9600009918212891,3
2024-08-16,222.25391598005478,225.14226768918678,221.98592068094572,224.36807250976562,44340200,5554.25,14.800000190734863,3.8919999599456787,216.5613655090332,215.78252380371094,218.08656467587124,216.98755569233705,1.0990089835341905,0.27379402874397507,0.8252149547902154,59.89859787841485,227.05974856997173,206.0629824480947,0.09695527211201126,6.60147971077203,0.00590093902569679,0.01649145485760441,2547281700.0,0.8091424287722012,223.04798889160156,219.62364196777344,214.3829345703125,0.005918383863149801,0.046576179020341835,0.9329006518380616,0.001989779357261412,-0.42999935150146484,4
2024-08-19,224.04054098731652,224.30853630427512,221.38047353975193,224.2092742919922,40687800,5608.25,14.649999618530273,3.867000102996826,216.6699981689453,216.41051330566407,219.02852000142832,217.52249781083003,1.5060221905982871,0.5202396611148375,0.9857825294834496,59.104747773801954,227.44816603088736,205.89183030700326,0.09948925050101243,6.516747458335686,-0.0007080082199384163,0.016487094294652917,2506593900.0,0.7476172202331336,224.36807250976562,220.07029724121094,215.9114532470703,-0.00070775764125941,0.0384315927669967,0.9369701578601346,0.009722284736913167,-0.15000057220458984,0
2024-08-20,224.0901616619868,225.47973889834265,223.7725353535306,224.82464599609375,30299000,5597.1201171875,15.880000114440918,3.818000078201294,216.7573501586914,217.00302429199218,219.9202316929153,218.06339767640512,1.8568340165101915,0.7875585321939084,1.0692754843162833,56.221016292297385,227.77972472159857,205.73497559578422,0.10170242951242506,6.2831982033869656,0.0027408712862878443,0.016466862820781802,2536892900.0,0.5617142229993786,224.2092742919922,223.04798889160156,219.62364196777344,0.0027446309080869646,0.023681439674347438,0.9398340497292552,-0.0019845553982971165,1.2300004959106445,1
2024-08-21,224.8345868015738,226.28371522001356,223.37552309496598,224.71546936035156,34765500,5620.85009765625,16.270000457763672,3.7780001163482666,217.15996475219725,217.6681042480469,220.65796056482856,218.55614372706782,2.1018168377607367,1.050410193307274,1.0514066444534627,62.172143503165515,228.74190479777664,205.57802470661787,0.10666735978517605,5.962645849208266,-0.00048572589701869034,0.014934009789201844,2502127400.0,0.6610713308810757,224.82464599609375,224.36807250976562,220.07029724121094,-0.0004856079512923772,0.021107674126732423,0.9454826572557007,0.004239676828782013,0.3900003433227539,2
2024-08-22,226.09511339685906,226.64102413052154,222.2340576918725,222.859375,43695300,5570.64013671875,17.549999237060547,3.861999988555908,217.52182540893554,218.01787200927734,220.99663970870108,218.87490159913688,2.1217381095642054,1.2646757765586603,0.8570623330055451,57.1499938167959,229.35105699004612,205.69259382782496,0.10876362920246664,5.718697798745682,-0.008294054163206246,0.015035306307717412,2458432100.0,0.8369971060154576,224.71546936035156,224.2092742919922,223.04798889160156,-0.00825975339230045,-0.000845620229704136,0.9478078411839355,-0.008932805548120926,1.279998779296875,3
2024-08-23,223.9809934126029,226.5219434569281,222.66088738350675,225.15220642089844,38677300,5634.60986328125,15.859999656677246,3.806999921798706,217.97502746582032,218.29611297607423,221.63595766442376,219.33988714148958,2.2960705229341727,1.4709547258337627,0.8251157971004099,84.03478448868424,230.25878147792614,205.6912734537145,0.11270790195479596,4.304840024002819,0.010235679317728896,0.015157646500958343,2497109400.0,0.7429564045468725,222.859375,224.82464599609375,224.36807250976562,0.010288243072109626,0.003494855138529873,0.9558165137224797,0.01148337085011919,-1.6899995803833008,4
2024-08-26,225.0727813784282,225.58891654674125,222.22414052811973,225.48965454101562,30602200,5616.83984375,16.149999618530273,3.818000078201294,218.43122177124025,218.55790435791016,222.22883410697636,219.7954254673804,2.4334086395959673,1.6634455085862037,0.7699631310097637,91.25447789981315,231.13387835662473,205.72856518585576,0.1163080669730245,3.913510277864542,0.0014976335419392389,0.015157149803925065,2527711600.0,0.5910823291450628,225.15220642089844,224.71546936035156,224.2092742919922,0.0014987555551038145,0.005710648023221188,0.9630324414879512,-0.0031537266931381813,0.28999996185302734,0
2024-08-27,224.31844891527626,227.14724957253156,223.21670725505913,226.33334350585938,35934600,5625.7998046875,15.430000305175781,3.8329999446868896,218.90184326171874,218.87126831054687,222.8602970914199,220.2797156924529,2.5805813989670128,1.8468726866623655,0.7337087123046473,90.58623117202278,232.0582373944187,205.74544912901877,0.12020359387262176,3.6808535690112154,0.0037346038120536456,0.015161439217734059,2563646200.0,0.6979259124023796,225.48965454101562,222.859375,224.82464599609375,0.0037415861342333656,0.0067105521420094405,0.9659591580003261,0.0015951960865450143,-0.7199993133544922,1
2024-08-28,226.22416240429726,228.149730282918,224.00082364270057,224.8048095703125,38052200,5592.18017578125,17.110000610351562,3.8410000801086426,219.13344650268556,219.0711798095703,223.15945285740338,220.61490783155358,2.5445450258498,1.9864071544998523,0.5581378713499476,82.29635524289752,232.54465843152718,205.72223457384393,0.12240223610663893,3.5969270771985475,-0.006776371159071747,0.014974661056111848,2525594000.0,0.7477564427873137,226.33334350585938,225.15220642089844,224.71546936035156,-0.006753463329221332,0.00039757035959842035,0.9683618834044935,-0.00597597320797616,1.6800003051757812,2
2024-08-29,228.3879521456165,231.18696212304621,227.1770283167567,228.0802459716797,51906300,5591.9599609375,15.649999618530273,3.867000102996826,219.7132225036621,219.38379180908203,223.91649795190742,221.1678958419333,2.748602109974115,2.138846145594705,0.6097559643794099,82.60873671645521,233.63514441884266,205.79130058848156,0.12672812092543498,3.712174455214696,0.01446501037218936,0.014635932389934565,2577500300.0,1.0307303039232896,224.8048095703125,225.48965454101562,222.859375,0.014570134898927556,0.023426750486398307,0.9667705993016139,-3.937906806072977e-05,-1.460000991821289,3
2024-08-30,228.4772602189495,228.68568922028223,225.78741746908054,227.29611206054688,52990800,5648.39990234375,15.0,3.9110000133514404,220.17943725585937,219.77212890625,224.4364385840058,221.62183778405281,2.8146007999529843,2.273997076466361,0.5406037234866234,78.0989833817527,234.47529730190837,205.88357720981037,0.12985645003203913,3.641987016687793,-0.0034438972173904962,0.014659989711835705,2524509500.0,1.1102230112925093,228.0802459716797,226.33334350585938,225.15220642089844,-0.003437973805193839,0.009522028114797187,0.976204562607837,0.010093051774424433,-0.6499996185302734,4
2024-09-03,226.84948058831634,227.2961293418145,219.52438650802387,221.11248779296875,50190600,5528.93017578125,20.719999313354492,3.8440001010894775,220.86142196655274,220.08021728515624,223.92506153923088,221.5841081550836,2.3409533841472694,2.2873883380025424,0.05356504614472701,53.2751299841233,233.8462300577221,207.87661387538338,0.11758330608897172,3.8879993079393063,-0.02758205926890721,0.010983791443583711,2474318900.0,1.1339441059672672,227.29611206054688,224.8048095703125,225.48965454101562,-0.027205147556289666,-0.019411829589062957,0.9708304922711666,-0.02115107439771169,5.719999313354492,1
2024-09-04,220.01074262314262,220.12984491677884,215.86183603349318,219.20677185058594,43840200,5520.06982421875,21.31999969482422,3.7679998874664307,221.54924621582032,220.3373031616211,223.1991708179009,221.40800916956528,1.791161648335617,2.1881430000691573,-0.3969813517335403,48.21501792173482,232.37463191181948,210.72386051982116,0.09772441911586287,4.0269583616272415,-0.008656118486674984,0.010915634856974577,2430478700.0,1.0202286637567166,221.11248779296875,228.0802459716797,226.33334350585938,-0.008618762157690418,-0.03148706039014948,0.9679773723488703,-0.0016025435809103872,0.6000003814697266,2
2024-09-05,219.98098315180297,223.80232842315377,219.87180099289256,220.72540283203125,36615400,5503.41015625,19.899999618530273,3.7309999465942383,222.18461380004882,220.60632080078125,222.8185911277671,221.35744573715536,1.4611453906117333,2.0427434781776723,-0.581598087565939,44.890826762799534,230.9644863811909,213.40474121890674,0.07903222847864146,4.097854614733257,0.0069039597507134405,0.010739727517019826,2467094100.0,0.8796301245582528,219.20677185058594,227.29611206054688,224.8048095703125,0.006927847021443334,-0.01814643888659917,0.9511211338130631,-0.003018017615584734,-1.4200000762939453,3
2024-09-06,222.28368749781316,223.56409767944487,218.13479623481732,219.17698669433594,48423000,5408.419921875,22.3799991607666,3.7100000381469727,222.5695587158203,220.76148864746094,222.2583442918546,221.19593025250208,1.062414039352518,1.8466775904126416,-0.7842635510601235,38.69433704934768,229.93393605427673,215.20518137736389,0.06617596207628154,4.260208503046578,-0.007039845972386998,0.010464921101065562,2418671100.0,1.1615294202307562,220.72540283203125,221.11248779296875,228.0802459716797,-0.007015124302994891,-0.03903564396562975,0.9371571536632904,-0.01726024985928465,2.479999542236328,4
2024-09-09,219.17698492990527,219.62363365317324,215.0975649862482,219.2663116455078,67180000,5471.0498046875,19.450000762939453,3.697000026702881,222.81372756958007,220.90158905029296,221.79803157703202,221.05299554087287,0.7450360361591493,1.6263492795619432,-0.8813132434027939,39.20204851148254,229.30761153017346,216.31984360898667,0.05828980136392619,4.370099195683104,0.00040746410195329163,0.0100874973060945,2485851100.0,1.5645844046474537,219.17698669433594,219.20677185058594,227.29611206054688,0.0004075471267266373,-0.03532748687271914,0.9202203764085364,0.0115800702824842,-2.9299983978271484,0
2024-09-10,217.29111136152258,219.83206111139577,215.1174037589381,218.47225952148438,51591000,5495.52001953125,19.079999923706055,3.6459999084472656,222.94176788330077,221.09481079101562,221.286374337717,220.86182990980706,0.4245444279099502,1.3859883092315446,-0.9614438813215944,36.2306396794128,228.94508415622423,216.9384516103773,0.05385546485902006,4.5849173248006485,-0.0036279781919337046,0.010038074070001556,2434260100.0,1.182843981913545,219.2663116455078,220.72540283203125,221.11248779296875,-0.0036214050305511947,-0.01194065653115195,0.8855848023126709,0.004472672652839682,-0.37000083923339844,1
2024-09-11,219.81224273641337,221.4301044903715,216.26879790334314,221.00331115722656,44587100,5554.1298828125,17.690000534057617,3.6530001163482666,223.01075134277343,221.2171060180664,221.2428261561031,220.87231000220848,0.3705161538946129,1.1828938781641585,-0.8123777242695456,42.71811240830293,228.8838220957415,217.13768058980537,0.052670740918145206,4.745854072084989,0.011518636253436099,0.009628809188631198,2478847200.0,1.021757470698185,218.47225952148438,219.17698669433594,219.20677185058594,0.011585231192673628,0.008195637805683997,0.871468756969674,0.010665025888896507,-1.3899993896484375,2
2024-09-12,220.84449248276735,221.8866830044339,218.1844402475294,221.11248779296875,37455600,5595.759765625,17.06999969482422,3.680000066757202,223.06286087036133,221.27178955078125,221.22277410023628,220.8901009496722,0.33267315056409075,1.012849732644145,-0.6801765820800543,46.321113653307286,228.84385307172926,217.2818686689934,0.05183285266593701,4.6955166662460925,0.000493882544892547,0.009620500009331309,2516302800.0,0.8627856484799679,221.00331115722656,219.2663116455078,220.72540283203125,0.0004940045249570701,0.0017536946630110073,0.8315392553574835,0.007495302358939249,-0.6200008392333984,3
2024-09-13,221.91644846858938,222.37301734416337,220.25887596851652,220.844482421875,36766600,5626.02001953125,16.559999465942383,3.6500000953674316,222.952685546875,221.29573303222656,221.1645753804884,220.88672179946496,0.27785358102343594,0.8658505023200033,-0.5879969212965673,40.082247739522124,228.8182423909062,217.08712870284378,0.05261705486654021,4.570737044976484,-0.0012128122057427316,0.009106254501055105,2479536200.0,0.8564307017219995,221.11248779296875,218.47225952148438,219.17698669433594,-0.001212077046253035,0.007607987283192896,0.7662409421684129,0.005407711405364557,-0.5100002288818359,4
2024-09-16,214.9288136198369,215.6037619118882,212.32831274384958,214.71046447753906,59357400,5633.08984375,17.139999389648438,3.621000051498413,222.46980514526368,221.1020184326172,220.1716352415731,220.42922125710007,-0.2575860155269538,0.6411631987506119,-0.8987492142775657,30.411309129326824,229.34753448959705,215.5920758009303,0.06183067711002398,4.938693734933906,-0.028168310661716094,0.010863569986333765,2420178800.0,1.358886991669928,220.844482421875,221.00331115722656,219.2663116455078,-0.02777528275584551,-0.020777688710038933,0.525130297291419,0.0012566297656613212,0.5799999237060547,0
2024-09-17,214.14470101422842,215.2861383219032,212.90400170360138,215.1769561767578,45519300,5634.580078125,17.610000610351562,3.6419999599456787,222.01818923950196,220.88828796386719,219.40322307775537,220.0401645844821,-0.6369415067267425,0.38554225765514105,-1.0224837643818836,29.444030532634216,229.56831324091414,214.4680652380898,0.06801356255786305,4.828093327850291,0.0021702978961990306,0.010903365968271461,2465698100.0,1.0363556512190686,214.71046447753906,221.11248779296875,218.47225952148438,0.002172654697356613,-0.015083394806938877,0.3633785310383909,0.00026455008109871336,0.470001220703125,1
2024-09-18,215.93133719300198,221.05294820219595,215.92140190435074,219.0479736328125,59894900,5618.259765625,18.229999542236328,3.684999942779541,221.7293556213379,220.73492584228515,219.34856931699494,219.9666689584325,-0.618099641437567,0.18481387783659947,-0.8029135192741665,40.23573171451317,229.26939964073046,214.18931160194535,0.06801123827978098,4.95145656965177,0.017830021919912533,0.01174250682338045,2525593000.0,1.3192051101415314,215.1769561767578,220.844482421875,221.00331115722656,0.017989925709678722,-0.008847548546560002,0.3200029009062619,-0.002896455862498093,0.6199989318847656,2
2024-09-19,223.31597824995185,228.11004268622213,222.95865620671253,227.16709899902344,66781300,5713.64013671875,16.329999923706055,3.740000009536743,221.8519371032715,220.65868438720702,220.551420037307,220.50003414662442,0.0513858906825817,0.15812828040579593,-0.10674238972321423,48.66976559742293,229.67094103099404,214.03293317554895,0.07048848912311118,5.142879176842906,0.036395102106228316,0.014459018953099733,2592374300.0,1.4207863722900564,219.0479736328125,214.71046447753906,221.11248779296875,0.03706551232389366,0.02738249325711406,0.3940677017867229,0.01697685316676334,-1.8999996185302734,3
2024-09-20,228.25889437635817,231.35567496568984,225.9263736470506,226.50205993652344,318679900,5702.5498046875,16.149999618530273,3.7279999256134033,222.03407135009766,220.67641326904297,221.4669030987249,220.9446286495799,0.5222744491450158,0.2309575141536399,0.29131693499137584,48.83923030835935,230.1171291362067,213.95101356398862,0.07280916606140035,5.323667003088445,-0.002931826092953033,0.014335729155055772,2273694400.0,5.245562368559471,227.16709899902344,215.1769561767578,220.844482421875,-0.002927532487892792,0.02561792557642839,0.4503039097593944,-0.0019410273951238066,-0.18000030517578125,4
2024-09-23,225.64847983003366,227.74278104335218,224.12986496132828,224.7849578857422,54146000,5718.56982421875,15.890000343322754,3.739000082015991,222.01570892333984,220.60091064453124,221.97737306595835,221.2290974818882,0.7482755840701429,0.3344211281369405,0.4138544559332024,56.17488217440497,230.070560706254,213.96085714042567,0.07256109778876452,5.026607949390822,-0.007609837063132509,0.014273456979674127,2219548400.0,0.8800547153288089,226.50205993652344,219.0479736328125,214.71046447753906,-0.007580955560679947,0.04692129669933731,0.45904154623454585,0.0028092730585327352,-0.25999927520751953,0
2024-09-24,226.94872814757065,227.64353192764617,224.05045616714196,225.67825317382812,43556100,5732.93017578125,15.390000343322754,3.7360000610351562,222.02513885498047,220.46673614501952,222.54673923639984,221.55866457018004,0.9880746662198021,0.4651518357535128,0.5229228304662893,61.26464471541909,230.0975373203477,213.95274038961324,0.0727160762695422,4.90820966375001,0.003966123923665201,0.014298482504340234,2263104500.0,0.7005582691573239,224.7849578857422,227.16709899902344,215.1769561767578,0.0039739994014189595,0.04880307437960041,0.49096624789922555,0.0025111788443470395,-0.5,1
2024-09-25,223.25638097071698,225.59882178569194,222.35316341740713,224.6856689453125,42308700,5722.259765625,15.40999984741211,3.7809998989105225,221.94275512695313,220.30438232421875,222.87580534546333,221.79029452389355,1.085510821569784,0.589223632916767,0.4962871886530169,57.02207215250834,229.8622079542404,214.02330229966586,0.07136482398587221,4.817462034025236,-0.004407927841953525,0.014303723679973627,2220795800.0,0.677024559256431,225.67825317382812,226.50205993652344,219.0479736328125,-0.00439822718652072,0.025737263025086943,0.5083220299435196,-0.0018612489301417234,0.01999950408935547,2
2024-09-26,225.60876888531146,226.7998372114188,223.73283210674714,225.82713317871094,36636700,5745.3701171875,15.369999885559082,3.7909998893737793,221.99387130737304,220.28263763427734,223.3298557813476,222.0893196094356,1.240536171911998,0.7194861407158133,0.5210500311961848,61.96424649712303,230.003786374686,213.98395624006008,0.07216338919755509,4.648726581171244,0.005067410606849745,0.014269461389759559,2257432500.0,0.5869258344241061,224.6856689453125,224.7849578857422,227.16709899902344,0.00508027164685898,-0.005898591064537273,0.5522291198908716,0.00403867571712313,-0.039999961853027344,3
2024-09-27,226.76016679177644,227.81227751628776,225.60879405182706,226.0951385498047,34026000,5738.169921875,16.959999084472656,3.749000072479248,221.8946159362793,220.35944580078126,223.75528389957174,222.38604693835183,1.3692369612199116,0.8494363048166329,0.5198006564032787,62.20722612884396,229.63151883829318,214.15771303426544,0.06973493132646036,4.482827638138076,0.0011860685754075597,0.013875597297977453,2291458500.0,0.5530225348637752,225.82713317871094,225.67825317382812,226.50205993652344,0.0011867722329081953,-0.001796546074825045,0.6349469715922635,-0.0012532169669905446,1.5899991989135742,4
2024-09-30,228.32835965023514,231.26634216308594,227.94126208675945,231.26634216308594,54541900,5762.47998046875,16.729999542236328,3.802000045776367,222.09312744140624,220.5370999145508,224.91083132472775,223.04384658462843,1.8669847400993262,1.0529459918731716,0.8140387482261546,69.7759502549847,230.58086933543743,213.60538554737505,0.0764340796296857,4.515438085339761,0.02261416498389921,0.014772805279128907,2346000400.0,0.8853502445463538,226.0951385498047,224.6856689453125,224.7849578857422,0.022871803641820065,0.028833709952416964,0.6880239660641617,0.004236552581176722,-0.22999954223632812,0
2024-10-01,227.81227091446172,227.94129335648356,222.0752779583648,224.5269012451172,63285000,5708.75,19.260000228881836,3.743000030517578,222.26384811401368,220.58690551757812,224.8517651586338,223.15370248540538,1.698062673228435,1.1819693281442243,0.5160933450842107,54.81944558072439,230.80572097077325,213.72197525725412,0.07686245810319887,4.803277915174959,-0.029574515332913682,0.014980010241849672,2282715400.0,1.0164696676119291,231.26634216308594,225.82713317871094,225.67825317382812,-0.02914146890089253,-0.005101740697293078,0.6982010957887864,-0.009324107094664358,2.530000686645508,1
2024-10-02,224.2092739820147,225.67825786117984,221.36063294746157,225.0926513671875,32880600,5709.5400390625,18.899999618530273,3.7850000858306885,222.55814208984376,220.62720642089843,224.88882457533438,223.29732832850036,1.5914962468340264,1.2638747118821847,0.32762153495184165,55.37677673732528,231.06202721075076,214.05425696893676,0.07641944744015787,4.847233783518801,0.0025165739228406414,0.014817585115196267,2315596000.0,0.5328104712847863,224.5269012451172,226.0951385498047,224.6856689453125,0.002519743152971543,0.0018113412563667275,0.6941866536929068,0.00013839090212397487,-0.3600006103515625,2
2024-10-03,223.46483520314058,225.12240767637772,221.65838486968212,223.9908905029297,34044200,5699.93994140625,20.489999771118164,3.8499999046325684,222.72141647338867,220.77376068115234,224.7506808718875,223.348703304384,1.4019775675035078,1.2914952830064492,0.11048228449705855,54.15682408745733,231.20250328994274,214.2403296568346,0.0761587004145819,4.943653885736568,-0.004906717668419714,0.014818883223156555,2281551800.0,0.5528175643742318,225.0926513671875,231.26634216308594,225.82713317871094,-0.004894699394075497,-0.008131187116156346,0.70194288340164,-0.001681413492255035,1.5900001525878906,3
2024-10-04,226.20429410810965,226.3035561118749,222.46235586119454,225.11248779296875,37245100,5751.06982421875,19.209999084472656,3.9809999465942383,223.0181915283203,220.96356719970703,224.80634347513077,223.47935400724214,1.3269894678886374,1.298594119982887,0.02839534790575038,65.8403820799414,231.39176764274424,214.64461541389636,0.0750932115182237,4.609727498069065,0.004994839389247269,0.01473066957507024,2318796900.0,0.6103335776627523,223.9908905029297,224.5269012451172,226.0951385498047,0.005007334394361962,-0.004346182598788939,0.7329822578483014,0.008970249395274354,-1.2800006866455078,4
2024-10-07,222.8296017820206,224.01074997862722,219.68319006872073,220.04051208496094,39505400,5695.93994140625,22.639999389648438,4.026000022888184,223.05690155029296,221.04261413574218,224.07313864587388,223.22462497596206,0.8485136699118243,1.2085780299686746,-0.3600643600568503,56.49524418146857,231.36434517989815,214.74945792068777,0.0744872144449841,4.827381862779508,-0.022788547779381756,0.01568957130740832,2279291500.0,0.6623928327825884,225.11248779296875,225.0926513671875,231.26634216308594,-0.022530850055161755,-0.04854069975391706,0.7304496007267398,-0.009586022165882668,3.4300003051757812,0
2024-10-08,222.63108533790577,224.29857792676054,221.58889489724396,224.09014892578125,31855700,5751.1298828125,21.420000076293945,4.0329999923706055,223.33779602050782,221.19710174560547,224.07575561201347,223.28873786113385,0.7870177508796132,1.1242659741508625,-0.33724822327124926,56.70181541471899,231.36780967874174,215.3077823622739,0.07190913317239472,4.711815706805327,0.018236746214728466,0.016165097453499585,2311147200.0,0.5431151585983316,220.04051208496094,223.9908905029297,224.5269012451172,0.01840405115607391,-0.00194521153997107,0.7316101358202087,0.009689347495581924,-1.2199993133544922,1
2024-10-09,223.55414845411647,228.04052116337735,223.157130753936,227.8320770263672,33591100,5792.0400390625,20.860000610351562,4.066999912261963,223.67923431396486,221.41532501220703,224.65365121422172,223.62528150300298,1.028369711218744,1.1050867215644389,-0.07671701034569489,51.0002442083152,231.87040358898574,215.48806503894397,0.07324031933624593,4.413338660807592,0.016560431876550943,0.016371339321268847,2344738300.0,0.5781215108286668,224.09014892578125,225.11248779296875,225.0926513671875,0.01669831591671289,0.012170213654425055,0.8000979997484884,0.007113411987488272,-0.5599994659423828,2
2024-10-10,226.0851807689644,227.7923841625437,225.47971892420364,227.33580017089844,28183500,5780.0498046875,20.93000030517578,4.0960001945495605,223.99039993286132,221.55858612060547,225.0662895152489,223.90013473766192,1.1661547775869963,1.1173003327689504,0.048854444818045906,51.26049179480744,232.243606802444,215.73719306327865,0.07369250532216093,4.193557002487901,-0.0021806330234943167,0.016391086673809837,2316554800.0,0.4889550309184881,227.8320770263672,220.04051208496094,223.9908905029297,-0.002178257170570963,0.014933239742287663,0.8386917384417562,-0.002070122839989974,0.06999969482421875,3
2024-10-11,227.5938974682738,227.70307961960657,225.6484741750507,225.85691833496094,31759200,5815.02978515625,20.459999084472656,4.072999954223633,224.24102172851562,221.74602996826172,225.18792471828152,224.04508167079518,1.1428430474863376,1.122408875712428,0.020434171773909604,51.632403815231555,232.3958282610932,216.08621519593805,0.0727325131656815,4.082249099811613,-0.006526526243806422,0.016478293010415798,2284795600.0,0.5533935413722624,227.33580017089844,224.09014892578125,225.11248779296875,-0.006505274729390442,0.0033069269025929326,0.8042571104000428,0.006051847587953629,-0.470001220703125,4
2024-10-14,226.99836439928595,230.00581860221664,226.89911753216435,229.5790252685547,39882100,5859.85009765625,19.700000762939453,4.0980000495910645,224.9844497680664,221.97817413330077,225.86347864909277,224.45500341877738,1.4084752303153891,1.1796221466330201,0.228853083682369,55.46899368257112,232.12938814285016,217.83951139328266,0.06351495298585635,4.121950850293863,0.01634561284817792,0.015276223707709535,2324677700.0,0.7069271937895072,225.85691833496094,227.8320770263672,220.04051208496094,0.01647993322955732,0.043348895588421366,0.773723507065879,0.0077076668832223305,-0.7599983215332031,0
2024-10-15,231.87181141001133,235.72294688412148,230.64103225198252,232.1100311279297,64751400,5815.259765625,20.639999389648438,4.038000106811523,225.831103515625,222.47091888427735,226.82448672275999,225.0220425083442,1.8024442144157717,1.3041865601895706,0.49825765422620116,59.97870391676481,232.03362785079506,219.62857918045492,0.05493064718377841,4.3232959830899915,0.010964224425503072,0.015366835783800081,2389429100.0,1.1285108127298147,229.5790252685547,227.33580017089844,224.09014892578125,0.01102455181353923,0.03578864238608115,0.75960368883721,-0.007609466332438197,0.9399986267089844,1
2024-10-16,229.87678174389526,230.3929017691756,228.12986736523644,230.05543518066406,34082200,5842.47021484375,19.579999923706055,4.015999794006348,226.38147659301757,222.96302185058593,227.32155571628368,225.39488640999753,1.9266693062861577,1.428683109408888,0.49798619687726964,55.54689032568009,231.97309871210294,220.7898544739322,0.0493999968834715,4.388521601520105,-0.008891228931429277,0.015242792587619148,2355346900.0,0.6076655231180144,232.1100311279297,225.85691833496094,227.8320770263672,-0.008851818843336523,0.00975875821928085,0.7051009092577929,0.004679145956573816,-1.0599994659423828,2
2024-10-17,231.69315867439417,232.11004699556463,228.8048220166126,230.4226837158203,32993800,5841.47021484375,19.110000610351562,4.0960001945495605,226.54425582885742,223.41111450195314,227.798652331597,225.76731584005847,2.031336491538525,1.5492137858348154,0.48212270570370963,55.66233847131836,232.4147680630258,220.67374359468903,0.05182662621649749,4.4672174239837705,0.0015950751966288344,0.012982829617618851,2388340700.0,0.6065289856764243,230.05543518066406,229.5790252685547,227.33580017089844,0.0015963480057223922,0.013578519276776113,0.7613648897128521,-0.00017116047891174713,-0.4699993133544922,3
2024-10-18,234.4226930307779,234.4226930307779,232.26884075534687,233.25148010253906,46431500,5864.669921875,18.030000686645508,4.072999954223633,226.8817268371582,223.84658233642577,228.63754891174193,226.32169837802002,2.315850533721914,1.702541135412235,0.6133093983096789,52.76705112466087,233.4736866019815,220.28976707233488,0.05810921713897761,4.383560688389224,0.012201807667000455,0.013198536946408537,2434772200.0,1.1384368538574305,230.4226837158203,232.1100311279297,225.85691833496094,0.012276553423913317,0.03274002772238083,0.8258751274225519,0.00397155273894878,-1.0799999237060547,4
2024-10-21,232.70554934615632,235.08770100400858,232.70554934615632,234.72044372558594,36254500,5853.97998046875,18.3700008392334,4.182000160217285,227.37850112915038,224.25333251953126,229.57337888310255,226.9438276630249,2.6295512200776443,1.8879431523453172,0.7416080677323271,66.65582945553984,234.7558424388292,220.00115981947155,0.06489040320912765,3.897209792184305,0.006278019569125595,0.013060400853524837,2471026700.0,0.9088451240620159,233.25148010253906,230.05543518066406,229.5790252685547,0.006297767638606677,0.022394983387602485,0.8393637749122229,-0.0018227694906369774,0.3400001525878906,0
2024-10-22,232.14974382855843,234.4624093106695,230.86934872103873,234.10508728027344,38846600,5851.2001953125,18.200000762939453,4.203999996185303,227.79984283447266,224.61720520019531,230.2705647903596,227.47429133837664,2.7962734519829553,2.069609212272845,0.7266642397101104,64.70211635760076,235.71152738839427,219.88815828055104,0.06946172091673061,3.863886227243514,-0.002625099351428995,0.013095607613179317,2432180100.0,0.9796077493881014,234.72044372558594,230.4226837158203,232.1100311279297,-0.0026216567911396815,0.008595303454352443,0.8512911504946041,-0.0004748538883844189,-0.1700000762939453,1
2024-10-23,232.33830371042365,233.39041424004768,226.06532109909307,229.04299926757812,52287000,5797.419921875,19.239999771118164,4.242000102996826,228.01770935058593,224.80559234619142,230.08170855608552,227.5904919257249,2.4912166303606114,2.153930695890398,0.33728593447021327,57.29852911806602,235.80735317477894,220.22806552639292,0.06832490201202866,4.190725039706712,-0.021860349832758984,0.014077977847449089,2379893100.0,1.3021560024580259,234.10508728027344,233.25148010253906,230.05543518066406,-0.021623143997015815,-0.004400834574027179,0.846116344341779,-0.009191323428069387,1.039999008178711,2
2024-10-24,228.26880958821053,229.10257100562325,226.71049918514768,228.85443115234375,31109500,5809.85986328125,19.079999923706055,4.199999809265137,228.16907424926757,224.98127502441406,229.89289664781754,227.6841170536226,2.2087795941949366,2.1649004755513057,0.04387911864363092,55.5555656241448,235.89689643270847,220.44125206582666,0.06773768275886945,4.087215866120654,-0.0008236260497081661,0.014049123148591327,2348783600.0,0.7801204755074971,229.04299926757812,234.72044372558594,230.4226837158203,-0.0008232869628732598,-0.006805981677614148,0.8425667270147174,0.002145772011323821,-0.15999984741210938,3
2024-10-25,228.03062932515897,231.484732210271,227.86189602437614,229.68820190429688,38802300,5808.1201171875,20.329999923706055,4.23199987411499,228.34872741699218,225.11407928466798,229.86140514881436,227.83256778330218,2.0288373655121745,2.1376878535434796,-0.10885048803130504,66.38577453612112,236.0405194045316,220.65693542945274,0.06736881851321463,3.9581828990954295,0.003636615706932397,0.014064576803602095,2387585900.0,0.9672372779069428,228.85443115234375,234.10508728027344,233.25148010253906,0.0036432362168163923,-0.015276551285658524,0.8418976821921411,-0.00029944716993013376,1.25,4
2024-10-28,231.58399967772363,232.98349712196287,230.81972458948547,231.66339111328125,36087100,5823.52001953125,19.799999237060547,4.2779998779296875,228.36857986450195,225.25998565673828,230.13863375873234,228.11633247441173,2.022301284320605,2.1146105396989046,-0.09230925537829959,63.837573562294175,236.09405434997996,220.64310537902395,0.06765794567765639,3.8894135688001716,0.008562672405012827,0.013243937189929915,2423673000.0,0.9207327978927328,229.68820190429688,229.04299926757812,234.72044372558594,0.008599436943685035,-0.013024228157470286,0.8835577410579855,0.0026514435020339455,-0.5300006866455078,0
2024-10-29,231.36564539627622,232.58648944554818,230.59145013134693,231.931396484375,35417200,5832.919921875,19.34000015258789,4.27400016784668,228.73880462646486,225.41442810058595,230.41444340883123,228.3989298084831,2.015513600348129,2.0947911518287494,-0.07927755148062055,58.579265266706315,236.39851303492077,221.07909621800894,0.06697340594189406,3.6831027762830217,0.0011562054109304253,0.01125501080546991,2459090200.0,0.9369505694369122,231.66339111328125,228.85443115234375,234.10508728027344,0.001156874074085712,-0.009285107048084162,0.8831435222024542,0.001614127248163344,-0.45999908447265625,1
2024-10-30,230.8792736886572,231.73287549326048,227.8420439394486,228.38795471191406,47070900,5813.669921875,20.350000381469727,4.265999794006348,228.90356979370117,225.48569427490236,230.10267591699784,228.3981168383669,1.7045590786309504,2.01674473718919,-0.31218565855823943,51.952917452603074,236.37243276857606,221.43470681882627,0.06525772386692083,3.8071738079089408,-0.015395884425761843,0.011875685764143907,2412019300.0,1.2223028217464988,231.931396484375,229.68820190429688,229.04299926757812,-0.015277973686066537,-0.002859919568634406,0.8858945762654611,-0.003300233889343751,1.010000228881836,2
2024-10-31,227.63358238786932,228.11994197442104,223.693120129287,224.22911071777344,64370100,5705.4501953125,23.15999984741211,4.283999919891357,228.91548080444335,225.4759671020508,229.19905050173253,228.08930157017477,1.1097489315577604,1.835345576062904,-0.7255966445051436,47.251994287610174,236.3520462899761,221.4789153189106,0.0649721500651642,3.9957616034854544,-0.018377393862728672,0.012573497395620425,2347649200.0,1.608194709929544,228.38795471191406,231.66339111328125,228.85443115234375,-0.018209559253624108,-0.020210753234187195,0.8861495506249283,-0.018614700871699585,2.809999465942383,3
2024-11-01,219.32588166379162,223.67329727363756,218.63109301833273,221.25144958496094,65276700,5728.7998046875,21.8799991607666,4.361000061035156,228.72242889404296,225.44380859375,227.97634266838304,227.58279401571448,0.39354865266855654,1.5469861913840346,-1.153437538715478,35.5792239527844,236.75153571247648,220.69332207560944,0.07020830320189587,4.0992699914986686,-0.0133685091767936,0.012860841913329639,2282372500.0,1.5756703998200245,224.22911071777344,231.931396484375,229.68820190429688,-0.013279547527440982,-0.036731326421594934,0.8943625610711603,0.004092509543626166,-1.2800006866455078,4
2024-11-04,219.34570882983752,221.13230364643434,218.07523400035532,220.3581085205078,44944500,5712.68994140625,21.979999542236328,4.309000015258789,228.73830871582032,225.3479266357422,226.804306645633,227.04763212718066,-0.24332548154765732,1.1889238567976963,-1.4322493383453536,28.42565254659847,236.69605601528488,220.78056141635577,0.06957948884155733,3.887290989287156,-0.004045846683516884,0.011820000805626734,2237428000.0,1.077809761642999,221.25144958496094,228.38795471191406,231.66339111328125,-0.0040376732723285125,-0.04880047096973239,0.8883144885730913,-0.002812083478299976,0.10000038146972656,0
2024-11-05,220.14971259990074,222.28370958768312,219.49461965793014,221.7874298095703,28111300,5782.759765625,20.489999771118164,4.289000034332275,228.62317276000977,225.2738821411133,226.0324794400849,226.65798751106138,-0.6255080709764798,0.8260374712428611,-1.4515455422193408,34.46482471994642,236.9233500220275,220.32299549799203,0.07261011350525347,3.802214286934279,0.0064654107941150485,0.011141501753384856,2265539300.0,0.6771747149210632,220.3581085205078,224.22911071777344,231.931396484375,0.00648635667940245,-0.04373692750773428,0.8516888152769855,0.012265644545291332,-1.489999771118164,1
2024-11-06,220.95365355112233,224.38791581537038,219.54422098922427,221.06283569335938,54561100,5929.0400390625,16.270000457763672,4.426000118255615,228.2847106933594,225.1684719848633,225.26791886366559,226.24353182086122,-0.9756129571956365,0.4657073855551616,-1.4413203427507981,32.64634307114919,237.24642117329873,219.32300021342004,0.07851345324634595,3.9121049903052847,-0.0032724142640374516,0.01039948500038029,2210978200.0,1.281946847034706,221.7874298095703,221.25144958496094,228.38795471191406,-0.0032670657522524404,-0.03207314075645762,0.4864246527741411,0.025295927786425976,-4.219999313354492,2
2024-11-07,222.95864433437472,226.18446269494834,222.89909318788202,225.7874298095703,42137700,5973.10009765625,15.199999809265137,4.341000080108643,228.20729217529296,225.18812438964844,225.347843624574,226.20974648669153,-0.8619028621175175,0.20018533602062577,-1.0620881981381434,37.070195082083345,237.23006241209202,219.1845219384939,0.07907521403714302,3.9922205393503822,0.021146995079634842,0.011563163584607425,2253115900.0,0.9740830977070927,221.06283569335938,220.3581085205078,224.22911071777344,0.021372177287929617,0.006949673424688552,0.3305135408768675,0.007431229727488331,-1.0700006484985352,3
2024-11-08,225.72780810336752,227.20835428792034,224.9726384261151,225.51914978027344,38328800,5995.5400390625,14.9399995803833,4.306000232696533,228.1904037475586,225.1369024658203,225.37419841775855,226.158591175105,-0.7843927573464384,0.0032697173472129304,-0.7876624746936514,33.36898472414207,237.23294025721907,219.14786723789814,0.079254310095038,3.9817608396327375,-0.0011889038318105918,0.011474157658734097,2214787100.0,0.8793567578090093,225.7874298095703,221.7874298095703,221.25144958496094,-0.0011881973656511224,0.01928891405375266,0.20743379673818071,0.0037568333092317108,-0.26000022888183594,4
2024-11-11,223.57158868270503,224.26714170400084,220.0938084143074,222.8064727783203,42005600,6001.35009765625,14.970000267028809,4.308000087738037,227.85177612304688,225.0471096801758,224.9791637039988,225.91028610867647,-0.9311224046776658,-0.18360870705776283,-0.747513697619903,31.01735255150801,237.17814548040502,218.52540676568873,0.08186347735399371,4.094207008305511,-0.012101517158939552,0.011088205769967505,2172781500.0,0.9613697601175827,225.51914978027344,221.06283569335938,220.3581085205078,-0.012028588279958119,0.01111084259277284,0.057422556373368155,0.0009690634297987444,0.030000686645507812,0
2024-11-12,223.12444853772337,224.15783943194586,221.9420008205612,222.8064727783203,40398300,5983.990234375,14.710000038146973,4.432000160217285,227.3865982055664,225.08098937988282,224.64490356158672,225.68037401013157,-1.0354704485448565,-0.35398105535518154,-0.6814893931896749,37.37457734240192,236.7467047710568,218.026491640076,0.0823276889610575,3.6782121818915323,0.0,0.010704061973851637,2172781500.0,0.9510890133178076,222.8064727783203,225.7874298095703,221.7874298095703,0.0,0.004594683159568458,-0.01591080853386249,-0.00289265965137242,-0.26000022888183594,1
2024-11-13,222.5878574334345,225.21109667354565,221.3457931121334,223.69081115722656,48566200,5985.3798828125,14.020000457763672,4.451000213623047,227.06836700439453,225.1706701660156,224.4981201147621,225.53299898399047,-1.034878869228379,-0.49016061812982104,-0.544718251098558,39.83301536751341,236.47906422132348,217.65766978746558,0.08288866777067916,3.783443020529867,0.0039612314210889605,0.010657137060388438,2221347700.0,1.1242166817688921,222.8064727783203,225.51914978027344,221.06283569335938,0.003969087468056243,0.01188791166830283,-0.06833171441555845,0.00023222772482434095,-0.6899995803833008,2
2024-11-14,223.59146688403666,227.41701609796436,223.57158960851197,226.77114868164062,44923900,5949.169921875,14.3100004196167,4.418000221252441,226.88579025268555,225.29158508300782,224.84781681735876,225.624713776409,-0.7768969590502479,-0.5475078863139065,-0.22938907273634146,44.72325024731487,236.1632220404838,217.60835846488732,0.08178063313234243,3.799342327926833,0.013676562343713955,0.01116625094284049,2266271600.0,1.0257408461946993,223.69081115722656,222.8064727783203,225.7874298095703,0.013770514347363871,0.004356836307937817,-0.06345326738890222,-0.006049734794859041,0.28999996185302734,3
2024-11-15,224.96266960797624,225.47937257835642,222.8462024481905,223.57156372070312,47923700,5870.6201171875,16.139999389648438,4.427999973297119,226.40179443359375,225.37947662353517,224.65147018710405,225.47262858709746,-0.8211583999934078,-0.6022379890498067,-0.21892041094360104,35.983333491921016,235.28244245315364,217.52114641403386,0.07845033244349732,3.8443174004828427,-0.014209794942952958,0.011109463980099776,2218347900.0,1.0923739177112977,226.77114868164062,222.8064727783203,225.51914978027344,-0.014109312315692013,-0.008636011892860895,-0.07372936970076495,-0.013203489851361216,1.8299989700317383,4
2024-11-18,223.81998425203597,228.28148462394066,223.7404903183321,226.57240295410156,44633700,5893.6201171875,15.579999923706055,4.414000034332275,225.99439239501953,225.52559844970702,224.94699830510365,225.5540933550237,-0.6070950499200478,-0.6032094012238549,-0.0038856486961929004,41.520004133674135,233.96965311312258,218.0191316769165,0.07057927972091402,4.038237513985434,0.013332995263969675,0.011495429673518057,2262981600.0,1.0077577138553053,223.57156372070312,223.69081115722656,222.8064727783203,0.013422275997260646,0.016902247626926492,-0.07159061903958526,0.003917814394541086,-0.5599994659423828,0
2024-11-19,225.53901477922054,228.6988344551977,225.22105418122663,226.8307647705078,36211800,5916.97998046875,16.350000381469727,4.379000186920166,225.63067626953125,225.6927685546875,225.23680853055043,225.6486616080225,-0.4118530774720739,-0.5649381364734988,0.15308505900142488,47.250022365866776,232.65534079507643,218.60601174398607,0.06226692789905691,3.994553780345766,0.001139656106359027,0.011511443484012231,2299193400.0,0.8200438557854377,226.57240295410156,226.77114868164062,222.8064727783203,0.0011403057611503176,0.018061827118422302,-0.05603661753862693,0.003963584828470035,0.7700004577636719,1
2024-11-20,226.61216873586113,228.4702922716314,224.45594670445817,227.54620361328125,35169600,5917.10986328125,17.15999984741211,4.406000137329102,225.55583648681642,225.8236264038086,225.59210008173977,225.78922027507872,-0.1971201933389466,-0.49137454784658835,0.29425435450764176,56.66903295356166,232.45825951611747,218.65341345751537,0.0612036747690587,3.945947422099063,0.003149100785451033,0.010506805242136694,2334363000.0,0.8121840540384504,226.8307647705078,223.57156372070312,223.69081115722656,0.003154064412282276,0.017235363563257167,-0.0038513995321663216,2.195086225209586e-05,0.8099994659423828,2
2024-11-21,227.42695953023323,228.69883223369175,224.2770861035494,227.06924438476562,42108300,5948.7099609375,16.8700008392334,4.432000160217285,225.4665771484375,225.94276153564454,225.81935305143605,225.88403687579626,-0.06468382436020192,-0.40603640314931105,0.34135257878910913,63.004339156848815,232.23425092380666,218.69890337306833,0.060032612025804746,3.861928024292037,-0.0020982982677535743,0.010513834735282987,2292254700.0,0.9602270706031409,227.54620361328125,226.57240295410156,226.77114868164062,-0.0020960983788866905,0.0013145221729395917,0.049385126846048844,0.0053404615405816536,-0.28999900817871094,3
2024-11-22,226.61216818417898,229.25528492407807,226.61216818417898,228.41067504882812,38168300,5969.33984375,15.239999771118164,4.409999847412109,225.40270080566407,226.0940853881836,226.21801797411175,226.07119525898378,0.14682271512796774,-0.2954645794938553,0.44228729462182304,67.64616780767182,232.02516151371736,218.78024009761077,0.05876114779798488,3.823849535384428,0.005890202773736386,0.010571197434101662,2330423000.0,0.8710099373036603,227.06924438476562,226.8307647705078,223.57156372070312,0.005907584127903487,0.021644574325965005,0.14377054463916142,0.003467959094991535,-1.6300010681152344,4
2024-11-25,229.99057974831032,231.7692092379923,228.28149797848934,231.39161682128906,90152800,5987.3701171875,14.600000381469727,4.264999866485596,225.38911209106445,226.4277084350586,227.01395625829286,226.46530055989527,0.5486556983975959,-0.12664052391556507,0.6752962223131609,69.70625032091301,231.95838444590188,218.819839736227,0.05829272136431542,3.873751058937998,0.012966370936938485,0.010808252337703014,2420575800.0,1.9377687119719327,228.41067504882812,227.54620361328125,226.57240295410156,0.013050798837767497,0.021270083224406378,0.3050819684990743,0.003020480305938378,-0.6399993896484375,0
2024-11-26,231.8487208075284,234.07450576495518,231.8487208075284,233.56773376464844,45986200,6021.6298828125,14.100000381469727,4.302000045776367,225.47092895507814,226.79552398681642,228.0222297208091,226.9914067232103,1.03082299759879,0.10485218038730593,0.925970817211484,74.21562016697268,232.41343493300056,218.5284229771557,0.061582271471508576,3.7194077816179987,0.009360529387291922,0.011010588816730565,2466562000.0,0.9773385990853829,231.39161682128906,227.06924438476562,226.8307647705078,0.009404476157146346,0.02970042005085438,0.49358641742425874,0.005722005647630368,-0.5,1
2024-11-27,232.9814664022851,234.1937224347506,232.32565277909848,233.43853759765625,33498400,5998.740234375,14.100000381469727,4.242000102996826,225.72345809936525,227.0833352661133,228.85550785570865,227.46897197316926,1.3865358825393912,0.36118892081772297,1.0253469617216682,68.02423346602261,233.43729635203985,218.00961984669064,0.06834768807483814,3.4870108283367967,-0.0005532952262558315,0.010375200544680867,2433063600.0,0.7223553791630413,233.56773376464844,228.41067504882812,227.54620361328125,-0.00055314218667879,0.02589511005153544,0.5758749575244915,-0.003801238017440034,0.0,2
2024-11-29,233.3192972938568,236.3002516789311,232.48463370489634,235.82330322265625,28481400,6032.3798828125,13.510000228881836,4.177999973297119,226.30316772460938,227.25645935058594,229.92747637370059,228.08781132498314,1.8396650487174497,0.6568841463976683,1.1827809023197813,72.0730874205305,235.19660954512318,217.40972590409558,0.0785975902143475,3.5998609792103338,0.010163989260155043,0.009480366652964369,2461545000.0,0.6388912909691614,233.43853759765625,231.39161682128906,227.06924438476562,0.010215818045905767,0.038552375781270465,0.6404316313128668,0.005607785488815242,-0.5900001525878906,4
2024-12-02,235.76369091824088,239.26133321145704,235.654388648958,238.06895446777344,48137100,6047.14990234375,13.34000015258789,4.196000099182129,227.14404296875,227.48779724121093,231.1800114650964,228.8271552614861,2.3528562036103153,0.9960785578401978,1.3567776457701175,83.36212900282042,237.13841684102738,217.14966909647262,0.08800031681792671,3.4699754932484064,0.009477546923704444,0.008818348875999735,2509682100.0,1.1009702455958823,235.82330322265625,233.56773376464844,228.41067504882812,0.009522601093399752,0.04228471115406762,0.6483345635920662,0.0024484564662998753,-0.1700000762939453,0
2024-12-03,238.2875760799829,241.21884512379424,237.38334952948236,241.1095428466797,38861000,6049.8798828125,13.300000190734863,4.2230000495910645,228.1816146850586,227.8142889404297,232.70763167764767,229.7369617492782,2.9706699283694604,1.3909968319460504,1.57967309642341,85.31427232302677,239.43862043254083,216.92460893757638,0.09866707064037036,3.585665277743207,0.012691008490703965,0.008842403500509527,2548543100.0,0.8950381705761585,238.06895446777344,233.43853759765625,231.39161682128906,0.012771881095138049,0.04199774459805128,0.6625767485845336,0.0004514491145146682,-0.039999961853027344,1
2024-12-04,241.32814402991647,242.56027739454964,239.7184333911867,241.46725463867188,44383900,6086.490234375,13.449999809265137,4.179999828338623,229.16560592651368,228.13006896972655,234.05526597934372,230.60587233367775,3.449393645665964,1.8026761946900334,1.6467174509759306,85.00964345366063,241.4617645126605,216.86944734036686,0.10731242619444223,3.5125610235968288,0.0014825074863604628,0.00885429881109232,2592927000.0,1.003436660744092,241.1095428466797,235.82330322265625,233.56773376464844,0.0014836069438348698,0.03382111367310392,0.7405682503352478,0.006051417924264779,0.14999961853027344,2
2024-12-05,242.4410361127995,242.98753231090083,240.59284370740727,241.49705505371094,40033900,6075.10986328125,13.539999961853027,4.179999828338623,230.18731689453125,228.46629669189454,235.20015660616946,231.41262660923576,3.7875299969336993,2.1996469551387667,1.5878830417949326,82.96246404304111,243.03222649013577,217.34240729892673,0.11160397339780355,3.408936888885484,0.00012340628273707047,0.008734186028866872,2632960900.0,0.9202025581575491,241.46725463867188,238.06895446777344,233.43853759765625,0.0001234138976056176,0.034520938740389084,0.7671640958059358,-0.0018697756269248078,0.09000015258789062,3
2024-12-06,241.36788746709487,243.0769692456264,240.5431549096241,241.29832458496094,36870600,6090.27001953125,12.770000457763672,4.151000022888184,230.96286163330078,228.77572052001952,236.1383362952143,232.14490053336354,3.9934357618507477,2.5584047164811627,1.435031045369585,95.83748606221873,244.5413018170795,217.38442144952205,0.11758115644875568,3.3095703247820683,-0.0008232493033495472,0.00785735135942618,2596090300.0,0.8526536882106416,241.49705505371094,241.1095428466797,235.82330322265625,-0.0008229105266140957,0.023216625700198,0.8008746804319484,0.0024954538421815275,-0.7699995040893555,4
2024-12-09,240.29475369946152,245.67041216886827,240.21525975684386,245.1835174560547,44649200,6052.85009765625,14.1899995803833,4.198999881744385,231.94608001708986,229.15748809814454,237.52990262765127,233.11072400911843,4.41917861853284,2.9305594968914983,1.4886191216413414,96.0195322050474,246.6647424645599,217.2274175696198,0.12691451777400659,3.3628011468382732,0.01597295166684451,0.008265315016703413,2640739500.0,1.0250470663442321,241.29832458496094,241.46725463867188,238.06895446777344,0.01610120119058589,0.029884463533628614,0.8159008183340631,-0.006144213927296471,1.419999122619629,0
2024-12-10,245.32261857013248,246.63424582967986,243.7824557106041,246.19703674316406,36914800,6034.91015625,14.180000305175781,4.2210001945495605,233.11560821533203,229.4561019897461,238.8633078761917,234.08008050793663,4.783227368255069,3.3010930711642126,1.4821342970908566,96.16283282145886,248.47952210916972,217.75169432149434,0.13181368687802178,3.3180875643457517,0.004125196716571002,0.007326017136082971,2677654300.0,0.8524638393687554,245.1835174560547,241.49705505371094,241.1095428466797,0.004133717052538177,0.021100342344058554,0.8387501298977869,-0.002963883313944371,-0.009999275207519531,1
2024-12-11,246.38582450957213,249.2077910379196,244.69660488558225,244.92515563964844,45205800,6084.18994140625,13.579999923706055,4.270999908447266,234.22154235839844,229.86406707763672,239.79589983980043,234.88341940658194,4.912480433218491,3.6233705435750685,1.2891098896434223,90.35519181832161,249.64512047069817,218.7979642460987,0.13170076464357888,3.353576177571761,-0.005179501014866014,0.007598241232053943,2632448500.0,1.0381629812399082,246.19703674316406,241.29832458496094,241.46725463867188,-0.005166110528139534,0.014320372367470302,0.8824212403604034,0.008165786048233592,-0.6000003814697266,2
2024-12-12,245.32260415969785,247.1608653940442,244.1202792424049,246.3858184814453,32777500,6051.25,13.920000076293945,4.323999881744385,235.35629272460938,230.2899304199219,240.80973347697656,235.73544896768294,5.074284509293619,3.9135533367187785,1.1607311725748408,92.89485579291701,250.85693627375258,219.85564917546617,0.13172066376215846,3.254921893392973,0.005945998449852517,0.007600599214900031,2665226000.0,0.7666427433121515,244.92515563964844,245.1835174560547,241.49705505371094,0.005963710987473725,0.02024357368104157,0.9053451646620758,-0.005414022527810203,0.3400001525878906,3
2024-12-13,246.24673423955153,247.7073880681415,244.676762972136,246.5547637939453,33155300,6051.08984375,13.8100004196167,4.39900016784668,236.3454734802246,230.7412078857422,241.69358429497174,236.53687969555423,5.156704599417509,4.162183589258524,0.9945210101589845,92.50454502885012,252.06280383667283,220.62814312377637,0.1330030156703071,3.282601061686289,0.0006854591615692313,0.0073561080766075225,2698381300.0,0.786301054411754,246.3858184814453,246.19703674316406,241.29832458496094,0.0006856941423871721,0.021783985520933857,0.8952398649674065,-2.6466639124200775e-05,-0.1099996566772461,4
2024-12-16,246.4156638354876,249.78414212694497,246.07781077104264,249.4462890625,51694800,6074.080078125,14.6899995803833,4.396999835968018,237.63920974731445,231.2278839111328,242.8863081053607,237.49313224125393,5.39317586410678,4.408382044228176,0.9847938198786039,92.47301175012797,253.18809548898625,222.09032400564266,0.13086128133657046,3.298216782857673,0.01165948341781334,0.0061229536193566966,2750076100.0,1.2205204048096647,246.5547637939453,244.92515563964844,245.1835174560547,0.011727720138359432,0.01738604474996719,0.8769857826482892,0.0037993543260221863,0.8799991607666016,0
2024-12-17,248.49236434269267,252.21855739876366,248.19426586582333,251.8707733154297,51356400,6050.60986328125,15.869999885559082,4.385000228881836,238.90412826538085,231.8644891357422,244.26853352229438,238.5581426911929,5.710390831101478,4.668783801602837,1.0416070294986408,92.55995254038112,254.77505560162737,223.03320092913432,0.13286440424015353,3.394031253520118,0.00967253396033983,0.005927306686950733,2801432500.0,1.2029836366594204,249.4462890625,246.3858184814453,246.19703674316406,0.009719464106047404,0.02304551121866072,0.8358027290791495,-0.003863994965801476,1.1800003051757812,1
2024-12-18,250.55918941684527,252.66572594292316,246.16725119368886,246.47528076171875,56774100,5872.16015625,27.6200008392334,4.49399995803833,239.8863540649414,232.31219177246095,244.60803309759044,239.1445973630837,5.4634357345067315,4.8277141881836165,0.635721546323115,74.3504927807197,255.02585264908078,224.74685548080203,0.1262222575615189,3.7247744744902724,-0.02165444410971981,0.00843065553847707,2744658400.0,1.2986147660843794,251.8707733154297,246.5547637939453,244.92515563964844,-0.021421669861448778,0.006328974735249293,0.5063489297675968,-0.02949284635160343,11.750000953674316,2
2024-12-19,245.92875304737495,250.4001849209636,245.52135228225407,248.20420837402344,60882300,5867.080078125,24.09000015258789,4.570000171661377,240.91925430297852,232.71963439941408,245.1612908324263,239.81567966019034,5.345611172235948,4.931293584994083,0.4143175872418654,73.70629836462346,255.3143610129083,226.52414759304872,0.11950150478073951,3.8007183791098993,0.006990120634247171,0.00845031245967108,2805540700.0,1.3528015633066883,246.47528076171875,249.4462890625,246.3858184814453,0.007014608552068813,0.007380253878999321,0.19440857564386266,-0.0008651123249070469,-3.530000686645508,3
2024-12-20,246.4653249902114,253.3811464831127,244.13025293349912,252.8743896484375,147495300,5930.85009765625,18.360000610351562,4.52400016784668,242.20951156616212,233.23040618896485,246.34792141950493,240.78299151117162,5.564929908333312,5.058020849661929,0.5069090586713827,75.94018531281765,255.99048947007347,228.42853366225077,0.11379386230376777,4.203857592475223,0.018641053632708144,0.008879621637388967,2953036000.0,2.9338312452242916,248.20420837402344,251.8707733154297,246.5547637939453,0.01881588271612422,0.025631732915019745,-0.04245059256812353,0.010869123768910471,-5.729999542236328,4
2024-12-23,253.15258832932108,254.02699130961165,251.84096111600803,253.6494140625,40858800,5974.06982421875,16.780000686645508,4.598999977111816,243.4714485168457,233.78625610351563,247.4712279799657,241.73605984830706,5.735168131658639,5.193450306061272,0.5417178255973676,73.86539525963734,256.5357567003302,230.40714033336124,0.10731696273274159,4.086038635281775,0.003060172150662865,0.008893633103893133,2993894800.0,0.8105540972471299,252.8743896484375,246.47528076171875,249.4462890625,0.003064859257357,0.01684981971789079,-0.1999035978768669,0.007287273468533639,-1.5799999237060547,0
2024-12-24,253.86804957710976,256.5707679464462,253.6693071300515,256.56085205078125,23234700,6040.0400390625,14.270000457763672,4.591000080108643,244.72991027832032,234.32589263916014,248.8696316831681,242.83419260404588,6.035439079122227,5.361848060673464,0.6735910184487635,76.18070347800679,257.74364662813144,231.7161739285092,0.10635182544717307,4.091717912466294,0.011412822451557307,0.008829153137183373,3017129500.0,0.49369801801112667,253.6494140625,248.20420837402344,251.8707733154297,0.01147819717637466,0.018620972467805696,-0.23139958030255545,0.01104275925539211,-2.510000228881836,1
2024-12-26,256.5508929178466,258.44877099351584,255.99445048269988,257.3756103515625,27237100,6037.58984375,14.729999542236328,4.578999996185303,245.92030410766603,234.83120422363282,250.178243785998,243.91133465941746,6.266909126580543,5.54286027385488,0.7240488527256632,76.81213416051256,258.9903673854697,232.85024082986232,0.1062951131687078,4.095977334417894,0.0031706603557269688,0.00878262598150919,3044366600.0,0.5905046967899488,256.56085205078125,252.8743896484375,246.47528076171875,0.003175692215973802,0.04422483892160245,-0.21532865288961545,-0.00040565878647391695,0.45999908447265625,3
2024-12-27,256.19316170058187,257.05766400729357,251.45345479939442,253.96739196777344,42355300,5970.83984375,15.949999809265137,4.61899995803833,246.94674682617188,235.309443359375,250.7611896601173,244.65622779336974,6.104961866747573,5.655280592433419,0.4496812743141536,69.3006860358509,259.08035015817967,234.8131434941641,0.09826898704236615,4.338001707001163,-0.013330656095926891,0.009621291592522464,3002011300.0,0.9095372752491976,257.3756103515625,253.6494140625,248.20420837402344,-0.013242196411437757,0.023219524082626952,-0.3251121046117687,-0.011055736101235558,1.2200002670288086,4
2024-12-30,250.6287005424076,251.8906421270002,249.15810064436016,250.59889221191406,35557500,5906.93994140625,17.399999618530273,4.545000076293945,247.68552627563477,235.71296752929686,250.7362208219322,245.09642515770636,5.639795664225829,5.652183606791901,-0.012387942566071786,58.38200964929435,258.7166481201632,236.65440443110637,0.08907360886523924,4.291868772100368,-0.013352258788576578,0.010270942070930711,2966453800.0,0.7578038935871345,253.96739196777344,256.56085205078125,252.8743896484375,-0.013263512806741762,-0.008998528635845604,-0.3647634919501859,-0.010701995701766776,1.4499998092651367,0
2024-12-31,250.83739579916153,251.6720594492945,247.84649497663966,248.83021545410156,39480700,5881.6298828125,17.350000381469727,4.572999954223633,248.22358932495118,236.02454223632813,250.4429892268813,245.37300221669858,5.069987010182729,5.5357442874700675,-0.46575727728733884,53.98257864166577,258.287055888252,238.16012276165037,0.08108388562641124,4.361424083070302,-0.007082823666737158,0.010391346827045768,2926973100.0,0.8492491226409716,250.59889221191406,257.3756103515625,253.6494140625,-0.007057799586427715,-0.018999447036810335,-0.340075996631379,-0.004284800394927402,-0.049999237060546875,1
2025-01-02,247.34966196417784,247.51859606258614,240.28481431614935,242.3019256591797,55740700,5868.5498046875,17.93000030517578,4.574999809265137,248.28320846557617,236.176171875,249.19051790877336,245.14551506428975,4.045002844483605,5.237595998872775,-1.1925931543891704,46.57676959960494,258.18199957701614,238.3844173541362,0.07973790231418262,4.649582296328505,-0.026586223034352634,0.011907314376986656,2871232400.0,1.1776303328749844,248.83021545410156,253.96739196777344,256.56085205078125,-0.02623592067791325,-0.05557717117644778,-0.17665010681702376,-0.0022238866412221947,0.5799999237060547,3
2025-01-03,241.81503295898438,242.62981931594805,240.3543640210219,241.81503295898438,40244100,5942.47021484375,16.1299991607666,4.5960001945495605,248.30059738159179,236.3303707885742,248.05582791649815,244.898812686119,3.1570152303791588,4.821479845174053,-1.6644646147948938,43.8797271824201,258.15007325648736,238.4511215066962,0.07933509607919922,4.594930092277567,-0.0020114679136594873,0.011913857501716781,2830988300.0,0.8539690822115079,242.3019256591797,250.59889221191406,257.3756103515625,-0.0020094462677947567,-0.06045863231299631,-0.053547657084859486,0.01259602672149196,-1.8000011444091797,4
2025-01-06,242.75898865424097,245.75982034447205,241.65603491404494,243.44461059570312,45045600,5975.3798828125,16.040000915527344,4.618000030517578,248.3979751586914,236.61840301513672,247.34640986714504,244.79109401275485,2.5553158543901873,4.368247047017279,-1.812931192627092,45.992275830175224,257.9996263557919,238.79632396159087,0.07730861083683487,4.67158440187911,0.006716337466353868,0.012006208385060129,2876033900.0,0.9507999002881806,241.81503295898438,248.83021545410156,253.96739196777344,0.006738942640489798,-0.041433592283396714,0.034945700753172985,0.005538045085450305,-0.08999824523925781,0
2025-01-07,241.4374487975533,243.9911405526811,239.81780708502322,240.67234802246094,40856000,5909.02978515625,17.81999969482422,4.683000087738037,248.3666763305664,236.85476135253907,246.319631121809,244.48600171717754,1.8336294046314663,3.861323518540117,-2.027694113908651,38.659096189476514,258.0693215062238,238.664031154909,0.07813161829120385,4.704941695575934,-0.011452988073152199,0.012295085384811118,2835177900.0,0.8587559221284771,243.44461059570312,242.3019256591797,250.59889221191406,-0.011387652273174287,-0.039611285196978985,0.22445429914436724,-0.01110391288210788,1.779998779296875,1
2025-01-08,240.38417847646193,242.1628232218062,238.52605495049286,241.1592254638672,37628900,5918.25,17.700000762939453,4.692999839782715,248.16546173095702,237.08418182373046,245.52572255904875,244.23957384656197,1.2861487124867779,3.3462885573294496,-2.0601398448426718,35.42452892869481,258.30321179220874,238.0277116697053,0.08170153888893963,4.677261462602577,0.0020209452178193013,0.011715498828448379,2872806800.0,0.7968040510930859,240.67234802246094,241.81503295898438,248.83021545410156,0.002022988703965334,-0.030828209412732455,0.30628730044940583,0.001560360190925314,-0.11999893188476562,2
2025-01-10,238.48630187104285,238.63535869995312,231.5208099984783,235.34637451171875,61710900,5827.0400390625,19.540000915527344,4.776000022888184,247.62292861938477,237.15784149169923,243.95966901330567,243.5808183402773,0.3788506730283814,2.752800980469236,-2.373950307440855,35.026688784141115,259.2554044304811,235.9904528082884,0.09395313976741107,4.901542942327903,-0.02439903884351732,0.012769645714485233,2811095900.0,1.273319345113618,241.1592254638672,243.44461059570312,242.3019256591797,-0.02410378844503036,-0.02870613235342001,0.4604916032483078,-0.01541164380306681,1.8400001525878906,4
2025-01-13,232.04743903723335,233.18020116738663,228.26162915914,232.9119110107422,49630700,5836.22021484375,19.190000534057617,4.802999973297119,247.02226638793945,237.17745178222657,242.26001393598824,242.79052890845986,-0.5305149724716216,2.0961377898810647,-2.6266527623526863,29.808423035977498,260.35733295624703,233.68719981963184,0.10796651462476148,5.059108136175705,-0.010398045312126373,0.012885368420444866,2761465200.0,1.019407390260432,235.34637451171875,240.67234802246094,241.81503295898438,-0.01034417252455,-0.03681790101838833,0.60635027758796,0.0015754440882007614,-0.35000038146972656,0
2025-01-14,233.2596800887061,234.62097773623856,230.9941559742804,231.79901123046875,39435300,5842.91015625,18.709999084472656,4.788000106811523,246.2929260253906,237.24567291259766,240.65062890436985,241.97634241379387,-1.3257135094240198,1.4117675300200478,-2.7374810394440674,19.287481744098955,261.2691716808039,231.31668036997735,0.12161328298864213,4.6573887227717465,-0.004789652468120201,0.012737124994755078,2722029900.0,0.8044946089479071,232.9119110107422,241.1592254638672,243.44461059570312,-0.0047782003738834344,-0.04783675159921541,0.6785626136859255,0.0011462798112440442,-0.48000144958496094,1
2025-01-15,233.1503884256181,237.4429702030776,232.94171493841435,236.35987854003906,39832000,5949.91015625,16.1200008392334,4.6529998779296875,245.7831817626953,237.48828826904298,239.99051346370356,241.56030805277499,-1.5697945890714209,0.8154551062017542,-2.385249695273175,27.308279699138495,261.4021161237827,230.1642474016079,0.12709522473484422,4.904383635557835,0.01948488731870582,0.013685762738210315,2761861900.0,0.8070908581034094,231.79901123046875,235.34637451171875,240.67234802246094,0.019675956706457276,-0.017918425269276894,0.6720088703771717,0.018312792279639112,-2.589998245239258,2
2025-01-16,235.8431702260379,236.49896863913588,226.58233172867128,226.8108673095703,71759100,5937.33984375,16.600000381469727,4.605999946594238,244.65141067504882,237.59947662353517,237.9628755938369,240.46775688661168,-2.504881292774769,0.15138782640644954,-2.6562691191812187,16.74801318144405,262.30110141310297,227.0017199369947,0.1442843978651472,5.4040467088805775,-0.041239066067670506,0.015828227700451513,2690102800.0,1.425042112846044,236.35987854003906,232.9119110107422,241.1592254638672,-0.04040030520176108,-0.05949744666287582,0.5969120127276653,-0.0021126894641922966,0.4799995422363281,3
2025-01-17,230.6463874145182,230.8153063545454,227.02949646555186,228.5199737548828,68488300,5996.66015625,15.970000267028809,4.609000205993652,243.48387069702147,237.76271392822267,236.51012146476705,239.582735913891,-3.072614449123961,-0.49341262869963254,-2.5792018204243283,18.379806234071467,262.18101986405344,224.78672152998948,0.15358018675740318,5.514769461320516,0.007507132475326584,0.015731445016949303,2758591100.0,1.3373390061815142,226.8108673095703,231.79901123046875,235.34637451171875,0.0075353816401564355,-0.029005761278451447,0.41566864788994945,0.009991058969353706,-0.630000114440918,4
2025-01-21,222.57792910461188,222.99526090225285,217.98726416864307,221.2265625,98070400,6049.240234375,15.0600004196167,4.573999881744385,242.22143478393554,237.75149658203125,234.15880470095675,238.2230193647139,-4.064214663757156,-1.2075730357111372,-2.8566416280460185,16.937597093803888,263.32312059055806,221.119748977313,0.17423466940855575,5.844094749468492,-0.032436272934589734,0.01650290915555158,2660520700.0,1.8407579154191425,228.5199737548828,236.35987854003906,232.9119110107422,-0.03191585897303639,-0.05017067809041009,0.16580445631900312,0.008768227105582893,-0.9099998474121094,1
2025-01-22,218.39466636780546,222.6971793763667,218.39466636780546,222.40902709960938,64126500,6086.3701171875,15.100000381469727,4.598999977111816,240.93167572021486,237.77842041015626,232.35114660844178,237.0516125302617,-4.7004659218199265,-1.906151612932895,-2.7943143088870315,20.218398827726404,263.5895605242083,218.2737909162214,0.18808556190266346,5.807896298407633,0.005330804955920748,0.016441377970257763,2724647200.0,1.1999855163030944,221.2265625,226.8108673095703,231.79901123046875,0.005345038978352257,-0.04050916387008774,-0.007237542478080677,0.006137941522227575,0.039999961853027344,2
2025-01-23,223.3132424800993,225.58869773276695,220.88873040600683,222.24009704589844,60234800,6118.7099609375,15.020000457763672,4.638000011444092,239.39996109008788,237.7074737548828,230.79560052189663,235.95446323512368,-5.158862713227052,-2.5566938329917264,-2.6021688802353253,20.925720028937306,262.7885659908165,216.01135618935928,0.1953935564085352,5.870353645129439,-0.0007598353518101169,0.015487575559206802,2664412400.0,1.227368690879134,222.40902709960938,228.5199737548828,236.35987854003906,-0.0007595467500304265,-0.05973848684199912,-0.1584761694004275,0.00531348622041139,-0.07999992370605469,3
2025-01-24,223.35297985225768,224.19758968028435,220.00437919561992,221.3656768798828,54697900,6101.240234375,14.850000381469727,4.625999927520752,237.78577423095703,237.624404296875,229.3448430385099,234.87381239399474,-5.528969355484833,-3.1511489374903476,-2.377820417994485,23.87803793332958,261.48766844284165,214.08388001907244,0.1993550227177458,5.559482884180312,-0.003942335063843827,0.015339549778996025,2609714500.0,1.0990504502612857,222.24009704589844,221.2265625,226.8108673095703,-0.0039345742628749125,-0.024007625799761456,-0.28193488687708607,-0.002855132319398823,-0.1700000762939453,4
2025-01-27,222.5978054024586,230.67618150163648,222.5580508531902,228.40072631835938,94863400,6012.27978515625,17.899999618530273,4.5279998779296875,236.37776794433594,237.7362893676758,229.1995943123329,234.39432453654027,-5.194730224207376,-3.559865194833754,-1.6348650293736222,35.61381827512443,258.688397659986,214.0671382286859,0.18877096530418136,6.061986407525134,0.031285677190938464,0.01712196458325082,2704577900.0,1.7781410825465755,221.3656768798828,222.40902709960938,228.5199737548828,0.03178021786229279,-0.0005218250053334872,-0.41188486789845563,-0.014580715690809543,3.049999237060547,0
2025-01-28,229.38444497187513,238.66514594376807,229.3446904229109,236.7473907470703,75707600,6067.7001953125,16.40999984741211,4.551000118255615,235.34635696411132,238.01510772705078,230.36079376383097,234.56862573732027,-4.207831973489306,-3.6894585505648645,-0.5183734229244412,43.722056285495974,255.35862165103217,215.33409227719048,0.1700664921698582,6.502031707166675,0.0358920530691136,0.01943295678347917,2780285500.0,1.3574169066785289,228.40072631835938,222.24009704589844,221.2265625,0.03654394871352906,0.07015806814369463,-0.5435611311906355,0.009217869449967608,-1.489999771118164,1
2025-01-29,232.6336842670617,238.33724933385383,232.52438199561368,237.84042358398438,45486100,6039.31005859375,16.559999465942383,4.554999828338623,234.54000854492188,238.29809997558593,231.51150604385458,234.81098113336947,-3.2994750895148854,-3.6114618583548688,0.31198676883998333,47.259076917987485,252.59725361810206,216.4827634717417,0.1539800836983567,6.6191412693511245,0.004606248776426157,0.01940215785309861,2825771600.0,0.813270915830686,236.7473907470703,221.3656768798828,222.40902709960938,0.004616873847964831,0.06938295934123118,-0.5879533659767796,-0.004678895760321544,0.14999961853027344,2
2025-01-30,237.1547951903121,239.26133146080375,235.7040725307193,236.08164978027344,55658300,6071.169921875,15.84000015258789,4.51200008392334,233.81414642333985,238.4843099975586,232.2146050802267,234.90510473684384,-2.690499656617135,-3.4272694180073224,0.7367697613901876,45.20367558118485,250.2474621981459,217.3808306485338,0.14056733543446243,6.6134620306919185,-0.0074222408144265315,0.019285096338839864,2770113300.0,0.9775785013277892,237.84042358398438,228.40072631835938,222.24009704589844,-0.007394764006926291,0.062281977547536505,-0.5509270596422798,0.005275414405311762,-0.7199993133544922,3
2025-01-31,245.62071750771995,245.62071750771995,231.95800933839706,234.5017547607422,100959800,6040.52978515625,16.43000030517578,4.568999767303467,233.09772338867188,238.70291381835938,232.56647426184446,234.8752269608363,-2.3087526989918388,-3.203566074204226,0.894813375212387,49.13281594416734,247.94771794285015,218.2477288344936,0.127414325101898,6.900911509544348,-0.0067146479891791785,0.01928115295421272,2669153500.0,1.6824160181786612,236.08164978027344,236.7473907470703,221.3656768798828,-0.0066921551124439205,0.05934107792143073,-0.5024549889672496,-0.005046825754019935,0.5900001525878906,4
2025-02-03,228.5298949466701,230.35820991583037,224.26712187534005,226.5624542236328,73063300,5994.56982421875,18.6200008392334,4.543000221252441,232.31074981689454,238.70271484375,231.64277887135034,234.25946601733978,-2.616687145989431,-3.086190288561267,0.4695031425718361,44.142981086630584,246.770035395085,217.8514642387041,0.12448227720488302,7.12590347617459,-0.034442427845016575,0.019859067322177744,2596090200.0,1.2002194662993564,234.5017547607422,237.84042358398438,228.40072631835938,-0.03385603892478206,-0.008048451177708915,-0.4539786202695691,-0.007608597684666707,2.190000534057617,0
2025-02-04,225.80729852188347,231.64997406812495,225.21110156992967,231.3220672607422,45067300,6037.8798828125,17.209999084472656,4.513000011444092,231.7861015319824,238.7925408935547,231.59343862356448,234.04188092425846,-2.4484423006939835,-2.958640690987811,0.5101983902938274,49.58777915608211,245.53748761327788,218.03471545068695,0.11865582958086048,7.32676424304867,0.020790327049243183,0.02058181359625247,2641157500.0,0.7374045893954966,226.5624542236328,236.08164978027344,236.7473907470703,0.021007951442878037,-0.022916085660788954,-0.4414196775599202,0.007224881828679752,-1.4100017547607422,1
2025-02-05,227.0791817096477,231.19289841511937,226.82083777153602,230.99417114257812,39620300,6061.47998046875,15.770000457763672,4.421999931335449,231.16357955932617,238.86150024414061,231.50124362648964,233.816124644134,-2.3148810176443533,-2.8298887563191197,0.5150077386747665,44.99631603916012,243.77254536706985,218.55461375158248,0.10909128359909051,7.245140708519906,-0.0014184929963831296,0.020476065978097455,2601537200.0,0.6511693800847056,231.3220672607422,234.5017547607422,237.84042358398438,-0.0014174874107210078,-0.02878506663518765,-0.4583186373710456,0.003908672930614365,-1.4399986267089844,2
2025-02-06,229.8216550685821,232.31573010563136,228.96711414866223,231.73941040039062,29925300,6083.56982421875,15.5,4.440000057220459,230.71693267822266,238.95490356445313,231.53788466862824,233.66229395941227,-2.1244092907840297,-2.688792863212102,0.5643835724280724,55.49891263525663,242.51442236448588,218.91944299195944,0.10226808712576806,6.7759963546988,0.003221032282342159,0.020405866297414924,2631462500.0,0.49628754106043765,230.99417114257812,226.5624542236328,236.08164978027344,0.0032262253810400043,-0.018392955928274057,-0.39769892194367396,0.003644298722618622,-0.2700004577636719,3
2025-02-07,231.1233398047693,232.51444580894437,225.81722939017394,226.1848907470703,39707200,6025.990234375,16.540000915527344,4.486999988555908,229.9682159423828,238.91038787841796,230.71434714223471,233.10841223997954,-2.3940650977448286,-2.6298473101186475,0.2357822123738189,47.60057448736723,240.8396658935854,219.09676599118023,0.09454741305577946,6.968337595684182,-0.024260743875656753,0.02097886935399849,2591755300.0,0.6573797571198743,231.73941040039062,231.3220672607422,234.5017547607422,-0.023968817577137314,-0.035466105667982806,-0.3462452338576131,-0.009464770111542897,1.0400009155273438,4
2025-02-10,228.36338248973718,229.378010419489,226.00582893863492,226.45346069335938,33115600,6066.43994140625,15.8100004196167,4.493000030517578,229.52357025146483,238.81162475585938,230.05882615010006,232.61545286615583,-2.5566267160557743,-2.615203191306073,0.05857647525029863,56.277143537776475,240.19443302180912,218.85270748112055,0.0929827185822645,6.456871302442347,0.0011866867973147088,0.020390305040627103,2624870900.0,0.5615434730041785,226.1848907470703,230.99417114257812,226.5624542236328,0.0011873911886952637,-0.00048107498944138793,-0.28761938593128283,0.006712541085862833,-0.7300004959106445,0
2025-02-11,227.00058728303875,233.99363668198936,226.93096309298542,231.39735412597656,53718400,6068.5,16.020000457763672,4.5370001792907715,229.44784240722657,238.76821716308595,230.26475353100415,232.52522332984626,-2.2604697988421094,-2.5442565128132806,0.28378671397117117,59.89995492526367,240.03865522858771,218.85702958586543,0.0923156453357661,6.688132943875829,0.02159692823516533,0.020938370032621563,2678589300.0,0.9077604593485847,226.45346069335938,231.73941040039062,231.3220672607422,0.021831829893347088,0.00032546339450401085,-0.23454197099592677,0.00033958278885926063,0.21000003814697266,1
2025-02-12,229.98481838871234,235.71455375787428,229.4675472393098,235.62501525878906,45243300,6051.97021484375,15.890000343322754,4.63700008392334,229.63914260864257,238.8119467163086,231.0894091814326,232.754837546805,-1.6654283653724065,-2.368490883325106,0.7030625179526995,63.53255054223135,240.54238023782716,218.73590497945798,0.09495974863280333,6.7986357432904265,0.018105242467474265,0.02130416090070137,2723832600.0,0.7608104259748371,231.39735412597656,226.1848907470703,230.99417114257812,0.01827013601249261,0.02004745008631681,-0.20639989178137227,-0.0027238667143857365,-0.13000011444091797,2
2025-02-13,235.66481592241834,241.06626881430705,234.33186254170715,240.26052856445312,53614100,6115.06982421875,15.100000381469727,4.525000095367432,229.83417510986328,238.90069122314452,232.5003506249742,233.31081465922335,-0.8104640342491507,-2.056885513509915,1.2464214792607642,67.75310613013933,241.36507274164777,218.3032774780788,0.10034101870422522,6.98014972814296,0.01948224729833823,0.021304039164298245,2777446700.0,0.8912458950717589,235.62501525878906,226.45346069335938,231.73941040039062,0.019673264744716645,0.03677025909982268,0.07538551890790035,0.010426292122230674,-0.7899999618530273,3
2025-02-14,239.981993568851,244.25939586817944,239.72336558929686,243.31439208984375,40896200,6114.6298828125,14.770000457763672,4.4720001220703125,230.65935134887695,239.00559997558594,234.16404931187722,234.05182039482486,0.11222891705236293,-1.6230626273974595,1.7352915444498225,65.1455637278298,243.559984904826,217.7587177929279,0.11185875170902196,6.639115846509311,0.012630531458513212,0.018986112956894258,2818342900.0,0.6977301445979622,240.26052856445312,231.39735412597656,226.1848907470703,0.012710633509537939,0.07573229708755558,0.16008632932385,-7.194380749464546e-05,-0.3299999237060547,4
2025-02-18,242.8667637165237,243.89134891584123,240.56890729516905,243.18508911132812,48822500,6129.580078125,15.350000381469727,4.544000148773193,231.39260711669922,239.04711090087892,235.55190158871582,234.72835881826956,0.8235427704462666,-1.1337415478287145,1.957284318274981,57.847583511743444,245.40079294740687,217.38442128599158,0.12107721162969427,6.143260274742417,-0.0005315647253765999,0.018982171472846227,2769520400.0,0.8471728615251298,243.31439208984375,235.62501525878906,226.45346069335938,-0.0005314234698778897,0.07388550551066664,0.27737894072411984,0.0024449877750611915,0.5799999237060547,1
2025-02-19,243.37408953874765,244.71698493563778,241.88197342314302,243.58297729492188,32204200,6144.14990234375,15.270000457763672,4.534999847412109,232.51042785644532,239.0894253540039,236.7874516973629,235.38425648320677,1.403195214156142,-0.6263541954317433,2.029549409587885,57.12088151617877,246.6700831568924,218.35077255599825,0.12179802369285053,5.930556287189175,0.0016348166598046418,0.017055224845556976,2801724600.0,0.5926796493818486,243.18508911132812,240.26052856445312,231.39735412597656,0.0016361537010667337,0.052661030697487066,0.37129672403391506,0.0023769693899173827,-0.07999992370605469,2
2025-02-20,243.65261174603793,245.48293716802547,243.006019001845,244.53793334960938,32316900,6117.52001953125,15.65999984741211,4.5,233.61687316894532,239.15024291992188,237.9798334900162,236.06230662145882,1.9175268685573883,-0.117577982633917,2.0351048511913055,60.69925042251335,247.91073197634074,219.3230143615499,0.12237008922774595,5.853389089767461,0.003912789852764127,0.017055908647033362,2834041500.0,0.6126876618898545,243.58297729492188,243.31439208984375,235.62501525878906,0.00392045480884029,0.0378267056281405,0.47558458626339917,-0.0043341850761716705,0.3899993896484375,3
2025-02-21,244.65730623796546,247.38291051262547,243.93114730126698,244.25941467285156,53197400,6013.1298828125,18.209999084472656,4.420000076293945,234.71783905029298,239.2094647216797,238.94592290276012,236.66949981045087,2.276423092309244,0.3612222323547153,1.915200859954529,62.76621314939239,248.71094664238188,220.72473145820408,0.11923343916855507,5.124035878484291,-0.0011396080933232164,0.017062567143088993,2780844100.0,1.0153288752745888,244.53793334960938,243.18508911132812,240.26052856445312,-0.0011389589866191985,0.016643957841479873,0.47824496597418337,-0.01706412670256352,2.549999237060547,4
2025-02-24,243.64263125957103,247.551982922016,243.1353173033831,245.80123901367188,51326400,5983.25,18.979999542236328,4.39300012588501,235.93961715698242,239.22181915283204,240.00058691982346,237.34592493661538,2.6546619832080864,0.8199101825253896,1.8347518006826968,80.23135202634433,249.27568002332546,222.60355429063938,0.11304640591554314,4.708466788000775,0.006292402446554481,0.016942033431041233,2832170500.0,0.9827808848060954,244.25941467285156,243.58297729492188,243.31439208984375,0.006312241200141067,0.010220714452887192,0.4059916314689572,-0.00496910650440241,0.7700004577636719,0
2025-02-25,246.69650753214344,248.68599549611233,243.62275227067275,245.74154663085938,48013300,5955.25,19.43000030517578,4.297999858856201,236.80665817260743,239.21270935058592,240.88381149075207,237.9678228398927,2.9159886508593615,1.2391258761921842,1.6768627746671774,76.58523383595164,250.3324461314438,223.28087021377107,0.11423486200271842,4.6102075542325105,-0.00024287766944909456,0.015820218896800763,2784157200.0,0.9625149161014711,245.80123901367188,244.53793334960938,243.18508911132812,-0.00024284817705566564,0.01051239419683725,0.14957249732689246,-0.004679730915472358,0.4500007629394531,1
2025-02-26,243.04579925662603,243.6923767743236,237.87313357927937,239.09666442871094,44433600,5956.06005859375,19.100000381469727,4.249000072479248,236.92412185668945,239.09613952636718,240.6088657888996,238.05144073536073,2.5574250535388785,1.502785711661523,1.0546393418773554,62.11630355367152,250.48849179564397,223.35975191773494,0.11450391655062732,4.850720665830642,-0.02741243635010092,0.01535782075085346,2739723600.0,0.919579527716309,245.74154663085938,244.25941467285156,243.58297729492188,-0.027040125258632197,-0.018418006529163478,0.1045053921303116,0.00013602428004699796,-0.3299999237060547,2
2025-02-27,238.15166004001364,241.1856322165831,235.81400561415145,236.05274963378906,41153600,5861.56982421875,21.1299991607666,4.284999847412109,236.8347381591797,238.88947814941406,239.90792484195953,237.90338954265172,2.004535299307804,1.6031356291907795,0.4013996701170246,56.035174422452606,250.39724466585116,223.27223165250822,0.11453139528506102,4.995221426220821,-0.012812628391607893,0.015604259423209789,2698570000.0,0.8555335078898652,239.09666442871094,245.80123901367188,244.53793334960938,-0.012730896109299117,-0.03469884446798388,0.10072046754827031,-0.015864553655509872,2.029998779296875,3
2025-02-28,235.70458076540925,240.8175641664438,228.9900589647863,240.56887817382812,56833400,5954.5,19.6299991607666,4.230999946594238,237.05909957885743,238.7697604370117,240.0096099699393,238.1008331449611,1.9087768249782187,1.6642638683482673,0.24451295662995132,70.72823200199483,250.7172755890173,223.40092356869755,0.11523013488555416,5.361670624998467,0.01895114882838302,0.01608454924979152,2755403400.0,1.1800561879115117,236.05274963378906,245.74154663085938,244.25941467285156,0.019131861615869106,-0.015109085985350212,0.06568004685855515,0.01585414463498891,-1.5,4
2025-03-03,240.51913191748446,242.7473638198223,234.8689935924468,236.77890014648438,47184000,5849.72021484375,22.780000686645508,4.179999828338623,237.17295684814454,238.5164126586914,239.51257768940778,238.00291218211098,1.509665507296802,1.6333441961379744,-0.1236786888411725,63.50860158041663,250.7792374899285,223.56667620636057,0.11473720126106707,5.683541249749999,-0.015879649346846304,0.01644076320340489,2708219400.0,1.0376309449942784,240.56887817382812,239.09666442871094,245.80123901367188,-0.015754232451486216,-0.03670583152221485,0.06425198284334599,-0.0175967394669998,3.1500015258789062,0
2025-03-04,236.46061504010896,238.80821160759587,233.4465266012979,234.68995666503906,53798100,5778.14990234375,23.510000228881836,4.210000038146973,237.57933197021484,238.1727963256836,238.77063599335105,237.75750806973528,1.0131279236157695,1.5093009416335337,-0.49617301801776414,54.655425504648434,250.30850571821307,224.8501582222166,0.10715724842255285,5.527934751011998,-0.008861485211298233,0.014455886317654926,2654421300.0,1.2086865393284656,236.77890014648438,236.05274963378906,245.74154663085938,-0.00882233797079457,-0.044972411532924306,0.08530464854709774,-0.012234826602200433,0.7299995422363281,1
2025-03-05,234.18262069274581,235.30668622205877,228.02515316620742,234.50094604492188,47227600,5842.6298828125,21.93000030517578,4.264999866485596,237.73827590942383,237.93330963134767,238.11376061666965,237.51628125308244,0.5974793635872118,1.3269366260242694,-0.7294572624370577,48.205761962358196,250.21536388109885,225.26118793774882,0.10496490667265274,5.601829503675345,-0.0008056875325157249,0.01374904170876448,2607193700.0,1.0584978070298314,234.68995666503906,240.56887817382812,239.09666442871094,-0.0008053630534644585,-0.019221173138361913,0.13541571282600318,0.011159277893187936,-1.5799999237060547,2
2025-03-06,233.20778757123546,236.60981025581015,231.93451645578955,234.09310913085938,45170400,5738.52001953125,24.8700008392334,4.285999774932861,237.8932228088379,237.65108764648437,237.49519884962191,237.26271294773258,0.2324859018893335,1.1080464811972823,-0.8755605793079488,38.61962865438459,250.09152563389432,225.69491998378146,0.10255275607290865,5.454750041348253,-0.0017406837006826556,0.013751821361061654,2562023300.0,1.0061326325883184,234.50094604492188,236.77890014648438,236.05274963378906,-0.001739169589466738,-0.008301705893999811,0.2195282028356192,-0.017819007085749905,2.940000534057617,3
2025-03-07,233.8742532807345,240.10134501237943,233.5260868229449,237.81344604492188,46273600,5770.2001953125,23.3700008392334,4.316999912261963,238.19692459106446,237.34986877441406,237.54415995659116,237.30350799196884,0.24065196462231597,0.9345675778822891,-0.6939156132599731,40.09310301238259,250.04762364065732,226.3462255414716,0.09950337578823149,5.600409177816248,0.015767587676556262,0.014154765005935176,2608296900.0,1.0122747634180504,234.09310913085938,234.68995666503906,240.56887817382812,0.015892552018619277,-0.01145381792450828,0.2587914574571397,0.00552061780274804,-1.5,4
2025-03-10,234.30201287196223,234.9187645202326,223.04151782981955,226.2843780517578,72071200,5614.56005859375,27.860000610351562,4.2129998207092285,238.20189895629883,236.8025680541992,235.811885817386,236.4872761445458,-0.6753903271597892,0.6125759968738734,-1.2879663240336625,28.422592666909537,250.0314327899294,226.37236512266827,0.09932358965619197,6.418229648846973,-0.04969400793345278,0.017352630298171776,2536225700.0,1.5227160220989806,237.81344604492188,234.50094604492188,236.77890014648438,-0.048479462305029974,-0.04432203244560251,0.5072105301610004,-0.0269730913054258,4.489999771118164,0
2025-03-11,222.63366659789358,224.65299583409444,216.3070937419303,219.6792755126953,76137400,5572.06982421875,26.920000076293945,4.288000106811523,237.86318969726562,236.0649365234375,233.3299457705105,235.242239060705,-1.9122932901944978,0.1076021394601992,-2.019895429654697,23.657042269389635,251.37709819961694,224.3492811949143,0.11362757322434631,6.928391991513599,-0.029623874134185827,0.018568816318442195,2460088300.0,1.5386956572702113,226.2843780517578,234.09310913085938,234.68995666503906,-0.029189388131564797,-0.0639596230092101,0.7645859884312518,-0.007567865323653167,-0.9400005340576172,1
2025-03-12,218.9829331071368,220.58447147788527,213.7804264853068,215.83953857421875,62547500,5599.2998046875,24.229999542236328,4.317999839782715,237.08529891967774,235.23421508789062,230.63911389415793,233.80500198763195,-3.165888093474024,-0.5470959071266455,-2.6187921863473784,20.263796476009972,253.61981835925755,220.55077948009793,0.13948160864399736,7.237472479113456,-0.01763338945000845,0.018063674551345627,2397540800.0,1.2528735367409585,219.6792755126953,237.81344604492188,234.50094604492188,-0.017478831034539954,-0.07957924172778508,0.8550564632117973,0.004886869929446425,-2.690000534057617,2
2025-03-13,214.81499183969214,215.7003135082564,207.3245697550128,208.57794189453125,61368300,5521.52001953125,24.65999984741211,4.27400016784668,235.73294525146486,234.32642608642578,227.24508743267688,231.9363308696245,-4.691243436947616,-1.3759254130908396,-3.3153180238567765,17.702090091354307,256.6214404456852,214.8444500572445,0.17722168763418147,7.599130022531132,-0.03422246122219792,0.018555594045535813,2336172500.0,1.209716597753752,215.83953857421875,226.2843780517578,234.09310913085938,-0.03364349612520379,-0.10899580654492913,0.8883881204039863,-0.013890984206835322,0.43000030517578125,3
2025-03-14,210.13968770979585,212.82549370042787,208.47846691122496,212.367919921875,60107600,5638.93994140625,21.770000457763672,4.308000087738037,234.33831481933595,233.561806640625,224.95629243101504,230.486818947569,-5.530526516553948,-2.2068456337834617,-3.3236808827704865,20.920572615288563,257.5494254377991,211.1272042008728,0.19809915110431545,7.5941558204289885,0.01800744839038345,0.01845123127107344,2396280100.0,1.177330113745873,208.57794189453125,219.6792755126953,237.81344604492188,0.018170560093359045,-0.10699784451313288,0.8930088054385893,0.021265869083087807,-2.8899993896484375,4
2025-03-17,212.18885305172668,214.08881784956162,208.86641153353526,212.87522888183594,48073400,5675.1201171875,20.510000228881836,4.306000232696533,232.81635665893555,232.8427069091797,223.09766726960288,229.18225672047765,-6.084589450874773,-2.982394397201724,-3.102195053673049,21.634602848593445,257.49473555575526,208.1379777621158,0.21199866925992944,7.605524612613759,0.0023859723645550837,0.018039436603114637,2444353500.0,0.9350433022607892,212.367919921875,215.83953857421875,226.2843780517578,0.0023888210618043804,-0.05925795357757668,0.885300564736948,0.006416130719105961,-1.260000228881836,0
2025-03-18,213.03437263106773,214.01915944879542,210.37840804794794,211.5720977783203,42432400,5614.66015625,21.700000762939453,4.281000137329102,231.23570709228517,232.2281103515625,221.32450273248247,227.87780050254005,-6.553297770057583,-3.6965750717728962,-2.8567226982846865,23.832018926071925,257.13712014171875,205.33429404285155,0.22402606738496886,7.303548780418579,-0.006140385937835019,0.01798228974048961,2401921100.0,0.8304850429648459,212.87522888183594,208.57794189453125,219.6792755126953,-0.006121572295473499,-0.03690460884602875,0.893429219940799,-0.010653512117636543,1.1900005340576172,1
2025-03-19,213.0940452987452,217.61017604964766,212.62651443867486,214.1086883544922,54385400,5675.2900390625,19.899999618530273,4.25600004196167,229.76199264526366,231.67398345947265,220.2143774435609,226.85786626935135,-6.643488825790456,-4.285957822576409,-2.3575310032140475,28.93427307344585,256.05643149800693,203.4675537925204,0.2288841470254833,7.351152471053987,0.011917947358570942,0.018383587716054767,2456306500.0,1.041814508192364,211.5720977783203,212.367919921875,215.83953857421875,0.011989249068323105,-0.008019152705570631,0.9003756078471046,0.010798495567894584,-1.8000011444091797,2
2025-03-20,212.86527847830126,216.3468825511506,211.10457731145533,212.97470092773438,48862900,5662.89013671875,19.799999237060547,4.232999801635742,228.18383102416993,231.06458526611328,219.10058105651063,225.82948365145378,-6.7289025949431505,-4.774546777049757,-1.9543558178933935,21.670738592394073,254.53294886308674,201.83471318525312,0.23094640598023644,6.880781045199543,-0.005310391928647177,0.01822498527993464,2407443600.0,0.9214221229071349,214.1086883544922,212.87522888183594,208.57794189453125,-0.005296316723403138,0.021079693246883968,0.9054797052595083,-0.0021848931523151816,-0.10000038146972656,3
2025-03-21,210.4480334492585,217.68976839110027,210.16950634984832,217.12277221679688,94127800,5667.56005859375,19.280000686645508,4.251999855041504,226.82699890136718,230.59359375,218.79630277347775,225.18454206370143,-6.38823929022368,-5.097285279684542,-1.2909540105391386,29.96754210103002,252.4761040086798,201.17789379405454,0.2261556625229241,6.85520188904786,0.01928958046898615,0.019116125296718862,2501571400.0,1.709040687938998,212.97470092773438,211.5720977783203,212.367919921875,0.019476826454002172,0.0223896918925941,0.9000176543823255,0.0008246534476661349,-0.5199985504150391,4
2025-03-24,219.83843988574125,220.31591279023903,217.43116105321957,219.56985473632812,44299500,5767.56982421875,17.479999542236328,4.330999851226807,225.5154296875,230.16180633544923,218.91531076776243,224.7686392987108,-5.8533285309483745,-5.248493929937308,-0.6048346010110661,34.702086909213634,249.72136151103123,201.30949786396874,0.21467206795627028,6.700305858129588,0.011207462561574549,0.019311555437985822,2545870900.0,0.809492179541179,217.12277221679688,214.1086883544922,212.87522888183594,0.011270501451998038,0.031448590282941113,0.8715040170928346,0.017646000146633645,-1.8000011444091797,0
2025-03-25,219.60965673355645,222.92215637067883,218.9232808837126,222.57398986816406,34493600,5776.64990234375,17.149999618530273,4.307000160217285,224.35705184936523,229.9063586425781,219.4781844755165,224.60607267422589,-5.127888198709371,-5.224372783691722,0.0964845849823508,38.58314065327667,246.62751078469054,202.08659291403993,0.19852693509520564,6.465830317494936,0.013589158362350683,0.019757644336299337,2580364500.0,0.6381905033879864,219.56985473632812,212.97470092773438,211.5720977783203,0.013681910640436001,0.052000675917914574,0.8403160244283283,0.0015743334544251475,-0.3299999237060547,1
2025-03-26,222.3352199198642,223.83729303324841,219.31120492080973,220.36563110351562,34466100,5712.2001953125,18.329999923706055,4.3379998207092285,223.42050018310547,229.6554330444336,219.6147147259779,224.2919658912103,-4.677251165232406,-5.114948459999859,0.4376972947674531,37.29748413251538,244.6312524254658,202.20974794074516,0.18987292773023898,6.455172768381942,-0.00997145867359556,0.019087618656910887,2545898400.0,0.6436163567640305,222.57398986816406,217.12277221679688,214.1086883544922,-0.009921908512115496,0.029223208068343443,0.8224207956966701,-0.011156934922627149,1.1800003051757812,2
2025-03-27,220.22636977863218,223.80745418869535,219.40073045135125,222.67344665527344,37094800,5693.31005859375,18.690000534057617,4.36899995803833,222.75153503417968,229.4729217529297,220.08528886894646,224.17207557743723,-4.086786708490763,-4.9093161096980396,0.8225294012072766,35.614372419448515,243.11166183629683,202.39140823206253,0.18280571488760364,6.300277450375483,0.010418207068331341,0.01923444720368474,2582993200.0,0.6953395410303153,220.36563110351562,219.56985473632812,212.97470092773438,0.010472665543175053,0.045539426444974884,0.8055847399010068,-0.003306980860763864,0.3600006103515625,3
2025-03-28,220.504904155295,222.6336557419088,216.5358700680628,216.7547149658203,39818600,5580.93994140625,21.649999618530273,4.255000114440918,221.5608268737793,229.0808184814453,219.57289288385016,223.6226414580582,-4.049748574208053,-4.737402602600042,0.6876540283919894,39.864567922792745,240.25047242843306,202.87118131912553,0.16870893486330096,5.6835380483832205,-0.02693996501737922,0.019225615172367663,2543174600.0,0.758492721775964,222.67344665527344,222.57398986816406,217.12277221679688,-0.026580320996315576,-0.001695157293814642,0.7596694786990006,-0.01973722070834405,2.9599990844726562,4
2025-03-31,215.86937928840504,224.4341253115235,215.09348022110552,220.9624786376953,65299300,5611.85009765625,22.280000686645508,4.245999813079834,220.77000579833984,228.9638507080078,219.78667530751864,223.42559236025355,-3.638917052734911,-4.517705492627016,0.8787884398921051,51.4381078047309,238.0323703925072,203.50764120417247,0.15638324175192078,5.638063818425396,0.019226538745356993,0.01979458029746402,2608473900.0,1.2227697905211854,216.7547149658203,220.36563110351562,219.56985473632812,0.019412558903452393,0.006342509553688647,0.7018160832783638,0.005538521570653376,0.6300010681152344,0
2025-04-01,218.65466729819107,222.5043215641154,217.74944665223015,222.01690673828125,36412700,5633.06982421875,21.770000457763672,4.156000137329102,220.13635330200196,228.8337893676758,220.12978783532827,223.32124527714447,-3.1914574418161976,-4.252455882464853,1.060998440648655,57.38407706697251,236.13114369838272,204.1415629056212,0.14531711965299726,5.491694526947309,0.004760628267686374,0.019833142520969058,2644886600.0,0.6931328872878366,220.9624786376953,222.67344665527344,222.57398986816406,0.004771978062007687,-0.002502912088752085,0.6586639595944125,0.0037812354559083605,-0.5100002288818359,1
2025-04-02,220.15674221426906,224.0063965120705,219.85831598824518,222.71322631835938,35905900,5670.97021484375,21.510000228881836,4.196000099182129,219.54696731567384,228.86352264404297,220.52723990964074,223.276206835753,-2.748966926112246,-3.9517580911943315,1.2027911650820857,70.04225799444579,234.11845715908936,204.97547747225832,0.13274143589024412,5.17977393442012,0.003131427791015978,0.01987322265121571,2680792500.0,0.6909309717511471,222.01690673828125,216.7547149658203,220.36563110351562,0.00313633583274342,0.01065318218221134,0.5692654266101903,0.006728194715792668,-0.26000022888183594,2
2025-04-03,204.45969456936825,206.39945769712665,200.19224908119847,202.12205505371094,103419000,5396.52001953125,30.020000457763672,4.054999828338623,217.94841461181642,228.457783203125,217.69567300872845,221.7092326296758,-4.013559620947348,-3.9641183971449347,-0.04944122380241289,40.16048650034802,232.81263808833205,203.08419113530078,0.13640129938994974,6.477913252131406,-0.0970132153771356,0.028989363723734445,2577373500.0,1.8844621477646166,222.71322631835938,220.9624786376953,222.67344665527344,-0.09245598748236983,-0.09229385860891914,0.6695935768259766,-0.04839563335990149,8.510000228881836,3
2025-04-04,192.87092693410324,198.82944937179326,186.35535024633944,187.389892578125,125910900,5074.080078125,45.310001373291016,3.984999895095825,215.42723693847657,227.76077911376953,213.03324525017405,219.16705929252387,-6.133814042349826,-4.398057526185913,-1.7357565161639128,30.777317283423457,232.9685654049024,197.88590847205074,0.16285153832646906,7.231077430084629,-0.07568031453071174,0.03218789529404038,2451462600.0,2.1390966946851617,202.12205505371094,222.01690673828125,216.7547149658203,-0.07288745640188099,-0.13547489563180115,0.8543904340198157,-0.05974960534553109,15.290000915527344,4
2025-04-07,176.26862197387908,193.12952861035487,173.70218080411468,180.50624084472656,160466300,5062.25,46.97999954223633,4.15500020980835,213.138330078125,226.94359039306642,208.02909072625903,216.3032949630574,-8.274204236798369,-5.173286868308405,-3.100917368489964,28.387546734775768,235.88815035948414,190.38850979676585,0.21347469761089236,8.358691459041252,-0.03742608084216728,0.031540435324901014,2290996300.0,2.53575493742481,187.389892578125,222.71322631835938,220.9624786376953,-0.03673438112745897,-0.18309098468841611,0.9350284282739357,-0.0023314724921273955,1.6699981689453125,0
2025-04-08,185.71869040589692,189.33955773730443,168.32062862424334,171.5137481689453,120859500,4982.77001953125,52.33000183105469,4.26200008392334,210.7300537109375,225.80585083007813,202.41134571744155,212.98555075608613,-10.574205038644578,-6.25347050237564,-4.320734536268938,22.80925445103857,239.86570372828362,181.5944036935914,0.27652107048111935,9.428752233450805,-0.051101924848845036,0.03254671729566921,2170136800.0,1.8446882382322607,180.50624084472656,202.12205505371094,222.01690673828125,-0.049818181541527395,-0.22747438161937028,0.9616272693266671,-0.015700524562941354,5.350002288818359,1
2025-04-09,171.04621878540135,199.55558397169528,170.9865365771085,197.80484008789062,184395900,5456.89990234375,33.619998931884766,4.400000095367432,209.82831878662108,225.02699981689454,201.70265254366447,211.86105366955312,-10.158401125888645,-7.0344566270782405,-3.1239444988104044,42.67038048446743,239.41103343498767,180.2456041382545,0.28197065886468725,11.09494810165734,0.14261746085092247,0.047482720641978046,2354532700.0,2.5750022744729977,171.5137481689453,187.389892578125,222.71322631835938,0.1532885392548704,-0.11184062411660833,0.9572820976600204,0.09515387644904849,-18.710002899169922,2
2025-04-10,188.0762635840202,193.7562435722064,182.0381599544528,189.41915893554688,121880000,5268.0498046875,40.720001220703125,4.394000053405762,208.87037963867186,224.05857452392578,199.81288429626176,210.19869109666377,-10.385806800402008,-7.704726661742994,-2.6810801386590146,37.14102053431953,239.83221758755985,177.90854168978387,0.29646939889178503,11.683977965384903,-0.04331855691558728,0.04782610088897389,2232652700.0,1.6330013111708919,197.80484008789062,180.50624084472656,202.12205505371094,-0.04239371063224606,-0.06284764972723267,0.9595499996884276,-0.03460757958472693,7.100002288818359,3
2025-04-11,185.12186726950821,198.49121408156802,185.0820690088969,197.1085205078125,87435900,5363.35986328125,37.560001373291016,4.493000030517578,208.10740966796874,223.27911193847658,199.396828328808,209.22904883082293,-9.832220502014934,-8.130225429797383,-1.7019950722175512,40.05811577065668,239.45599067247142,176.75882866346606,0.3012730883010722,12.413692572472687,0.03979211101040739,0.04861486352412367,2320088600.0,1.150442169314108,189.41915893554688,171.5137481689453,187.389892578125,0.040594423581418404,0.05186313837943901,0.9613881462476442,0.018092095201708958,-3.1599998474121094,4
2025-04-14,210.32868138530173,211.8207974391945,200.10271391024364,201.45556640625,101352900,5405.97021484375,30.889999389648438,4.363999843597412,207.53642654418945,222.61818817138672,199.71355726379906,208.6532353178916,-8.939678054092553,-8.292115954656417,-0.6475620994361364,40.76233556792183,238.93531608673922,176.13753700163969,0.30258678021387436,13.1789355327881,0.02181440036785725,0.04893651407617975,2421441500.0,1.288395731979152,197.1085205078125,197.80484008789062,180.50624084472656,0.022054074005721125,0.11605873272572476,0.9644040806531079,0.007944712390868913,-6.670001983642578,0
2025-04-15,200.7990180691496,202.44033954558066,198.74984792281177,201.07754516601562,51343900,5396.6298828125,30.1200008392334,4.322999954223633,207.0116989135742,222.10848999023438,199.92340155644777,208.0920730844193,-8.168671527971526,-8.267427069319439,0.09875554134791287,41.425668241713375,238.47731082318825,175.54608700396017,0.30399839308357823,13.119250069240257,-0.0018782124525660647,0.04893028409418249,2370097600.0,0.6490064124016286,201.45556640625,189.41915893554688,171.5137481689453,-0.001876449715328632,0.17236983806073214,0.96550777293715,-0.0017277808903947145,-0.7699985504150391,1
2025-04-16,197.31743142832593,199.64512887500646,191.35890907242805,193.24893188476562,59732400,5275.7001953125,32.63999938964844,4.2789998054504395,205.96871109008788,221.34702728271483,198.89656006849668,206.9925811437042,-8.096021075207517,-8.233145870497054,0.13712479528953736,37.531619272726665,237.8242815562322,174.11314062394356,0.30932436579856176,13.498672380400507,-0.03971147016854836,0.04948593590881255,2310365200.0,0.7524972475366406,201.07754516601562,197.1085205078125,197.80484008789062,-0.038933304436288285,-0.023032339355804843,0.9684892701261791,-0.0224083715440897,2.519998550415039,2
2025-04-17,196.16351652823,197.78495412822454,193.39812938355274,195.94467163085938,52164700,5282.7001953125,29.649999618530273,4.333000183105469,205.11720962524413,220.64603729248046,198.44242338578326,206.17421747608606,-7.731794090302799,-8.132875514458204,0.4010814241554055,40.934303083610715,237.09446761232616,173.1399516381621,0.31179497854427257,13.384275641561098,0.013853171446309107,0.049667357998436405,2362529900.0,0.6557969153795853,193.24893188476562,201.45556640625,189.41915893554688,0.013949571259215032,0.034450119681572966,0.9712644696579982,0.0013268380955802073,-2.989999771118164,3
2025-04-21,192.25416731460396,192.78138039340035,188.81234657174457,192.14474487304688,46742500,5158.2001953125,33.81999969482422,4.40500020980835,203.86830825805663,219.8541439819336,197.4735497684392,205.13499728326835,-7.661447514829149,-8.038589914532393,0.3771423997032439,37.401059976616644,235.82237101227327,171.91424550384,0.3134774897309607,13.226538496468013,-0.019583364231764565,0.04946129603230211,2315787400.0,0.6056711316866455,195.94467163085938,201.07754516601562,197.1085205078125,-0.019392855780080542,-0.02518295820991101,0.9682344187214589,-0.023567493023827546,4.170000076293945,0
2025-04-22,195.0892017003565,200.53045296496776,194.93999616163734,198.690185546875,52976400,5287.759765625,30.56999969482422,4.388999938964844,202.82432479858397,219.3042498779297,197.66072450358317,204.65760382131327,-6.996879317730105,-7.830247795171936,0.8333684774418311,40.2689139177561,233.97259995436667,171.67604964280127,0.3071453602689391,13.485883723613416,0.033497787465208734,0.05011883083792675,2368763800.0,0.6826102247864009,192.14474487304688,193.24893188476562,201.45556640625,0.0340651558186138,-0.013727001485768886,0.9692923579973802,0.025117204723895226,-3.25,1
2025-04-23,204.91724784553512,206.90673568869565,201.7340703321958,203.5246124267578,52929200,5375.85986328125,28.450000762939453,4.38700008392334,201.87185592651366,218.84567291259765,198.56286110714848,204.57367853282767,-6.010817425679193,-7.466361721273388,1.455544295594195,42.26233290775123,231.61043147008382,172.1332803829435,0.29462824728173836,13.776488696327368,0.02404018813969398,0.05037662450461472,2421693000.0,0.6739967843003873,198.690185546875,195.94467163085938,201.07754516601562,0.024331483040173962,0.012169768925325952,0.9682535512069494,0.01666113847096007,-2.1199989318847656,2
2025-04-24,203.81309077731203,207.73238443559362,201.87334307751462,207.27479553222656,47311000,5484.77001953125,26.469999313354492,4.304999828338623,201.21731414794922,218.36322174072265,199.90315871100665,204.7737612735239,-4.8706025625172344,-6.947209889522157,2.076607327004923,52.404365779728224,229.79563568995118,172.63899260594727,0.2840542988362239,12.58635041925009,0.018258484389928813,0.050609421928937484,2469004000.0,0.5975679209180854,203.5246124267578,192.14474487304688,193.24893188476562,0.01842618964238696,0.07257925573334889,0.9668883669360336,0.020259113708281262,-1.980001449584961,3
2025-04-25,205.28531450927932,208.6475540878433,205.1162098506388,208.18002319335938,38222300,5525.2099609375,24.84000015258789,4.265999794006348,200.4926429748535,217.81432189941407,201.17652247752244,205.02607697128948,-3.8495544937670445,-6.327678810371135,2.4781243166040907,61.13833720933275,227.47034497268328,173.51494097702374,0.2691141340404536,11.71239609280959,0.004357773952154758,0.05054256005244554,2507226300.0,0.48242836442455106,207.27479553222656,198.690185546875,195.94467163085938,0.004367282856598376,0.062442889927367906,0.9612845913781687,0.007373133469998461,-1.6299991607666016,4
2025-04-28,208.89625889548412,210.38837503045187,206.36961558551846,209.0355224609375,38743100,5528.75,25.149999618530273,4.216000080108643,200.10668334960937,217.18982177734375,202.38559939804784,205.32307293348563,-2.937473535437789,-5.649637755384466,2.7121642199466773,66.34002836112845,226.31467502742285,173.8986916717959,0.2619401934919396,10.611782638430535,0.004100999953070603,0.05025631773993056,2545969400.0,0.48933384308897776,208.18002319335938,203.5246124267578,192.14474487304688,0.004109420560413302,0.08790652900265705,0.9588673091882646,0.0006407067039131409,0.3099994659423828,0
2025-04-29,207.59312493762445,211.12446912484504,207.27479957627347,210.09988403320312,36827600,5560.830078125,24.170000076293945,4.172999858856201,199.56355361938478,216.52553161621094,203.57241241884097,205.67691079272396,-2.10449837388299,-4.940609879084171,2.836111505201181,74.30756841168918,224.36414570358426,174.7629615351853,0.2485483108954866,9.38540695525271,0.0050788544402886595,0.05004370539071637,2582797000.0,0.47365710328423444,209.0355224609375,207.27479553222656,198.690185546875,0.005091773683894019,0.057424570090989,0.957281705266745,0.005802410694099036,-0.9799995422363281,1
2025-04-30,208.19993964532281,212.45744310704663,205.58375784941018,211.38311767578125,52286500,5569.06005859375,24.700000762939453,4.177000045776367,199.03186416625977,215.8894921875,204.77405938144716,206.09959278406154,-1.3255334026143828,-4.217594583790214,2.8920611811758308,62.488583154771156,222.208416070979,175.85531226154052,0.2328928787539154,7.83573823118483,0.006089154733784381,0.050054759273337336,2635083500.0,0.665685958656085,210.09988403320312,208.18002319335938,203.5246124267578,0.006107731322571031,0.038612063451792356,0.957640908657659,0.00147999135976562,0.5300006866455078,2
2025-05-01,207.98108655162656,213.43227966302132,207.80202473083082,212.1988067626953,57365700,5604.14013671875,24.600000381469727,4.230999946594238,198.50614318847656,215.26180877685547,205.91632820933148,206.55138641210849,-0.6350582027770031,-3.501087307587572,2.866029104810569,74.34099075494088,219.8233389379031,177.18894743905003,0.21477618180497712,7.111707859667163,0.003851392366518024,0.050059246340576374,2692449200.0,0.7205091142066172,211.38311767578125,209.0355224609375,207.27479553222656,0.00385881850870029,0.02375595748544912,0.9565009552200049,0.006299102138585644,-0.10000038146972656,3
2025-05-02,205.0067917796952,205.9020705063368,201.09745506032002,204.27069091796875,101010600,5686.669921875,22.68000030517578,4.322000026702881,198.61357498168945,214.45646392822266,205.6631532414295,206.3824460051352,-0.7192927637056812,-2.944728398811194,2.2254356351055127,57.61422307931393,220.02893014443777,177.19821981894114,0.21564845368422206,6.9468654760746045,-0.03807757245772203,0.04574662633035652,2591438600.0,1.270607707515164,212.1988067626953,210.09988403320312,208.18002319335938,-0.037361736221225184,-0.018778613891111018,0.9231295123054252,0.01472657412963474,-1.9200000762939453,4
2025-05-05,202.03252954096354,203.0272736250085,197.1682315771274,197.8446502685547,69018500,5650.3798828125,23.639999389648438,4.3429999351501465,199.13631286621094,213.52816864013673,204.46030663021799,205.7500166913144,-1.2897100610964287,-2.613724731268241,1.3240146701718123,46.32368362100813,219.89856568559802,178.37406004682387,0.20852302144748577,6.403307076750273,-0.03196390239753881,0.04286743361880134,2522420100.0,0.9003989328827501,204.27069091796875,211.38311767578125,209.0355224609375,-0.031458456524213974,-0.05353574388044047,0.8663265853620304,-0.006381597588933863,0.9599990844726562,0
2025-05-06,197.1682179665783,199.59538061408486,195.98447015970467,197.4666290283203,51216500,5606.91015625,24.760000228881836,4.308000087738037,199.9843322753906,212.5614764404297,203.38435622992603,205.1364324199815,-1.752076190055476,-2.441395023025688,0.689318832970212,46.32368362100813,218.84065020235218,181.12801434842905,0.18857795220672854,6.397622707579651,-0.0019125250163992628,0.04184042396036833,2471203600.0,0.7194262794375478,197.8446502685547,212.1988067626953,210.09988403320312,-0.001910697305796516,-0.06012975715344193,0.7967266042380586,-0.007693239651855532,1.1200008392333984,1
2025-05-07,198.1231564563361,198.39174158064424,192.23427392267118,195.218505859375,68536700,5631.27978515625,23.549999237060547,4.275000095367432,201.1695701599121,211.551015625,202.1280715575336,204.40177119326992,-2.2736996357363353,-2.4078559455678175,0.1341563098314822,52.262316389884404,214.7261309144142,187.61300940541,0.13477744913135548,6.143253533607186,-0.011450129026667304,0.03996498202135334,2402666900.0,0.9994470986093031,197.4666290283203,204.27069091796875,211.38311767578125,-0.01138482578047606,-0.07647068504874399,0.5758531595412819,0.00434635623313584,-1.210000991821289,2
2025-05-08,196.6807674405125,198.99852257626176,193.65673744886013,196.4519805908203,50478900,5663.93994140625,22.479999542236328,4.373000144958496,201.1019271850586,210.69812194824217,201.25482679342383,203.8128978153107,-2.5580710218868603,-2.437898960831626,-0.12017206105523437,50.60296639079448,214.74241910413855,187.46143526597865,0.13565749577852285,6.20080802531738,0.0062985537688413935,0.02393226853423615,2453145800.0,0.8157709676332422,195.218505859375,197.8446502685547,212.1988067626953,0.0063184313700968,-0.07420789217483625,0.5002549856821866,0.005799775094835535,-1.0699996948242188,3
2025-05-09,197.95405738682032,199.48595647897335,196.50172445806652,197.4865264892578,36453900,5659.91015625,21.899999618530273,4.375,201.50529556274415,209.92679748535156,200.6750882850906,203.34427771708457,-2.6691894319939706,-2.484157055064095,-0.18503237692987584,56.795747676087586,214.13049401897166,188.88009710651664,0.125308850280774,5.908068798820111,0.005252333844895499,0.021702270871011835,2489599700.0,0.6327982521708126,196.4519805908203,197.4666290283203,204.27069091796875,0.005266151531413188,-0.03321163892002177,0.37741997038974584,-0.0007114809122162891,-0.5799999237060547,4
2025-05-12,210.13634313336473,210.435160708662,205.93301745006437,209.95704650878906,63775800,5844.18994140625,18.389999389648438,4.456999778747559,202.14772186279296,209.3145608520508,202.10308185796728,203.83411244239602,-1.731030584428737,-2.3335317609370234,0.6025011765082864,62.45577385091297,215.13334552032305,189.16209820526288,0.12847657681093264,6.233992093640347,0.06123260765537327,0.024063943290421195,2553375500.0,1.1302865043180301,197.4865264892578,195.218505859375,197.8446502685547,0.0631461813685279,0.061221752641746896,0.4346059457342051,0.032558782749008364,-3.510000228881836,0
2025-05-13,209.59847136477597,212.55673652410627,208.17412935394688,212.08859252929688,51909300,5886.5498046875,18.219999313354492,4.499000072479248,202.67937316894532,208.82075469970704,203.63931426894106,204.44555541179608,-0.8062411428550149,-2.0280736373206216,1.2218324944656067,60.06944656249563,216.39578110471209,188.96296523317855,0.13535080281044015,5.960139024235971,0.010101107307854204,0.023726141402045514,2605284800.0,0.9621336635016781,209.95704650878906,196.4519805908203,197.4666290283203,0.010152295700247338,0.07404776985826556,0.5117201458308653,0.0072482009835321826,-0.1700000762939453,1
2025-05-14,211.5905625216416,213.09460539099953,209.7478820292828,211.490966796875,49325800,5892.580078125,18.6200008392334,4.5279998779296875,203.20004425048828,208.35677490234374,204.84726081170012,204.96743773661674,-0.12017692491662046,-1.6464942948398216,1.526317369923201,55.35427288070891,217.4409832603801,188.95910524059644,0.14016669201446408,5.780687738781523,-0.0028217892757707217,0.023736391709166603,2555959000.0,0.9159618408965269,212.08859252929688,197.4865264892578,195.218505859375,-0.0028178117705190964,0.08335511464892487,0.5587409962738676,0.001024415597859818,0.40000152587890625,2
2025-05-15,210.1164014721405,212.11846843107298,208.71196961705186,210.6144256591797,45029500,5916.93017578125,17.829999923706055,4.454999923706055,204.06831893920898,207.8790444946289,205.7345169420816,205.38573313828806,0.3487838037935376,-1.2474386751131499,1.5962224789066874,53.09379248023487,217.86527534730874,190.27136253110922,0.13521899410765284,5.7717702085541385,-0.004153192133130091,0.02164595316953851,2510929500.0,0.8477541466849348,211.490966796875,209.95704650878906,196.4519805908203,-0.0041445795580346,0.07209112896579861,0.5404198801511869,0.004132332074135769,-0.7900009155273438,3
2025-05-16,211.52084551122164,211.73002236916358,208.9410837213976,210.42518615722656,54737900,5958.3798828125,17.239999771118164,4.440999984741211,204.79234466552734,207.40568603515624,206.4561583597962,205.75902595450572,0.697132405290489,-0.8585244590324221,1.5556568643229112,51.796495184320605,218.311320641173,191.27336868988166,0.1320261848432396,5.6839258658993215,-0.0008989154910134155,0.021554528871195022,2456191600.0,1.0280405338465846,210.6144256591797,212.08859252929688,197.4865264892578,-0.0008985115875175254,0.06551667041788067,0.5213609567815076,0.007005272294898557,-0.5900001525878906,4
2025-05-19,207.0884445111699,208.65223273202483,203.45285841572866,207.9550018310547,46140500,5963.60009765625,18.139999389648438,4.474999904632568,205.58285751342774,206.8085171508789,206.68674966306673,205.9216908342501,0.7650588288166489,-0.533807801462608,1.2988666302792569,47.32444240737942,217.77142236893144,193.39429265792404,0.11857569257405226,5.906972879679775,-0.011808460823504164,0.021181958970123926,2410051100.0,0.8670616634080172,210.42518615722656,211.490966796875,209.95704650878906,-0.011739014569891792,-0.00953549647904084,0.3854790708433163,0.0008761131291423752,0.8999996185302734,0
2025-05-20,206.84938410987283,207.64622592622177,204.2198167548668,206.04258728027344,42496600,5940.4599609375,18.09000015258789,4.480999946594238,205.95047760009766,206.40368133544922,206.5876477580216,205.9306461265481,0.6570016314734914,-0.29564591487538805,0.9526475463488795,43.44109887646935,217.69929453433406,194.20166066586125,0.1140936119317922,5.682794295290591,-0.00923883715308381,0.020176453149924663,2367554500.0,0.8065279713467979,207.9550018310547,210.6144256591797,212.08859252929688,-0.009196290225973569,-0.02850697992249762,0.29198559712027716,-0.0038802294486252054,-0.049999237060546875,1
2025-05-21,204.359243170771,206.2218487675542,199.9168759316908,201.29141235351562,59211800,5844.60986328125,20.8700008392334,4.5960001945495605,205.83881759643555,206.03592407226563,205.77284231117454,205.58699918039756,0.18584313077698766,-0.1993481057449129,0.38519123652190057,37.78500715818023,217.72633896117836,193.95129623169274,0.11550320297748021,5.730988431267227,-0.02332921099382879,0.020210662197580477,2308342700.0,1.1170999675973505,206.04258728027344,210.42518615722656,211.490966796875,-0.023059188828253863,-0.04822690348356795,0.23754303969311927,-0.01613513066101424,2.780000686645508,2
2025-05-22,199.91690559460176,201.94883789272,198.91088686006037,200.5643310546875,46742400,5842.009765625,20.280000686645508,4.552999973297119,205.5032943725586,205.730419921875,204.9715328870996,205.21494968960423,-0.24341680250461195,-0.20816184509685273,-0.03525495740775922,45.051130844107156,217.59717441607924,193.40941432903796,0.11770010870575678,5.155031240573251,-0.0036186223745579105,0.019725218484219004,2261600300.0,0.8823233775658431,201.29141235351562,207.9550018310547,210.6144256591797,-0.003612083050772208,-0.04771797835327507,0.2350856559957916,-0.00044487103794299543,-0.5900001525878906,3
2025-05-23,192.9047141233614,196.9187884239126,192.69555244631704,194.49839782714844,78432900,5802.81982421875,22.290000915527344,4.508999824523926,204.81921310424804,205.44882904052736,203.36028133941483,204.42113103312602,-1.0608496937111909,-0.37869941481972036,-0.6821502788914705,45.488575171487625,217.79147270590394,191.84695350259213,0.1266703392230429,5.209768331111044,-0.030711122792828102,0.020698180781315845,2183167400.0,1.4263892254581876,200.5643310546875,206.04258728027344,210.42518615722656,-0.030244327072718957,-0.07568860278055245,0.23371939688609703,-0.006708297825321674,2.010000228881836,4
2025-05-27,197.51641281084125,199.94677348688452,196.64984031499387,199.4188690185547,56288500,5921.5400390625,18.959999084472656,4.434000015258789,204.3383804321289,205.18984802246095,202.75391021312868,204.05059310612074,-1.2966828929920666,-0.5622961104541897,-0.7343867825378769,52.34481469399125,217.36539823967928,191.31136262457852,0.12750436584650635,5.341015845779323,0.024983556398390557,0.021603353788747046,2239455900.0,1.0075934906186501,194.49839782714844,201.29141235351562,207.9550018310547,0.02529826078968056,-0.04104798027139955,0.2536525083412131,0.0204590558452733,-3.3300018310546875,1
2025-05-28,199.79734764673603,201.92889064401075,199.1100718095576,199.62802124023438,45339700,5888.5498046875,19.309999465942383,4.4770002365112305,203.81478729248047,204.9249038696289,202.2730042172988,203.72299519012915,-1.4499909728303635,-0.7398350829294245,-0.710155889900939,55.568989626002676,216.70786769698105,190.9217068879799,0.12651761509334075,5.102540929813614,0.0010482589687455257,0.021549089638310516,2284795600.0,0.805467765975779,199.4188690185547,200.5643310546875,206.04258728027344,0.001048808584207972,-0.03113223399448739,0.3192079188378778,-0.005571225417268844,0.35000038146972656,2
2025-05-29,202.77554227533128,203.0046291598645,197.72556941325453,199.15988159179688,51396800,5912.169921875,19.18000030517578,4.423999786376953,203.20362548828126,204.67665954589845,201.79406227491387,203.38498677543788,-1.590924500524011,-0.9100529664483419,-0.680871534075669,53.48735481391146,215.740038794525,190.66721218203753,0.12338769326698558,5.098060545471351,-0.00234781376342676,0.02145330469976072,2233398800.0,0.9137953733651001,199.62802124023438,194.49839782714844,201.29141235351562,-0.0023450598043754933,-0.010589278185277329,0.4318132213427381,0.004011194261904327,-0.12999916076660156,3
2025-05-30,198.5821728136608,201.1619498266407,196.00241099917397,200.05633544921875,70819900,5911.68994140625,18.56999969482422,4.415999889373779,202.59650192260742,204.39561248779296,201.5267196863454,203.13842001053274,-1.6117003241873533,-1.0503824379961442,-0.5613178861912091,53.321327134600764,214.4565458226688,190.73645802254603,0.11708044104919406,5.249886469708043,0.004491076894813233,0.02146449662512063,2304218700.0,1.2442416189921928,199.15988159179688,199.4188690185547,200.5643310546875,0.0045011768949494435,-0.002532831250688483,0.6040478942115708,-8.118516130162234e-05,-0.6100006103515625,4
2025-06-02,199.488582384924,201.33127809714276,199.32921098525782,200.90296936035156,35423300,5935.93994140625,18.360000610351562,4.461999893188477,202.42811584472656,204.1541778564453,201.43075809773094,202.97283107348227,-1.5420729757513243,-1.1487205455471803,-0.393352430204144,33.27196948083362,214.28370402345232,190.5725276660008,0.11713380949333775,4.467988819170953,0.00422304787156913,0.01984345031213396,2339642000.0,0.6604049012318703,200.05633544921875,199.62802124023438,194.49839782714844,0.004231977503895257,0.03292865959181257,0.6183991106712826,0.0041020419271569075,-0.20999908447265625,0
2025-06-03,200.55437033168948,202.96480586317466,200.16591202699755,202.46678161621094,46381600,5970.3701171875,17.690000534057617,4.460000038146973,202.6592224121094,203.8610580444336,201.59014633134325,202.9353459284992,-1.345199597155954,-1.1880163558689352,-0.15718324128701888,31.84211632679036,214.31716522960514,191.00127959461364,0.11504971428133892,4.354866438172219,0.0077537796867919355,0.018506143794035614,2386023600.0,0.8833426987664387,200.90296936035156,199.15988159179688,199.4188690185547,0.007783918081640806,0.015283972939254209,0.5823790659678862,0.005800290454605506,-0.6700000762939453,1
2025-06-04,202.10818013514051,205.42502305946414,201.30138338029005,202.01853942871094,43604000,5970.81005859375,17.610000610351562,4.364999771118164,202.8868179321289,203.51003173828124,201.6560529617075,202.8674343359223,-1.2113813742147954,-1.1926893595381074,-0.018692014676688018,32.02266681416468,214.2929354063266,191.48070045793122,0.11243823123110283,4.410360460847746,-0.0022163591491120667,0.018508918689597417,2342419600.0,0.8365068758969803,202.46678161621094,200.05633544921875,199.62802124023438,-0.002213904838719083,0.011974862915661522,0.538780656242252,7.36874595066439e-05,-0.07999992370605469,2
2025-06-05,202.69585814733983,203.94091870107042,199.35908978394463,199.8372039794922,55126100,5939.2998046875,18.479999542236328,4.394000053405762,203.11775283813478,203.05529602050783,201.37623004136668,202.64297282803858,-1.266742786671898,-1.2075000449648656,-0.059242741707032476,30.51154248579539,214.04722257839902,192.18828309787054,0.10761708011779718,4.494312611069508,-0.01085641755597907,0.018488128498511985,2287293500.0,1.0713300124223217,202.01853942871094,200.90296936035156,199.15988159179688,-0.010797699336839828,0.003400897722381613,0.43037496352997245,-0.005277383403094138,0.8699989318847656,3
2025-06-06,202.19783403313102,204.8871617909174,201.2515910514923,203.11419677734375,46607700,6000.35986328125,16.770000457763672,4.510000228881836,203.45086364746095,202.71026733398438,201.6436095392093,202.67787830576486,-1.0342687665555559,-1.1728537892830038,0.13858502272744788,38.107579896616784,213.92138822671495,192.98033906820694,0.10292927138807627,4.65581397990231,0.016265311589657865,0.018765902634210376,2333901200.0,0.909202102133736,199.8372039794922,202.46678161621094,200.05633544921875,0.01639831188885066,0.015285001203579451,0.3166770480932771,0.010280683010067904,-1.7099990844726562,4
2025-06-09,203.58234611432158,205.18598475848052,199.22961916524454,200.65396118164062,72862600,6005.8798828125,17.15999984741211,4.48199987411499,203.60923538208007,202.2698776245117,201.4913559457372,202.52795851879267,-1.036602573055461,-1.1456035460374951,0.10900097298203404,38.119917866515706,213.79177117547272,193.42669958868743,0.10002037259542525,4.583245255026457,-0.01218652830788699,0.018994321718722857,2261038600.0,1.3726259067583966,203.11419677734375,202.01853942871094,200.90296936035156,-0.012112573294913775,-0.0012394449893087245,0.11528702102513963,0.0009199480792858594,0.3899993896484375,0
2025-06-10,199.80734330812555,203.54252533508333,199.77746306778945,201.86915588378906,54672600,6038.81005859375,16.950000762939453,4.473999977111816,203.20484085083007,201.9721664428711,201.5494790131298,202.47915832360724,-0.9296793104774395,-1.102418698925484,0.1727393884480446,43.05142721261398,212.9593177063655,193.45036399529462,0.09600634330061136,4.5853793401054554,0.0060379061098326,0.012726733424473266,2315711200.0,1.0388604051400907,200.65396118164062,199.8372039794922,202.46678161621094,0.006056171007002398,-0.0029517223894768296,0.1745711402156641,0.00548298940767844,-0.20999908447265625,1
2025-06-11,202.6958722895077,203.69192080198684,197.62598900862739,197.99452209472656,60989900,6022.240234375,17.260000228881836,4.4120001792907715,202.50013732910156,201.51280731201172,201.00256256414468,202.14696304739385,-1.1444004832491714,-1.1108150557902217,-0.03358542745894977,44.34579309630142,211.56430478620436,193.43596987199876,0.0895225808402469,4.5683049799266024,-0.01938038025184682,0.012960915340979868,2254721300.0,1.148985885008347,201.86915588378906,203.11419677734375,202.01853942871094,-0.019193788036113046,-0.0199190497335735,0.1717911277310223,-0.002743888954607865,0.3099994659423828,2
2025-06-12,198.29333609984755,198.890956077424,196.58013147350607,198.41285705566406,43904600,6045.259765625,18.020000457763672,4.35699987411499,201.84623184204102,201.04072631835936,200.60414633207074,201.870362603562,-1.2662162714912597,-1.1418952989304294,-0.1243209725608303,46.27070237719283,210.02289791497526,193.66956576910678,0.08101876362332154,4.516367377873623,0.002110632335517544,0.013020054760701954,2298625900.0,0.8313620534725659,197.99452209472656,200.65396118164062,199.8372039794922,0.002112861287835832,-0.0071275362918623575,0.18222424675477983,0.0038224199557175265,0.7600002288818359,3
2025-06-13,198.94074360607502,199.57821397711425,194.92666975119658,195.6737060546875,51447300,5976.97021484375,20.81999969482422,4.423999786376953,201.0991958618164,200.49993591308595,199.84561705862717,201.41135100734905,-1.5657339487218849,-1.2266630288887206,-0.3390709198331643,52.30282964770967,208.6054384566583,193.59295326697452,0.07465213933525366,4.286564921984137,-0.013901489516828505,0.013238580021620277,2247178600.0,0.9683042972663871,198.41285705566406,201.86915588378906,203.11419677734375,-0.013805310006740679,-0.036632056452521655,0.20706786866013063,-0.011296379879250695,2.799999237060547,4
2025-06-16,196.52037110088898,197.90487790098294,195.78328974313985,197.6359405517578,43020700,6033.10986328125,19.110000610351562,4.452000141143799,200.45973358154296,200.41021362304687,199.50566682680113,201.13169097360156,-1.6260241468004324,-1.306535252471063,-0.31948889432936944,46.048569929010476,206.6916425090692,194.22782465401673,0.06217616691574839,4.05676464959552,0.009978147215757682,0.0135778727390623,2290199300.0,0.8187327262718627,195.6737060546875,197.99452209472656,200.65396118164062,0.010028094916962882,-0.015040922252966493,0.14310377213437525,0.009392659896159117,-1.7099990844726562,0
2025-06-17,196.42074594971083,197.60604600468164,194.43861931524052,194.86691284179688,38856200,5982.72021484375,21.600000381469727,4.39300012588501,199.8053291320801,200.5597540283203,198.7920123675697,200.66763333420863,-1.8756209666389339,-1.4203523953046373,-0.45526857133429655,40.52343083729983,205.443730663868,194.16692760029218,0.05643895041518813,4.083800535457245,-0.014109826849418127,0.01366471870858733,2251343100.0,0.7446389757548975,197.6359405517578,198.41285705566406,201.86915588378906,-0.014010749776737996,-0.03468703780593008,0.077368424426092,-0.008352184790166306,2.489999771118164,1
2025-06-18,195.16573699325735,196.7893008408277,194.2991796996429,195.80320739746094,45394700,5980.8701171875,20.139999389648438,4.396999835968018,199.29336013793946,200.865693359375,198.3321962183222,200.30730548704213,-1.9751092687199332,-1.5313037699876966,-0.4438054987322366,43.44106911679557,204.37959150801478,194.20712876786413,0.05104265758332266,3.884590635069734,0.004793283641698603,0.013701241386153655,2296737800.0,0.867533479665479,194.86691284179688,195.6737060546875,197.99452209472656,0.004804789802485221,-0.011067552142767001,0.0701647172029594,-0.0003092402101070313,-1.460000991821289,2
2025-06-20,197.45664606001856,200.90296511361447,196.08209436431653,200.2057342529297,96813500,5967.83984375,20.6200008392334,4.375,199.23907623291015,201.4395330810547,198.62043283903105,200.29978169192268,-1.6793488528916214,-1.5609127865684815,-0.11843606632313985,50.2567461755545,204.25825187050427,194.21990059531603,0.050383446184288756,3.8803205556902207,0.02223539814265757,0.013851402926470816,2393551300.0,1.7860209846650525,195.80320739746094,197.6359405517578,198.41285705566406,0.02248444708330055,0.009036093849314586,0.15285417677621463,-0.002178658486505891,0.48000144958496094,4
2025-06-23,200.83325703321927,201.50060768152076,198.17380945321412,200.70376586914062,55814300,6025.169921875,19.829999923706055,4.320000171661377,199.2460479736328,201.4975115966797,198.94094561289407,200.32970644579066,-1.388760832896594,-1.526482395834104,0.13772156293751014,49.65351151679414,204.27335514587355,194.21874080139207,0.05046330628255198,3.9749442068631993,0.0024845102061506297,0.013840981335186443,2449365600.0,1.0211207148501793,200.2057342529297,194.86691284179688,195.6737060546875,0.0024875991592816504,0.02570636554022898,0.2514994893931664,0.009606504133156335,-0.7900009155273438,0
2025-06-24,201.78944331230142,202.63609053842802,199.40888822531906,199.5084991455078,54064000,6092.18017578125,17.479999542236328,4.293000221252441,199.49655303955078,201.69929840087892,199.0282615409885,200.26887627539935,-1.2406147344108547,-1.4693088635494544,0.22869412913859977,44.787627140881455,203.99975133251857,194.99335474658298,0.045145625068268955,4.005537669501188,-0.005973181643514452,0.011920947631827572,2395301600.0,1.0116501438959309,200.70376586914062,195.80320739746094,197.6359405517578,-0.005955377660487593,0.009474787776566407,-0.04307263388947608,0.01112172017970181,-2.3500003814697266,1
2025-06-25,200.65395335177794,202.8651820841085,199.82723133036671,200.76351928710938,39525700,6092.16015625,16.760000228881836,4.293000221252441,199.56378555297852,201.77239837646485,199.29522427116095,200.30551649848897,-1.0102922273280228,-1.377505536305168,0.3672133089771452,47.84983538296401,204.10211448403234,195.0254566219247,0.045482489906456786,3.9507550451745175,0.0062708567997190896,0.010625936488794266,2434827300.0,0.7513925942992887,199.5084991455078,200.2057342529297,194.86691284179688,0.006290559785556926,0.03025965957648058,0.011240684559974791,-3.2861029504172024e-06,-0.7199993133544922,2
2025-06-26,200.63402778217431,201.83925306874522,198.67182635942322,200.2057342529297,50799100,6141.02001953125,16.59000015258789,4.252999782562256,199.5926712036133,201.74740173339845,199.4353027298946,200.29812522104012,-0.862822491145522,-1.2745689272732388,0.4117464361277168,50.668578578467745,204.140066625962,195.0452757812646,0.04556675748589688,3.8497263160456754,-0.0027821853623552365,0.010646922541053918,2384028200.0,0.9607171313083402,200.76351928710938,200.70376586914062,195.80320739746094,-0.0027783186714415153,0.02248444708330055,0.04722517334216524,0.008020121275230219,-0.1700000762939453,3
2025-06-27,201.09221242791352,202.41695863400855,199.20968154525062,200.28541564941406,73188600,6173.06982421875,16.31999969482422,4.2829999923706055,199.64894790649413,201.73155914306642,199.5660893328976,200.29718377129004,-0.7310944383924323,-1.1658740294970775,0.43477959110464526,44.194613701797664,204.20164684061496,195.0962489723733,0.045607041578331675,3.7181062644265848,0.000397918393728168,0.010630784336853345,2457216800.0,1.3562028706318185,200.2057342529297,199.5084991455078,200.2057342529297,0.0003979975737542496,0.0003979975737542496,0.06417419417765528,0.005218970885222163,-0.2700004577636719,4
2025-06-30,201.211736268348,206.57048164253425,198.4726031076903,204.3592529296875,91912800,6204.9501953125,16.729999542236328,4.230000019073486,199.86409378051758,201.95376556396485,200.30349911701913,200.5980777830232,-0.294578666004071,-0.9916149567984763,0.6970362907944053,57.13186445257662,204.88088295890657,194.8473046021286,0.050202005607852894,3.87107147454144,0.02013606131101909,0.011497125777967066,2549129600.0,1.6705202327897446,200.28541564941406,200.76351928710938,200.70376586914062,0.02034015940234224,0.018213345647586143,0.2946165819726915,0.005164427424532603,0.4099998474121094,0
2025-07-01,205.85332972802502,209.35942450018746,205.3254252695324,206.99879455566406,78788900,6198.009765625,16.829999923706055,4.250999927520752,200.16888504028321,202.17484802246094,201.33354456911835,201.07220495136696,0.26133961775138914,-0.7410240418885032,1.0023636596398924,59.36018746213336,206.10743994737905,194.23033013318738,0.0593354447260944,3.959293567627589,0.01283348104812217,0.011779392861056193,2627918500.0,1.3776994057134844,204.3592529296875,200.2057342529297,199.5084991455078,0.01291618357444646,0.03754374095458135,0.4988967700359263,-0.001118531087121899,0.10000038146972656,1
2025-07-02,208.08450527048316,212.49699303139835,207.3175436349344,211.60055541992188,67941800,6227.419921875,16.639999389648438,4.293000221252441,200.62557373046874,202.56396423339845,202.9130847000112,201.8520827638525,1.0610019361587035,-0.38061884627906184,1.4416207824377654,74.18549887193919,208.42229410882743,192.82885335211006,0.07772409302946813,3.91874118779722,0.021987354992729392,0.012580216948935153,2695860300.0,1.1660474313354159,206.99879455566406,200.28541564941406,200.76351928710938,0.02223085827207738,0.053979110205348624,0.6742608157301463,0.004745096791088033,-0.1900005340576172,2
2025-07-03,211.31166931275297,213.8017903991559,210.97301649264048,212.70614624023438,34955800,6279.35009765625,16.3799991607666,4.3480000495910645,201.15995407104492,202.84428344726564,204.41970955235323,202.6560874658067,1.763622086546519,0.0482293402860543,1.7153927462604648,74.80117492000133,210.6416335013027,191.67827464078715,0.09427004966315579,3.955737566554183,0.005211293237099073,0.012552391258465787,2730816100.0,0.6044124818911669,211.60055541992188,204.3592529296875,200.2057342529297,0.005224895644146299,0.06243783193298702,0.7915704349353135,0.008338955206607324,-0.26000022888183594,3
2025-07-07,211.8395692407974,215.37554414763466,207.97491173225177,209.120361328125,50229000,6229.97998046875,17.790000915527344,4.394999980926514,201.62411193847657,202.95619842529297,205.1428867486258,203.13492256671915,2.007964181906658,0.4401763086101751,1.567787873296483,72.66617419959526,211.72200362319256,191.52622025376058,0.1001655167889568,4.152101008658842,-0.017001640350597334,0.012966908745957751,2680587100.0,0.8721903944626007,212.70614624023438,206.99879455566406,200.28541564941406,-0.016857928064098027,0.04411177743553685,0.8354598911914961,-0.007862297279128794,1.4100017547607422,0
2025-07-08,209.26980118177752,210.59453234535175,207.62631199643187,209.18014526367188,42848900,6225.52001953125,16.809999465942383,4.414999961853027,201.92740936279296,202.9943054199219,205.7640034432483,203.58271684056749,2.1812866026808138,0.7883983674243029,1.3928882352565108,70.79292575339078,212.56377922725443,191.2910394983315,0.10534845069350277,4.204747330274874,0.00028584204423298497,0.012544627183362028,2723436000.0,0.7464763582168077,209.120361328125,211.60055541992188,204.3592529296875,0.00028588290096287494,0.02359028164799115,0.8811116137814009,-0.0007158868810946961,-0.9800014495849609,1
2025-07-09,208.70202548866368,210.49491569520316,206.40115605631001,210.3056640625,48749400,6263.259765625,15.9399995803833,4.3420000076293945,202.40999450683594,203.0368182373047,206.46272046159473,204.080712931081,2.3820075305137323,1.1071202000421887,1.2748873304715436,79.55755138861136,213.6611412704964,191.1588477431755,0.11117184989875054,4.268778644730292,0.005366195826791592,0.012146500979063172,2772185400.0,0.8674904872936438,209.18014526367188,212.70614624023438,206.99879455566406,0.005380619644419049,0.01597530803951952,0.9025628391412924,0.0060621034026635545,-0.869999885559082,2
2025-07-10,209.67817732396114,212.63644276910486,209.20007826975964,211.5706787109375,44443600,6280.4599609375,15.779999732971191,4.3460001945495605,202.89507064819335,203.0875213623047,207.24856019226286,204.63552521107036,2.6130349811924987,1.4083031562722508,1.2047318249202479,79.81165639322165,214.86181485673876,190.92832643964795,0.11795993042428271,4.336367456027465,0.005997105367425927,0.012145852219512381,2816629000.0,0.79813319483863,210.3056640625,209.120361328125,211.60055541992188,0.006015124005702255,-0.00014119390624989236,0.9206502445406081,0.0027462050044453346,-0.15999984741210938,3
2025-07-11,209.73794232575938,211.29177557167307,209.03074119537857,210.3256072998047,39765800,6259.75,16.399999618530273,4.422999858856201,203.51162490844726,203.09203582763672,207.7219520549616,205.05701277319884,2.66493928176277,1.6596303813703548,1.0053089003924152,71.72794594615846,215.68414623802087,191.33910357887365,0.11962482570761845,4.153523155984993,-0.005902280095614651,0.011215126643966058,2776863200.0,0.728001554649775,211.5706787109375,209.18014526367188,212.70614624023438,-0.005884895859477379,-0.011191679142835254,0.9231299284948458,-0.0032975229626984737,0.619999885559082,4
2025-07-14,209.10046017794556,210.0765986782557,206.71990480407712,207.79563903808594,38840100,6268.56005859375,17.200000762939453,4.427000045776367,203.98076400756835,203.02028625488282,207.7332885139038,205.2598739780053,2.473414535898513,1.8223872122759865,0.6510273236225266,64.00469582311595,216.04866246216594,191.91286555297077,0.1183238871891844,4.173444889372202,-0.012101748765203788,0.01171496531234604,2738023100.0,0.7143662471277824,210.3256072998047,210.3056640625,209.120361328125,-0.01202881710029946,-0.006334736042084788,0.9181689796203475,0.001407413809457303,0.8000011444091797,0
2025-07-15,208.39325734338402,211.05270487364396,208.09443976951917,208.28369140625,42296300,6243.759765625,17.3799991607666,4.488999843597412,204.61126327514648,202.9419839477539,207.81796588195706,205.48386045417158,2.334105427785488,1.9247308553778868,0.4093745724076012,67.82676244684592,216.15814444998048,193.06438210031249,0.11286652542980086,4.1755779981185634,0.0023459593221171315,0.011077595870254659,2780319400.0,0.7845366358723012,207.79563903808594,211.5706787109375,209.18014526367188,0.002348713237791289,-0.004285559015612561,0.9101415425790745,-0.003956298214731202,0.17999839782714844,1
2025-07-16,209.4689902412225,211.5606828488181,207.8155461810567,209.3295440673828,47490500,6263.7001953125,17.15999984741211,4.454999923706055,205.19594345092773,203.04316101074218,208.05051637202257,205.76872590700202,2.281790465020549,1.9961427773064193,0.28564768771412985,67.55099603511806,216.43581361773897,193.95607328411648,0.10955255720734304,4.203324693058613,0.005008724622513407,0.010970951899457567,2827809900.0,0.8772451577925574,208.28369140625,210.3256072998047,210.3056640625,0.005021289252517214,-0.004641434644513942,0.905843037941103,0.003193657417327689,-0.2199993133544922,2
2025-07-17,209.7379389650813,210.9630743588066,208.7618004967043,209.1901092529297,48068100,6297.35986328125,16.520000457763672,4.4629998207092285,205.91210327148437,203.2700701904297,208.22583835370057,206.02216171040408,2.2036766432964896,2.0376495505044336,0.16602709279205596,68.72923656730755,216.1626131519999,195.66159339096885,0.09956199482845124,4.134313775400064,-0.0006663238799223456,0.010264698983538325,2779741800.0,0.8804238436699612,209.3295440673828,207.79563903808594,211.5706787109375,-0.0006661019354642361,-0.011251887418957107,0.8852880669884331,0.00537376740890938,-0.6399993896484375,3
2025-07-18,210.03674740882613,210.95311022715865,208.87137245947412,210.34552001953125,48974600,6296.7900390625,16.40999984741211,4.432000160217285,206.63921890258788,203.5276480102539,208.55194322536684,206.34241047404313,2.2095327513237066,2.0720261906682884,0.13750656065541822,70.07153673373831,215.88428007400265,197.39415773117312,0.08948021794229671,4.053918109609106,0.005508059898247254,0.010270511705101315,2828716400.0,0.8940961604394955,209.1901092529297,208.28369140625,210.3256072998047,0.005523257149813832,9.467567921084274e-05,0.8586271455223644,-9.048620868445933e-05,-0.1100006103515625,4
2025-07-21,211.2618775331451,214.92732845073886,210.7937335563828,211.64036560058594,51377400,6305.60009765625,16.649999618530273,4.372000217437744,207.2109504699707,203.85608520507813,209.0270851292467,206.73485159452778,2.2922335347189176,2.1160676594784142,0.1761658752405033,66.33882303634516,216.19130558139813,198.23059535854327,0.0866783834643804,3.802770245063653,0.006136933433292541,0.009318367410850905,2880093800.0,0.9785475261902796,210.34552001953125,209.3295440673828,207.79563903808594,0.006155802989930459,0.01850244105361276,0.8801943959412553,0.001399134882868358,0.23999977111816406,0
2025-07-22,212.29779492257288,214.10064043071336,211.39138706205625,213.5528106689453,46404100,6309.6201171875,16.5,4.335999965667725,207.85340270996093,204.19810180664064,209.72335059689263,207.2398856000402,2.483464996852433,2.1895471269532183,0.29391786989921487,65.20333456510627,216.711263172737,198.99554224718486,0.08523180614114219,3.6391332306463062,0.008995713345313945,0.00942078496559233,2926497900.0,0.8918167190290435,211.64036560058594,209.1901092529297,208.28369140625,0.00903629637442882,0.025297800452451558,0.9016353216244387,0.0006375316336257875,-0.14999961853027344,1
2025-07-23,214.15041924441525,214.29982043425818,211.57065737650467,213.30377197265625,46989300,6358.91015625,15.369999885559082,4.388000011444092,208.54316635131835,204.51444671630858,210.27418465470242,207.6890623683821,2.5851222863203134,2.2686621588266376,0.3164601274936758,54.95068914558012,216.79252573794875,200.29380696468795,0.0791141664429634,3.4413449865048227,-0.0011668496383689107,0.009236583203022753,2879508600.0,0.9092446539236358,213.5528106689453,210.34552001953125,209.3295440673828,-0.0011661691340374425,0.018985508820456465,0.8785291971161212,0.007811886951519131,-1.130000114440918,2
2025-07-24,213.05475989741393,214.83769515517375,212.68622683006964,212.91531372070312,46022600,6363.35009765625,15.390000343322754,4.4079999923706055,209.15075607299804,204.57361206054688,210.68051220331793,208.07619209818367,2.6043201051342635,2.3357937480881628,0.2685263570461007,50.63442990169761,216.75208736435582,201.54942478164025,0.07268758128423648,3.392966016404015,-0.001822810721298693,0.009278762338036678,2833486000.0,0.8849762236167428,213.30377197265625,211.64036560058594,209.1901092529297,-0.0018211504107996657,0.01780774665244489,0.8467190079415837,0.0006982236416543941,0.020000457763671875,3
2025-07-25,213.85160291428238,214.38947759784276,212.5567368669443,213.03485107421875,40268800,6388.64013671875,14.930000305175781,4.386000156402588,209.7922119140625,204.5925372314453,211.04271818345651,208.44350017048254,2.599218012973978,2.388478601065326,0.21073941190865186,65.03441259482217,216.30211682647214,203.28230700165287,0.06206050122657842,2.9952594675122697,0.0005612739072953638,0.009200057995914926,2873754800.0,0.7822553480314435,212.91531372070312,213.5528106689453,210.34552001953125,0.0005614314509685414,0.012785302270463372,0.7862052161285387,0.00397432777929585,-0.46000003814697266,4
2025-07-28,213.18425263148458,214.00101967144602,212.2180844005514,213.2041778564453,37858000,6389.77001953125,15.029999732971191,4.420000076293945,210.43815002441406,204.62680145263673,211.3752504408394,208.79614296203533,2.579107478804076,2.426604376613076,0.15250310219099994,65.32617349814902,215.34179442375782,205.5345056250703,0.04660413901923072,2.9105962476533227,0.0007945156573705577,0.00919434051039632,2911612800.0,0.7615573846504486,213.03485107421875,213.30377197265625,211.64036560058594,0.0007948313685424147,0.007389007533707748,0.7740774728341894,0.00017685810881817865,0.09999942779541016,0
2025-07-29,213.33363944545516,213.96115480223384,209.9869314052821,210.43515014648438,51411700,6370.85986328125,15.979999542236328,4.329999923706055,210.7419448852539,204.6232159423828,211.23061962632326,208.91755090162417,2.313068724699093,2.4038972462302794,-0.09082852153118637,50.43829746793601,214.726610297842,206.7572794726658,0.03781558924833588,2.902057944657508,-0.013072757705372804,0.00895619367826939,2860201100.0,1.0781245363572947,213.2041778564453,212.91531372070312,213.5528106689453,-0.012987680343794161,-0.014599014233036778,0.7085305417209299,-0.002959442388724254,0.9499998092651367,1
2025-07-30,211.06265157316113,211.55072076453234,206.89917652304968,208.2239227294922,45512500,6362.89990234375,15.479999542236328,4.375999927520752,210.8032012939453,204.57919067382812,210.76805087296464,208.8661710370218,1.9018798359428501,2.303493764172794,-0.4016139282299438,39.35354221779968,214.57770347439921,207.0286991134914,0.035810672298004796,2.9888564976673258,-0.010563478124557005,0.008921060700415288,2814688600.0,0.9889202902542163,210.43515014648438,213.03485107421875,213.30377197265625,-0.010507880529716407,-0.023815093358101835,0.5054495625432206,-0.0012494327466496813,-0.5,2
2025-07-31,207.66614913739534,209.01080544085684,206.3414028602417,206.74978637695312,80698400,6339.39013671875,16.719999313354492,4.360000133514404,210.56066284179687,204.5550863647461,210.1498563351167,208.7094018029426,1.4404545321741011,2.1308859177730555,-0.6904313855989543,38.78825399225137,214.72291217663258,206.39841350696116,0.03953491861832693,2.998104002314199,-0.0071047515593244985,0.0074480828690808585,2733990200.0,1.7294894186689334,208.2239227294922,213.2041778564453,212.91531372070312,-0.007079572477626139,-0.0289576509834224,0.43869309488397346,-0.0036948193411530106,1.239999771118164,3
2025-08-01,210.03673342752194,212.73603143542957,200.7037642416869,201.58029174804688,104434500,6238.009765625,20.3799991607666,4.21999979019165,210.0043701171875,204.46584045410157,208.8314617832598,208.18131957665403,0.6501422066057785,1.8347371755396,-1.1845949689338215,33.27975134454395,215.66392657748762,204.3448136568874,0.05389941606588416,3.600001480743848,-0.02532152842779553,0.009033870926154016,2629555700.0,2.083099793394447,206.74978637695312,210.43515014648438,213.03485107421875,-0.025003627425670194,-0.05376847623012282,0.5265389589783308,-0.015992133140148468,3.6599998474121094,4
2025-08-04,203.70188303605903,207.058576977071,200.88306382200804,202.54647827148438,75109300,6329.93994140625,17.520000457763672,4.199999809265137,209.67567596435546,204.49094177246093,207.86454124298666,207.76392392441923,0.10061731856742995,1.4879132041451661,-1.3872958855777362,34.953089708229356,216.24230826835614,203.10904366035479,0.06263609046494258,3.808462003565629,0.004781610306494539,0.0085153612785413,2704665000.0,1.461890593859905,201.58029174804688,208.2239227294922,213.2041778564453,0.004793060447819686,-0.04998823049394929,0.40373442481074845,0.01473710033091602,-2.8599987030029297,0
2025-08-05,202.59624780213056,204.52858421879685,201.36115745633876,202.11814880371094,44155100,6299.18994140625,17.850000381469727,4.196000099182129,209.32257614135742,204.5220181274414,206.98048086771348,207.34571835992233,-0.3652374922088484,1.1172830648743632,-1.4825205570832116,30.45363857143802,216.70962327642007,201.93552900629476,0.07058051043738464,3.7671970103296792,-0.0021169610540627383,0.008504341385321407,2660509900.0,0.8583221535935391,202.54647827148438,206.74978637695312,210.43515014648438,-0.0021147218723760464,-0.0395228712360266,0.4004378095723752,-0.004857865996303334,0.3299999237060547,1
2025-08-06,204.81744899810374,214.52892145014,204.77759854868273,212.40733337402344,108483100,6345.06005859375,16.770000457763672,4.21999979019165,209.4276596069336,204.8801968383789,207.81538125329965,207.7206528054113,0.09472844788834323,0.9127721414771592,-0.818043693588816,55.62517675056427,216.93244580134686,201.92287341252032,0.0716694844272118,4.496446923495875,0.049653393530185774,0.014262290267692983,2768993000.0,1.993068552580838,202.11814880371094,201.58029174804688,208.2239227294922,0.05090678215297206,0.020090922261444488,0.4428076664569257,0.007281907295092482,-1.0799999237060547,2
2025-08-07,218.01508808955717,219.97730473834642,215.7241736307253,219.16053771972656,90224800,6340.0,16.56999969482422,4.24399995803833,209.80715255737306,205.27503021240236,209.56078994044225,208.56805168795316,0.9927382524890902,0.9287653636795455,0.06397288880954466,62.88954723563533,218.44957805333567,201.16472706141045,0.08238446964861494,4.88846360897005,0.03129869520106027,0.015813586234936988,2859217800.0,1.5907262525509418,212.40733337402344,202.54647827148438,206.74978637695312,0.03179364967503995,0.06002787988445957,0.4628197309329883,-0.0007974800154801898,-0.20000076293945312,3
2025-08-08,219.95738825778145,230.08719950298993,218.38362983130105,228.4437255859375,113854000,6389.4501953125,15.149999618530273,4.284999847412109,210.7130584716797,205.8513442993164,212.46585696282614,210.0403238285446,2.425533134281551,1.2281189177999468,1.1974142164816042,69.9173193184568,222.72554724550042,198.70056969785895,0.11401750665998937,5.397160840432998,0.04148539226384542,0.01800324864420213,2973071800.0,1.8842618934371071,219.16053771972656,202.11814880371094,201.58029174804688,0.04235793525056386,0.13326418770872173,0.556546873338424,0.007799715348974834,-1.4200000762939453,4
2025-08-11,227.27701087414155,228.91238364576833,224.12592192869855,226.53909301757812,61806100,6373.4501953125,16.25,4.2729997634887695,211.6502311706543,206.39892852783203,214.63097020201874,211.2624548795841,3.3685153224346323,1.6561981987268841,1.7123171237077481,65.39572116864852,225.48999570327965,197.81046663802897,0.130779583429477,5.545532865319619,-0.008372376345528211,0.01784487878566184,2911265700.0,1.0038027049975347,228.4437255859375,212.40733337402344,202.54647827148438,-0.00833742561094275,0.11845486009356887,0.5724412765304311,-0.0025041278217863283,1.1000003814697266,0
2025-08-12,227.36673308681236,230.14887046423402,226.42939779448272,229.00210571289062,55626200,6445.759765625,14.729999542236328,4.293000221252441,212.68615188598633,206.97784393310548,216.84191412676824,212.57650308945867,4.265411037309576,2.1780407664434227,2.0873702708661535,67.68270590572808,228.4348491860844,196.93745458588828,0.14809330236545337,5.616269266176603,0.010813672630568538,0.017896003563881612,2966891900.0,0.8937593325541259,226.53909301757812,219.16053771972656,202.11814880371094,0.010872351709827699,0.1330110980547734,0.6863647257661315,0.01134543584661274,-1.5200004577636719,1
2025-08-13,230.4181341091737,234.33703985510917,229.77992501054072,232.6717529296875,69878500,6466.580078125,14.489999771118164,4.23799991607666,213.85326232910157,207.6132196044922,219.27727394260197,214.0650401146608,5.212233827941162,2.784879378742971,2.4273544491981913,70.72202963403977,231.85335860889992,195.8531660493032,0.16834062837066074,5.843659681684778,0.015897475819875263,0.01806935164645089,3036770400.0,1.1029177045214047,229.00210571289062,228.4437255859375,212.40733337402344,0.016024512985909567,0.09540357780388353,0.7770579334403387,0.0032300788824048965,-0.23999977111816406,2
2025-08-14,233.39969406647393,234.4567012802976,230.19875827485632,232.12330627441406,51916300,6468.5400390625,14.829999923706055,4.293000221252441,214.9999221801758,208.20635009765624,221.25358660903458,215.4026894598277,5.850897149206872,3.3980829328357514,2.452814216371121,69.84286307518609,234.59997264606181,195.39987171428976,0.18232611683887637,6.016888415580695,-0.0023599515483424664,0.018102652785777922,2984854100.0,0.8169328640879783,232.6717529296875,226.53909301757812,219.16053771972656,-0.0023571690519698096,0.059147366079494335,0.8163253283006066,0.00030309080129242716,0.3400001525878906,3
2025-08-15,233.3398655982593,233.61907447658757,228.69300821277216,230.93666076660156,56038700,6449.7998046875,15.09000015258789,4.328000068664551,216.02947921752929,208.78471252441406,222.74329032558336,216.55335400107023,6.189936324513127,3.9564536111712267,2.2334827133419,68.0515022259226,236.73231817970697,195.3266402553516,0.1916667950796762,6.241397772217894,-0.00512524592862372,0.018248726031957242,2928815400.0,0.8769273405653871,232.12330627441406,229.00210571289062,228.4437255859375,-0.005112134265439328,0.010912688340508847,0.8399140020435277,-0.0028971350972291088,0.26000022888183594,4
2025-08-18,231.04634466466607,232.46233685580373,229.46083388892833,230.23863220214844,37476200,6449.14990234375,14.989999771118164,4.341000080108643,216.95939254760742,209.39274108886718,223.8964198450549,217.5670783122612,6.3293415327937055,4.431031195495723,1.8983103372979828,71.0472193346772,238.486495437072,195.43228965814285,0.19844361321891957,6.171917741498155,-0.0030271747343979783,0.018324835365018374,2891339200.0,0.5928989512629728,230.93666076660156,232.6717529296875,226.53909301757812,-0.0030225974608621975,0.016330687720566006,0.858346980888383,-0.00010076318078544588,-0.10000038146972656,0
2025-08-19,230.6275464777077,232.21305735738468,228.70299840660482,229.90957641601562,39402600,6411.3701171875,15.569999694824219,4.302000045776367,217.77723083496093,209.92864868164062,224.82152085597195,218.48133743105782,6.34018342491413,4.8128616413794045,1.5273217835347257,74.008105236307,239.99127109502072,195.56319057490114,0.20400700454212636,6.090383077876526,-0.0014302167695570704,0.018329865287032048,2851936600.0,0.6268476567188743,230.23863220214844,232.12330627441406,229.00210571289062,-0.0014291944969683223,0.003962717723926756,0.8670003032081978,-0.005858103118756786,0.5799999237060547,1
2025-08-20,229.33119207499826,229.81981519856654,225.13307755654054,225.3723907470703,42263900,6395.77978515625,15.6899995803833,4.296000003814697,218.38066177368165,210.4230172729492,224.9062700699871,218.9917858248365,5.9144842451505895,5.033186162133641,0.8812980830169481,69.30754250440192,240.73825353341408,196.02307001394922,0.2047579815735028,6.240889954937949,-0.01993198153129969,0.019057394472143795,2809672700.0,0.6749042849353498,229.90957641601562,230.93666076660156,232.6717529296875,-0.019734652812962383,-0.031371931017440846,0.8639179997381369,-0.0024316693228262354,0.11999988555908203,2
2025-08-21,225.63166356522294,225.88095827873425,223.14868274098328,224.26551818847656,30621200,6370.169921875,16.600000381469727,4.329999923706055,218.94817199707032,210.87094451904298,224.80769285744702,219.38243266658765,5.425260190859376,5.111600967878789,0.31365922298058724,75.68316007942488,241.29785334537033,196.5984906487703,0.2041549938000767,5.576604836652829,-0.004923405133202545,0.01910910869885282,2779051500.0,0.4950721476324248,225.3723907470703,230.23863220214844,232.12330627441406,-0.004911305040181113,-0.03385178426093971,0.8524389128364394,-0.004004181529308926,0.9100008010864258,3
2025-08-22,225.53193619713707,228.44369658121065,224.77408575714253,227.11744689941406,42477800,6466.91015625,14.220000267028809,4.260000228881836,219.65230178833008,211.45340301513673,225.16303963313425,219.95539668383407,5.20764294930018,5.130809364163067,0.07683358513711269,76.67894566105933,242.10467444735983,197.19992912930033,0.20443557819545347,5.433938067915053,0.012636571965657789,0.01923177940348289,2821529300.0,0.6855410563608327,224.26551818847656,229.90957641601562,230.93666076660156,0.012716750813830835,-0.016537927995102675,0.8588007132537172,0.015186444876893468,-2.380000114440918,4
2025-08-25,225.84107546750252,228.65312729963858,225.59178073979155,226.5191650390625,30983100,6439.31982421875,14.789999961853027,4.275000095367432,220.31805114746095,212.0155291748047,225.37167431096938,220.4416017471843,4.930072563785075,5.090662004087468,-0.16058944030239353,76.3969905867524,242.754999035754,197.8811032591679,0.20367779917657122,5.426360910585692,-0.0026377157023371018,0.019269655648070903,2790546200.0,0.502819760884277,227.11744689941406,225.3723907470703,230.23863220214844,-0.002634239986928577,-0.016154835213841312,0.8708013043039178,-0.004266385548063467,0.5699996948242188,0
2025-08-26,226.22996704217394,228.84258604761433,224.05612439304167,228.6630859375,54575100,6465.93994140625,14.619999885559082,4.257999897003174,221.2294479370117,212.67531677246095,225.87804533043564,221.05060057609657,4.827444754339069,5.038018554137789,-0.21057379979871982,71.34754797270462,243.45595646489906,199.00293940912437,0.2009362563180618,4.881767268310235,0.009420124567184027,0.018933898839296075,2845121300.0,0.8834228733181205,226.5191650390625,224.26551818847656,229.90957641601562,0.00946463359101557,-0.005421655321830254,0.8781815760517518,0.004133995191134998,-0.1700000762939453,1
2025-08-27,227.96506627689797,230.24859923631865,227.6160475796746,229.8397674560547,31259500,6481.39990234375,14.850000381469727,4.23799991607666,222.31024017333985,213.31939331054687,226.48754104206935,221.70164997461197,4.785891067457385,4.987593056801709,-0.2017019893443237,66.4308339257324,243.96891129698537,200.65156904969433,0.1948508634308326,4.5290944320474535,0.005132723136336729,0.018614376874688903,2876380800.0,0.5119118855526198,228.6630859375,227.11744689941406,225.3723907470703,0.005145918125483151,0.01982220046641836,0.8858625702012238,0.0023909843081744153,0.23000049591064453,2
2025-08-28,230.16883391080088,232.7515235304584,228.692998228932,231.90391540527344,38074700,6501.85986328125,14.430000305175781,4.206999778747559,223.56794662475585,214.0601333618164,227.32082940563922,222.45737333984613,4.863456065793088,4.962765658599984,-0.09930959280689677,56.844139169927764,244.32463248357595,202.81126076593574,0.18568570470129908,3.9830198341787053,0.008940725237363131,0.018412686103072978,2914455500.0,0.6460671845595598,229.8397674560547,226.5191650390625,224.26551818847656,0.00898081290311703,0.034059615042457914,0.8849400895602231,0.0031567194195349924,-0.4200000762939453,3
2025-08-29,231.85405874294378,232.7216147258446,230.71727541448905,231.485107421875,39418400,6460.259765625,15.359999656677246,4.2270002365112305,225.06318740844728,214.7737713623047,227.96148756198318,223.12609438295937,4.835393179023811,4.93729116268475,-0.1018979836609395,60.39399054432955,243.3071459201194,206.81922889677514,0.16212299062985175,3.784296805199117,-0.0018075874774794432,0.017023177581912862,2875037100.0,0.7079170500175729,231.90391540527344,228.6630859375,227.11744689941406,-0.001805954775134011,0.01923084545942122,0.8478866483559371,-0.00639818429357164,0.9299993515014648,4
2025-09-02,228.60325464814514,230.19874691737337,226.3296880547272,229.07192993164062,44075600,6415.5400390625,17.170000076293945,4.2769999504089355,226.38945999145508,215.35109527587892,228.13232484962276,223.56652664582464,4.565798203798124,4.8629925709074255,-0.29719436710930136,50.14704275679461,241.29186143907822,211.48705854383195,0.1316527849678657,3.8868644264417247,-0.010479481927209851,0.01746032631501261,2830961500.0,0.8142463742051738,231.485107421875,229.8397674560547,226.5191650390625,-0.010424763463666054,0.011269531618385953,0.8382386615328695,-0.006922279936861564,1.8100004196166992,1
2025-09-03,236.5408165177042,238.17618932549604,233.69885053091846,237.79725646972656,66427800,6448.259765625,16.350000381469727,4.210999965667725,228.17341537475585,216.09296508789063,229.6192374065618,224.62065478092848,4.9985826256333326,4.890110581852607,0.10847204378072561,58.89890475425984,238.75919322031984,217.58763752919185,0.09278712709083779,4.156101944415787,0.037382388318206415,0.01866779247767878,2897389300.0,1.2024397864173204,229.07192993164062,231.90391540527344,228.6630859375,0.03808989840304622,0.0399459777024227,0.7555758953351263,0.0051000736279842585,-0.8199996948242188,2
2025-09-04,237.77731160532718,239.2232180033205,236.07214416452067,239.1035614013672,47549400,6502.080078125,15.300000190734863,4.176000118255615,229.50822677612305,216.8848663330078,231.0783641749934,225.69346267873874,5.384901496254656,4.989068764733017,0.3958327315216392,61.80837849753693,238.3046747529647,220.7117787992814,0.0766547509028708,4.077039861084255,0.00547832232513567,0.015904915327556033,2944938700.0,0.9109517611908388,237.79725646972656,231.485107421875,229.8397674560547,0.005493355773038333,0.04030544430081595,0.7466090576706546,0.008346486409699372,-1.0500001907348633,3
2025-09-05,239.32291694518142,240.63920029193574,237.81718240373485,239.0137939453125,54870400,6481.5,15.180000305175781,4.085999965667725,230.50088958740236,217.64987182617188,232.29919952427326,226.68015388367013,5.619045640603133,5.115064139907041,0.5039815006960922,64.19058066473971,238.85006742346252,222.1517117513422,0.07244377972688289,3.9267506913975034,-0.00037550386366705076,0.014782144462172343,2890068300.0,1.0880556179360308,239.1035614013672,229.07192993164062,231.90391540527344,-0.000375433370914946,0.030658725738260673,0.6610071761581475,-0.003165152978388819,-0.11999988555908203,4
2025-09-08,238.62490021245955,239.47249309970456,235.67324414176576,237.2089080810547,48999500,6495.14990234375,15.109999656677246,4.046000003814697,230.93914871215821,218.3899353027344,233.05453930223962,227.4600616019949,5.59447770024471,5.210946851974574,0.3835308482701354,61.787516901830045,239.7415506239557,222.13674680036073,0.07623135324508165,3.9837325479020325,-0.0075800439522243105,0.012124902797668011,2841068800.0,1.038409902716953,239.0137939453125,237.79725646972656,231.485107421875,-0.0075513878695669945,0.024726431531287396,0.6936934177888678,0.0021059789159529885,-0.07000064849853516,0
2025-09-09,236.33139119913957,238.1063683630383,232.70166073618753,233.68887329101562,66313900,6512.60986328125,15.039999961853027,4.073999881744385,231.29663772583007,219.05800445556642,233.1521291466667,227.92145506044088,5.230674086225832,5.214892298824827,0.01578178740100533,55.76862879544472,239.92566285191188,222.66761259974825,0.07461435852180714,4.119064596192812,-0.014950592233048619,0.012501115352302118,2774754900.0,1.398660351587052,237.2089080810547,239.1035614013672,229.07192993164062,-0.014839387013392713,0.02015499393903375,0.6747625844984688,0.0026881536531127015,-0.06999969482421875,1
2025-09-10,231.53498298240493,231.7643298806428,225.31258085277642,226.15020751953125,83440800,6532.0400390625,15.350000381469727,4.0320000648498535,231.1540428161621,219.4938235473633,232.07491043479973,227.790251538892,4.284658895907739,5.02884561824141,-0.7441867223336702,51.0875877804419,240.03334524277858,222.27474038954563,0.07682584581640414,4.3761927089616774,-0.032791215790723915,0.014451429975374783,2691314100.0,1.709741395897029,233.68887329101562,239.0137939453125,237.79725646972656,-0.03225941254848019,-0.04897890380698344,0.4805675829299837,0.002983469943562689,0.3100004196166992,2
2025-09-11,226.23995033725743,229.7998710451417,226.010588238333,229.3810577392578,50208600,6587.47021484375,14.710000038146973,4.011000156402588,230.98950805664063,219.94146881103515,231.6604715585625,227.9080890352154,3.7523825233471086,4.77355299926255,-1.021170475915441,56.751800267935614,239.87234962870255,222.1066664845787,0.0769112125203866,4.451693228180086,0.014185214680128478,0.014353123547108309,2741522700.0,1.0499569476371389,226.15020751953125,237.2089080810547,239.1035614013672,0.014286302255316352,-0.040662312201150574,0.34214153216025817,0.008485890387959882,-0.6400003433227539,3
2025-09-12,228.5733443098202,233.84841389514688,228.3739115767776,233.40966796875,55824200,6584.2900390625,14.760000228881836,4.060999870300293,231.05382614135743,220.37765106201172,231.92957869859134,228.31561340066241,3.613965297928928,4.541635458995826,-0.9276701610668976,58.05466909341781,239.98970406369995,222.11794821901492,0.07734888507646347,4.544287794296886,0.017410513088878223,0.014903911758169446,2797346900.0,1.1626391464179893,229.3810577392578,233.68887329101562,239.0137939453125,0.01756295951024689,-0.023446872601188606,0.3581183691307898,-0.00048276131466740146,0.05000019073486328,4
2025-09-15,236.33139853346725,237.5180438551372,234.36695488957946,236.03224182128906,42699500,6615.27978515625,15.6899995803833,4.033999919891357,231.3086051940918,220.84417297363282,232.56075764054484,228.887215505894,3.6735421346508303,4.368016794126826,-0.6944746594759961,61.577662105171285,240.51683652660586,222.10037386157774,0.07961857990356566,4.619075603335468,0.011173272269641253,0.015038003905784844,2840046400.0,0.9018205795331641,233.40966796875,226.15020751953125,237.2089080810547,0.011235926409398633,-0.00496046404531969,0.42233216209354313,0.004706619226962694,0.9299993515014648,0
2025-09-16,236.51088466190768,240.53949594661788,235.65332541334,237.4781494140625,63421100,6606.759765625,16.360000610351562,4.026000022888184,231.6705810546875,221.41132873535156,233.31727945185526,229.52358098057317,3.7936984712820845,4.253153129557878,-0.4594546582757939,60.91358360536815,241.26287668577984,222.07828542359513,0.08280978609733815,4.626197666100126,0.006107203194049533,0.015045048577190167,2903467500.0,1.303744211549078,236.03224182128906,229.3810577392578,233.68887329101562,0.006125890181851501,0.016215047253568038,0.482485332781849,-0.0012879303382402618,0.6700010299682617,1
2025-09-17,238.2958480596019,239.42266510979977,237.05934071942244,238.3157958984375,46508000,6600.35009765625,15.720000267028809,4.076000213623047,232.09089202880858,221.99404174804687,234.08628198209868,230.17485615967422,3.9114258224244622,4.184807668131195,-0.27338184570673274,60.58267838343365,242.0864927472893,222.09529131032787,0.08613522599792497,4.6069671470810745,0.0035210509004652986,0.015034196088847752,2949975500.0,0.9491307508832796,237.4781494140625,233.40966796875,226.15020751953125,0.003527257082143187,0.053794283508917795,0.5294061424901347,-0.0009701681605103207,-0.6400003433227539,2
2025-09-18,239.2930082114909,240.51953392817583,235.98236714862816,237.2089080810547,44249600,6631.9599609375,15.699999809265137,4.104000091552734,232.6827178955078,222.53210662841798,234.56668599732268,230.69589704273943,3.8707889545832472,4.122003925421605,-0.2512149708383582,56.7857095456806,242.40120631917014,222.96422947184547,0.08353425223463888,4.6411558240825945,-0.00465544610939042,0.014239263221634553,2905725900.0,0.9012155012096763,238.3157958984375,236.03224182128906,229.3810577392578,-0.004644626316983702,0.0341259667164624,0.5106644494229303,0.004789119185128365,-0.020000457763671875,3
2025-09-19,240.54944568604057,245.60514967420656,239.53233423145286,244.80740356445312,163741300,6664.35986328125,15.449999809265137,4.138999938964844,233.70981216430664,223.19684112548828,236.14218100765044,231.74119382212564,4.400987185524798,4.177800577442245,0.2231866080825533,64.39652619435978,244.00741669736774,223.41220763124554,0.08812299695676883,5.097720272782332,0.031530571933516646,0.015507673398119228,3069467200.0,2.9367520916839047,237.2089080810547,237.4781494140625,233.40966796875,0.03203292635537114,0.04883146313043518,0.5371529395283203,0.004885418870829605,-0.25,4
2025-09-22,247.5995237986898,255.9160073848096,247.42002368458668,255.35755920410156,105517400,6693.75,16.100000381469727,4.14300012588501,235.121817779541,224.09748016357423,239.0983930378737,233.49055422079053,5.607838817083177,4.463808225370432,1.1440305917127453,74.15687133490148,248.80225795236777,221.44137760671424,0.11636895548038043,5.522947733725808,0.04219296246145317,0.01760251092745825,3174984600.0,1.7912267956612606,244.80740356445312,238.3157958984375,236.03224182128906,0.043095737653501054,0.08187575237049427,0.6475910869947598,0.004410046474333074,0.6500005722045898,0
2025-09-23,255.15814081026073,256.6140134777918,252.86462630601793,253.71221923828125,60275200,6656.919921875,16.639999389648438,4.119999885559082,236.48147048950196,225.01581176757813,241.34667399178255,234.98845533319724,6.358218658585315,4.842690312013408,1.515528346571907,66.8141406032116,251.86162097929116,221.10131999971276,0.13007488881013168,5.140456860719984,-0.006464126391678221,0.017720133232800542,3114709400.0,0.9983883390616589,255.35755920410156,237.2089080810547,237.4781494140625,-0.006443278871197333,0.06836026752050062,0.6633026556668606,-0.005502159197012135,0.5399990081787109,1
2025-09-24,254.49999981420794,255.01853710208397,250.33178410429736,251.59820556640625,42303700,6637.97021484375,16.18000030517578,4.146999835968018,237.62822647094725,225.88210205078124,242.9238326955708,236.21880720232383,6.705025493246978,5.215157348260123,1.4898681449868558,62.979065772409506,253.94544659624907,221.31100634564544,0.1373340227096025,5.250148229219038,-0.008367236857623894,0.01796659024545232,3072405700.0,0.7079059146474008,253.71221923828125,244.80740356445312,238.3157958984375,-0.008332328960039437,0.05573449136216424,0.6677226475441931,-0.002846617843333288,-0.45999908447265625,2
2025-09-25,252.4956917858775,256.44452717224715,250.99992334214926,256.1453552246094,55202100,6604.72021484375,16.739999771118164,4.171999931335449,238.943505859375,226.81841827392577,244.95791308465365,237.69484779656722,7.2630652880864375,5.624738936225386,1.6383263518610516,66.28747369160145,256.78680158394667,221.10021013480332,0.14935158551723066,5.437475796497395,0.017911684479911448,0.018205466761529527,3127607800.0,0.905604791385795,251.59820556640625,255.35755920410156,237.2089080810547,0.018073060767529903,0.07983025298984159,0.6326723892199217,-0.0050090613431266195,0.5599994659423828,3
2025-09-26,253.38315498635407,256.87328100426123,253.06405044687503,254.73931884765625,46076300,6643.7001953125,15.289999961853027,4.186999797821045,240.08527603149415,227.7294024658203,246.46274474050023,238.957401207759,7.505343532741222,6.000859855528553,1.5044836772126686,66.79403674163765,258.9264364755545,221.2441155874338,0.15695390200929094,5.438188767886495,-0.005504333945722916,0.01834436675630006,3081531500.0,0.7509647771192908,256.1453552246094,253.71221923828125,244.80740356445312,-0.005489212856193304,0.0405703223782945,0.6430786207635757,0.005901836747171263,-1.4499998092651367,4
2025-09-29,253.84185736381545,254.28061851263055,252.29622703166862,253.71221923828125,40127700,6661.2099609375,16.1200008392334,4.140999794006348,241.19663162231444,228.59673645019532,247.57804850938962,240.0503506915014,7.527697817888225,6.306227448000487,1.2214703698877374,70.14444128553542,260.51789211697263,221.87537112765628,0.16021169420734696,5.22664478139627,-0.004040113676564628,0.01839275219539058,3041403800.0,0.6536349717522453,254.73931884765625,251.59820556640625,255.35755920410156,-0.004031963397017835,-0.006443278871197333,0.6477566088554149,0.00263554421636214,0.8300008773803711,0
2025-09-30,254.1410137555297,255.1980209495745,252.39595068950493,253.9116668701172,37704300,6688.4599609375,16.280000686645508,4.1479997634887695,242.4386184692383,229.44216247558595,248.55245133411694,241.07711485288033,7.47533648123661,6.5400492546477125,0.9352872265888976,82.76831792873432,261.6714897957376,223.20574714273897,0.15866177961197775,4.828486054384153,0.0007858087357872592,0.01807694086649471,3079108100.0,0.6173640611307378,253.71221923828125,256.1453552246094,253.71221923828125,0.0007861175643599783,0.0007861175643599783,0.6379076404738868,0.0040908483833717035,0.15999984741210938,1
2025-10-01,254.3205078449461,258.05994405161016,254.21081755391603,254.72935485839844,48713900,6711.2001953125,16.290000915527344,4.105999946594238,243.28522338867188,230.265693359375,249.50274418400642,242.08839189032614,7.414352293680281,6.714909862454227,0.6994424312260543,81.72736891561019,263.13850642317334,223.43194035417045,0.16320993735639988,4.854128509718744,0.0032151897222239072,0.016407663890813464,3127822000.0,0.8093711393981575,253.9116668701172,254.73931884765625,251.59820556640625,0.003220363988628794,0.012445038250345375,0.6947389962773054,0.003399920834961989,0.010000228881835938,2
2025-10-02,255.85613542550084,257.45162766856953,253.43299812845933,256.40460205078125,42630200,6715.35009765625,16.6299991607666,4.0879998207092285,244.15027542114257,231.1277099609375,250.56456847120253,243.14885190221167,7.4157165689908595,6.855071203761554,0.5606453652293055,80.58350312938865,264.73075428393724,223.56979655834786,0.16858861885201457,4.750137596985953,0.006555045573952552,0.016416470945921014,3170452200.0,0.7111981146248122,254.72935485839844,253.71221923828125,256.1453552246094,0.006576576905767517,0.0010121082459002562,0.7346326026925739,0.0006183547238911569,0.3399982452392578,3
2025-10-03,253.9515436206674,258.5086431914624,253.23357360959045,257.2920837402344,49155600,6715.7900390625,16.649999618530273,4.11899995803833,245.06418991088867,232.0152453613281,251.59957082028436,244.19649870502818,7.40307211525618,6.96467138606048,0.43840072919569995,79.643995882604,266.29728430623027,223.8310955155471,0.1732859819548703,4.83347286094915,0.0034552785601604428,0.016391288188038804,3219607800.0,0.8239890793235074,256.40460205078125,253.9116668701172,254.73931884765625,0.0034612549164674267,0.010021087063142975,0.7904904395684242,6.551280273581206e-05,0.020000457763671875,4
2025-10-06,257.2621712100349,258.3391414491699,254.33047806472084,255.96585083007812,44664100,6740.27978515625,16.3700008392334,4.1620001792907715,246.00203704833984,232.87386535644532,252.27130620640648,245.068302566143,7.203003640263489,7.012337836901082,0.1906658033624069,75.8649398467927,267.4303018390238,224.57377225765592,0.17421209228827034,4.770793778889951,-0.005167911774969734,0.01631272735252101,3174943700.0,0.7514290941744776,257.2920837402344,254.72935485839844,253.71221923828125,-0.005154581092728927,0.00888262929772532,0.8222135772225706,0.0036465919796933033,-0.279998779296875,0
2025-10-07,256.0854948355218,256.67382669789566,254.70938317067183,255.75643920898438,31955800,6714.58984375,17.239999771118164,4.126999855041504,247.10541534423828,233.7249105834961,252.80748051449538,245.86001639153864,6.947464122956745,6.999363094112216,-0.051898971155470264,74.83665896861123,268.1329437333367,226.07788695513986,0.17019075328483044,4.7423022886647015,-0.0008184581241036363,0.015754048235913816,3142987900.0,0.5536254848108062,255.96585083007812,256.40460205078125,253.9116668701172,-0.0008181232786117487,0.007265409902613262,0.8284541925884606,-0.0038114057910215715,0.8699989318847656,1
2025-10-08,255.79633660873378,257.7906945345413,255.38748958216482,257.3320007324219,36496900,6753.72021484375,16.299999237060547,4.129000186920166,248.6645050048828,234.66284759521486,253.50356054802253,246.70979300938183,6.793767538640708,6.958243983017915,-0.16447644437720665,78.27916537470692,267.677479054807,229.65153095495862,0.1529206916729097,4.589876443866757,0.006141500579785572,0.01308065641721276,3179484800.0,0.6591008108080043,255.75643920898438,257.2920837402344,254.72935485839844,0.006160398261371158,0.01021729857350051,0.7794366273305497,0.0058276636405680815,-0.9400005340576172,2
2025-10-09,257.082687156571,257.2721535801604,252.42586356688122,253.3233184814453,38322000,6735.10986328125,16.43000030517578,4.1479997634887695,249.8616180419922,235.5648355102539,253.47583099931836,247.19968378509023,6.276147214228132,6.821824629259959,-0.5456774150318271,63.310464700851476,266.64685107363164,233.0763850103527,0.1343562341681347,4.340583270465956,-0.01570047132154628,0.013836681012196962,3141162800.0,0.6995689715366776,257.3320007324219,255.96585083007812,256.40460205078125,-0.015577861438013874,-0.012017270925292034,0.7411861533465507,-0.002755570407195318,0.13000106811523438,3
2025-10-10,254.2207817432353,255.6567217403356,243.3116425485481,244.57806396484375,61999100,6552.509765625,21.65999984741211,4.051000118255615,250.42003784179687,236.32140106201172,252.10694376324534,247.00548972433123,5.101454038914113,6.4777505111907905,-1.3762964722766773,32.14407579488429,265.56353988179313,235.2765358018006,0.12094481073086641,4.428902939853886,-0.03513207354504185,0.016144698923278793,3079163700.0,1.1254517529074743,253.3233184814453,255.75643920898438,257.2920837402344,-0.034522106251509976,-0.04941473359991466,0.680254145691703,-0.02711167321141361,5.229999542236328,4
2025-10-13,248.6764678182016,248.98559082884384,244.86723728717817,246.96131896972656,38142900,6654.72021484375,19.030000686645508,4.051000118255615,250.96649169921875,237.22902160644531,251.31530917962706,247.00221781658274,4.313091363044322,6.044818681561497,-1.7317273185171755,39.08418334492123,264.6415068129251,237.2914765855124,0.108978812439198,4.475912917870046,0.009697183027240885,0.016105504646881996,3117306600.0,0.6952725064144676,244.57806396484375,257.3320007324219,255.96585083007812,0.00974435305541288,-0.035178645241740414,0.6675573742207757,0.015598671787557583,-2.6299991607666016,0
2025-10-14,245.90431694508948,248.14796941642882,244.00966795095763,247.07101440429688,35478000,6644.31005859375,20.809999465942383,4.021999835968018,251.44613494873047,238.11951232910155,250.6623407526532,247.00731386011714,3.655026892536057,5.56686032375641,-1.9118334312203533,42.17243056882016,263.7314869028872,239.16078299457376,0.09771756449278234,4.436737808418944,0.00044408201230031126,0.01608413276475329,3152784600.0,0.66359658011524,246.96131896972656,253.3233184814453,255.75643920898438,0.0004441806313149055,-0.03395975026689535,0.641773657130532,-0.0015643266604626893,1.779998779296875,1
2025-10-15,248.78616738422895,251.10959602979932,246.77186176083558,248.63658142089844,33893600,6671.06005859375,20.639999389648438,4.046000003814697,251.96217422485353,239.0498809814453,250.35068547084478,247.12800034610092,3.2226851247438617,5.098025283953901,-1.8753401592100394,35.52478695835062,262.6941113314841,241.23023711822293,0.08518689076760633,4.357675696909362,0.006316514957929752,0.016110354548950524,3186678200.0,0.6415295438024541,247.07101440429688,244.57806396484375,257.3320007324219,0.006336506208048043,-0.03379066453754065,0.5842302699802362,0.004026001159503689,-0.1700000762939453,2
2025-10-16,247.54966879270205,248.33743345063007,244.43847540742667,246.75192260742188,39777000,6629.06982421875,25.309999465942383,3.9760000705718994,252.43932495117187,239.7367727661133,249.7970296457028,247.1001427358284,2.6968869098743937,4.617797609137999,-1.9209106992636054,34.88110807138831,261.04792720317744,243.83072269916627,0.06820333760336827,4.385452515201188,-0.007608847967879364,0.016189069329248355,3146901200.0,0.756089445398498,248.63658142089844,246.96131896972656,253.3233184814453,-0.007579973963228515,-0.025940746052972474,0.6305767219616849,-0.006294387099829435,4.670000076293945,3
2025-10-17,247.3203043073955,252.66518358811555,246.57242016484557,251.5782470703125,49147000,6664.009765625,20.780000686645508,4.006999969482422,252.77786712646486,240.385126953125,250.07106309564276,247.43185416801242,2.639208927630335,4.222079872836466,-1.582870945206131,46.46862996417422,260.6212843524298,244.9344499004999,0.06205778468761975,4.646143344292786,0.019370592698148312,0.015219870463642782,3196048200.0,1.0483767406995947,246.75192260742188,247.07101440429688,244.57806396484375,0.019559419889786378,0.028621467485632657,0.6737728565581874,0.0052707155502571545,-4.529998779296875,4
2025-10-20,255.168106265739,263.63416054313814,254.90884523128253,261.50018310546875,90483000,6735.1298828125,18.229999542236328,3.9860000610351562,253.0849983215332,241.04625610351562,251.8293892510006,248.473952607824,3.3554366431766027,4.048751226904494,-0.6933145837278909,59.50060959511499,261.7877330866293,244.3822635564371,0.0687732170836904,5.307132145203933,0.03868092101339173,0.014736594577533742,3286531200.0,1.9615881399826827,251.5782470703125,248.63658142089844,246.96131896972656,0.039438767662544505,0.05887101751964807,0.6971432955493824,0.010672270853256949,-2.5500011444091797,0
2025-10-21,261.1412435480521,264.54162761794373,261.0913663387469,262.0287170410156,46695900,6735.35009765625,17.8700008392334,3.9630000591278076,253.5008232116699,241.75604858398438,253.3985166033106,249.47800923250486,3.920507370805751,4.023102455684746,-0.10259508487899449,59.205245152617366,263.08031946839424,243.9213269549456,0.07557763430792142,5.257273866468493,0.002019121064612679,0.014626410769906457,3333227100.0,1.0274474676861953,261.50018310546875,246.75192260742188,247.07101440429688,0.0020211608621845123,0.06054009480951317,0.7217136170270646,3.2696450934288634e-05,-0.3599987030029297,1
2025-10-22,261.9090191460537,262.1084670888602,254.70938662410154,257.72088623046875,45015300,6699.39990234375,18.600000381469727,3.953000068664551,253.80695724487305,242.33042419433593,254.06349654595033,250.08859271383554,3.9749038321147907,4.013462730970755,-0.038558898855963974,51.556611774556195,263.52082874346166,244.09308574628446,0.07654535245238889,5.498734646800527,-0.01657694178315752,0.015030844573259877,3288211800.0,0.9875233730405831,262.0287170410156,251.5782470703125,248.63658142089844,-0.016440300357890014,0.03653647728606835,0.7188494901506789,-0.005337539220865439,0.7299995422363281,2
2025-10-23,259.206686997747,259.8847613495841,257.28213901467177,258.8476867675781,32754900,6738.43994140625,17.299999237060547,3.990999937057495,253.94207382202148,242.85394287109375,254.79952581081614,250.73741449559424,4.062111315221898,4.023192447820984,0.038918867400914436,51.82927135615276,263.86580817646814,244.01833946757486,0.0781574648508369,5.307845557731982,0.004362643734738812,0.01453525999558341,3320966700.0,0.7366996407580236,257.72088623046875,261.50018310546875,246.75192260742188,0.004372173918809619,0.04901993886143052,0.8272844304023238,0.0058273934429324825,-1.3000011444091797,3
2025-10-24,260.4531458541269,263.3848541030092,258.44880663072195,262.07855224609375,38253700,6791.68994140625,16.3700008392334,3.996999979019165,254.30903549194335,243.45304779052734,255.91937603162808,251.57749877340902,4.341877258219057,4.086929409900598,0.2549478483184586,56.87989541786826,264.8786628415898,243.73940814229692,0.0831242769585455,5.374087278291853,0.012404469824879983,0.014695047485234284,3359220400.0,0.8680105952853544,258.8476867675781,262.0287170410156,251.5782470703125,0.012481724364091562,0.041737730897085656,0.8751192421076689,0.00790242258787388,-0.9299983978271484,4
2025-10-27,264.13276036080543,268.36078929414754,263.90339825112477,268.0516662597656,44888200,6875.16015625,15.789999961853027,3.996999979019165,255.02600784301757,244.19534790039063,257.7858822205723,252.7978074761021,4.988074744470225,4.267158476814524,0.720916267655701,62.24915068623094,267.2422918823026,242.80972380373254,0.09580422124479805,5.6825011012082784,0.022535469923743244,0.015361729185569228,3404108600.0,1.0130816679482095,262.07855224609375,257.72088623046875,261.50018310546875,0.022791311850895335,0.02505345532264691,0.9120454596748775,0.012290050865671143,-0.5800008773803711,0
2025-10-28,268.23113785786586,269.12862319727753,267.39351124836816,268.2411193847656,41534800,6890.89013671875,16.420000076293945,3.9830000400543213,255.74248046875,244.95539764404296,259.39438024583285,253.94175650637345,5.452623739459398,4.504251529343499,0.9483722101158989,61.17692413999249,269.29168387511737,242.1932770623826,0.10595974029447958,5.634780172389201,0.0007065287393462459,0.01536227264486524,3445643400.0,0.9333642995593605,268.0516662597656,258.8476867675781,262.0287170410156,0.0007067783895675639,0.023708860669563903,0.9272350243885699,0.0022879438603986557,0.630000114440918,1
2025-10-29,268.5203194424725,270.6443152614699,266.35642794866993,268.93914794921875,51086700,6890.58984375,16.920000076293945,4.058000087738037,256.45297012329104,245.73598907470702,260.86280604635374,255.05267439102866,5.81013165532508,4.765427554539816,1.044704100785264,67.16352728439996,271.2145064475738,241.69143379900828,0.11512080610480804,5.590619468622009,0.002598862988010724,0.015361897960720575,3496730100.0,1.1449607435083042,268.2411193847656,262.07855224609375,257.72088623046875,0.0026022429598195895,0.04352872552486109,0.9389032020666873,-4.3578255173426506e-05,0.5,2
2025-10-30,271.2226702585742,273.36662916750566,267.72259312931254,270.63433837890625,69886500,6822.33984375,16.90999984741211,4.0929999351501465,257.1644569396973,246.64122802734374,262.3661187129003,256.206871723464,6.159246989436269,5.044191441519107,1.1150555479171622,83.89103103022046,273.2302665393268,241.09864734006777,0.12494580153739365,5.111973529079553,0.006283466664280875,0.015358443826899259,3566616600.0,1.5198813437128587,268.93914794921875,268.0516662597656,258.8476867675781,0.006303249053230431,0.04553508574295839,0.9321790623594044,-0.00990481243951924,-0.010000228881835938,3
2025-10-31,276.2085891024436,276.53767519933945,268.40069127196034,269.6072692871094,86167100,6840.2001953125,17.440000534057617,4.10099983215332,257.780216217041,247.5480630493164,263.48014187816324,257.1994937652155,6.280648112947745,5.291482775804835,0.9891653371429099,80.53243757115578,274.7832978677292,240.77713456635286,0.1319192131980541,5.378363319320911,-0.00380226296753672,0.015425266662560208,3480449500.0,1.801448294425556,270.63433837890625,268.2411193847656,262.07855224609375,-0.0037950435186790976,0.028726948376706973,0.9366159402953524,0.0026179217059763005,0.5300006866455078,4
2025-11-03,269.65711516237894,270.08589475979994,265.49886601188945,268.29095458984375,50194600,6851.97021484375,17.170000076293945,4.105999946594238,258.3964714050293,248.371533203125,264.2202669107295,258.0210834559287,6.199183454800789,5.473022911604026,0.7261605431967624,77.70828584681153,276.0052970746189,240.78764573543964,0.1362930815102989,5.4104152680665765,-0.004894298833628012,0.015418379370358747,3430254900.0,1.0433591464320866,269.6072692871094,268.93914794921875,268.0516662597656,-0.004882341269010326,0.00089269480550902,0.9423364381566941,0.0017207127269924793,-0.2700004577636719,0
2025-11-04,267.5730004152706,270.72408938596277,266.86501191822913,269.2781982421875,49274800,6771.5498046875,19.0,4.089000225067139,259.07255935668945,249.2267138671875,264.99841019249226,258.85494381046635,6.143466382025906,5.607111605688402,0.5363547763375038,77.36644895194699,277.2826568016686,240.8624619117103,0.1405791295704738,5.37622549655014,0.0036729963281676823,0.015402480973641589,3479529700.0,1.0061297080527458,268.29095458984375,270.63433837890625,268.2411193847656,0.0036797500454424092,0.003866218795240961,0.9228226706129072,-0.011736830084583816,1.8299999237060547,1
2025-11-05,267.8522167164328,270.9335263776032,266.17696342424256,269.3779296875,43683100,6796.2900390625,18.010000228881836,4.1570000648498535,259.6748558044434,250.0410107421875,265.67218242249345,259.63442424580217,6.037758176691284,5.6932409198889795,0.3445172568023045,81.48760344618165,278.43120055916495,240.9185110497218,0.14446023044176953,5.416115277970773,0.00037029726863190167,0.01538621847491653,3523212800.0,0.8854578929584134,269.2781982421875,269.6072692871094,268.93914794921875,0.00037036583712879434,0.001631527955774148,0.918806108949678,0.0036535556982648654,-0.9899997711181641,2
2025-11-06,267.1342708755924,272.6287059365568,267.1342708755924,269.0089416503906,51204000,6720.31982421875,19.5,4.0929999351501465,260.4591369628906,250.82439422607422,266.1855299960161,260.32883294243834,5.856697053577761,5.725932146626736,0.1307649069510255,77.69317669419003,279.40800677590136,241.5102671498799,0.14550359057444395,5.373377537806088,-0.0013707172835239541,0.014828013160217472,3472008800.0,1.0245305885528455,269.3779296875,268.29095458984375,270.63433837890625,-0.0013697782796735503,-0.0060058776659743796,0.8874403875385368,-0.011178189042419073,1.489999771118164,3
2025-11-07,269.03885049148494,271.5218466038475,266.0173996929098,267.7126159667969,48227400,6728.7998046875,19.079999923706055,4.0929999351501465,261.6158645629883,251.54056823730468,266.4204662992131,260.87577983313156,5.544686466081544,5.689683010517698,-0.14499654443615473,63.5966289117968,279.2625581398467,243.96917098612988,0.13490537820660092,4.905415640528379,-0.0048305427121975416,0.01200580202569364,3423781400.0,0.9784532889154215,269.0089416503906,269.2781982421875,269.6072692871094,-0.004818894404181151,-0.007027456363926321,0.8387051465055727,0.0012618418007710464,-0.4200000762939453,4
2025-11-10,268.46122924118225,273.22240319845355,266.96401085683,268.93035888671875,41312400,6832.43017578125,17.600000381469727,4.110000133514404,262.7143165588379,252.28947326660156,266.8066036203678,261.4724153185825,5.334188301785332,5.618584068771225,-0.2843957669858934,64.66269442481376,279.2181707010613,246.2104624166145,0.12564107170403999,5.105996430701718,0.004538380514148896,0.011943953015996397,3465093800.0,0.835473296135933,267.7126159667969,269.3779296875,268.29095458984375,0.00454869456011342,0.0023832495502971174,0.8298285877361716,0.01540101862170995,-1.4799995422363281,0
2025-11-11,269.3096487524697,275.3983427074405,269.2996575494418,274.73956298828125,46208300,6846.60986328125,17.280000686645508,4.119999885559082,264.0977439880371,253.20282592773438,268.0270589077391,262.4551669978194,5.571891909919714,5.609245637000923,-0.03735372708120899,83.98831276161593,279.69401835898077,248.50146961709345,0.11810986444208421,5.039489527556226,0.021371148071028613,0.01249587704235758,3511302100.0,0.9244541523592904,268.93035888671875,269.0089416503906,269.2781982421875,0.02160114657791201,0.020281496169184177,0.8114583515111727,0.002075350517340535,-0.31999969482421875,1
2025-11-12,274.49002155435767,275.2186787593472,271.19615348009904,272.9628601074219,48398000,6850.919921875,17.510000228881836,4.065000057220459,265.3140579223633,253.90613800048828,268.78641293845953,263.2335146355677,5.552898302891833,5.597976170179105,-0.04507786728727137,77.47642209966281,279.5700798953756,251.05803594935102,0.10746525898136855,5.140911166437356,-0.006487862890758322,0.012766535147841733,3462904100.0,0.9544142843859948,274.73956298828125,267.7126159667969,269.3779296875,-0.006466862149501096,0.01330818164680636,0.8010975579727099,0.0006295171887717999,0.22999954223632812,2
2025-11-13,273.6016697208788,276.1868935731559,271.5854266195937,272.44384765625,49602800,6737.490234375,20.0,4.111999988555908,266.59865417480466,254.57294372558593,269.349095202735,263.9157615259886,5.433333676746372,5.565047671492559,-0.13171399474618717,72.55863318526706,278.19393048539365,255.00337786421568,0.08698675802756409,5.1170125579569925,-0.001903213145158224,0.012539507175978432,3413301300.0,0.968787184997146,272.9628601074219,268.93035888671875,269.0089416503906,-0.0019014031834500011,0.012768742870723715,0.653406691273166,-0.01655685496159698,2.489999771118164,3
2025-11-14,270.54732197227213,275.44821996704485,269.10002929321837,271.9048156738281,47431300,6734.10986328125,19.829999923706055,4.1479997634887695,267.61498260498047,255.23076416015624,269.7422829675186,264.50754331471745,5.2347396528011245,5.498986067754272,-0.2642464149531474,60.98386782473136,277.0240913621949,258.20587384776604,0.07031825098599183,5.121723531226471,-0.001980466546235507,0.012150232393222266,3365870000.0,0.9279305505179092,272.44384765625,274.73956298828125,267.7126159667969,-0.00197850671637112,0.015659328163866615,0.46686948223704117,-0.0005017255648851471,-0.1700000762939453,4
2025-11-17,268.3214829895084,269.98836893107386,265.237217022597,266.9639892578125,45018300,6672.41015625,22.3799991607666,4.132999897003174,267.88817291259767,255.8258657836914,269.31485316602533,264.6895022734652,4.625350892560107,5.324259032715439,-0.6989081401553321,47.135376380151826,276.856704643154,258.91964118204135,0.06695728021917886,5.474044009963738,-0.018338285065585238,0.010066835021946495,3320851700.0,0.9217146628494527,271.9048156738281,272.9628601074219,268.93035888671875,-0.018171161859606544,-0.007311817219321615,0.410508792606552,-0.00916226617680782,2.549999237060547,0
2025-11-18,269.48932037088264,270.2079864201871,264.8279974843966,266.9440612792969,45677300,6617.31982421875,24.690000534057617,4.123000144958496,268.1339401245117,256.490969543457,268.9501159526825,264.8565066442676,4.093609308414898,5.078129087855331,-0.9845197794404328,45.38458823114124,276.68612371610556,259.58175653291784,0.06379038466836787,5.552051268748779,-7.464947758260898e-05,0.010066937478409086,3275174400.0,0.9361833822751031,266.9639892578125,272.44384765625,274.73956298828125,-7.464669137968727e-05,-0.028374150501640272,0.35501196479716657,-0.008256436690967983,2.3100013732910156,1
2025-11-19,265.0375710636542,271.7051756343288,265.00762791735707,268.06195068359375,40424500,6642.16015625,23.65999984741211,4.132999897003174,268.65099334716797,257.32920440673826,268.81347514205345,265.09394694347696,3.7195281985764836,4.806408909999561,-1.0868807114230776,43.8857520876009,275.6643770977098,261.63760959662613,0.052211857943727694,5.62730210294725,0.0041789849317348,0.009199756652701147,3315598900.0,0.8324403922577659,266.9440612792969,271.9048156738281,272.9628601074219,0.0041877290655560895,-0.017954491764555103,0.2519194661620166,0.0037538357962292324,-1.0300006866455078,2
2025-11-20,270.327749378444,274.91922505965954,265.42688147061517,265.7562561035156,45823600,6538.759765625,26.420000076293945,4.105999946594238,268.99642181396484,258.05670837402346,268.3431337515092,265.14300688125763,3.2001268702515517,4.48515250204996,-1.2850256317984083,41.37110472288247,274.4933901182427,263.499453509687,0.04087019646736791,5.724113507351912,-0.008638554808404069,0.009476739634278366,3269775300.0,0.9310925742565205,268.06195068359375,266.9639892578125,272.44384765625,-0.008601349703672212,-0.024546678555106505,0.33474807949740093,-0.015567283563270418,2.760000228881836,3
2025-11-21,265.4568071090486,272.8230952896135,265.17732758833057,270.98651123046875,59030800,6602.990234375,23.43000030517578,4.063000202178955,269.4418197631836,258.8082452392578,268.7498072098107,265.57585905527327,3.1739481545374133,4.222911632547451,-1.0489634780100374,55.138587342255235,273.9295829481557,264.9540565782115,0.0333115563791579,5.9425948611642285,0.01948948732721377,0.010029327780270433,3328806100.0,1.1746552121260663,265.7562561035156,266.9440612792969,271.9048156738281,0.019680647235321702,-0.003377301137839961,0.355609924832557,0.009823035415319481,-2.989999771118164,4
2025-11-24,270.397615191446,276.4863089537433,270.397615191446,275.4083251953125,65585800,6705.1201171875,20.520000457763672,4.038000106811523,269.8096527099609,259.5957669067383,269.7741945921956,266.30418988046137,3.470004711734248,4.0723302483848105,-0.6023255366505627,60.33290054958735,274.972795901849,264.64650951807283,0.03827248684418523,6.101853167918774,0.016185769721398423,0.009415833325839429,3394391900.0,1.2787596777100878,270.98651123046875,268.06195068359375,266.9639892578125,0.016317468883471742,0.03163099248320389,0.29167089507737276,0.015467217001293498,-2.9099998474121094,0
2025-11-25,274.75953066216096,279.8600705608694,274.73957871594786,276.4563903808594,46914200,6765.8798828125,18.559999465942383,4.001999855041504,270.2204162597656,260.3753317260742,270.8022247135285,267.0562047323427,3.746019981185839,4.007068194945016,-0.2610482137591772,61.56177442010932,276.11367766029747,264.32715485923376,0.04361818016642091,6.127848088744555,0.0037982730766835957,0.009430017188858537,3441306100.0,0.9099380643872409,275.4083251953125,265.7562561035156,266.9440612792969,0.003805495657415614,0.0356341664091564,0.3316648307212884,0.009061696817220577,-1.960000991821289,1
2025-11-26,276.44637611579356,279.01161742605893,276.1170014953278,277.0352783203125,33431400,6812.60986328125,17.190000534057617,3.997999906539917,270.62522277832034,261.1497213745117,271.76115603764913,267.7953953684886,3.965760669160545,3.998806689788122,-0.03304602062757667,63.02072864632583,277.2185742503895,264.03187130625116,0.04872680679487177,5.942146722299319,0.0020917682533082623,0.009427612163534457,3474737500.0,0.6597242298491104,276.4563903808594,270.98651123046875,268.06195068359375,0.002093957526739132,0.03347482779199207,0.42390388492232484,0.006906711511012631,-1.3699989318847656,2
2025-11-28,276.7458380127342,278.4826014787427,275.4781737009374,278.3328857421875,20135600,6849.08984375,16.350000381469727,4.017000198364258,271.01015014648436,261.9722009277344,272.77219137680885,268.5759502109848,4.196241165824063,4.03829358499531,0.15794758082875227,67.2280214693707,278.4502682971844,263.57003199578435,0.05490656454511788,5.7635739270755755,0.004672971434540764,0.009391259257755353,3494873100.0,0.417861441191983,277.0352783203125,275.4083251953125,265.7562561035156,0.0046839067924580036,0.04732392690606346,0.49036343203985,0.005354773163420257,-0.8400001525878906,4
2025-12-01,277.4944549964911,282.89442609469603,275.62792768573877,282.57501220703125,46587700,6812.6298828125,17.239999771118164,4.0960001945495605,271.65853729248045,262.72755310058596,274.28031765838153,269.6129177662475,4.6673998921340285,4.164114846423054,0.5032850457109745,70.15634298079524,280.6767386875516,262.6403358974093,0.0663936534809635,5.835581503313697,0.0151262172065036,0.009784674421562127,3541460800.0,1.008210755233449,278.3328857421875,276.4563903808594,270.98651123046875,0.01524119743713337,0.04276412476747482,0.5267799647996868,-0.005323329342915684,0.8899993896484375,0
2025-12-02,282.47518456741903,286.86701880065203,282.10587559562896,285.6592712402344,53669500,6829.3701171875,16.59000015258789,4.085999965667725,272.526953125,263.3335873413086,276.0309259017435,270.8015365420984,5.229389359645097,4.377169749067463,0.8522196105776345,67.54333409491386,283.3451133885089,261.7087928614911,0.07939148872769977,5.713664316478075,0.010855696011275954,0.009804822166261868,3595130300.0,1.1571181431433373,282.57501220703125,277.0352783203125,275.4083251953125,0.010914832876105063,0.03722090113888954,0.6130092602673768,0.002457235261999813,-0.6499996185302734,1
2025-12-03,285.6692634925469,288.0847586222564,282.77461708045536,283.623046875,43538700,6849.72021484375,16.079999923706055,4.057000160217285,273.24419555664065,263.93180389404296,277.1989445130137,271.75127804823927,5.447666464774443,4.591269092208859,0.856397372565584,66.98476047662531,285.0155699670112,261.4728211462701,0.0861601058817767,5.805636906660425,-0.007153684504557431,0.010068954219450591,3551591600.0,0.9445379766476947,285.6592712402344,278.3328857421875,276.4563903808594,-0.007128157809805358,0.025923280283980832,0.6616780559068584,0.0029797912994984355,-0.5100002288818359,2
2025-12-04,283.5731318378766,284.20196835267484,278.07334059490756,280.179443359375,43989100,6857.1201171875,15.779999732971191,4.107999801635742,273.7842712402344,264.50342864990233,277.6574827970693,272.37558658980487,5.281896207264424,4.729394515219972,0.5525016920444523,61.274336251696845,285.7974305083266,261.77111197214214,0.08775638727289185,5.914719821246503,-0.012215789741831256,0.010594894336680085,3507602500.0,0.9539924010857822,283.623046875,282.57501220703125,277.0352783203125,-0.012141479874668626,0.011349330879900421,0.714135621220701,0.0010803218396737702,-0.3000001907348633,3
2025-12-05,280.01974631085085,280.6186397013617,277.53434330937836,278.26300048828125,47265800,6870.39990234375,15.40999984741211,4.138999938964844,274.2469741821289,264.94578155517576,277.75063936494803,272.81169132302534,4.938948041922686,4.771305220560515,0.167642821362171,58.909107391636404,286.1984052071218,262.29554315713597,0.08715816143922826,5.681584515400565,-0.00686355564689062,0.010755904024902228,3460336700.0,1.0294504082393843,280.179443359375,285.6592712402344,278.3328857421875,-0.006840055245008081,-0.00025108514834637496,0.7226370444160227,0.001936641757662061,-0.36999988555908203,4
2025-12-08,277.6142094762677,279.15136205700173,275.6378704438954,277.3746643066406,38211800,6846.509765625,16.65999984741211,4.171999931335449,274.7300765991211,265.39848846435547,277.69279704828534,273.14968932181165,4.543107726473693,4.725665721743151,-0.18255799526945804,66.45637339132398,286.34577551469624,263.11437768354597,0.08456081008214081,5.456291155534509,-0.003197540392983899,0.010709891119004864,3422124900.0,0.8414315377070077,278.26300048828125,283.623046875,282.57501220703125,-0.003192433705098474,-0.018403424491690523,0.7341790189168437,-0.003477255626794018,1.25,0
2025-12-09,277.64414811825674,279.5106752769474,276.40645748061854,276.66595458984375,32193300,6840.509765625,16.93000030517578,4.185999870300293,275.11685638427736,265.85756317138674,277.5348212854482,273.41015341573996,4.124667869708219,4.605466151336165,-0.4807982816279459,65.04009691622468,286.43065901338525,263.80305375516946,0.08224725142471837,5.293736074144387,-0.0025583326534953568,0.010730980856480924,3389931600.0,0.7160926834574188,277.3746643066406,280.179443359375,285.6592712402344,-0.002555062909471051,-0.0314826702852834,0.8012470183285364,-0.0008763589340257116,0.2700004577636719,1
2025-12-10,277.23491184461454,279.2312028389952,275.92734368017386,278.26300048828125,33038300,6886.68017578125,15.770000457763672,4.164000034332275,275.2930282592773,266.34458984375,277.6468488551148,273.7696235692615,3.877225285853285,4.459817978239589,-0.5825926923863038,65.55082064833078,286.6915070035301,263.89454951502455,0.08280978865558063,5.051329748562218,0.005755873046479309,0.009723600450657595,3422969900.0,0.7458126582027022,276.66595458984375,278.26300048828125,283.623046875,0.005772469911612843,-0.01889848672657779,0.815776456970916,0.00674955693920154,-1.1599998474121094,2
2025-12-11,278.5824273392719,279.07150890817053,273.3022288840155,277.514404296875,33248000,6901.0,14.850000381469727,4.140999794006348,275.52060546875,266.8002908325195,277.6264727692318,274.0470147342699,3.579458034961874,4.283745989584046,-0.7042879546221723,68.81787021471335,286.9049368908053,264.13627404669467,0.08263869341232659,4.785396636784408,-0.0026938721785778564,0.009613668586891964,3389721900.0,0.7636040512722638,278.26300048828125,277.3746643066406,280.179443359375,-0.002690246960942222,-0.0095119007681147,0.8380971407256498,0.002079350841514227,-0.9200000762939453,3
2025-12-12,277.38464634485007,278.70220580092337,276.30666253778065,277.7639465332031,39532900,6827.41015625,15.739999771118164,4.193999767303467,275.78661041259767,267.227477722168,277.6476225790735,274.3223430156724,3.325279563401125,4.092052704347463,-0.7667731409463379,62.90386494818884,287.11673074499004,264.4564900802053,0.08216584783026014,4.410380605488679,0.0008988005844432756,0.009592182099582269,3429254800.0,0.9185709311634684,277.514404296875,276.66595458984375,278.26300048828125,0.0008992046267306542,-0.0017934614167259832,0.8391377627781544,-0.010663649289958,0.8899993896484375,4
2025-12-15,279.63046152672615,279.63046152672615,272.33402020742307,273.6016540527344,50409100,6816.509765625,16.5,4.182000160217285,275.87145233154297,267.553669128418,277.0251658827136,274.2689586480474,2.756207234666249,3.82488361041122,-1.068676375744971,46.525864851383474,287.10417677888586,264.6387278842001,0.08143448227360164,4.496648288131951,-0.015098408555415868,0.010231514260885761,3378845700.0,1.1672478889999451,277.7639465332031,278.26300048828125,277.3746643066406,-0.01498499906996098,-0.01360257708950352,0.8242248836052488,-0.0015965630269072495,0.7600002288818359,0
2025-12-16,272.3140798989353,274.9891026980292,271.2859911871425,274.1007385253906,37648600,6800.259765625,16.479999542236328,4.14900016784668,276.22828979492186,267.9163668823242,276.575253981587,274.25649789822097,2.318756083366054,3.523658105002187,-1.204902021636133,45.37250190639253,286.6970185408505,265.75956104899325,0.07579765818845591,4.395406835700892,0.0018224664254049999,0.009242799028335046,3416494300.0,0.8792745073310633,273.6016540527344,277.514404296875,276.66595458984375,0.0018241281266524467,-0.009271889156929558,0.8098708391090818,-0.0023839179519623555,-0.020000457763671875,1
2025-12-17,274.50001118897205,275.6478724530811,271.13626563598973,271.33587646484375,50138700,6721.43017578125,17.6200008392334,4.151000022888184,276.44788055419923,268.2279556274414,275.7691959020881,274.0401555698227,1.7290403322654129,3.1647345504548325,-1.4356942181894197,39.689466094564665,286.2603028037978,266.63545830460066,0.07098931075128852,4.510906184726626,-0.010138247658845124,0.009590076396677645,3366355600.0,1.1649090736316436,274.1007385253906,277.7639465332031,278.26300048828125,-0.010087028861802017,-0.024894161319622632,0.7816460330588331,-0.011592143912241393,1.1400012969970703,2
2025-12-18,273.1025913325419,273.12257373871984,266.4549687260805,271.68524169921875,51630700,6774.759765625,16.8700008392334,4.116000175476074,276.6290451049805,268.5150204467773,275.1408952554928,273.86571750533346,1.2751777501593438,2.7868231903957352,-1.5116454402363915,37.54679314058866,285.90890151947815,267.34918869048283,0.0670924227134281,4.772561701500487,0.001286746577224654,0.009558448833056992,3417986300.0,1.184158318651009,271.33587646484375,273.6016540527344,277.514404296875,0.001287574790797219,-0.02100490103360697,0.7352936672748267,0.007934262269941872,-0.75,3
2025-12-19,271.6453053723066,274.09077415448866,269.399477884542,273.1625061035156,144632000,6834.5,14.90999984741211,4.151000022888184,276.99935760498045,268.91180419921875,274.83652769365017,273.81362777186547,1.022899921784699,2.434038536673528,-1.411138614888829,30.32965771465379,284.9479618071787,269.0507534027822,0.05739077715503922,4.588618691571156,0.005422681951884745,0.009352542956421711,3562618300.0,2.979547439721806,271.68524169921875,274.1007385253906,277.7639465332031,0.005437411303821804,-0.0165660104096248,0.5567796353468188,0.008818059450332205,-1.960000991821289,4
2025-12-22,272.3539780142796,273.37210596231955,270.00836035897595,270.4674987792969,36571800,6878.490234375,14.079999923706055,4.169000148773193,276.97340698242186,269.4295928955078,274.1643693991343,273.5657663650085,0.5986030341257447,2.0669514361639716,-1.468348402038227,17.727036979409775,285.0075951950958,268.9392187697479,0.058014148724276834,4.48880457716548,-0.009914939859583293,0.008638929408875999,3526046500.0,0.7712535046864472,273.1625061035156,271.33587646484375,273.6016540527344,-0.009865948891234266,-0.011455176630011943,0.31690149926553834,0.006436496360377575,-0.8299999237060547,0
2025-12-23,270.3377490962612,271.99467443806464,269.06012395403746,271.85491943359375,29642000,6909.7900390625,14.0,4.169000148773193,276.7957366943359,269.92746490478515,273.8090694044357,273.4390369626815,0.37003244175423333,1.7275676372820241,-1.3575351955277908,24.291447771940582,285.12731208445615,268.4641613042157,0.060200171358280354,4.319119501610203,0.005116600880012278,0.007860437196388173,3555688500.0,0.6497380837877613,270.4674987792969,271.68524169921875,274.1007385253906,0.005129713035979311,-0.00819340766420018,0.17658744228458356,0.004550388765703239,-0.07999992370605469,1
2025-12-24,271.8349404799371,274.9192064044749,271.69521595033444,273.3022155761719,17910600,6932.0498046875,13.470000267028809,4.136000156402588,276.6380279541016,270.4520889282227,273.7310918923951,273.42890204516226,0.302189847232853,1.44249207927219,-1.140302232039337,33.540423480604474,285.1147955633863,268.16126034481687,0.06128418187459846,4.111645408494001,0.005309660095674185,0.007912538722738486,3573599100.0,0.4054806652648508,271.85491943359375,273.1625061035156,271.33587646484375,0.005323781322749355,0.007246882118748799,0.07940508154897348,0.0032214822012188726,-0.5299997329711914,2
2025-12-26,273.65157518449314,274.859322715931,272.35396775197984,272.8929748535156,21521800,6929.93994140625,13.600000381469727,4.136000156402588,276.43091278076173,270.937216796875,273.6021508094906,273.3892037346699,0.21294707482070407,1.196583078381893,-0.9836360035611889,36.14834920030165,285.06772175783726,267.7941038036862,0.06248801112866428,4.0702924493488455,-0.0014985148401437073,0.007889576226044933,3552077300.0,0.49389339954745526,273.3022155761719,270.4674987792969,271.68524169921875,-0.0014973926274014504,0.004445339565532835,0.004162175065375934,-0.00030436354912266594,0.13000011444091797,4
2025-12-29,272.1843267483383,273.8512128461511,271.8449608988494,273.2523498535156,23715200,6905.740234375,14.199999809265137,4.116000175476074,276.1768859863281,271.46722534179685,273.54833527780215,273.37906641013996,0.16926886766219695,0.9911202362379538,-0.8218513685757568,39.06843798758263,284.87678190943825,267.47699006321795,0.06300234642765021,3.9626324732199407,0.0013160418504418513,0.007803296977696813,3575792500.0,0.5420024966415098,272.8929748535156,271.85491943359375,273.1625061035156,0.001316908213532919,0.00032890220287384864,-0.034570724930662766,-0.00349205148036813,0.5999994277954102,0
2025-12-30,272.304089543875,273.5717234473003,271.77507361210075,272.5735778808594,22139600,6896.240234375,14.329999923706055,4.130000114440918,275.6768142700195,271.8871319580078,273.3983726013494,273.3194005931562,0.0789720081932046,0.808690590629004,-0.7297185824357993,39.13056870001929,283.9684114602555,267.38521707978356,0.06015447626374933,3.8692347617107066,-0.002487138437606135,0.006830126083930841,3553652900.0,0.5205352393323909,273.2523498535156,273.3022155761719,270.4674987792969,-0.0024840480713893553,0.0077868102861449184,-0.005938730904262774,-0.0013756671519022934,0.13000011444091797,1
2025-12-31,272.553621806917,273.17246717497864,271.24605357156486,271.3558349609375,27293600,6845.5,14.949999809265137,4.163000106811523,274.9616424560547,272.08424499511716,273.08413604128606,273.17395128706596,-0.08981524577990285,0.6289894233472226,-0.7188046691271255,31.2771948632936,282.00074040053437,267.922544511575,0.051200581154549264,3.7708457934673083,-0.004477584501558454,0.006162513155785831,3526359300.0,0.662247734848562,272.5735778808594,272.8929748535156,271.85491943359375,-0.00446757506501283,-0.0018358485978332562,0.08195851168081045,-0.007357666300846111,0.619999885559082,2
2026-01-02,271.75509761912826,277.32473598417806,268.5011336129586,270.5074157714844,37838100,6858.47021484375,14.510000228881836,4.186999797821045,274.3058609008789,272.2538189697266,272.6877175382396,272.9764301377636,-0.28871259952398987,0.44544901877298015,-0.73416161829697,31.108843929209073,280.31596632562616,268.2957554761316,0.043820466722867775,3.9890116754004827,-0.0031314907649584198,0.0060699364050610756,3488521200.0,0.9244915835034468,271.3558349609375,273.2523498535156,273.3022155761719,-0.003126592761770741,-0.010226041522552354,0.11330902083238913,0.0018947067188299638,-0.4399995803833008,4
2026-01-05,270.1381104139889,271.0064921177503,265.6464557026853,266.7643737792969,45647200,6902.0498046875,14.899999618530273,4.164999961853027,273.635107421875,272.43468872070315,271.77643388301766,272.5162778149142,-0.7398439318965302,0.20839042863907808,-0.9482343605356083,25.045418039823872,279.8751031505352,267.39511169321474,0.045608151581513,4.200761186252079,-0.013933739398968666,0.006226769629956705,3442874000.0,1.1130353702398512,270.5074157714844,272.5735778808594,272.8929748535156,-0.013837114156417418,-0.022457892430204462,0.008444380433619543,0.006354126864826393,0.3899993896484375,0
2026-01-06,266.504853430471,267.0538212812338,261.6338984265986,261.8734436035156,52352100,6944.81982421875,14.75,4.178999900817871,272.81562957763674,272.49520385742187,270.2528969169404,271.727919725181,-1.475022808240567,-0.12829221873685093,-1.346730589503716,24.24389053904801,280.6082280847647,265.0230310705088,0.057127214589517125,4.066724153061516,-0.018504426184870557,0.007138093132429331,3390521900.0,1.2686568068401487,266.7643737792969,271.3558349609375,273.2523498535156,-0.018334270451824564,-0.041642482694476235,-0.23082755600360577,0.006196712678341321,-0.14999961853027344,1
2026-01-07,262.71190159101934,263.1909919246956,259.32817380451803,259.8471984863281,48309800,6920.93017578125,15.380000114440918,4.138000011444092,271.9392562866211,272.45057678222656,268.65202023530776,270.84786630008074,-2.1958460647729794,-0.5418029879440767,-1.6540430768289027,20.66567181427412,281.34783707337095,262.5306754998713,0.06919619414442535,4.078131768010861,-0.007767587254826069,0.007216280361014421,3342212100.0,1.1565483627626754,261.8734436035156,270.5074157714844,272.5735778808594,-0.007737497507594893,-0.04668970299129249,-0.3051698168646649,-0.003439923431013958,0.630000114440918,2
2026-01-08,256.5433578451618,258.80916773471864,255.22581364132833,258.55963134765625,50419300,6921.4599609375,15.449999809265137,4.183000087738037,271.03394012451173,272.2607360839844,267.0993450218229,269.9376266739752,-2.838281652152318,-1.0010987207857251,-1.837182931366593,22.003637871310303,281.89921415248443,260.168666096539,0.08017648286396344,4.085973055718605,-0.004967410582383972,0.007223987478375494,3291792800.0,1.1812786523208747,259.8471984863281,266.7643737792969,271.3558349609375,-0.004955093401707855,-0.047156544892883234,-0.3486947153984501,7.65482590914246e-05,0.06999969482421875,3
2026-01-09,258.5995368285105,259.7274461787287,255.74485516422806,258.8890075683594,39997000,6966.27978515625,14.489999771118164,4.171000003814697,270.06524047851565,272.0736938476563,265.8362161828285,269.1192104439296,-3.2829942611011234,-1.457477828848805,-1.8255164322523183,21.93525069106535,281.6477122314104,258.4827687256209,0.08577536103774296,3.8941863415658418,0.0012730781005779077,0.0069912660514079,3331789800.0,0.9295163445050599,258.55963134765625,261.8734436035156,270.5074157714844,0.0012738888084979916,-0.04295042400220128,-0.4816533566244453,0.006475487031883276,-0.9600000381469727,4
2026-01-12,258.6794199598783,260.8154357257053,256.32378048041085,259.76739501953125,45263800,6977.27001953125,15.119999885559082,4.186999797821045,269.1778900146484,271.8902587890625,264.90255138847505,268.42648337545563,-3.5239319869805854,-1.8707686604751612,-1.6531633265054242,19.82922996765241,281.0724939141285,257.2832861151684,0.08837727273092713,3.8799262683764004,0.0033871684089656568,0.0071632484801296996,3377053600.0,1.0374301853316799,258.8890075683594,259.8471984863281,266.7643737792969,0.0033929113461488303,-0.02622905997768077,-0.5992175159853559,0.001577633215136931,0.630000114440918,0
2026-01-13,258.24022168851656,261.3244878277737,257.9108470550362,260.5658874511719,45730800,6963.740234375,15.979999542236328,4.171000003814697,268.3179870605469,271.6888897705078,264.23537232119764,267.84421701069385,-3.608844689496209,-2.218383866279371,-1.3904608232168378,25.614566203593753,280.0849807646179,256.5509933564759,0.08770931709036524,3.8834902090473924,0.003069160037768495,0.007246232832783292,3422784400.0,1.0407416013303417,259.76739501953125,258.55963134765625,261.8734436035156,0.003073874731586601,-0.004993084194987785,-0.61658534913687,-0.0019391230550597216,0.8599996566772461,1
2026-01-14,259.0087756526009,261.33447181199796,256.23393227813756,259.4779052734375,40019400,6926.60009765625,16.75,4.139999866485596,267.611799621582,271.4863024902344,263.50345431384994,267.2244902153415,-3.7210359014915753,-2.518914273321812,-1.2021216281697633,19.061902131957382,279.7335596474263,255.4900395957377,0.09059211920390023,4.038203712606909,-0.004184200562639289,0.0066924884703693345,3382765000.0,0.9216577975157473,260.5658874511719,258.8890075683594,259.8471984863281,-0.004175458991876879,-0.0014211937440228306,-0.6015980014437293,-0.005333360445499591,0.7700004577636719,2
2026-01-15,260.1666175851947,260.5559089501236,256.5732877053955,257.73114013671875,39388600,6944.47021484375,15.84000015258789,4.159999847412109,266.79331970214844,271.27510620117187,262.61540597890667,266.5212790984065,-3.9058731194998586,-2.7963060425574215,-1.109567076942437,11.652013402137797,279.2755089524185,254.3111304518784,0.09357197747084012,4.092391626220311,-0.0067546064536927915,0.006665558485596522,3343376400.0,0.9053163772589038,259.4779052734375,259.76739501953125,258.55963134765625,-0.0067318453757286845,-0.0032042558485223527,-0.5846737382655688,0.0025799262171273263,-0.9099998474121094,3
2026-01-16,257.4217372195352,258.41988279267105,254.45724364888233,255.05613708496094,72142800,6940.009765625,15.859999656677246,4.230999946594238,265.9793327331543,270.9906649780273,261.45244153368424,265.67200931963276,-4.219567785948527,-3.080958391235643,-1.1386093947128844,10.482189932137643,279.3087550241928,252.6499104421158,0.10022900767565529,4.1964833533515655,-0.01043328271118352,0.006682309362460841,3271233600.0,1.6172502388007974,257.73114013671875,260.5658874511719,258.8890075683594,-0.0103790448074641,-0.014805072333503255,-0.6310791502299564,-0.0006423023039563436,0.01999950408935547,4
2026-01-20,252.26132447540706,254.31750190322293,242.9685916985444,246.2425079345703,80267500,6796.85986328125,20.09000015258789,4.295000076293945,264.7071960449219,270.52795654296875,259.11245174920515,264.2327869948133,-5.120335245608146,-3.4888337621101435,-1.6315014834980026,6.4671304291368585,280.392035116566,249.02235697327777,0.11850708485448447,4.916575741859769,-0.03516681140302266,0.009710183929511824,3190966100.0,1.7434239462729813,255.05613708496094,259.4779052734375,259.76739501953125,-0.03455564430294322,-0.05206537596430849,-0.1414883975186964,-0.02062675805627745,4.2300004959106445,1
2026-01-21,248.23880604127606,251.09350304772093,244.72532928784554,247.1907501220703,54641700,6875.6201171875,16.899999618530273,4.252999782562256,263.4086082458496,270.09159271240236,257.278343806569,262.97041389312864,-5.6920700865596245,-3.9294810270000404,-1.7625890595595841,9.441757881663264,280.3926524203979,246.42456407130135,0.1289558779999809,5.2431131650509,0.0038434513252299496,0.009627754703787019,3245607800.0,1.3153795073185568,246.2425079345703,257.73114013671875,260.5658874511719,0.0038508468560267684,-0.05133111421428094,0.041700436853200344,0.011587741323274559,-3.190000534057617,2
2026-01-22,248.737864640942,250.53452965267718,247.68980878155546,247.8894500732422,39708300,6913.35009765625,15.640000343322754,4.249000072479248,262.2797058105469,269.69512939453125,255.83389861682642,261.85330546202596,-6.019406845199541,-4.347466190639941,-1.6719406545595996,11.871524377394039,280.26041046355505,244.29900115753875,0.1371109106397747,5.344353588421835,0.002822574664753265,0.00970616834561611,3285316100.0,0.9522954155960579,247.1907501220703,255.05613708496094,259.4779052734375,0.002826561879143208,-0.04466066267948099,0.07369639245977928,0.005487502192628835,-1.2599992752075195,3
2026-01-23,246.86136630134166,248.94748685874615,244.22624741136653,247.58001708984375,41689000,6915.60986328125,16.09000015258789,4.238999843597412,261.0659606933594,269.26812255859375,254.5640706895983,260.7960248418643,-6.231954152266013,-4.724363782965156,-1.507590369300857,12.083161317087587,279.5940892522917,242.53783213442705,0.1419421245858624,5.051327665290417,-0.0012490498169329728,0.009480867280017367,3243627100.0,0.9855599824207248,247.8894500732422,246.2425079345703,257.73114013671875,-0.0012482700788880585,-0.039386482523959376,0.07322713686661035,0.0003268698377891788,0.4499998092651367,4
2026-01-26,251.01363570547153,256.08421686766076,249.336758511775,254.9363555908203,55969200,6950.22998046875,16.149999618530273,4.2129998207092285,260.1476676940918,268.8720584106445,254.62134528978632,260.3619752677129,-5.740629977926602,-4.927617021957445,-0.8130129559691568,32.527275456754865,277.92770225100213,242.36763313718149,0.13669186208363707,5.2759107626298425,0.029280096957102087,0.011992232839019587,3299596300.0,1.266193000705386,247.58001708984375,247.1907501220703,255.05613708496094,0.0297129735567756,-0.0004696279631206668,0.01780926903685268,0.005006083031276365,0.05999946594238281,0
2026-01-27,258.68937090303496,261.46421404872183,257.73112933459527,257.791015625,49648300,6978.60009765625,16.350000381469727,4.2230000495910645,259.392569732666,268.5686215209961,255.10898687981918,260.17153381269713,-5.06254693287795,-4.954603004141546,-0.1079439287364039,43.5832716953655,276.14666260432676,242.63847686100524,0.12917943554765496,5.355049020006007,0.011135311634926056,0.012426869348599396,3349244600.0,1.0885621093087525,254.9363555908203,247.8894500732422,246.2425079345703,0.011197539980376536,0.04689892004145069,-0.02362779396483549,0.004081896177137168,0.20000076293945312,1
2026-01-28,257.17220993748055,258.3799575946877,254.03803333601454,255.96446228027344,41288000,6978.02978515625,16.350000381469727,4.250999927520752,258.5281753540039,268.23903381347657,255.24059847988906,259.85989888436944,-4.619300404480384,-4.887542484209314,0.26824207972893,43.85859310400755,274.00677243202523,243.04957827598255,0.11974398579053458,5.389270887041407,-0.007110624097650485,0.012421161366128306,3307956600.0,0.8881488126806862,257.791015625,247.58001708984375,247.1907501220703,-0.007085403423770176,0.03549369122376311,-0.022810958364114488,-8.172305219089626e-05,0.0,2
2026-01-29,257.52154586161765,259.16847988830324,253.93820707645818,257.801025390625,67253000,6969.009765625,16.8799991607666,4.2270002365112305,257.7895477294922,267.9569580078125,255.63451031230994,259.70738973668466,-4.072879424374719,-4.724609872242396,0.6517304478676769,48.820579926610066,271.7849010577391,243.7941944012453,0.10857968021987235,5.4327628846732114,0.007149452337149825,0.012638053094444853,3375209600.0,1.3797362205633072,255.96446228027344,254.9363555908203,247.8894500732422,0.007175070687510443,0.039983852941116726,0.03103934632224936,-0.001292631274007694,0.529998779296875,3
2026-01-30,254.69678984095313,261.41430490835,251.7123292610244,258.9988098144531,92443400,6939.02978515625,17.440000534057617,4.241000175476074,257.171696472168,267.7976544189453,256.1520948511012,259.6549023350379,-3.5028074839366923,-4.480249394581255,0.9774419106445631,50.16622331210344,269.6546571300724,244.68873581426354,0.09707880633167093,5.841290358446423,0.004635398415236556,0.012737741644605281,3467653000.0,1.7777281204841497,257.801025390625,257.791015625,247.58001708984375,0.0046461584937966816,0.046121625076330997,0.25062149557418045,-0.004301899620894223,0.5600013732910156,4
2026-02-02,259.5478036352127,269.98839826257677,258.7293169184304,269.5093078613281,73913400,6976.43994140625,16.34000015258789,4.275000095367432,257.12179107666014,267.8489593505859,258.2070506988284,260.3848582999483,-2.1778076011198664,-4.019761035888978,1.8419534347691116,61.41791567947442,269.3863389738097,244.85724317951056,0.09539874349656291,6.324677936935844,0.039779460893500804,0.015833476105451896,3541566400.0,1.3737367955136945,258.9988098144531,255.96446228027344,254.9363555908203,0.04058126002356821,0.05716309953805809,0.570579595581163,0.00539126612916796,-1.1000003814697266,0
2026-02-03,268.70080609664296,271.3758289780004,267.11372779647115,268.98028564453125,64394700,6917.81005859375,18.0,4.27400016784668,257.2325866699219,267.86732604980466,259.8644714597058,261.02155662176926,-1.1570851620634812,-3.4472258611238784,2.290140699060397,59.92470523528624,269.8974146409631,244.56775869888065,0.09846985667716047,6.385282251849541,-0.001964837922112354,0.015509341017836992,3477171700.0,1.176330680617197,269.5093078613281,257.801025390625,257.791015625,-0.0019629088916998105,0.04340442195940564,0.5806229464963003,-0.008403983020698336,1.6599998474121094,1
2026-02-04,271.7850411492978,278.432693698261,271.7850411492978,275.97723388671875,90545700,6882.72021484375,18.639999389648438,4.275000095367432,257.93777618408205,268.0717456054688,262.34335798693854,262.1293845673211,0.21397341961744587,-2.714986004975614,2.9289594245930597,67.08000068237865,273.02885596117153,242.8466964069926,0.11701333554430146,6.696130003268782,0.025680287047938025,0.015816632547194454,3567717400.0,1.598287853220959,268.98028564453125,258.9988098144531,255.96446228027344,0.02601286642781786,0.0781857427713224,0.31429120502324687,-0.005072391906223106,0.6399993896484375,2
2026-02-05,277.6142303156022,278.98168486317746,272.72332314901723,275.3983459472656,52977400,6798.39990234375,21.770000457763672,4.210000038146973,258.71533355712893,268.1599822998047,264.3518176731427,263.11227059546513,1.239547077677571,-1.9240793884449772,3.1636264661225484,68.74215730075173,275.7038867655124,241.7267803487455,0.1313300837241026,6.858682893942507,-0.0020997961220096443,0.015670769685712457,3514740000.0,0.9313059587784597,275.97723388671875,269.5093078613281,257.801025390625,-0.002097593092373451,0.06825931173073041,-0.02635424294309182,-0.012251015567674717,3.1300010681152344,3
2026-02-06,276.6060720438839,280.3890519626743,276.4164219647768,277.6042175292969,50453400,6932.2998046875,20.3700008392334,4.205999851226807,259.6675628662109,268.2039001464844,266.39064842024334,264.18574814611935,2.204900274123986,-1.0982834559311845,3.3031837300551707,74.16048775144165,278.638636952477,240.69648877994481,0.1461181664499281,6.932116241915359,0.00797784107081465,0.015595605300572024,3565193400.0,0.8869092057784261,275.3983459472656,268.98028564453125,258.9988098144531,0.008009748840153375,0.07183588113077688,-0.013558237461257188,0.0196957966973359,-1.3999996185302734,4
2026-02-09,277.6541982366954,277.9439398399519,271.4499228389202,274.3672180175781,44623400,6964.81982421875,17.360000610351562,4.197999954223633,260.44147338867185,268.16211669921876,267.61781297367946,264.93993109956074,2.677881874118725,-0.3430503899212025,3.020932264039928,84.22621622976664,280.5099236748306,240.37302310251314,0.15411101791924986,6.532578500102155,-0.011729000497211482,0.015962352216699054,3520570000.0,0.7812481124631443,277.6042175292969,275.97723388671875,269.5093078613281,-0.01166048390953256,0.01802501811458601,0.04457017038902135,0.004691086716887227,-3.010000228881836,0
2026-02-10,274.6369782150198,275.11651686144285,272.68876099546605,273.4280700683594,34376900,6941.81005859375,17.790000915527344,4.146999835968018,261.12450714111327,268.0899725341797,268.5116986805533,265.5686821342866,2.9430165462667333,0.3141629973163847,2.6288535489503486,81.93643577810062,282.0096286129914,240.23938566923513,0.15996293645920928,6.251120079109398,-0.003428831498793266,0.01602412211902434,3486193100.0,0.6076475934198805,274.3672180175781,275.3983459472656,268.98028564453125,-0.003422959769044165,0.01653572644987844,0.06783904320530999,-0.003303712975458173,0.43000030517578125,1
2026-02-11,274.44714753122867,279.92208361183503,274.1973776592452,275.24639892578125,51931300,6941.47021484375,17.649999618530273,4.171999931335449,261.85853271484376,268.0282427978516,269.54780641058835,266.28555004476766,3.26225636582069,0.9037816710172459,2.3584746948034443,82.41572271893108,283.6722624353363,240.04480299435127,0.16660698045113553,6.476136794314312,0.006628103245317512,0.016049783924001464,3538124400.0,0.912937029314337,273.4280700683594,277.6042175292969,275.97723388671875,0.006650117732854843,-0.002648171193851079,0.09060843851624047,-4.895607156218951e-05,-0.1400012969970703,2
2026-02-12,275.3363333447182,275.46621856633783,259.94051360693726,261.4891052246094,81077200,6832.759765625,20.81999969482422,4.104000091552734,261.95909271240237,267.6065246582031,268.30800622813007,265.93025783586705,2.3777483922630154,1.1985750152663999,1.1791733769966155,62.498080479463326,283.7451392555571,240.1730461692476,0.16633166894552529,7.247884330887238,-0.05127407257936166,0.020069707333841648,3457047200.0,1.375666690307866,275.24639892578125,274.3672180175781,275.3983459472656,-0.04998173910671744,-0.05050589782888404,0.08865560868433137,-0.01566101212770199,3.1700000762939453,3
2026-02-13,261.7688319830923,261.9886306947134,255.21485759663088,255.5445556640625,56290700,6836.169921875,20.600000381469727,4.056000232696533,261.84976348876955,267.00423034667966,266.3443984490427,265.1609465638815,1.1834518851612188,1.1955503892453636,-0.012098504084144812,50.56072765312005,283.7468087539328,239.9527182236063,0.1672489214686832,7.1242824251919155,-0.022995839415095466,0.020692745864979066,3400756500.0,0.9416031794979624,261.4891052246094,273.4280700683594,277.6042175292969,-0.022733450234726726,-0.07946443343536858,0.13603859868339016,0.0004990891480125548,-0.2199993133544922,4
2026-02-17,257.8124646511843,266.0449008431299,255.30478047881587,263.6371154785156,58469100,6843.22021484375,20.290000915527344,4.052000045776367,262.27881240844727,266.60451171875,265.92789337665397,265.0480701871877,0.8798231894662649,1.132404949289544,-0.25258175982327913,54.91508385392453,283.9504888879256,240.60713592896894,0.1652567836530309,7.425158275649951,0.03117681438621338,0.02170087041557243,3459225600.0,0.9893570146441306,255.5445556640625,275.24639892578125,274.3672180175781,0.03166790148756515,-0.03910854444124967,0.14089131507795372,0.0010313220779065713,-0.3099994659423828,1
2026-02-18,263.35737977838915,266.57441720150126,262.20844437502524,264.106689453125,34203300,6881.31005859375,19.6200008392334,4.078999996185303,263.172021484375,266.283056640625,265.6477081576495,264.9783382809608,0.6693698766886769,1.0397979347693707,-0.3704280580806938,57.00538864941378,283.4911285982184,242.85291437053166,0.15441692471135074,7.426876030493012,0.0017795532383034164,0.019899197279023506,3493428900.0,0.6022251657588088,263.6371154785156,261.4891052246094,273.4280700683594,0.0017811375828364895,-0.034090796211610375,-0.01795898213785743,0.005566070147410729,-0.6700000762939453,2
2026-02-19,262.35827847824623,264.2365527856389,259.81060750150084,260.3401184082031,30845300,6861.89013671875,20.229999542236328,4.074999809265137,263.82948989868163,265.92459899902343,264.83115588850393,264.6347664385343,0.19638944996961527,0.8711162378094196,-0.6747267878398043,52.11435901892887,282.7758817918446,244.8830980055187,0.14362603589491782,7.369424064228225,-0.014364224365880748,0.020295301059634258,3462583600.0,0.5547211988839144,264.106689453125,255.5445556640625,275.24639892578125,-0.014261551090285374,-0.05415613274416542,-0.06448953547596895,-0.0028221256867719813,0.6099987030029297,3
2026-02-20,258.73163460792017,264.5063132392292,257.9223826043077,264.3364562988281,42070500,6909.509765625,19.09000015258789,4.085999965667725,264.65184020996094,265.66383483886716,264.7550482593231,264.6126693911487,0.14237886817437584,0.7253687638824109,-0.582989895708035,54.24683837519534,282.04956741790255,247.25411300201932,0.13147633656459118,7.146706563342216,0.015233823534795543,0.020491539161084916,3504654100.0,0.7549912819014571,260.3401184082031,263.6371154785156,261.4891052246094,0.015350449692731916,0.010888985496252168,-0.0690023963208298,0.006939724763506794,-1.1399993896484375,4
2026-02-23,263.24744081710827,269.1819753311392,263.13755670993424,265.9349670410156,37308200,6837.75,21.010000228881836,4.0289998054504395,265.56958770751953,265.44921508789065,264.93657422573733,264.71061736521295,0.22595686052437713,0.6254863832108042,-0.39952952268642705,46.68616646238848,281.00085052342104,250.13832489161805,0.11621257500987986,6.7742306545606885,0.00602904668779855,0.02047276331328302,3541962300.0,0.6721699218003997,264.3364562988281,264.106689453125,255.5445556640625,0.006047257970275721,0.040659881600499936,-0.07116608605687647,-0.010385652247284827,1.9200000762939453,0
2026-02-24,267.61343657617186,274.6369951599546,267.46358073991865,271.8895263671875,47014600,6890.06982421875,19.549999237060547,4.0329999923706055,266.41724624633787,265.3217456054688,266.00625917057585,265.2423884023963,0.7638707681795722,0.6531632602045578,0.11070750797501439,52.45066535320121,281.23966093625563,251.5948315564201,0.11127218600715126,7.091368292947097,0.022144036649487702,0.020059215599796006,3588976900.0,0.8539353924222056,265.9349670410156,260.3401184082031,263.6371154785156,0.02239103564464129,0.0313021589304423,-0.028008222334103394,0.0076516140863223114,-1.460000991821289,1
2026-02-25,271.5298429675081,274.6869380517792,270.8005039088116,273.97760009765625,33714300,6946.1298828125,17.93000030517578,4.047999858856201,267.2265754699707,265.2510095214844,267.2326193132036,265.8894411205637,1.3431781926399253,0.7911662466916314,0.552011945948294,48.16369677511928,281.83184280869824,252.62130813124318,0.10930999144109287,6.693798727892656,0.007650520846136862,0.02000188720162056,3622691200.0,0.6213507670242864,271.8895263671875,264.3364562988281,264.106689453125,0.007679860855135612,0.03737470892907169,0.09679070517226555,0.008136355657339944,-1.6199989318847656,2
2026-02-26,274.6969199809464,275.8558253670768,270.55071567552415,272.6987609863281,32345100,6908.85986328125,18.6299991607666,4.017000198364258,268.06329040527345,265.1497058105469,268.073564185992,266.3938351846944,1.6797290012975736,0.9688787976128199,0.7108502036847537,47.5523833134853,281.846182125681,254.2803986848659,0.10283311601204176,6.625709297706401,-0.0046786052410885525,0.019944207290687802,3590346100.0,0.6010698806384274,273.97760009765625,265.9349670410156,260.3401184082031,-0.0046676776162442035,0.04747114141949926,0.24246664885101743,-0.005365580569328343,0.6999988555908203,3
2026-02-27,272.5588900215503,272.5588900215503,262.6480379442022,263.93682861328125,72366500,6878.8798828125,19.860000610351562,3.9619998931884766,268.3700805664063,264.9564093017578,267.43714332865187,266.21183469792305,1.2253086307288186,1.0201647642360196,0.20514386649279892,38.924908489222716,281.44621144811356,255.29394968469902,0.09744849987829904,6.987139085329064,-0.032657957379533524,0.021454909348642887,3517979600.0,1.3384294877841365,272.6987609863281,271.8895263671875,264.3364562988281,-0.03213044438249635,-0.0015118144925688748,0.4003955907260977,-0.00433935281103115,1.230001449584961,4
2026-03-02,262.16844722421786,266.2846497598317,259.960490133898,264.476318359375,41827900,6881.6201171875,21.440000534057617,4.047999858856201,268.64395599365236,264.7639208984375,266.981631794917,266.0832779321047,0.8983538628123142,0.9958025839512786,-0.09744872113896441,41.61870099886165,281.1088136096974,256.1790983776073,0.09279834768618106,6.975006415679208,0.002041924719824955,0.02144073361038848,3559807500.0,0.8116021273464371,263.93682861328125,273.97760009765625,265.9349670410156,0.0020440108677830526,-0.00548498265523556,0.5104431367656872,0.0003983547353176853,1.5799999237060547,0
2026-03-03,263.23749216234586,265.31556422164516,259.8905695547566,263.5072326660156,38568900,6816.6298828125,23.56999969482422,4.056000232696533,268.3438522338867,264.60734802246094,266.4471088520091,265.89245976424627,0.5546490877628116,0.9075718847135853,-0.35292279695077367,41.59759563542075,281.0083991470663,255.6793053207071,0.09439043829587176,7.189094901458619,-0.0036708976244395467,0.01941513704051211,3521238600.0,0.7749393110980823,264.476318359375,272.6987609863281,271.8895263671875,-0.003664168116717992,-0.030829777862982355,0.5637428983801703,-0.009444031095625416,2.1299991607666016,1
2026-03-04,264.4063951364299,265.9050144519466,261.179387723623,262.2783508300781,39803100,6869.5,21.149999618530273,4.079999923706055,268.0087554931641,264.4192102050781,265.8057614640197,265.6247479913449,0.18101347267480605,0.7622602023058295,-0.5812467296310234,38.906006630231204,280.9539478031923,255.0635631831358,0.0966027567734326,7.0627815575191875,-0.004674468498819032,0.019430745688764735,3481435500.0,0.8199953688290884,263.5072326660156,263.93682861328125,273.97760009765625,-0.0046635601744375865,-0.042701480936427116,0.5677100101144223,0.007756049264286302,-2.4200000762939453,2
2026-03-05,260.54995479568396,261.3192350446657,257.01320478174756,260.0504150390625,49658600,6830.7099609375,23.75,4.145999908447266,267.21241455078126,264.15696838378904,264.92032355248784,265.211834439324,-0.2915108868361358,0.5515059844774364,-0.8430168713135722,48.46676766145887,280.05273653130496,254.37209257025756,0.0961057292349979,6.329884492442758,-0.008530831338801404,0.01841335468055047,3431776900.0,1.0680122078570362,262.2783508300781,264.476318359375,272.6987609863281,-0.008494547048829904,-0.04638211740133191,0.6188010767149247,-0.005646704863891072,2.6000003814697266,3
2026-03-06,258.39192833924307,258.53178361058343,254.13584003818684,257.2229919433594,41120000,6740.02001953125,29.489999771118164,4.132999897003174,266.30364685058595,263.8920782470703,263.736118689545,264.62006832851176,-0.8839496389667829,0.2644148597885926,-1.1483644987553756,51.9160330288295,279.2765967826974,253.33069691847444,0.09742975798893341,6.268513199785127,-0.01093213459894777,0.01849705659104402,3390656900.0,0.8957939186006095,260.0504150390625,263.5072326660156,263.93682861328125,-0.010872595974432131,-0.025437286282464777,0.8377567245667183,-0.013276795812569242,5.739999771118164,4
2026-03-09,255.45463216869055,260.9095975388004,253.44647267699952,259.6407775878906,38218500,6795.990234375,25.5,4.136000156402588,265.4054748535156,263.6477954101563,263.1060662123674,264.2512319773547,-1.1451657649872686,-0.017501265166579683,-1.127664499820689,44.75890112704918,277.5447496314802,253.266200075551,0.09147719944107854,6.034442092462762,0.009355669414157603,0.018544222791660493,3428875400.0,0.8438306646674764,257.2229919433594,262.2783508300781,264.476318359375,0.009399570490431275,-0.01828345464531822,0.8440086645468238,0.008304161513105202,-3.989999771118164,0
2026-03-10,257.4128391437035,262.2384104290217,256.71350175461305,260.58990478515625,30590800,6781.47998046875,24.93000030517578,4.136000156402588,264.7166091918945,263.39354919433595,262.7189644543349,263.9800225557103,-1.2610581013753972,-0.2662126324083432,-0.9948454689670541,45.44511673573155,276.2638177330402,253.16940065074886,0.08724204028146212,6.117223224457951,0.003648874557014285,0.01849704187020698,3459466200.0,0.6860455832737535,259.6407775878906,260.0504150390625,263.5072326660156,0.0036555398041986376,-0.011071149172428796,0.8174975895021469,-0.0021351198877325173,-0.5699996948242188,1
2026-03-11,260.8496568052655,261.888707997661,259.3110658747261,260.5699157714844,26218900,6775.7998046875,24.229999542236328,4.208000183105469,264.0737014770508,263.1470880126953,262.3883415800502,263.7274220531751,-1.3390804731248522,-0.480786200551645,-0.8582942725732072,50.32961953238675,274.9934520845264,253.15395086957523,0.08270229520317875,5.985201570086297,-7.670972662595488e-05,0.018504093040968658,3433247300.0,0.5934275705069967,260.58990478515625,257.2229919433594,262.2783508300781,-7.670678451010549e-05,-0.0065138241611889525,0.7886582800002603,-0.0008376012017449197,-0.7000007629394531,2
2026-03-12,258.4219063383753,258.71164792954545,253.94601921584928,255.52456665039062,40794000,6672.6201171875,27.290000915527344,4.2729997634887695,263.0876098632813,262.7925323486328,261.3323762062564,263.1198031344503,-1.787426928193895,-0.742114346080095,-1.0453125821138,37.72955974842767,273.2980847004645,252.877135026098,0.0776203397985131,5.988056278708697,-0.0195526595655038,0.018755525493822017,3392453300.0,0.9351001225780239,260.5699157714844,259.6407775878906,260.0504150390625,-0.01936274610273292,-0.017403734533521287,0.7666251335558779,-0.015227676506708532,3.0600013732910156,3
2026-03-13,255.24483747003174,256.0940459350445,249.29033192864068,249.8897705078125,36930000,6632.18994140625,27.190000534057617,4.284999847412109,262.5076431274414,262.3388562011719,259.57197532957275,262.1398007176623,-2.5678253880895454,-1.1072565544819852,-1.4605688336075602,29.915017713874875,274.29618396105894,250.71910229382385,0.08981483886085924,6.042291663365759,-0.02229865363447962,0.01577017926012231,3355523300.0,0.8916431452428255,255.52456665039062,260.58990478515625,257.2229919433594,-0.022051876328148423,-0.028509198886706222,0.8322246644002813,-0.006059115470564369,-0.10000038146972656,4
2026-03-16,251.87794235419486,253.6563027081548,249.6499992581203,252.58729553222656,32074200,6699.3798828125,23.510000228881836,4.21999979019165,262.3597801208496,261.96348541259766,258.49740920690414,261.43220774096335,-2.9347985340592118,-1.4727649503974307,-1.462033583661781,23.69281473911613,274.58225718218586,250.13730305951339,0.09317340528114675,5.706882758444012,0.010737011185857437,0.015231385795783103,3387597500.0,0.7977249783558074,249.8897705078125,260.5699157714844,259.6407775878906,0.010794859745288043,-0.027166310782120506,0.888353291539487,0.010130883162251969,-3.6800003051757812,0
2026-03-17,252.72716690012706,254.89516767044782,251.94787083452104,253.99598693847656,32361600,6716.08984375,22.3700008392334,4.202000141143799,261.87772369384766,261.6332568359375,257.80488270406914,260.8813765704088,-3.0764938663396606,-1.7935107335858769,-1.2829831327537837,22.25304005305658,274.63679785594496,249.11864953175035,0.09744298966805978,5.639801522226812,0.005561553592463054,0.013385422891104429,3419959100.0,0.8318810623130626,252.58729553222656,255.52456665039062,260.58990478515625,0.005577047742174601,-0.02530381156597783,0.8966563929688725,0.0024942548757938,-1.1399993896484375,1
2026-03-18,252.3974721128864,254.70534343896443,248.7708084606242,249.70994567871094,35757900,6624.7001953125,25.09000015258789,4.258999824523926,261.15788650512695,261.29216827392577,256.55950777709097,260.05386317102375,-3.4943553939327785,-2.133679665655257,-1.3606757282775215,20.53777634370752,274.96859627693533,247.34717673331858,0.1057652131944118,5.684760471283066,-0.017018440434935896,0.01377064284916909,3384201200.0,0.9173527226978219,253.99598693847656,249.8897705078125,260.5699157714844,-0.01687444479508171,-0.04167775877203517,0.9151260377647492,-0.013607567880073446,2.719999313354492,2
2026-03-19,249.17043241392184,251.5982036354298,247.0723745163624,248.73085021972656,34864100,6606.490234375,24.059999465942383,4.281000137329102,260.5774230957031,261.02931640625,255.35509892211184,259.21512147092767,-3.8600225488158344,-2.4789482422873723,-1.381074306528462,25.655801900458712,275.46661611536854,245.68823007603768,0.11427845776337288,5.290125191064599,-0.003928637969992818,0.013504647125164972,3349337100.0,0.8898355644029532,249.70994567871094,252.58729553222656,255.52456665039062,-0.003920930967820313,-0.026587331776827705,0.939210652127175,-0.002748797741878972,-1.0300006866455078,3
2026-03-20,247.7517334570195,248.97061168291066,245.77356028907465,247.76173400878906,88331100,6506.47998046875,26.780000686645508,4.390999794006348,259.74868698120116,260.78760711669923,254.1868889354468,258.36672239965816,-4.179833464211356,-2.819125286672169,-1.3607081775391867,23.6036965191513,275.572678173064,243.92469578933833,0.12184077906817727,5.066760317343336,-0.0039038546496206693,0.012860979705550245,3261006000.0,2.128798027349641,248.73085021972656,253.99598693847656,249.8897705078125,-0.0038962445152316283,-0.00851590080978093,0.941187883998417,-0.015138182356779217,2.720001220703125,4
2026-03-23,253.73622734962268,254.3656523266213,250.0496214753341,251.25851440429688,40546100,6581.0,26.149999618530273,4.334000110626221,259.0148643493652,260.641584777832,253.73636977680835,257.84018847407583,-4.103818697267485,-3.0760639687912326,-1.0277547284762525,32.08651331351703,274.9914054953408,243.03832320338958,0.12336389408467377,5.150969149553599,0.014014812591042392,0.01328093236086101,3301552100.0,0.9733717021911492,247.76173400878906,249.70994567871094,252.58729553222656,0.014113480475494988,-0.00526068076832531,0.9396675959030723,0.011453200463990454,-0.6300010681152344,0
2026-03-24,250.1195650925759,254.5954370944537,249.32029842391177,251.4083709716797,45152300,6556.3701171875,26.950000762939453,4.392000198364258,257.99080657958984,260.4919720458984,253.37821611448084,257.3637575479724,-3.985541433491562,-3.2579594617312986,-0.7275819717602636,33.58480827148233,273.09441229278144,242.88720086639825,0.11708638701846265,5.190220002569193,0.0005962460475602484,0.011955479460418377,3346704400.0,1.086379100045125,251.25851440429688,248.73085021972656,253.99598693847656,0.0005964238375686381,-0.010187625395135291,0.9375834648557889,-0.0037425745042546366,0.8000011444091797,1
2026-03-25,253.86611511385965,254.76528059453105,251.3684162845015,252.38746643066406,28476700,6591.89990234375,25.329999923706055,4.328000068664551,256.9112998962402,260.3443734741211,253.22579308620135,256.9951433911347,-3.7693503049333685,-3.3602376303717127,-0.4091126745616558,37.97428282569955,270.1784176299475,243.64418216253296,0.10328169869574058,5.056771306976263,0.0038868788463975487,0.011792347199106228,3375181100.0,0.68950321565344,251.4083709716797,247.76173400878906,249.70994567871094,0.0038944425565474727,0.010722523464876899,0.9320090225020525,0.005419124381509377,-1.6200008392333984,2
2026-03-26,251.88793104116345,256.76344411909713,250.53918279672283,252.6572265625,41796700,6477.16015625,27.440000534057617,4.415999889373779,255.90922317504882,260.18620025634766,253.13832131332424,256.67381621864325,-3.5354949053190126,-3.395289085361173,-0.14020581995783976,42.20939157530559,267.00543418047033,244.8130121696273,0.08671989909352662,5.0788917585118805,0.0010682625170895263,0.011847497862171551,3416977800.0,1.0005698671351364,252.38746643066406,251.25851440429688,248.73085021972656,0.0010688333127273353,0.015785642751210416,0.9083127083379741,-0.017406172392416708,2.1100006103515625,3
2026-03-27,253.666280215245,255.2548282141602,247.8416601166152,248.57098388671875,47900000,6368.85009765625,31.049999237060547,4.440000057220459,255.14093093872071,259.96806182861326,252.43565401692342,256.0736064162785,-3.637952399355072,-3.4438217481599525,-0.19413065119511952,32.12904471791052,266.0225897353313,244.25927214211015,0.08529920116364319,5.075323418207887,-0.016305280196262602,0.010202365389725562,3369077800.0,1.1812702329519154,252.6572265625,251.4083709716797,247.76173400878906,-0.016173068672430957,0.0032662423887499514,0.8820996859885516,-0.01672184352107431,3.6099987030029297,4
2026-03-30,249.83982057534305,250.63907198816298,245.28400520065438,246.40298461914062,39446200,6343.72021484375,30.610000610351562,4.3420000076293945,254.23726425170898,259.7414987182617,251.50755103264916,255.35726406093494,-3.8497130282857768,-3.5250000041851175,-0.3247130241006593,27.964008786391517,264.85323875147674,243.62128975194122,0.0835123405769294,5.063191854857883,-0.008760109701824332,0.01020737802079092,3329631600.0,0.9756548802221888,248.57098388671875,252.38746643066406,251.25851440429688,-0.008721851736991693,-0.01932483679873742,0.8777941997850133,-0.003945748828622642,-0.4399986267089844,0
2026-03-31,247.6818040942864,255.24482803058763,246.87255213324852,253.55638122558594,49598100,6528.52001953125,25.25,4.310999870300293,253.7397216796875,259.71150360107424,251.82275567771637,255.22386533239055,-3.4011096546741726,-3.5002219342829286,0.09911227960875602,41.08231627463359,263.41769623210854,244.0617471272665,0.07628269226714271,5.510634804037319,0.02861786495948073,0.012484832885502154,3379229700.0,1.2102427056597729,246.40298461914062,252.6572265625,251.4083709716797,0.029031290418426448,0.008543909041708986,0.8633216954671676,0.02913114047102594,-5.3600006103515625,1
2026-04-01,253.8461228128272,255.94418062939917,253.096813183035,255.3946990966797,40059400,6575.31982421875,24.540000915527344,4.318999767303467,253.3955390930176,259.8945474243164,252.37228543447998,255.23651968530086,-2.8642342508208856,-3.37302439759052,0.5087901467696345,49.82021128501084,262.2494610756104,244.54161711042482,0.0698822245591517,5.240882724803681,0.007223978636376895,0.012629558384886769,3419289100.0,0.9771834253938796,253.55638122558594,248.57098388671875,252.38746643066406,0.007250134515282447,0.011915142651672816,0.8230158285697682,0.007168516684867399,-0.7099990844726562,2
2026-04-02,253.96601496217014,255.89424639361263,250.4192795609811,255.68443298339844,31289400,6582.68994140625,23.8700008392334,4.313000202178955,253.17723999023437,260.06442108154295,252.88184659585204,255.2696984481229,-2.3878518522708703,-3.1759898885265905,0.7881380362557202,59.415585542565374,261.542081954569,244.8123980258997,0.06607894109800162,5.145972212391375,0.0011338123573076417,0.012523984517476217,3450578500.0,0.7807457275247466,255.3946990966797,246.40298461914062,252.6572265625,0.0011344553655323608,0.011981475701624555,0.7813055600565905,0.0011208758485563575,-0.6700000762939453,3
2026-04-06,256.27389167390277,261.9186847371787,256.2239194053331,258.6217041015625,29329900,6611.830078125,24.170000076293945,4.335000038146973,253.24717559814454,260.27906616210936,253.76490159673057,255.5179951631925,-1.7530935664619278,-2.891410624113658,1.1383170576517303,59.72933968980934,261.7762160325742,244.7181351637149,0.06735743776241468,5.305111376944642,0.01142239161475063,0.012573942140718258,3479908400.0,0.7427774272386503,255.68443298339844,253.55638122558594,248.57098388671875,0.011487876222620041,0.040434004233672605,0.7396519444994974,0.0044267825126402816,0.2999992370605469,0
2026-04-07,255.92421782448065,255.96418954301222,245.47383916108728,253.26666259765625,62148000,6616.85009765625,25.780000686645508,4.3429999351501465,252.9284698486328,260.39279907226563,253.68824944302685,255.35122978796758,-1.6629803449407348,-2.6457245682790735,0.9827442233383388,48.95684880473123,260.9103874024683,244.94655229479733,0.06311600713523735,6.033723384412387,-0.020923456036972127,0.013228394480273018,3417760400.0,1.5276058192962365,258.6217041015625,255.3946990966797,246.40298461914062,-0.0207060792616357,0.027855498540834134,0.7001867678091891,0.0007592481161695641,1.6100006103515625,1
2026-04-08,258.2121146377317,259.51090582044134,256.29386854025813,258.66168212890625,41032800,6782.81005859375,21.040000915527344,4.290999889373779,252.83205871582032,260.46730560302734,254.45339293316215,255.59644847988895,-1.1430555467267993,-2.3451907639686187,1.2021352172418194,62.40996518548071,260.4632071132983,245.20091031834235,0.06036535426905881,6.055845401872735,0.02107802518992581,0.014112182462123538,3458793200.0,0.9958119536361402,253.26666259765625,255.68443298339844,253.55638122558594,0.021301735790709264,0.020134775857911347,0.6883101886769211,0.025081414644149813,-4.739999771118164,2
2026-04-09,258.7615948993736,260.879638597066,255.8342992320816,260.2502136230469,28121600,6824.66015625,19.489999771118164,4.293000221252441,252.81607360839843,260.5164895629883,255.34521150083674,255.94117182382658,-0.5959603229898391,-1.9953446757728628,1.3993843527830236,65.70415570918564,260.38001859408865,245.2521286227082,0.05983753230347579,6.092953276581091,0.006122567123347408,0.014186878214520462,3486914800.0,0.680902085821953,258.66168212890625,258.6217041015625,255.3946990966797,0.006141348347641795,0.01901180621031262,0.7033801448652136,0.006170023529293189,-1.5500011444091797,3
2026-04-10,259.7406946341393,261.94865175168746,258.78155637925676,260.240234375,31291500,6816.89013671875,19.229999542236328,4.316999912261963,253.0518569946289,260.6020050048828,256.09829194301574,256.2596209016913,-0.16132895867553998,-1.6285415323533983,1.4672125736778583,67.46856030393664,261.23956736440016,244.86414662485768,0.06471171930538352,6.090813560766427,-3.8345556912621514e-05,0.013426472389565621,3455623300.0,0.7664717389035938,260.2502136230469,253.26666259765625,255.68443298339844,-3.834482173115106e-05,0.017818063221304303,0.745385803935843,-0.0011385210916523558,-0.26000022888183594,4
2026-04-13,259.49093671136296,259.9405042051452,256.4237552437805,258.96142578125,36234700,6886.240234375,19.1200008392334,4.296999931335449,253.50543975830078,260.6252130126953,256.53877407197484,256.4597545964734,0.07901947550146815,-1.287029330782425,1.3660488062838931,61.49720733499317,261.9564480574724,245.05443145912915,0.06667319097553932,5.891710761722662,-0.0049260673756055485,0.012365721517562387,3419388600.0,0.8883097251659481,260.240234375,258.66168212890625,258.6217041015625,-0.004913954203973225,0.0013135853422190369,0.791465883309677,0.010173274948748201,-0.10999870300292969,0
2026-04-14,259.01136264890187,261.68888841493145,256.9532612999924,258.59173583984375,48370700,6967.3798828125,18.360000610351562,4.25600004196167,253.80566177368163,260.6170715332031,256.85461434395467,256.61767913301935,0.23693521093531444,-0.9822364224388772,1.2191716333741915,60.65184150066001,262.5411619387254,245.07016160863787,0.06883613315792143,5.853174222036742,-0.0014286068821369137,0.012200192698860446,3371017900.0,1.1626051785535738,258.96142578125,260.2502136230469,253.26666259765625,-0.00142758690909639,0.021025559335643873,0.8059911964405406,0.011782866364792755,-0.7600002288818359,1
2026-04-15,257.92237663273806,266.3146386359468,257.57269269729437,266.18475341796875,49913500,7022.9501953125,18.170000076293945,4.2820000648498535,254.41510009765625,260.55058044433594,258.2900203553414,257.3263513022749,0.9636690530665533,-0.5930553273377912,1.5567243804043445,67.10429694342308,264.7591292397443,244.07107095556816,0.08131615724159108,6.234965766938375,0.028940120889102108,0.013673632955364065,3420931400.0,1.1749042882647156,258.59173583984375,260.240234375,258.66168212890625,0.02936295529114541,0.029084598952361596,0.8591286155423495,0.007975783355387733,-0.1900005340576172,2
2026-04-16,266.55439590858066,266.91408037974617,261.0294875448873,263.15753173828125,43323100,7041.27978515625,17.940000534057617,4.309000015258789,255.08747940063478,260.43412536621094,259.0388682604091,257.7582905938309,1.2805776665782105,-0.21832872855459085,1.4989063951328014,62.18407883386616,265.8821634147531,244.29279538651647,0.08463515370869634,6.210703732115846,-0.011437796552710188,0.013309825292865925,3377608300.0,1.0107744061396184,266.18475341796875,258.96142578125,260.2502136230469,-0.011372633634406881,0.011171241993466419,0.8901156655671237,0.0026099558353673835,-0.22999954223632812,3
2026-04-17,266.7142527536172,272.0493335842862,266.47448343207725,269.98126220703125,61436200,7126.06005859375,17.479999542236328,4.245999813079834,256.15,260.3142059326172,260.7223134829664,258.6636958985124,2.058617584453998,0.23706053404712693,1.821557050406871,73.35950839191202,268.3960197214928,243.90398027850716,0.09561600407177681,6.316320428434415,0.025599724502604514,0.014155728763360144,3439044500.0,1.3902769637405832,263.15753173828125,258.59173583984375,260.240234375,0.02593021154924191,0.03743090631402768,0.9268930683309101,0.012040463669150903,-0.46000099182128906,4
2026-04-20,270.08114756253855,274.0275237795767,270.04120633500696,272.79864501953125,36590200,7109.14013671875,18.8700008392334,4.25,257.40184555053713,260.2622119140625,262.5802106424379,259.71072916673603,2.869481475701889,0.7635447223780794,2.1059367533238094,78.39638914405668,271.07321998065447,243.73047112041982,0.10622592391190255,6.222834341651334,0.010381401662850636,0.01409091956834563,3475634700.0,0.8795117546620298,269.98126220703125,266.18475341796875,258.96142578125,0.010435475371396441,0.05343351503621174,0.9316572424765596,-0.002374372617670484,1.3900012969970703,0
2026-04-21,271.250098918132,272.5488901425708,265.1557075406741,265.9250183105469,50209800,7064.009765625,19.5,4.291999816894531,258.1351707458496,260.0286279296875,263.0947964375316,260.1710468810924,2.9237495564391907,1.1955856891903016,1.728163867248889,63.38673222373828,271.9912308969225,244.27911059477677,0.10735507378585799,6.137198203609202,-0.02551957602598669,0.015440539753994354,3425424900.0,1.193027426671647,272.79864501953125,263.15753173828125,258.59173583984375,-0.025196703995697067,0.028358533759349935,0.9372001712971096,-0.006348217959672997,0.6299991607666016,1
2026-04-22,267.5734973129919,273.48803128351057,266.62435952726383,272.9185791015625,43249200,7137.89990234375,18.920000076293945,4.294000148773193,259.21068115234374,259.99965515136716,264.60614761661327,261.1153085270532,3.4908390895600974,1.654636369264261,1.8362027202958364,67.06230528206522,274.16407744703315,244.25728485765433,0.11537638980162995,6.47403002693774,0.025959122658055597,0.0162663085635181,3468674100.0,1.029966384371275,265.9250183105469,269.98126220703125,266.18475341796875,0.026298995241013978,0.025297563429638403,0.939102103645602,0.010460084168953943,-0.5799999237060547,2
2026-04-23,274.79681820267325,275.5161566987003,271.39995382845746,273.1783142089844,33399600,7108.39990234375,19.309999465942383,4.322999954223633,260.25022354125974,259.9946600341797,265.92494247697806,262.00886450349253,3.916077973485528,2.1069246901085146,1.8091532833770136,67.04305274389999,276.0718931254151,244.42855395710438,0.12158813444129096,6.376975458195689,0.0009512419139857489,0.016281615904769002,3502073700.0,0.7907658279950082,272.9185791015625,272.79864501953125,263.15753173828125,0.0009516944880663125,0.03807902591467194,0.937877951889969,-0.004132868267081369,0.3899993896484375,3
2026-04-24,272.50893317942314,272.80864483253174,269.4017800912603,270.81048583984375,38157100,7165.080078125,18.709999084472656,4.309999942779541,261.15788650512695,259.90594177246095,266.6765645328036,262.6608364543334,4.015728078470204,2.4886853677808527,1.5270427106893512,62.00790100295836,277.2263802321909,245.089392778063,0.12305578010372271,6.2014241984773895,-0.00870548556450589,0.016517878004033072,3463916600.0,0.9073131526415972,273.1783142089844,265.9250183105469,269.98126220703125,-0.008667702544387201,0.003071411793669654,0.9406625209438462,0.007973689797975636,-0.6000003814697266,4
2026-04-27,265.84505761361925,268.1129570778125,264.8260075108844,267.3636474609375,41466800,7173.91015625,18.020000457763672,4.335999965667725,262.0975196838379,260.0234326171875,266.7822695986703,263.00919282519294,3.773076773477385,2.745563648920159,1.0275131245572258,64.430334034758,277.2379602803885,246.9570790872873,0.11553287963056014,5.689753726226257,-0.012809554739298108,0.01631486540641672,3422449800.0,0.9936120693765831,270.81048583984375,272.9185791015625,272.79864501953125,-0.012727861582674027,-0.019923110535261745,0.9280449565618505,0.0012323767534654362,-0.6899986267089844,0
2026-04-28,272.0893199684016,272.97851539952296,268.4127145556596,270.4608154296875,40018900,7138.7998046875,17.829999923706055,4.354000091552734,263.30041122436523,260.3217578125,267.3481997265191,263.5611648699703,3.7870348565488143,2.95385789044589,0.8331769661029242,62.67439695369171,276.9389309433473,249.66189150538318,0.10359664578997049,5.644798348783427,0.011517520751980868,0.01613249510366142,3462468700.0,0.9582605249625706,267.3636474609375,273.1783142089844,265.9250183105469,0.011584102768505522,0.01705667690823942,0.9107513709133884,-0.004894172187521972,-0.1900005340576172,1
2026-04-29,267.3037117460274,270.7905199823619,266.7942019267937,269.92132568359375,30047900,7135.9501953125,18.809999465942383,4.418000221252441,264.1186584472656,260.44744201660154,267.74406525837674,264.03228789320167,3.7117773651750667,3.1054417853917253,0.6063355797833414,60.62804476011164,277.2499277802069,250.9873891143243,0.09943462086426678,5.569868255253701,-0.0019966978339397375,0.015162686976707989,3432420800.0,0.7367477583097408,270.4608154296875,270.81048583984375,272.9185791015625,-0.001994705758897597,-0.010982225643397348,0.903600356068904,-0.0003991720531409948,0.9799995422363281,2
2026-04-30,270.25102650288807,275.7459641951834,267.893213328058,271.1002502441406,91848200,7209.009765625,16.889999389648438,4.389999866485596,264.9039360046387,260.5873132324219,268.2604014100327,264.55584065993787,3.7045607500948563,3.2252655783323516,0.4792951717625047,61.63564251545758,277.7130244994528,252.0948475098246,0.09670742298513672,5.904557933446179,0.0043581493936293405,0.015135450778304558,3524269000.0,2.1175887695738145,269.92132568359375,267.3636474609375,273.1783142089844,0.004367659937802859,-0.007606987292754219,0.9002431997957574,0.010238239941821936,-1.9200000762939453,3
2026-05-01,278.6032901046287,286.95561044034525,278.1137509144006,279.88214111328125,79915400,7230.1201171875,16.989999771118164,4.377999782562256,266.1138214111328,260.97815368652346,270.04836136437865,265.6911221750003,4.357239189378333,3.4516603005415485,0.9055788888367848,69.31020379190173,279.7975919880173,252.4300508342483,0.10284148718261232,6.7644780095165435,0.03187991038650981,0.01644263471111377,3604184400.0,1.744677548460324,271.1002502441406,270.4608154296875,270.81048583984375,0.03239351812191993,0.033498168452762433,0.8845037041762727,0.002928328889657106,0.10000038146972656,4
2026-05-04,279.4025768563376,280.3716851917065,274.60697695873915,276.5751647949219,46668400,7200.75,18.290000915527344,4.446000099182129,267.0114944458008,261.2229278564453,271.0524849690776,266.49734755425374,4.555137414823889,3.6723557233980166,0.8827816914258726,65.74527265877373,280.97843313591443,253.04455575568713,0.10461675980731026,6.8379838036614204,-0.011885962197690256,0.016750884376489444,3557516000.0,0.9999190095684409,279.88214111328125,269.92132568359375,267.3636474609375,-0.011815603186417278,0.034453140587596964,0.9041569792510794,-0.004062189384334225,1.3000011444091797,0
2026-05-05,276.6750995896243,284.30808218316156,276.2455026895375,283.9184265136719,49311700,7259.22021484375,17.3799991607666,4.415999889373779,268.54408264160156,261.5825970458984,273.03186059132287,267.78779784754397,5.244062743778898,3.9866971274741934,1.2573656163047042,65.59480353022445,282.8825142935552,254.20565098964795,0.10678642784387588,6.789457629016539,0.026204338554427865,0.0164681052162821,3606827700.0,1.071286312850224,276.5751647949219,271.1002502441406,270.4608154296875,0.026550690927708454,0.04975808071348142,0.8797942448513112,0.008120017337603702,-0.9100017547607422,1
2026-05-06,281.66051049385584,287.76487170009636,280.8112868075762,287.245361328125,58336100,7365.1201171875,17.389999389648438,4.355999946594238,269.9732666015625,261.8897137451172,275.21855301236934,269.22909884610556,5.9894541662637835,4.387248535232112,1.602205631031672,71.07150713426863,285.786519567076,254.160013636049,0.11714680616026589,6.865814204563772,0.011649801728447845,0.01613670756230852,3665163800.0,1.2439586459519703,283.9184265136719,279.88214111328125,269.92132568359375,0.011717924952267644,0.06418179667966939,0.8977094660776391,0.014588330317794274,0.010000228881835938,2
2026-05-07,289.00371711581823,291.8611003514943,285.5169394038565,287.1754150390625,45224300,7337.10986328125,17.079999923706055,4.392000198364258,271.3195266723633,262.15367004394534,277.0580702472452,270.5584556011394,6.499614646105783,4.809721757406846,1.689892888698937,67.05648501111634,288.196218369225,254.44283497550154,0.12440454915905463,6.6838398546804045,-0.00024353676707370125,0.016181124867679697,3619939500.0,0.9470925692867314,287.245361328125,276.5751647949219,271.1002502441406,-0.00024350711440246364,0.059296016069499524,0.9127373177816566,-0.003803095327784889,-0.3099994659423828,3
2026-05-08,289.7430674686918,294.4886952888782,289.7330669166447,293.0500183105469,52692800,7398.93017578125,17.190000534057617,4.363999843597412,272.96001586914065,262.56069519042967,279.51836994929164,272.22449728331776,7.293872665973879,5.3065519391202525,1.9873207268536266,68.9404002619016,291.58963227578425,254.330399462497,0.13650069844350257,6.917198331628279,0.020250074126795237,0.016486823098384888,3672632300.0,1.0793120053714886,287.1754150390625,283.9184265136719,279.88214111328125,0.020456497888878378,0.047047936481006136,0.944440253536289,0.008425703533400997,0.1100006103515625,4
2026-05-11,291.9800109863281,293.8800048828125,290.2300109863281,292.67999267578125,42247300,7412.83984375,18.3799991607666,4.409999847412109,274.6459442138672,263.1355584716797,281.5432349841362,273.73971916424097,7.80351581989521,5.805944715275245,1.9975711046199658,78.48869137638242,294.0291559327659,255.2627324949685,0.14115054037575706,6.631988075744508,-0.0012634684139431265,0.01637980439811944,3630385000.0,0.8600596563287336,293.0500183105469,287.245361328125,276.5751647949219,-0.0012626705737772692,0.05822947947188584,0.9565677223296054,0.0018799566475542484,1.1899986267089844,0
2026-05-12,292.55999755859375,295.2699890136719,292.55999755859375,294.79998779296875,45748100,7400.9599609375,17.989999771118164,4.4629998207092285,276.45635681152345,263.7420318603516,283.58273541626426,275.29973906266525,8.282996353599003,6.301355042939997,1.9816413106590058,75.9975373387595,296.28463671759937,256.62807690544753,0.14344600453223816,6.285343681609825,0.007217281916175962,0.01628390587197524,3676133100.0,0.9338208863277433,292.67999267578125,287.1754150390625,283.9184265136719,0.007243389265544797,0.03832636512154264,0.9554721201183136,-0.0016026088601545085,-0.3899993896484375,1
2026-05-13,293.5,300.9200134277344,293.5,298.8699951171875,52684300,7444.25,17.8700008392334,4.480999946594238,278.0906188964844,264.449287109375,285.9346215240986,277.04568395559284,8.888937568505753,6.818871548053149,2.070066020452604,77.99030622049658,299.66527431843656,256.5159634745322,0.15516277037725648,6.521330150002078,0.013711560991706276,0.015520092562787333,3728817400.0,1.0723716470003217,294.79998779296875,293.0500183105469,287.245361328125,0.013805995565634221,0.04046935252605688,0.9640116719039439,0.005849246488426552,-0.11999893188476562,2
2026-05-14,299.82000732421875,300.45001220703125,295.3800048828125,298.2099914550781,35324900,7501.240234375,17.260000228881836,4.460999965667725,279.8432418823242,265.167919921875,287.82313997501853,278.6134104370362,9.209729537982355,7.29704314603899,1.9126863919433648,81.00469027667177,301.99734644298826,257.68913732166016,0.15833224637942114,6.613721093323128,-0.002210772244144634,0.015112793496903525,3693492500.0,0.7249276917210868,298.8699951171875,292.67999267578125,287.1754150390625,-0.00220833028705536,0.038424516299609746,0.9646337789586243,0.007655604577358366,-0.6100006103515625,3
2026-05-15,297.8999938964844,303.20001220703125,296.5199890136719,300.2300109863281,54862800,7408.5,18.43000030517578,4.59499979019165,281.3556793212891,265.9715118408203,289.7318893613739,280.2146401073541,9.51724925401976,7.741084367635144,1.7761648863846151,88.43187844140644,304.769274240532,257.94208440204613,0.166434137570802,6.6634028693517,0.006750976522238501,0.014414346568252877,3748355300.0,1.1335244758336693,298.2099914550781,294.79998779296875,293.0500183105469,0.0067738157309671365,0.02450091188246417,0.9588179717990011,-0.012363320128051747,1.1700000762939453,4
2026-05-18,300.239990234375,300.6600036621094,294.9100036621094,297.8399963378906,34483000,7403.0498046875,17.81999969482422,4.623000144958496,282.60774688720704,266.78385192871093,290.9792904346841,281.5202220503568,9.459068384327338,8.084681170973584,1.3743872133537547,82.55388569939831,306.76115761343243,258.45433616098165,0.17093240360368023,6.673055159452738,-0.007992466908238653,0.014657572432126311,3713872300.0,0.7140101745880459,300.2300109863281,298.8699951171875,292.67999267578125,-0.007960612067346995,0.01763018925528481,0.9612456071266428,-0.0007356678561787344,-0.6100006103515625,0
2026-05-19,296.9700012207031,300.510009765625,296.3500061035156,298.9700012207031,42243600,7353.60986328125,18.059999465942383,4.666999816894531,284.25999603271487,267.5704364013672,292.2086305556101,282.81279828519723,9.395832270412882,8.346911390861443,1.0489208795514386,84.0606220653497,308.1276170217237,260.392375043706,0.16792810330062752,6.6847469884913915,0.003786820722815226,0.012865327103432243,3756115900.0,0.8819763941096347,297.8399963378906,298.2099914550781,294.79998779296875,0.003793999787491842,0.014145229309381335,0.9444582555496454,-0.006678320788135905,0.23999977111816406,1
2026-05-20,298.17999267578125,302.79998779296875,298.0799865722656,302.25,38229800,7432.97021484375,17.440000534057617,4.572000026702881,285.72656707763673,268.40363830566406,293.7534566239778,284.2525910048123,9.500865619165495,8.577702236522253,0.9231633826432422,84.80910350227568,310.25537599414304,261.1977581611304,0.1716942821760177,6.460979156604087,0.010911251503184886,0.012041436395379874,3794345700.0,0.8023792358362953,298.9700012207031,300.2300109863281,298.8699951171875,0.0109709963070026,0.011309281420127881,0.9445208598240622,0.010792026370445518,-0.6199989318847656,2
2026-05-21,301.05999755859375,305.5400085449219,300.3999938964844,304.989990234375,42965100,7445.72021484375,16.760000228881836,4.585999965667725,287.31715087890626,269.2920397949219,295.48215410250043,285.7886946514466,9.693459451053855,8.800853679428574,0.8926057716252807,82.43758772414012,312.5358507188411,262.0984510389714,0.1755460804396158,5.695597331763578,0.009024467670268961,0.012030208999505672,3837310800.0,0.8928030970106803,302.25,297.8399963378906,298.2099914550781,0.009065310949131433,0.02273565263931876,0.9496973608278517,0.0017153304306989359,-0.6800003051757812,3
2026-05-22,306.1199951171875,311.3999938964844,305.8399963378906,308.82000732421875,43670200,7473.47021484375,16.700000762939453,4.558000087738037,289.217626953125,270.35794860839843,297.53413152122636,287.49471781239265,10.039413708833706,9.048565685309601,0.9908480235241051,91.10259787648047,314.922777209555,263.51247669669493,0.17775645645966257,5.74168986241658,0.012479649444335736,0.011639192268775772,3880981000.0,0.902286553491897,304.989990234375,298.9700012207031,300.2300109863281,0.012557845216167651,0.028611384683597807,0.9462342744893448,0.0037269732409066503,-0.05999946594238281,4
2026-05-26,309.55999755859375,311.82000732421875,307.6700134277344,308.3299865722656,48000500,7519.1201171875,17.010000228881836,4.493000030517578,291.2659439086914,271.5267529296875,299.19503229830934,289.0380710538647,10.15696124444463,9.270244797136607,0.8867164473080233,87.70523176010981,316.15457536399003,266.37731245339273,0.1708997016355675,5.4622194626208875,-0.0015880121843198519,0.01090316967787833,3832980500.0,0.9851072827094026,308.82000732421875,302.25,297.8399963378906,-0.001586751960143129,0.03522022012944981,0.9478102742785369,0.006108260424063872,0.3099994659423828,1
2026-05-27,308.3299865722656,313.260009765625,308.29998779296875,310.8500061035156,50430900,7520.35986328125,16.290000915527344,4.480999946594238,293.2854034423828,272.69200714111327,300.988105191418,290.65376994643145,10.334335244986562,9.483062886706598,0.8512723582799637,87.39092980737902,317.6141893792434,268.9566175055222,0.16590519440317172,5.319822111202037,0.008139905925081868,0.010857665296656724,3883411400.0,1.0240449296517242,308.3299865722656,304.989990234375,298.9700012207031,0.008173125031610828,0.039736444574058005,0.9442297542430607,0.00016487914469087706,-0.7199993133544922,2
2026-05-28,310.67999267578125,312.79998779296875,309.57000732421875,312.510009765625,48220400,7563.6298828125,15.739999771118164,4.454999923706055,295.4148376464844,273.86228759765623,302.76070589514217,292.2727506737791,10.487955221363052,9.68404135363789,0.8039138677251625,88.20661368502246,318.5596550847496,272.2700202082192,0.15669366930013193,5.097380648424336,0.005325999563197865,0.01066145959651098,3931631800.0,0.9614200986175164,310.8500061035156,308.82000732421875,302.25,0.005340207912225559,0.03394544173904057,0.9384084826420701,0.005753716619668614,-0.5500011444091797,3
2026-05-29,311.7799987792969,315.0,309.5299987792969,312.05999755859375,70026800,7580.06005859375,15.319999694824219,4.453000068664551,297.462825012207,275.1092886352539,304.1913661510578,293.7384726652469,10.452893485810932,9.8378117800725,0.615081705738433,84.27675447719227,318.72048924316016,276.2051607812539,0.14292652690352675,4.965717860630581,-0.0014410307239461104,0.010824024748628331,3861605000.0,1.4272448899729988,312.510009765625,308.3299865722656,304.989990234375,-0.001439992937726231,0.023181112661388337,0.9341209678066689,0.002172260678511728,-0.4200000762939453,4
2026-06-01,309.6300048828125,310.94000244140625,305.0199890136719,306.30999755859375,48849900,7599.9599609375,16.049999237060547,4.474999904632568,298.78421783447266,276.26087158203126,304.51730944452487,294.66969673142074,9.847612713104127,9.839771966678825,0.007840746425301859,70.58284606139259,318.68259019074776,278.88584547819755,0.1331956051795136,5.207861764090402,-0.0185978161231111,0.010608925344814413,3812755100.0,1.028179868491632,312.05999755859375,310.8500061035156,308.82000732421875,-0.018425943872925732,-0.008127743365376694,0.9045264255316098,0.0026252961308912415,0.7299995422363281,0
2026-06-02,307.4599914550781,315.45001220703125,306.69000244140625,315.20001220703125,44534700,7609.77978515625,15.770000457763672,4.454999923706055,300.7154602050781,277.6096371459961,306.16080217721816,296.1904608407252,9.970341336492936,9.865885840641647,0.10445549585128866,75.57667937973297,318.9673938164187,282.4635265937375,0.12139005822243629,5.667149135044643,0.02860974364520492,0.011164544224689411,3857289800.0,0.9394642180592672,306.30999755859375,312.510009765625,308.3299865722656,0.029022933365852488,0.022281406071269272,0.886823362569898,0.0012920889411551784,-0.279998779296875,1
2026-06-03,314.17999267578125,316.94000244140625,308.8500061035156,310.260009765625,50836700,7553.68017578125,16.059999465942383,4.491000175476074,302.0325393676758,278.7896670532227,306.7914494985115,297.2326496499771,9.55879984853442,9.804468642220202,-0.2456687936857822,63.975436231558454,318.9325316921725,285.13254704317904,0.11190842125737802,5.715005057198661,-0.0157967095998125,0.011220319705355024,3806453100.0,1.0706833800155473,315.20001220703125,312.05999755859375,310.8500061035156,-0.015672595971098935,-0.0018980097355834058,0.8663722312277654,-0.007372041104846239,0.28999900817871094,2
2026-06-04,313.2300109863281,313.5400085449219,309.6499938964844,311.2300109863281,44869100,7584.31005859375,15.399999618530273,4.4770002365112305,303.2317718505859,279.9860998535156,307.47430511202174,298.2694912304475,9.204813881574239,9.68453769009101,-0.47972380851677165,65.85482415653257,319.0851523404269,287.37839136074496,0.10456279296255629,5.630719866071429,0.0031215368741391546,0.011093078443146482,3851322200.0,0.9585927482189729,310.260009765625,306.30999755859375,312.510009765625,0.0031264139436979477,-0.00409586489807745,0.8666830404888641,0.004054961568363158,-0.6599998474121094,3
2026-06-05,312.8599853515625,315.1700134277344,307.1499938964844,307.3399963378906,65310500,7383.740234375,21.510000228881836,4.535999774932861,304.24000091552733,281.0851504516602,307.45364222369386,298.94138049766553,8.512261726028328,9.450082497278474,-0.9378207712501467,58.280883237342664,318.2516978635153,290.2283039675394,0.09210949846058096,5.726433890206473,-0.012577609274253502,0.011669834103520677,3786011700.0,1.3659978118267189,311.2300109863281,315.20001220703125,312.05999755859375,-0.012498841728371679,-0.015125300447446421,0.7755788431859068,-0.026445361894386843,6.1100006103515625,4
2026-06-08,308.739990234375,317.3999938964844,301.1700134277344,301.5400085449219,77949100,7405.72998046875,18.920000076293945,4.552000045776367,304.6645004272461,282.0628060913086,306.54385242695975,299.13387146412896,7.409980962830787,9.042062190388936,-1.6320812275581495,53.992236932916775,317.73134553726067,291.5976553172315,0.08577858655465471,6.475003923688616,-0.01905190902330898,0.011986619004912154,3708062600.0,1.588386690938664,307.3399963378906,310.260009765625,306.30999755859375,-0.01887156849768501,-0.015572423530705759,0.765201650169098,0.0029781310549599205,-2.5900001525878906,0
2026-06-09,300.2799987792969,300.75,287.7799987792969,290.54998779296875,70108800,7386.64990234375,19.8700008392334,4.5279998779296875,304.5580001831055,282.9023861694336,304.0832578678842,298.49802822922817,5.585229638656017,8.350695680042353,-2.765466041386336,42.50889868128467,318.0634828139055,291.05251755230546,0.08868906824105953,7.160718645368304,-0.03712706918079524,0.014769882196237285,3637953800.0,1.3891882016649937,301.5400085449219,311.2300109863281,315.20001220703125,-0.03644631040831148,-0.07820438914790317,0.7764593504799191,-0.0025763939780845124,0.9500007629394531,1
2026-06-10,290.739990234375,294.75,287.3800048828125,291.5799865722656,52793300,7266.990234375,22.219999313354492,4.541999816894531,304.3970001220703,283.8059262084961,302.15967766855823,297.9855806990828,4.174096969475443,7.5153759379289715,-3.341278968453529,40.111220661180866,318.4576387334976,290.33636151064303,0.09238355572353636,7.350003923688616,0.0035387281174611347,0.014693193810686483,3690747100.0,1.038834924710329,290.54998779296875,307.3399963378906,310.260009765625,0.003544996808021894,-0.060207640705840726,0.8130004384485552,-0.016199450298948426,2.3499984741210938,2
2026-06-11,293.7200012207031,297.0,289.5899963378906,295.6300048828125,42572500,7394.2998046875,19.440000534057617,4.4629998207092285,304.23500061035156,284.64739868164065,301.15511262459734,297.81109360158126,3.344019023016074,6.681104554946392,-3.3370855319303185,41.53097808438869,318.6343423031311,289.835658917572,0.0946593367882842,7.51214599609375,0.013794324313997033,0.014697432600171007,3733319600.0,0.8461340780412977,291.5799865722656,301.5400085449219,311.2300109863281,0.013889904990249002,-0.05012372056948233,0.8218242419005043,0.017518885564244746,-2.779998779296875,3
2026-06-12,296.0299987792969,297.1400146484375,289.6199951171875,291.1300048828125,38742100,7431.4599609375,17.68000030517578,4.486999988555908,303.8810012817383,285.36210479736326,299.61278835663046,297.3161981409317,2.2965902156987568,5.804201687096866,-3.507611471398109,34.18561939152667,319.2213767168974,288.5406258465792,0.10096304389188533,7.591432843889509,-0.015338769356976291,0.015064317523924654,3694577500.0,0.7673983891053558,295.6300048828125,290.54998779296875,307.3399963378906,-0.015221729613622226,-0.052742863435375376,0.8188052627029747,0.0050255138730570525,-1.760000228881836,4
2026-06-15,294.1199951171875,297.7799987792969,291.70001220703125,296.4200134277344,45732600,7554.2900390625,16.200000762939453,4.468999862670898,303.6905014038086,286.17681640625,299.1215922137234,297.24981408810226,1.8717781256211197,5.017716974801717,-3.145938849180597,40.1943413179069,319.3137945291785,288.06720827843867,0.10288957378088072,7.7700042724609375,0.018007493246393634,0.015578570643011764,3740310100.0,0.9141313108053652,291.1300048828125,291.5799865722656,301.5400085449219,0.018170605764429082,-0.01697948853252995,0.7371501095580766,0.016528391294663436,-1.4799995422363281,0
2026-06-16,295.25,300.4800109863281,293.9700012207031,299.239990234375,39874400,7511.35009765625,16.40999984741211,4.427999973297119,303.7605010986328,286.98918212890624,299.13980729382365,297.3972345433817,1.7425727504419228,4.362688129929758,-2.620115379487835,40.488280771444416,319.2856607088523,288.2353414884133,0.10221973926213906,7.880717686244419,0.009468481540986734,0.01563392731406225,3780184500.0,0.7927623436693868,296.4200134277344,295.6300048828125,290.54998779296875,0.009513449426140408,0.029908803326463396,0.7086005556291539,-0.005684179609759754,0.20999908447265625,1
2026-06-17,300.8500061035156,302.07000732421875,294.3599853515625,295.95001220703125,42745100,7420.10009765625,18.440000534057617,4.4629998207092285,303.60950164794923,287.84284912109376,298.6490695881633,297.29003288883723,1.3590366993260545,3.7619578438090175,-2.402921144482963,36.78583743578454,319.3875282762534,287.83147501964504,0.10393631650302973,8.200720650809151,-0.011055331985774613,0.015807726383287708,3737439400.0,0.8494126706161432,299.239990234375,291.1300048828125,291.5799865722656,-0.010994446379867018,0.01498739912206748,0.7142361496616126,-0.012148282108228825,2.030000686645508,2
2026-06-18,298.1099853515625,300.57000732421875,295.6199951171875,298.010009765625,85962200,7500.580078125,16.399999618530273,4.451000213623047,303.39750213623046,288.62981567382815,298.55075269238813,297.34336450934006,1.2073881830480673,3.251043911656828,-2.0436557286087607,39.069563152896485,319.3652411852041,287.4297630872568,0.10525952874723334,8.163578578404017,0.0069365133751416366,0.015681089035360658,3823401600.0,1.6308597205317537,295.95001220703125,296.4200134277344,295.6300048828125,0.006960626705947437,0.00805062017894942,0.6994640343129972,0.010846212235623431,-2.0400009155273438,3
2026-06-22,297.30999755859375,302.4200134277344,296.760009765625,297.010009765625,44879900,7472.7900390625,17.280000686645508,4.508999824523926,302.99850311279295,289.36501159667966,298.31371531903994,297.31867156536117,0.9950437536787717,2.799843880061217,-1.8048001263824451,42.18751281819897,319.19584737284987,286.801158852736,0.10691369161006956,8.065006801060267,-0.0033612346094813285,0.015520314903939639,3778521700.0,0.8499098152398373,298.010009765625,299.239990234375,291.1300048828125,-0.0033555919842641613,0.020197179212700478,0.7037396236204295,-0.003705051979052687,0.8800010681152344,0
2026-06-23,297.5400085449219,301.6400146484375,294.17999267578125,294.29998779296875,52010900,7365.4599609375,19.489999771118164,4.493000030517578,302.27250213623046,290.04620666503905,297.69621877656743,297.0950653599988,0.6011534165686498,2.3601057873627034,-1.7589523707940535,30.408685891091096,318.6715651662714,285.8734391061895,0.10850515951100381,7.94500732421875,-0.009166227388095017,0.01525948235023201,3726510800.0,0.9772348246569309,297.010009765625,295.95001220703125,296.4200134277344,-0.00912434558954689,-0.007152100191380906,0.7374028347876073,-0.014362785193208105,2.2099990844726562,1
2026-06-24,295.3599853515625,299.70001220703125,292.94000244140625,293.0799865722656,53081900,7358.22021484375,18.6299991607666,4.4019999504089355,301.51000213623047,290.72857788085935,296.98602920667486,296.79765211646304,0.1883770902118158,1.9257600479325259,-1.73738295772071,32.68841765639637,318.13968469136375,284.8803195810972,0.1103093259746623,7.850008283342634,-0.004154050285409865,0.015263012692862713,3673428900.0,0.9926193872870354,294.29998779296875,298.010009765625,299.239990234375,-0.004145434153267291,-0.020585496134004844,0.7523149754097528,-0.0009829319733113406,-0.8600006103515625,2
2026-06-25,287.3999938964844,288.79998779296875,273.75,275.1499938964844,107013700,7357.490234375,18.889999389648438,4.392000198364258,299.7250015258789,291.0597430419922,293.62663915895325,295.19412187794615,-1.567482718992892,1.2271114945474424,-2.7945942135403343,22.904770329844595,319.49997209961634,279.95003095214145,0.13195409440696948,8.952863420758929,-0.06312918215256177,0.020170053790016934,3566415200.0,1.9005827648447147,293.0799865722656,297.010009765625,295.95001220703125,-0.06117781321571136,-0.0702822012252402,0.7389518014964035,-9.92061187945481e-05,0.26000022888183594,3
2026-06-26,275.0,285.95001220703125,274.2099914550781,283.7799987792969,261775500,7354.02001953125,18.40999984741211,4.372000217437744,298.2885009765625,291.4116479492188,292.1117714082369,294.3486312780462,-2.2368598698092796,0.5343172216760981,-2.7711770914853777,33.48289740669075,318.3253141541917,278.2516877989333,0.1343451934086025,9.218577793666295,0.030882904454319803,0.021684701476632953,3828190700.0,3.908060322630272,275.1499938964844,294.29998779296875,298.010009765625,0.03136472859984596,-0.047750110801712875,0.7394002972498086,-0.00047165741757115853,-0.4799995422363281,4
2026-06-29,286.7300109863281,288.3699951171875,279.8500061035156,281.739990234375,66427000,7440.43017578125,17.649999618530273,4.374000072479248,296.7725006103516,291.7832971191406,290.5161127661043,293.4146578674039,-2.8985451012995895,-0.1522552429190394,-2.74628985838055,35.34635133053604,317.0091785594078,276.53582266129536,0.1363783902311491,8.667864118303571,-0.00721466060725805,0.021675754129262204,3761763700.0,0.9943641421754955,283.7799987792969,293.0799865722656,297.010009765625,-0.007188697419469814,-0.05141247442569297,0.6734756660677249,0.011750057250389023,-0.7600002288818359,0
2026-06-30,281.1700134277344,289.94000244140625,280.70001220703125,289.3599853515625,65100200,7499.35986328125,16.450000762939453,4.418000221252441,295.925,292.1708715820312,290.33824701002095,293.11431175511933,-2.776064745098381,-0.6770171433549077,-2.0990476017434734,49.073062473792156,315.89788307575134,275.9521169242487,0.1349861152369778,8.345005580357142,0.02668691184994011,0.022540681609808707,3826863900.0,0.962792687708133,281.739990234375,275.1499938964844,294.29998779296875,0.02704619642688466,-0.016785601924256266,0.615037597134824,0.007920198981480553,-1.1999988555908203,1
2026-07-01,293.44000244140625,296.5899963378906,289.20001220703125,294.3800048828125,50164200,7483.22998046875,16.59000015258789,4.474999904632568,294.8839996337891,292.60249877929687,290.96005591352736,293.20806680161513,-2.2480108880877765,-0.9912158923014815,-1.256794995786295,52.05340081991905,312.6783722290532,277.08962703852495,0.12068727104463192,8.346433367047991,0.017199929330940868,0.021836019885428132,3877028100.0,0.7388226530040104,289.3599853515625,283.7799987792969,293.0799865722656,0.017348699838890536,0.004435711649066532,0.5135299008942351,-0.0021508346187620875,0.1399993896484375,2
2026-07-02,294.1199951171875,309.4200134277344,293.67999267578125,308.6300048828125,75352800,7483.240234375,16.149999618530273,4.485000133514404,294.80249938964846,293.4565985107422,293.6785096011097,294.35043258540753,-0.6719229842978507,-0.9273573107007554,0.25543432640290475,58.29293135375314,312.3130176315006,277.2919811477963,0.11879491034238494,8.941434587751116,0.047271697894878145,0.024361967275412736,3952380900.0,1.0901217230834932,294.3800048828125,281.739990234375,275.1499938964844,0.0484068203126522,0.1216791267635784,0.4581698200202226,1.3702513856905796e-06,-0.4400005340576172,3
2026-07-06,307.3599853515625,314.20001220703125,307.0,312.6600036621094,53590000,7537.43017578125,15.569999694824219,4.479000091552734,294.8739990234375,294.2514270019531,296.5987394566481,295.70669710960766,0.8920423470404444,-0.5634773791525155,1.4555197261929598,63.817223570333205,312.67619735513915,277.0718006917358,0.12074444264776768,8.918576921735491,0.012973185615845364,0.02453300647029437,4005970900.0,0.7704213963517621,308.6300048828125,289.3599853515625,283.7799987792969,0.01305770247720095,0.10176899361139702,0.4269060715187415,0.00724150765029874,-0.5799999237060547,0
2026-07-07,315.2900085449219,315.4800109863281,310.1499938964844,310.6600036621094,42490000,7503.85009765625,16.1299991607666,4.5289998054504395,295.0399993896484,295.0010607910156,298.7620108728729,296.81434944682997,1.9476614260429415,-0.06124961811342411,2.0089110441563656,59.54167191515606,313.3852697786843,276.69472900061254,0.1243578526775141,8.824292864118304,-0.0064172715140114545,0.024402074304784426,3963480900.0,0.6210325861600499,312.6600036621094,294.3800048828125,281.739990234375,-0.006396724801939757,0.10264788255183888,0.5413314206480995,-0.0044551096782159405,0.5599994659423828,1
2026-07-08,311.9100036621094,314.82000732421875,307.04998779296875,313.3900146484375,41323500,7482.7099609375,16.899999618530273,4.568999767303467,295.6324996948242,295.8526513671875,301.0124729921905,298.0421764988009,2.970296493389583,0.5450596041871774,2.4252368892024054,59.49283432970273,315.55899250989967,275.70600687974877,0.13480583383521896,8.914293561662946,0.008749389702145728,0.024016248167718163,4004804400.0,0.6205938303600566,310.6600036621094,308.6300048828125,289.3599853515625,0.008787777487112347,0.0830454468943913,0.5668198129278947,-0.002817238676629863,0.7700004577636719,2
2026-07-09,310.510009765625,316.5299987792969,308.1600036621094,316.2200012207031,48124500,7543.64013671875,15.84000015258789,4.539000034332275,296.91600036621094,296.8297784423828,303.352092719654,299.38868203375665,3.9634106858973723,1.2287298205292165,2.734680865368156,63.682988158427634,318.68572880754857,275.1462719248733,0.1466389713891285,8.961434500558036,0.00898970969223071,0.02221559487197218,4052928900.0,0.7348618975911778,313.3900146484375,312.6600036621094,294.3800048828125,0.009030238488741738,0.07418980900752659,0.606975237167347,0.008142795337428232,-1.0599994659423828,3
2026-07-10,314.7200012207031,316.9100036621094,312.1700134277344,315.32000732421875,34132300,7575.39013671875,15.029999732971191,4.568999767303467,298.1030014038086,297.7269622802734,305.19331035112555,300.5687802034205,4.624530147705059,1.9078898859643851,2.7166402617406735,61.87079237676195,321.19631377628923,275.009689031328,0.1549351215098875,8.946432931082589,-0.0028501583226974415,0.0222719676336853,4018796600.0,0.5287340136704084,316.2200012207031,310.6600036621094,308.6300048828125,-0.0028461004775477416,0.021676448613434207,0.7006740801780802,0.004208843399813977,-0.8100004196166992,4
2026-07-13,317.0199890136719,323.45001220703125,315.7799987792969,317.30999755859375,43257800,7515.33984375,17.15999984741211,4.609000205993652,299.18700103759767,298.67473571777344,307.05741607535145,301.8088703778777,5.24854569747373,2.5760210482662544,2.672524649207476,63.73476392864753,323.778278900662,274.59572317453336,0.1643873415474626,9.122861589704241,0.0062911868943995525,0.022159684704402438,4062054400.0,0.6697391182372611,315.32000732421875,313.3900146484375,312.6600036621094,0.0063110179758711915,0.014872365643255225,0.7114847117559518,-0.007927023147980106,2.130000114440918,0
2026-07-14,313.760009765625,316.19000244140625,311.9100036621094,314.8599853515625,36336800,7543.58984375,16.5,4.585000038146973,300.37350006103514,299.54993041992185,308.25781134861467,302.77561963518775,5.482191713426914,3.1572551812983862,2.324936532128528,63.95980001956042,325.60941285702694,275.13758726504335,0.16803022098063858,8.975716727120536,-0.0077511572511698955,0.02188271003952859,4025717600.0,0.5636341878117256,317.30999755859375,316.2200012207031,310.6600036621094,-0.0077211944971221635,0.01351954432480218,0.7234648966317827,0.0037589783811964317,-0.6599998474121094,1
2026-07-15,317.6199951171875,328.7300109863281,317.32000732421875,327.5,60957600,7572.39990234375,15.670000076293945,4.545000076293945,301.92749938964846,300.5022875976563,311.2181480642124,304.6070552177664,6.611092846446013,3.8480227143279118,2.7630701321181013,70.23277807815381,329.8256687832245,274.0293299960724,0.18480045341992804,9.483575003487724,0.039360006012478126,0.023093672463313505,4086675200.0,0.934502314616975,314.8599853515625,315.32000732421875,313.3900146484375,0.040144874663333496,0.04502372345012695,0.7984255389308854,0.003819144358387927,-0.8299999237060547,2
2026-07-16,328.010009765625,334.67999267578125,326.7900085449219,333.260009765625,62970600,7533.77001953125,16.729999542236328,4.568999767303467,303.6285003662109,301.6359844970703,314.6092037105836,306.72949629538556,7.879707415198027,4.654359654501935,3.225347760696092,89.86142122479706,334.79392563623134,272.4630750961905,0.20528656059909614,8.666431971958705,0.017434940338492192,0.023243283302953985,4149645800.0,0.9485691948423454,327.5,317.30999755859375,316.2200012207031,0.017587816078244334,0.05388656150509896,0.7947554174435069,-0.005101405539945647,1.0599994659423828,3
2026-07-17,331.9800109863281,334.989990234375,329.0,333.739990234375,63407100,7457.68994140625,18.770000457763672,4.540999889373779,305.51799926757815,302.6324157714844,317.5524016373207,308.7302736241996,8.82212801312113,5.487913326225774,3.334214686895356,88.58509070185222,339.2036552745506,271.8323432606057,0.2205150340584023,8.255715506417411,0.001439222043781139,0.022944167611614677,4213052900.0,0.9405080325447572,333.260009765625,314.8599853515625,315.32000732421875,0.0014402582208634662,0.05841679082297002,0.6982822488850414,-0.010098540030789804,2.0400009155273438,4
2026-07-20,333.510009765625,333.7099914550781,323.67999267578125,326.5899963378906,53468000,7443.27978515625,18.649999618530273,4.5980000495910645,306.9469985961914,303.4193084716797,318.94280082202374,310.05321604743597,8.889584774587775,6.168247615898174,2.7213371586896002,82.10451122727838,341.69952102033136,272.19447617205145,0.226439890815542,8.365716116768974,-0.0216566670967116,0.02375963872663042,4159584900.0,0.8126673852311367,333.739990234375,327.5,317.30999755859375,-0.021423845225929217,0.02924584428696808,0.6528517495782808,-0.0019322546744660052,-0.12000083923339844,0
2026-07-21,323.1300048828125,329.6000061035156,322.2200012207031,327.739990234375,41338900,7509.2001953125,17.049999237060547,4.627999782562256,308.4834976196289,304.23059997558596,320.2962145777701,311.3633474686907,8.932867109079439,6.7211715145344275,2.211695594545011,80.27769164247923,344.092907345173,272.8740878940848,0.23086751803788058,8.232860020228795,0.0035150309603428622,0.0236883380345449,4200923800.0,0.6300109127072574,326.5899963378906,333.260009765625,314.8599853515625,0.0035212159263280363,0.0409070872198356,0.6585044006629749,0.008856366018608064,-1.6000003814697266,1
2026-07-22,327.8699951171875,329.0,323.3399963378906,325.8900146484375,38755900,7498.9599609375,16.639999389648438,4.6570000648498535,310.06299896240233,304.88739990234376,321.15679920402664,312.4393968894127,8.717402314613935,7.120417674550329,1.5969846400636056,76.16677479523153,345.8255526919898,274.30044523281487,0.2306792738847499,8.109289986746651,-0.005660635258418789,0.023591372430459764,4162167900.0,0.596672245793389,327.739990234375,333.739990234375,327.5,-0.0056446440503478135,-0.004915985806297707,0.641176453401583,-0.0013636917526039793,-0.4099998474121094,2
2026-07-23,321.7300109863281,323.29998779296875,319.3500061035156,321.6600036621094,40840800,7408.2998046875,18.700000762939453,4.703000068664551,311.4919998168945,305.4670001220703,321.2342152745009,313.12240479850135,8.111810475999562,7.318696234840177,0.793114241159385,62.980679486205055,346.67659011408796,276.3074095197011,0.2259100735677072,7.452146257672991,-0.013064847610259141,0.023857938091290533,4121327100.0,0.6347518920955354,325.8900146484375,326.5899963378906,333.260009765625,-0.012979872951588756,-0.03480767497928616,0.5465820084127162,-0.012089697334330851,2.0600013732910156,3
2026-07-24,321.7900085449219,334.3699951171875,321.6199951171875,333.0199890136719,47489400,7411.97998046875,18.579999923706055,4.678999900817871,314.38549957275393,306.23140014648436,323.0474112343734,314.596299925551,8.451111308822362,7.545179249636615,0.9059320591857478,67.69819197013604,346.3577053676421,282.41329377786576,0.20339491381337885,7.848573957170759,0.03470741679444188,0.018701490402798046,4168816500.0,0.7738823072934969,321.6600036621094,327.739990234375,333.739990234375,0.035316748188238156,-0.002157371731800861,0.2810618658748202,0.0004967638835191579,-0.12000083923339844,4
2026-07-27,334.5400085449219,339.57000732421875,334.0199890136719,336.9100036621094,49604300,7413.18017578125,18.670000076293945,4.640999794006348,317.04199981689453,306.9922003173828,325.1801177617174,316.2491668689998,8.93095089271759,7.8223335782528105,1.1086173144647793,72.09225035007135,347.0773157521362,287.00668388165286,0.18947215796385566,7.935716901506696,0.011613327993052387,0.018028556862621274,4218420800.0,0.9772978225386912,333.0199890136719,325.8900146484375,326.5899963378906,0.011681024493330971,0.03159927566655063,-0.07875449803628937,0.0001619264104413265,0.09000015258789062,0
2026-07-28,340.0299987792969,342.8900146484375,335.6000061035156,340.0799865722656,51859000,7428.77978515625,18.209999084472656,4.604000091552734,319.95899963378906,307.82960021972656,327.47240527103247,318.01441277294543,9.457992498087037,8.149465362219656,1.3085271358673811,72.29740720174712,346.7109210024942,293.2070782650839,0.1672209339279359,7.901430402483259,0.009365001326460403,0.017641043053966184,4270279800.0,1.036595671020246,336.9100036621094,321.6600036621094,327.739990234375,0.009408990162653286,0.03765178710436268,-0.33718705295873375,0.002104307328987254,-0.46000099182128906,1
2026-07-29,339.7300109863281,344.57000732421875,337.3500061035156,338.19000244140625,56090800,7316.14990234375,20.65999984741211,4.622000217437744,322.40050048828124,308.58880004882815,329.1212663741669,319.5089008965351,9.612365477631784,8.442045385302082,1.1703200923297015,68.64710797617647,346.1370431365197,298.66395784004277,0.14724879528591958,7.819287981305804,-0.005572969622900951,0.017451997476447687,4214189000.0,1.1313712219290462,340.0799865722656,333.0199890136719,325.8900146484375,-0.005557469435084728,0.037742757495155876,-0.4765924919772553,-0.015161289750108109,2.450000762939453,2
2026-07-30,333.1000061035156,334.75,329.5899963378906,333.42999267578125,74817800,7437.6298828125,17.09000015258789,4.663000106811523,324.3529998779297,309.30059997558595,329.784147343646,320.540092880183,9.244054463462987,8.602447200934265,0.6416072625287228,64.42567892783417,344.5442844325759,304.16171532328343,0.12450191342300049,8.095003400530134,-0.01417494863771797,0.017964867631425768,4139371200.0,1.4724900288612202,338.19000244140625,336.9100036621094,321.6600036621094,-0.014074957069287408,0.03659139737508599,-0.5859503701994424,0.016604359135647728,-3.5699996948242188,3
2026-07-31,304.80999755859375,310.69000244140625,300.0,308.9100036621094,132489100,7489.72021484375,15.989999771118164,4.744999885559082,324.3669998168945,309.49940002441406,326.57274062340963,319.67860478995533,6.8941358334543,8.260784927438271,-1.3666490939839715,45.07620275273701,344.5127190037086,304.22128063008046,0.12421559035405168,9.902145385742188,-0.0763829421141604,0.023516478080173164,4006882100.0,2.468715999956025,333.42999267578125,340.0799865722656,333.0199890136719,-0.07353864245054431,-0.07239801257267076,-0.5949166935914579,0.00700361981598796,-1.1000003814697266,4
2026-08-03,309.5799865722656,311.79998779296875,302.55999755859375,303.4200134277344,75052000,7600.5,15.859999656677246,4.685999870300293,323.9050003051758,309.5228002929687,323.01078259330575,318.4742646890501,4.536517904255675,7.515931522801752,-2.9794136185460776,43.52502812877087,345.5492100145173,302.2607905958343,0.13364541880458058,10.176430838448661,-0.017931955617150903,0.02363735638878692,3931830100.0,1.3710554434200317,308.9100036621094,338.19000244140625,336.9100036621094,-0.01777213482662099,-0.09940337143554356,-0.646221498210571,0.01479091100582064,-0.13000011444091797,0
2026-08-04,302.7300109863281,310.4200134277344,301.32000732421875,309.3800048828125,68001000,7736.52001953125,16.5,4.626999855041504,323.84100036621095,309.6106005859375,320.91373986861447,317.80061581451395,3.113124054100524,6.635370029061507,-3.522245974960983,38.90520780078869,345.65700005897804,302.02500067344386,0.13473278348385032,9.835715157645089,0.019452282016534168,0.02405817538447144,3999831100.0,1.213959760682064,303.4200134277344,333.42999267578125,340.0799865722656,0.019642710405777475,-0.09027282669258019,-0.6810620242754947,0.01789619360979544,0.6400003433227539,1
2026-08-05,309.3599853515625,311.7099914550781,305.6700134277344,311.0,49438800,7723.5498046875,15.8100004196167,4.617000102996826,323.72149963378905,309.6542004394531,319.38854911959686,317.2968664949203,2.0916826246765368,5.726632548184513,-3.6349499235079765,35.64238957047003,345.8031058480418,301.6398934195363,0.1364234765947436,9.70357186453683,0.005222601588142109,0.02400193628190632,4049269900.0,0.8762384989797795,309.3800048828125,308.9100036621094,338.19000244140625,0.005236263144417164,-0.08039859914580738,-0.7263563819196189,-0.0016764921193257454,-0.6899995803833008,2
2026-08-06,314.3399963378906,316.2900085449219,309.2300109863281,312.4100036621094,46139900,7709.9599609375,15.149999618530273,4.670000076293945,323.5309997558594,309.73580078125,318.3149267415219,316.93487665545285,1.3800500860690477,4.85731605576142,-3.4772659696923727,36.405348536769154,345.9482815778554,301.11371793386337,0.13857888016241035,9.780000959123884,0.0045235272393835116,0.02393081797319006,4095409800.0,0.8192105467105936,311.0,303.4200134277344,333.42999267578125,0.004533773833149013,-0.06304168633717111,-0.739177275268894,-0.0017595333873230423,-0.6600008010864258,3
2026-08-07,311.32000732421875,314.80999755859375,310.739990234375,313.1650085449219,22157971,7751.990234375,14.90999984741211,4.659999847412109,323.42324981689455,309.78210083007815,317.5226316343527,316.65562716578387,0.8670044685688367,4.059253738322903,-3.1922492697540665,40.6841992024043,346.0266504294624,300.8198492043267,0.13977597853812124,9.352144513811384,0.002413796058540017,0.023933785088261057,4117567771.0,0.3976401338995952,312.4100036621094,309.3800048828125,308.9100036621094,0.002416711609622757,0.013774254094621963,-0.7394305079644827,0.005451425642992502,-0.23999977111816406,4
